archivo,especie,occurrence_key,url_original,license,rights_holder,ancho,alto
6129992835_0.jpg,Abies religiosa,6129992835,https://inaturalist-open-data.s3.amazonaws.com/photos/605477218/original.jpg,http://creativecommons.org/licenses/by-nc/4.0/,Roberto,1375,2048
6133180433_0.jpg,Abies religiosa,6133180433,https://inaturalist-open-data.s3.amazonaws.com/photos/611761618/original.jpg,http://creativecommons.org/licenses/by-nc/4.0/,Yian Pablo Zarate Valdez,1542,2048
6147269276_0.jpg,Abies religiosa,6147269276,https://inaturalist-open-data.s3.amazonaws.com/photos/608378617/original.jpg,http://creativecommons.org/licenses/by-nc/4.0/,nefiarenas13,1536,2048
6147638459_0.jpg,Abies religiosa,6147638459,https://inaturalist-open-data.s3.amazonaws.com/photos/611371666/original.jpg,http://creativecommons.org/licenses/by-nc/4.0/,German Cuali Valdez,1536,2048
6147640612_0.jpg,Abies religiosa,6147640612,https://inaturalist-open-data.s3.amazonaws.com/photos/613042983/original.jpg,http://creativecommons.org/licenses/by-nc/4.0/,Adam Huggins,1536,2048
6147640612_1.jpg,Abies religiosa,6147640612,https://inaturalist-open-data.s3.amazonaws.com/photos/613042988/original.jpg,http://creativecommons.org/licenses/by-nc/4.0/,Adam Huggins,1536,2048
6171122494_0.jpg,Abies religiosa,6171122494,https://inaturalist-open-data.s3.amazonaws.com/photos/619141326/original.jpg,http://creativecommons.org/licenses/by-nc/4.0/,Scott Hudson,1152,2048
6171122494_1.jpg,Abies religiosa,6171122494,https://inaturalist-open-data.s3.amazonaws.com/photos/619141314/original.jpg,http://creativecommons.org/licenses/by-nc/4.0/,Scott Hudson,1536,2048
6171122494_2.jpg,Abies religiosa,6171122494,https://inaturalist-open-data.s3.amazonaws.com/photos/619141305/original.jpg,http://creativecommons.org/licenses/by-nc/4.0/,Scott Hudson,1536,2048
6171122494_3.jpg,Abies religiosa,6171122494,https://inaturalist-open-data.s3.amazonaws.com/photos/619141316/original.jpg,http://creativecommons.org/licenses/by-nc/4.0/,Scott Hudson,1536,2048
6171122494_4.jpg,Abies religiosa,6171122494,https://inaturalist-open-data.s3.amazonaws.com/photos/619141322/original.jpg,http://creativecommons.org/licenses/by-nc/4.0/,Scott Hudson,1536,2048
6133075294_0.jpg,Abies religiosa,6133075294,https://inaturalist-open-data.s3.amazonaws.com/photos/612703855/original.jpg,http://creativecommons.org/licenses/by-nc-sa/4.0/,Edison Díaz,1536,2048
6159397466_0.jpg,Abies religiosa,6159397466,https://inaturalist-open-data.s3.amazonaws.com/photos/614539968/original.jpg,http://creativecommons.org/licenses/by-nc/4.0/,Karen Serrano Crabtree,1152,2048
6430849951_0.jpg,Abies religiosa,6430849951,https://inaturalist-open-data.s3.amazonaws.com/photos/675080713/original.jpg,http://creativecommons.org/licenses/by-nc/4.0/,Jorge A. Pérez Torres,2048,1536
6430849951_1.jpg,Abies religiosa,6430849951,https://inaturalist-open-data.s3.amazonaws.com/photos/675080722/original.jpg,http://creativecommons.org/licenses/by-nc/4.0/,Jorge A. Pérez Torres,1536,2048
6430874940_0.jpg,Abies religiosa,6430874940,https://inaturalist-open-data.s3.amazonaws.com/photos/675320917/original.jpg,http://creativecommons.org/licenses/by-nc/4.0/,Jorge A. Pérez Torres,2048,1536
6430953486_0.jpg,Abies religiosa,6430953486,https://inaturalist-open-data.s3.amazonaws.com/photos/675080660/original.jpg,http://creativecommons.org/licenses/by-nc/4.0/,Jorge A. Pérez Torres,2048,1536
6431008627_0.jpg,Abies religiosa,6431008627,https://inaturalist-open-data.s3.amazonaws.com/photos/675080724/original.jpg,http://creativecommons.org/licenses/by-nc/4.0/,Jorge A. Pérez Torres,2048,1536
6431021893_0.jpg,Abies religiosa,6431021893,https://inaturalist-open-data.s3.amazonaws.com/photos/675080624/original.jpg,http://creativecommons.org/licenses/by-nc/4.0/,Jorge A. Pérez Torres,2048,1536
6431272391_0.jpg,Abies religiosa,6431272391,https://inaturalist-open-data.s3.amazonaws.com/photos/675320505/original.jpg,http://creativecommons.org/licenses/by-nc/4.0/,Jorge A. Pérez Torres,2048,1536
6431486502_0.jpg,Abies religiosa,6431486502,https://inaturalist-open-data.s3.amazonaws.com/photos/675080627/original.jpg,http://creativecommons.org/licenses/by-nc/4.0/,Jorge A. Pérez Torres,2048,1536
6431895664_0.jpg,Abies religiosa,6431895664,https://inaturalist-open-data.s3.amazonaws.com/photos/675439623/original.jpg,http://creativecommons.org/licenses/by-nc/4.0/,Jorge A. Pérez Torres,2048,1536
6185260141_0.jpg,Abies religiosa,6185260141,https://inaturalist-open-data.s3.amazonaws.com/photos/626251015/original.jpg,http://creativecommons.org/licenses/by-nc/4.0/,J. Fernando Pío León,1536,2048
6185260141_1.jpg,Abies religiosa,6185260141,https://inaturalist-open-data.s3.amazonaws.com/photos/626251052/original.jpg,http://creativecommons.org/licenses/by-nc/4.0/,J. Fernando Pío León,1536,2048
6195301672_0.jpg,Abies religiosa,6195301672,https://inaturalist-open-data.s3.amazonaws.com/photos/628665850/original.jpg,http://creativecommons.org/licenses/by-nc/4.0/,poppeseeds,1536,2048
6195301672_1.jpg,Abies religiosa,6195301672,https://inaturalist-open-data.s3.amazonaws.com/photos/628665859/original.jpg,http://creativecommons.org/licenses/by-nc/4.0/,poppeseeds,1536,2048
6195850021_0.jpg,Abies religiosa,6195850021,https://inaturalist-open-data.s3.amazonaws.com/photos/625339039/original.jpg,http://creativecommons.org/licenses/by-nc/4.0/,Jonathan Tales,1536,2048
6195850021_1.jpg,Abies religiosa,6195850021,https://inaturalist-open-data.s3.amazonaws.com/photos/625339016/original.jpg,http://creativecommons.org/licenses/by-nc/4.0/,Jonathan Tales,1536,2048
6430827677_0.jpg,Abies religiosa,6430827677,https://inaturalist-open-data.s3.amazonaws.com/photos/689602600/original.jpg,http://creativecommons.org/licenses/by-nc/4.0/,Pancholin Jaime,1638,2048
6188507632_0.jpg,Abies religiosa,6188507632,https://inaturalist-open-data.s3.amazonaws.com/photos/634282264/original.jpg,http://creativecommons.org/licenses/by-nc/4.0/,Miguel Hernandez Alva,1536,2048
6188507632_1.jpg,Abies religiosa,6188507632,https://inaturalist-open-data.s3.amazonaws.com/photos/634282180/original.jpg,http://creativecommons.org/licenses/by-nc/4.0/,Miguel Hernandez Alva,1536,2048
6235238546_0.jpg,Abies religiosa,6235238546,https://inaturalist-open-data.s3.amazonaws.com/photos/648179095/original.jpg,http://creativecommons.org/licenses/by-nc/4.0/,Carmen,1536,2048
6235238546_1.jpg,Abies religiosa,6235238546,https://inaturalist-open-data.s3.amazonaws.com/photos/648179533/original.jpg,http://creativecommons.org/licenses/by-nc/4.0/,Carmen,1536,2048
6235303398_0.jpg,Abies religiosa,6235303398,https://inaturalist-open-data.s3.amazonaws.com/photos/648334741/original.jpg,http://creativecommons.org/licenses/by-nc/4.0/,eulodia_11,1542,2048
6251881644_0.jpg,Abies religiosa,6251881644,https://inaturalist-open-data.s3.amazonaws.com/photos/648723907/original.jpg,http://creativecommons.org/licenses/by-nc/4.0/,Hilda Guerrero,1536,2048
6251881644_1.jpg,Abies religiosa,6251881644,https://inaturalist-open-data.s3.amazonaws.com/photos/648724222/original.jpg,http://creativecommons.org/licenses/by-nc/4.0/,Hilda Guerrero,1536,2048
5938211968_0.jpg,Cupressus lusitanica,5938211968,https://inaturalist-open-data.s3.amazonaws.com/photos/605165020/original.jpg,http://creativecommons.org/licenses/by-nc/4.0/,A. Moore,1536,2048
5938211968_1.jpg,Cupressus lusitanica,5938211968,https://inaturalist-open-data.s3.amazonaws.com/photos/605164991/original.jpg,http://creativecommons.org/licenses/by-nc/4.0/,A. Moore,2048,1536
5938429774_0.jpg,Cupressus lusitanica,5938429774,https://inaturalist-open-data.s3.amazonaws.com/photos/604560584/original.jpg,http://creativecommons.org/publicdomain/zero/1.0/,Lauren Bosch,1542,2048
5938429774_1.jpg,Cupressus lusitanica,5938429774,https://inaturalist-open-data.s3.amazonaws.com/photos/604560656/original.jpg,http://creativecommons.org/publicdomain/zero/1.0/,Lauren Bosch,1542,2048
6130094504_0.jpg,Cupressus lusitanica,6130094504,https://inaturalist-open-data.s3.amazonaws.com/photos/607366330/original.jpg,http://creativecommons.org/licenses/by-nc/4.0/,mi_fishes,1536,2048
6131123561_0.jpg,Cupressus lusitanica,6131123561,https://inaturalist-open-data.s3.amazonaws.com/photos/610503419/original.jpg,http://creativecommons.org/licenses/by-nc/4.0/,Lucia Rebollo,1542,2048
6131599329_0.jpg,Cupressus lusitanica,6131599329,https://inaturalist-open-data.s3.amazonaws.com/photos/606244146/original.jpg,http://creativecommons.org/licenses/by-nc/4.0/,Bodo Nuñez Oberg,2048,2048
6131599329_1.jpg,Cupressus lusitanica,6131599329,https://inaturalist-open-data.s3.amazonaws.com/photos/606244155/original.jpg,http://creativecommons.org/licenses/by-nc/4.0/,Bodo Nuñez Oberg,2048,2048
6131599329_2.jpg,Cupressus lusitanica,6131599329,https://inaturalist-open-data.s3.amazonaws.com/photos/606244194/original.jpg,http://creativecommons.org/licenses/by-nc/4.0/,Bodo Nuñez Oberg,2048,2048
6133099867_0.jpg,Cupressus lusitanica,6133099867,https://inaturalist-open-data.s3.amazonaws.com/photos/611949803/original.jpg,http://creativecommons.org/licenses/by-nc/4.0/,benjamin🤠,1536,2048
6133458994_0.jpg,Cupressus lusitanica,6133458994,https://inaturalist-open-data.s3.amazonaws.com/photos/611910108/original.jpg,http://creativecommons.org/licenses/by-nc/4.0/,denper,1536,2048
6147350148_0.jpg,Cupressus lusitanica,6147350148,https://inaturalist-open-data.s3.amazonaws.com/photos/613043822/original.jpg,http://creativecommons.org/licenses/by-nc/4.0/,Adam Huggins,1536,2048
6162772385_0.jpg,Cupressus lusitanica,6162772385,https://inaturalist-open-data.s3.amazonaws.com/photos/617476211/original.jpg,http://creativecommons.org/licenses/by-nc/4.0/,elvira_tlax,1536,2048
6162814250_0.jpg,Cupressus lusitanica,6162814250,https://inaturalist-open-data.s3.amazonaws.com/photos/617471339/original.jpg,http://creativecommons.org/licenses/by-nc/4.0/,Carlos Granados,1536,2048
6162827083_0.jpg,Cupressus lusitanica,6162827083,https://inaturalist-open-data.s3.amazonaws.com/photos/617477413/original.jpg,http://creativecommons.org/licenses/by-nc/4.0/,glow13,1536,2048
6162903141_0.jpg,Cupressus lusitanica,6162903141,https://inaturalist-open-data.s3.amazonaws.com/photos/617471170/original.jpg,http://creativecommons.org/licenses/by-nc/4.0/,Hector Gutierrez,1536,2048
6163259413_0.jpg,Cupressus lusitanica,6163259413,https://inaturalist-open-data.s3.amazonaws.com/photos/617480197/original.jpg,http://creativecommons.org/licenses/by-nc/4.0/,cristinaguadalupe,1536,2048
6163282501_0.jpg,Cupressus lusitanica,6163282501,https://inaturalist-open-data.s3.amazonaws.com/photos/617493166/original.jpg,http://creativecommons.org/licenses/by-nc/4.0/,Gabriela Álvarez,1152,2048
6163282501_1.jpg,Cupressus lusitanica,6163282501,https://inaturalist-open-data.s3.amazonaws.com/photos/617493189/original.jpg,http://creativecommons.org/licenses/by-nc/4.0/,Gabriela Álvarez,2048,1152
6163328256_0.jpg,Cupressus lusitanica,6163328256,https://inaturalist-open-data.s3.amazonaws.com/photos/618255496/original.jpg,http://creativecommons.org/licenses/by-nc/4.0/,Pablo Vinuesa,2048,1705
6163328256_1.jpg,Cupressus lusitanica,6163328256,https://inaturalist-open-data.s3.amazonaws.com/photos/618255541/original.jpg,http://creativecommons.org/licenses/by-nc/4.0/,Pablo Vinuesa,1364,2048
6163328256_2.jpg,Cupressus lusitanica,6163328256,https://inaturalist-open-data.s3.amazonaws.com/photos/618255542/original.jpg,http://creativecommons.org/licenses/by-nc/4.0/,Pablo Vinuesa,1737,2048
6163328256_3.jpg,Cupressus lusitanica,6163328256,https://inaturalist-open-data.s3.amazonaws.com/photos/618255574/original.jpg,http://creativecommons.org/licenses/by-nc/4.0/,Pablo Vinuesa,2048,1364
6163408042_0.jpg,Cupressus lusitanica,6163408042,https://inaturalist-open-data.s3.amazonaws.com/photos/617472622/original.jpg,http://creativecommons.org/licenses/by-nc/4.0/,Juan luis Osorio,1536,2048
6170892563_0.jpg,Cupressus lusitanica,6170892563,https://inaturalist-open-data.s3.amazonaws.com/photos/619554343/original.jpg,http://creativecommons.org/licenses/by-nc/4.0/,Ánxela Miguéns,2048,2048
6170892563_1.jpg,Cupressus lusitanica,6170892563,https://inaturalist-open-data.s3.amazonaws.com/photos/619554376/original.jpg,http://creativecommons.org/licenses/by-nc/4.0/,Ánxela Miguéns,2048,2048
6170892563_2.jpg,Cupressus lusitanica,6170892563,https://inaturalist-open-data.s3.amazonaws.com/photos/619554412/original.jpg,http://creativecommons.org/licenses/by-nc/4.0/,Ánxela Miguéns,2048,2048
6170892563_3.jpg,Cupressus lusitanica,6170892563,https://inaturalist-open-data.s3.amazonaws.com/photos/619554456/original.jpg,http://creativecommons.org/licenses/by-nc/4.0/,Ánxela Miguéns,2048,2048
6170933236_0.jpg,Cupressus lusitanica,6170933236,https://inaturalist-open-data.s3.amazonaws.com/photos/619411060/original.jpg,http://creativecommons.org/licenses/by-nc/4.0/,Adid Jimenez,2048,1152
6170933236_1.jpg,Cupressus lusitanica,6170933236,https://inaturalist-open-data.s3.amazonaws.com/photos/619411061/original.jpg,http://creativecommons.org/licenses/by-nc/4.0/,Adid Jimenez,2048,1152
6170933236_2.jpg,Cupressus lusitanica,6170933236,https://inaturalist-open-data.s3.amazonaws.com/photos/619411063/original.jpg,http://creativecommons.org/licenses/by-nc/4.0/,Adid Jimenez,1152,2048
6170933236_3.jpg,Cupressus lusitanica,6170933236,https://inaturalist-open-data.s3.amazonaws.com/photos/619411075/original.jpg,http://creativecommons.org/licenses/by-nc/4.0/,Adid Jimenez,2048,1152
6171306830_0.jpg,Cupressus lusitanica,6171306830,https://inaturalist-open-data.s3.amazonaws.com/photos/619414907/original.jpg,http://creativecommons.org/licenses/by-nc/4.0/,norma ibarra,2048,946
6184766205_0.jpg,Cupressus lusitanica,6184766205,https://inaturalist-open-data.s3.amazonaws.com/photos/627311076/original.jpg,http://creativecommons.org/licenses/by-nc/4.0/,Nick Moore,1536,2048
6431330937_0.jpg,Cupressus lusitanica,6431330937,https://inaturalist-open-data.s3.amazonaws.com/photos/613769201/original.jpg,http://creativecommons.org/licenses/by-nc/4.0/,Yuriy Karetin,1536,2048
6431330937_1.jpg,Cupressus lusitanica,6431330937,https://inaturalist-open-data.s3.amazonaws.com/photos/613769137/original.jpg,http://creativecommons.org/licenses/by-nc/4.0/,Yuriy Karetin,2048,1536
6431330937_2.jpg,Cupressus lusitanica,6431330937,https://inaturalist-open-data.s3.amazonaws.com/photos/613769160/original.jpg,http://creativecommons.org/licenses/by-nc/4.0/,Yuriy Karetin,1536,2048
6431330937_3.jpg,Cupressus lusitanica,6431330937,https://inaturalist-open-data.s3.amazonaws.com/photos/613769185/original.jpg,http://creativecommons.org/licenses/by-nc/4.0/,Yuriy Karetin,1536,2048
6431330937_4.jpg,Cupressus lusitanica,6431330937,https://inaturalist-open-data.s3.amazonaws.com/photos/613769230/original.jpg,http://creativecommons.org/licenses/by-nc/4.0/,Yuriy Karetin,2048,1684
6431330937_5.jpg,Cupressus lusitanica,6431330937,https://inaturalist-open-data.s3.amazonaws.com/photos/613769270/original.jpg,http://creativecommons.org/licenses/by-nc/4.0/,Yuriy Karetin,2048,1326
6431330937_6.jpg,Cupressus lusitanica,6431330937,https://inaturalist-open-data.s3.amazonaws.com/photos/613769289/original.jpg,http://creativecommons.org/licenses/by-nc/4.0/,Yuriy Karetin,2048,1479
6431330937_7.jpg,Cupressus lusitanica,6431330937,https://inaturalist-open-data.s3.amazonaws.com/photos/613769304/original.jpg,http://creativecommons.org/licenses/by-nc/4.0/,Yuriy Karetin,2048,1233
6431330937_8.jpg,Cupressus lusitanica,6431330937,https://inaturalist-open-data.s3.amazonaws.com/photos/613769326/original.jpg,http://creativecommons.org/licenses/by-nc/4.0/,Yuriy Karetin,2048,1590
6431330937_9.jpg,Cupressus lusitanica,6431330937,https://inaturalist-open-data.s3.amazonaws.com/photos/613769352/original.jpg,http://creativecommons.org/licenses/by-nc/4.0/,Yuriy Karetin,2048,1601
6431330937_10.jpg,Cupressus lusitanica,6431330937,https://inaturalist-open-data.s3.amazonaws.com/photos/613769374/original.jpg,http://creativecommons.org/licenses/by-nc/4.0/,Yuriy Karetin,2048,2030
6431330937_11.jpg,Cupressus lusitanica,6431330937,https://inaturalist-open-data.s3.amazonaws.com/photos/613769400/original.jpg,http://creativecommons.org/licenses/by-nc/4.0/,Yuriy Karetin,2048,1818
6431330937_12.jpg,Cupressus lusitanica,6431330937,https://inaturalist-open-data.s3.amazonaws.com/photos/613769416/original.jpg,http://creativecommons.org/licenses/by-nc/4.0/,Yuriy Karetin,2048,1435
6431330937_13.jpg,Cupressus lusitanica,6431330937,https://inaturalist-open-data.s3.amazonaws.com/photos/613769438/original.jpg,http://creativecommons.org/licenses/by-nc/4.0/,Yuriy Karetin,2048,1628
6431330937_14.jpg,Cupressus lusitanica,6431330937,https://inaturalist-open-data.s3.amazonaws.com/photos/613769466/original.jpg,http://creativecommons.org/licenses/by-nc/4.0/,Yuriy Karetin,1827,2048
6431330937_15.jpg,Cupressus lusitanica,6431330937,https://inaturalist-open-data.s3.amazonaws.com/photos/613769482/original.jpg,http://creativecommons.org/licenses/by-nc/4.0/,Yuriy Karetin,2048,1833
6431330937_16.jpg,Cupressus lusitanica,6431330937,https://inaturalist-open-data.s3.amazonaws.com/photos/613769521/original.jpg,http://creativecommons.org/licenses/by-nc/4.0/,Yuriy Karetin,2048,1910
6431330937_17.jpg,Cupressus lusitanica,6431330937,https://inaturalist-open-data.s3.amazonaws.com/photos/614420185/original.jpg,http://creativecommons.org/licenses/by-nc/4.0/,Yuriy Karetin,2048,1521
6431330937_18.jpg,Cupressus lusitanica,6431330937,https://inaturalist-open-data.s3.amazonaws.com/photos/614420193/original.jpg,http://creativecommons.org/licenses/by-nc/4.0/,Yuriy Karetin,2048,1843
6178970994_0.jpg,Cupressus lusitanica,6178970994,https://inaturalist-open-data.s3.amazonaws.com/photos/625114131/original.jpg,http://creativecommons.org/licenses/by-nc/4.0/,Guillermo Pérez-Negrón,1152,2048
6179454279_0.jpg,Cupressus lusitanica,6179454279,https://inaturalist-open-data.s3.amazonaws.com/photos/624122965/original.jpg,http://creativecommons.org/licenses/by-nc/4.0/,Hugo Sun,1536,2048
6184919949_0.jpg,Cupressus lusitanica,6184919949,https://inaturalist-open-data.s3.amazonaws.com/photos/625859907/original.jpg,http://creativecommons.org/licenses/by-nc/4.0/,Pablo Vinuesa,2048,1504
6185030805_0.jpg,Cupressus lusitanica,6185030805,https://inaturalist-open-data.s3.amazonaws.com/photos/626133585/original.jpg,http://creativecommons.org/licenses/by-nc/4.0/,Erik Atonaltzin Tapia Santiago,1536,2048
6185030805_1.jpg,Cupressus lusitanica,6185030805,https://inaturalist-open-data.s3.amazonaws.com/photos/626133590/original.jpg,http://creativecommons.org/licenses/by-nc/4.0/,Erik Atonaltzin Tapia Santiago,1536,2048
6185545412_0.jpg,Cupressus lusitanica,6185545412,https://inaturalist-open-data.s3.amazonaws.com/photos/629276113/original.jpg,http://creativecommons.org/licenses/by-nc/4.0/,dianabios,2048,1536
6185823180_0.jpg,Cupressus lusitanica,6185823180,https://inaturalist-open-data.s3.amazonaws.com/photos/627712811/original.jpg,http://creativecommons.org/licenses/by-nc/4.0/,Luz García Báez,1536,2048
6188113679_0.jpg,Cupressus lusitanica,6188113679,https://inaturalist-open-data.s3.amazonaws.com/photos/624948501/original.jpg,http://creativecommons.org/licenses/by-nc/4.0/,Armando Sunny,1152,2048
6129816630_0.jpg,Juniperus flaccida,6129816630,https://inaturalist-open-data.s3.amazonaws.com/photos/606719605/original.jpg,http://creativecommons.org/licenses/by-nc/4.0/,rjaffrey,1536,2048
6130245005_0.jpg,Juniperus flaccida,6130245005,https://inaturalist-open-data.s3.amazonaws.com/photos/607934631/original.jpg,http://creativecommons.org/licenses/by-nc/4.0/,Meghan James,1152,2048
6130993803_0.jpg,Juniperus flaccida,6130993803,https://inaturalist-open-data.s3.amazonaws.com/photos/610584765/original.jpg,http://creativecommons.org/licenses/by-nc/4.0/,Jess Beauchemin,2048,1542
6130993803_1.jpg,Juniperus flaccida,6130993803,https://inaturalist-open-data.s3.amazonaws.com/photos/610584784/original.jpg,http://creativecommons.org/licenses/by-nc/4.0/,Jess Beauchemin,2048,1542
6130993803_2.jpg,Juniperus flaccida,6130993803,https://inaturalist-open-data.s3.amazonaws.com/photos/610584806/original.jpg,http://creativecommons.org/licenses/by-nc/4.0/,Jess Beauchemin,2048,1542
6130993803_3.jpg,Juniperus flaccida,6130993803,https://inaturalist-open-data.s3.amazonaws.com/photos/610584840/original.jpg,http://creativecommons.org/licenses/by-nc/4.0/,Jess Beauchemin,1542,2048
6159507676_0.jpg,Juniperus flaccida,6159507676,https://inaturalist-open-data.s3.amazonaws.com/photos/616085630/original.jpg,http://creativecommons.org/licenses/by-nc/4.0/,Matthew Simmons,1536,2048
6159646658_0.jpg,Juniperus flaccida,6159646658,https://inaturalist-open-data.s3.amazonaws.com/photos/614770619/original.jpg,http://creativecommons.org/licenses/by-nc/4.0/,DianeN,1542,2048
6159646658_1.jpg,Juniperus flaccida,6159646658,https://inaturalist-open-data.s3.amazonaws.com/photos/614770494/original.jpg,http://creativecommons.org/licenses/by-nc/4.0/,DianeN,1542,2048
6159646658_2.jpg,Juniperus flaccida,6159646658,https://inaturalist-open-data.s3.amazonaws.com/photos/614770692/original.jpg,http://creativecommons.org/licenses/by-nc/4.0/,DianeN,1542,2048
6162892334_0.jpg,Juniperus flaccida,6162892334,https://inaturalist-open-data.s3.amazonaws.com/photos/617313668/original.jpg,http://creativecommons.org/licenses/by-nc/4.0/,cphubbard,1536,2048
6162892334_1.jpg,Juniperus flaccida,6162892334,https://inaturalist-open-data.s3.amazonaws.com/photos/617313695/original.jpg,http://creativecommons.org/licenses/by-nc/4.0/,cphubbard,1536,2048
6162892334_2.jpg,Juniperus flaccida,6162892334,https://inaturalist-open-data.s3.amazonaws.com/photos/617313714/original.jpg,http://creativecommons.org/licenses/by-nc/4.0/,cphubbard,1536,2048
6162892334_3.jpg,Juniperus flaccida,6162892334,https://inaturalist-open-data.s3.amazonaws.com/photos/617313740/original.jpg,http://creativecommons.org/licenses/by-nc/4.0/,cphubbard,1536,2048
6162970504_0.jpg,Juniperus flaccida,6162970504,https://inaturalist-open-data.s3.amazonaws.com/photos/617029305/original.jpg,http://creativecommons.org/licenses/by-nc/4.0/,Jonh Esqueda,1536,2048
6162970504_1.jpg,Juniperus flaccida,6162970504,https://inaturalist-open-data.s3.amazonaws.com/photos/617029327/original.jpg,http://creativecommons.org/licenses/by-nc/4.0/,Jonh Esqueda,899,2048
6170898103_0.jpg,Juniperus flaccida,6170898103,https://inaturalist-open-data.s3.amazonaws.com/photos/619435760/original.jpg,http://creativecommons.org/licenses/by-nc/4.0/,lauren_penney,1152,2048
6170898103_1.jpg,Juniperus flaccida,6170898103,https://inaturalist-open-data.s3.amazonaws.com/photos/619435754/original.jpg,http://creativecommons.org/licenses/by-nc/4.0/,lauren_penney,1536,2048
6170898103_2.jpg,Juniperus flaccida,6170898103,https://inaturalist-open-data.s3.amazonaws.com/photos/619435758/original.jpg,http://creativecommons.org/licenses/by-nc/4.0/,lauren_penney,1536,2048
6171031770_0.jpg,Juniperus flaccida,6171031770,https://inaturalist-open-data.s3.amazonaws.com/photos/618846815/original.jpg,http://creativecommons.org/licenses/by-nc/4.0/,Darío Cantú,2048,1536
6178313242_0.jpg,Juniperus flaccida,6178313242,https://inaturalist-open-data.s3.amazonaws.com/photos/625109133/original.jpg,http://creativecommons.org/licenses/by-nc/4.0/,José Antonio Hernández Herrera,898,2048
6178313242_1.jpg,Juniperus flaccida,6178313242,https://inaturalist-open-data.s3.amazonaws.com/photos/625109174/original.jpg,http://creativecommons.org/licenses/by-nc/4.0/,José Antonio Hernández Herrera,898,2048
6178518349_0.jpg,Juniperus flaccida,6178518349,https://inaturalist-open-data.s3.amazonaws.com/photos/620859058/original.jpg,http://creativecommons.org/licenses/by-nc/4.0/,Mothington,1152,2048
6178611968_0.jpg,Juniperus flaccida,6178611968,https://inaturalist-open-data.s3.amazonaws.com/photos/623079893/original.jpg,http://creativecommons.org/licenses/by-nc/4.0/,Anisa Riccardelli,1536,2048
6178611968_1.jpg,Juniperus flaccida,6178611968,https://inaturalist-open-data.s3.amazonaws.com/photos/623079889/original.jpg,http://creativecommons.org/licenses/by-nc/4.0/,Anisa Riccardelli,1536,2048
6178611968_2.jpg,Juniperus flaccida,6178611968,https://inaturalist-open-data.s3.amazonaws.com/photos/623079899/original.jpg,http://creativecommons.org/licenses/by-nc/4.0/,Anisa Riccardelli,1536,2048
6178658617_0.jpg,Juniperus flaccida,6178658617,https://inaturalist-open-data.s3.amazonaws.com/photos/621930433/original.jpg,http://creativecommons.org/licenses/by-nc/4.0/,Sara Najera,1152,2048
6178758558_0.jpg,Juniperus flaccida,6178758558,https://inaturalist-open-data.s3.amazonaws.com/photos/621928970/original.jpg,http://creativecommons.org/licenses/by-nc/4.0/,Sara Najera,1152,2048
6178802076_0.jpg,Juniperus flaccida,6178802076,https://inaturalist-open-data.s3.amazonaws.com/photos/624749404/original.jpg,http://creativecommons.org/licenses/by-nc/4.0/,Antonio Aguilar,1536,2048
6178939377_0.jpg,Juniperus flaccida,6178939377,https://inaturalist-open-data.s3.amazonaws.com/photos/624751727/original.jpg,http://creativecommons.org/licenses/by-nc/4.0/,Antonio Aguilar,1536,2048
6178939377_1.jpg,Juniperus flaccida,6178939377,https://inaturalist-open-data.s3.amazonaws.com/photos/624751734/original.jpg,http://creativecommons.org/licenses/by-nc/4.0/,Antonio Aguilar,1536,2048
6179080697_0.jpg,Juniperus flaccida,6179080697,https://inaturalist-open-data.s3.amazonaws.com/photos/623611687/original.jpg,http://creativecommons.org/licenses/by-nc/4.0/,jkopachena,1536,2048
6179140713_0.jpg,Juniperus flaccida,6179140713,https://inaturalist-open-data.s3.amazonaws.com/photos/624946986/original.jpg,http://creativecommons.org/licenses/by-nc/4.0/,Anisa Riccardelli,1536,2048
6179140713_1.jpg,Juniperus flaccida,6179140713,https://inaturalist-open-data.s3.amazonaws.com/photos/624946963/original.jpg,http://creativecommons.org/licenses/by-nc/4.0/,Anisa Riccardelli,1536,2048
6179140713_2.jpg,Juniperus flaccida,6179140713,https://inaturalist-open-data.s3.amazonaws.com/photos/624946988/original.jpg,http://creativecommons.org/licenses/by-nc/4.0/,Anisa Riccardelli,1536,2048
6179149463_0.jpg,Juniperus flaccida,6179149463,https://inaturalist-open-data.s3.amazonaws.com/photos/625110579/original.jpg,http://creativecommons.org/licenses/by-nc/4.0/,José Antonio Hernández Herrera,898,2048
6179149463_1.jpg,Juniperus flaccida,6179149463,https://inaturalist-open-data.s3.amazonaws.com/photos/625110631/original.jpg,http://creativecommons.org/licenses/by-nc/4.0/,José Antonio Hernández Herrera,898,2048
6179149463_2.jpg,Juniperus flaccida,6179149463,https://inaturalist-open-data.s3.amazonaws.com/photos/625110671/original.jpg,http://creativecommons.org/licenses/by-nc/4.0/,José Antonio Hernández Herrera,898,2048
6179149463_3.jpg,Juniperus flaccida,6179149463,https://inaturalist-open-data.s3.amazonaws.com/photos/625110712/original.jpg,http://creativecommons.org/licenses/by-nc/4.0/,José Antonio Hernández Herrera,898,2048
6179149463_4.jpg,Juniperus flaccida,6179149463,https://inaturalist-open-data.s3.amazonaws.com/photos/625110741/original.jpg,http://creativecommons.org/licenses/by-nc/4.0/,José Antonio Hernández Herrera,898,2048
6179149463_5.jpg,Juniperus flaccida,6179149463,https://inaturalist-open-data.s3.amazonaws.com/photos/625110768/original.jpg,http://creativecommons.org/licenses/by-nc/4.0/,José Antonio Hernández Herrera,898,2048
6179499692_0.jpg,Juniperus flaccida,6179499692,https://inaturalist-open-data.s3.amazonaws.com/photos/621276021/original.jpg,http://creativecommons.org/licenses/by-nc/4.0/,DrJMo,1536,2048
6131491828_0.jpg,Clethra rosei,6131491828,https://inaturalist-open-data.s3.amazonaws.com/photos/608810495/original.jpg,http://creativecommons.org/licenses/by-nc/4.0/,Alonso Flores Peredo,1536,2048
6131491828_1.jpg,Clethra rosei,6131491828,https://inaturalist-open-data.s3.amazonaws.com/photos/608810525/original.jpg,http://creativecommons.org/licenses/by-nc/4.0/,Alonso Flores Peredo,1536,2048
6131491828_2.jpg,Clethra rosei,6131491828,https://inaturalist-open-data.s3.amazonaws.com/photos/608810558/original.jpg,http://creativecommons.org/licenses/by-nc/4.0/,Alonso Flores Peredo,1536,2048
6131491828_3.jpg,Clethra rosei,6131491828,https://inaturalist-open-data.s3.amazonaws.com/photos/608810580/original.jpg,http://creativecommons.org/licenses/by-nc/4.0/,Alonso Flores Peredo,1536,2048
5104624275_0.jpg,Clethra rosei,5104624275,https://inaturalist-open-data.s3.amazonaws.com/photos/479640456/original.jpg,http://creativecommons.org/licenses/by-nc/4.0/,Biól. Diana Rosas,1536,2048
5104624275_1.jpg,Clethra rosei,5104624275,https://inaturalist-open-data.s3.amazonaws.com/photos/479640390/original.jpg,http://creativecommons.org/licenses/by-nc/4.0/,Biól. Diana Rosas,1536,2048
5104624275_2.jpg,Clethra rosei,5104624275,https://inaturalist-open-data.s3.amazonaws.com/photos/479640403/original.jpg,http://creativecommons.org/licenses/by-nc/4.0/,Biól. Diana Rosas,1536,2048
5104624275_3.jpg,Clethra rosei,5104624275,https://inaturalist-open-data.s3.amazonaws.com/photos/479640446/original.jpg,http://creativecommons.org/licenses/by-nc/4.0/,Biól. Diana Rosas,1536,2048
5104624275_4.jpg,Clethra rosei,5104624275,https://inaturalist-open-data.s3.amazonaws.com/photos/479640430/original.jpg,http://creativecommons.org/licenses/by-nc/4.0/,Biól. Diana Rosas,1536,2048
5104624275_5.jpg,Clethra rosei,5104624275,https://inaturalist-open-data.s3.amazonaws.com/photos/479640393/original.jpg,http://creativecommons.org/licenses/by-nc/4.0/,Biól. Diana Rosas,1536,2048
5104624275_6.jpg,Clethra rosei,5104624275,https://inaturalist-open-data.s3.amazonaws.com/photos/479640415/original.jpg,http://creativecommons.org/licenses/by-nc/4.0/,Biól. Diana Rosas,1536,2048
5108441095_0.jpg,Clethra rosei,5108441095,https://inaturalist-open-data.s3.amazonaws.com/photos/481628436/original.jpeg,http://creativecommons.org/licenses/by-nc/4.0/,Tere Castelló,1536,2048
5154246210_0.jpg,Clethra rosei,5154246210,https://inaturalist-open-data.s3.amazonaws.com/photos/498695146/original.jpeg,http://creativecommons.org/licenses/by-nc/4.0/,Tere Castelló,1152,2048
5154656146_0.jpg,Clethra rosei,5154656146,https://inaturalist-open-data.s3.amazonaws.com/photos/498682362/original.jpg,http://creativecommons.org/licenses/by-nc/4.0/,Tere Castelló,2048,1365
5154656146_1.jpg,Clethra rosei,5154656146,https://inaturalist-open-data.s3.amazonaws.com/photos/498682402/original.jpg,http://creativecommons.org/licenses/by-nc/4.0/,Tere Castelló,2048,1365
5938120216_0.jpg,Clethra rosei,5938120216,https://inaturalist-open-data.s3.amazonaws.com/photos/498990873/original.jpeg,http://creativecommons.org/licenses/by/4.0/,Ricardo Betancourt Sánchez,1536,2048
5938120216_1.jpg,Clethra rosei,5938120216,https://inaturalist-open-data.s3.amazonaws.com/photos/498990921/original.jpeg,http://creativecommons.org/licenses/by/4.0/,Ricardo Betancourt Sánchez,1536,2048
5938120216_2.jpg,Clethra rosei,5938120216,https://inaturalist-open-data.s3.amazonaws.com/photos/498990951/original.jpeg,http://creativecommons.org/licenses/by/4.0/,Ricardo Betancourt Sánchez,1536,2048
5843954997_0.jpg,Clethra rosei,5843954997,https://inaturalist-open-data.s3.amazonaws.com/photos/578535481/original.jpg,http://creativecommons.org/licenses/by-nc/4.0/,Efraín Octavio Aguilar Pérez,2048,1365
5843954997_1.jpg,Clethra rosei,5843954997,https://inaturalist-open-data.s3.amazonaws.com/photos/578535539/original.jpg,http://creativecommons.org/licenses/by-nc/4.0/,Efraín Octavio Aguilar Pérez,2048,1365
5843954997_2.jpg,Clethra rosei,5843954997,https://inaturalist-open-data.s3.amazonaws.com/photos/578535641/original.jpg,http://creativecommons.org/licenses/by-nc/4.0/,Efraín Octavio Aguilar Pérez,2048,1365
6479505467_0.jpg,Clethra rosei,6479505467,https://inaturalist-open-data.s3.amazonaws.com/photos/582588624/original.jpg,http://creativecommons.org/licenses/by-nc/4.0/,Efraín Octavio Aguilar Pérez,2048,1365
5830801945_0.jpg,Clethra rosei,5830801945,https://inaturalist-open-data.s3.amazonaws.com/photos/569711726/original.jpg,http://creativecommons.org/licenses/by-nc/4.0/,Ana Santiago,1536,2048
5830801945_1.jpg,Clethra rosei,5830801945,https://inaturalist-open-data.s3.amazonaws.com/photos/569711755/original.jpg,http://creativecommons.org/licenses/by-nc/4.0/,Ana Santiago,1536,2048
6451569746_0.jpg,Clethra rosei,6451569746,https://inaturalist-open-data.s3.amazonaws.com/photos/349883575/original.jpeg,http://creativecommons.org/licenses/by-nc/4.0/,Hadji Chávez,1152,2048
6451569746_1.jpg,Clethra rosei,6451569746,https://inaturalist-open-data.s3.amazonaws.com/photos/349883595/original.jpeg,http://creativecommons.org/licenses/by-nc/4.0/,Hadji Chávez,1152,2048
6451569746_2.jpg,Clethra rosei,6451569746,https://inaturalist-open-data.s3.amazonaws.com/photos/349883608/original.jpeg,http://creativecommons.org/licenses/by-nc/4.0/,Hadji Chávez,1152,2048
6451569746_3.jpg,Clethra rosei,6451569746,https://inaturalist-open-data.s3.amazonaws.com/photos/349883621/original.jpeg,http://creativecommons.org/licenses/by-nc/4.0/,Hadji Chávez,1152,2048
6451569746_4.jpg,Clethra rosei,6451569746,https://inaturalist-open-data.s3.amazonaws.com/photos/349883632/original.jpeg,http://creativecommons.org/licenses/by-nc/4.0/,Hadji Chávez,2048,1152
6451569746_5.jpg,Clethra rosei,6451569746,https://inaturalist-open-data.s3.amazonaws.com/photos/349883647/original.jpeg,http://creativecommons.org/licenses/by-nc/4.0/,Hadji Chávez,1152,2048
4852237922_0.jpg,Clethra rosei,4852237922,https://inaturalist-open-data.s3.amazonaws.com/photos/372446993/original.jpeg,http://creativecommons.org/licenses/by-nc/4.0/,Armando Biorlote,1536,2048
4852237922_1.jpg,Clethra rosei,4852237922,https://inaturalist-open-data.s3.amazonaws.com/photos/372447062/original.jpeg,http://creativecommons.org/licenses/by-nc/4.0/,Armando Biorlote,1536,2048
4852237922_2.jpg,Clethra rosei,4852237922,https://inaturalist-open-data.s3.amazonaws.com/photos/372447117/original.jpeg,http://creativecommons.org/licenses/by-nc/4.0/,Armando Biorlote,1536,2048
4855299564_0.jpg,Clethra rosei,4855299564,https://inaturalist-open-data.s3.amazonaws.com/photos/374817468/original.jpeg,http://creativecommons.org/licenses/by/4.0/,Ricardo Betancourt Sánchez,1620,1080
4855299564_1.jpg,Clethra rosei,4855299564,https://inaturalist-open-data.s3.amazonaws.com/photos/374817536/original.jpeg,http://creativecommons.org/licenses/by/4.0/,Ricardo Betancourt Sánchez,1620,1080
4855299564_2.jpg,Clethra rosei,4855299564,https://inaturalist-open-data.s3.amazonaws.com/photos/374817609/original.jpeg,http://creativecommons.org/licenses/by/4.0/,Ricardo Betancourt Sánchez,1620,1080
4855299564_3.jpg,Clethra rosei,4855299564,https://inaturalist-open-data.s3.amazonaws.com/photos/374817675/original.jpeg,http://creativecommons.org/licenses/by/4.0/,Ricardo Betancourt Sánchez,1620,1080
4855299564_4.jpg,Clethra rosei,4855299564,https://inaturalist-open-data.s3.amazonaws.com/photos/374817916/original.jpeg,http://creativecommons.org/licenses/by/4.0/,Ricardo Betancourt Sánchez,1620,1080
4855299564_5.jpg,Clethra rosei,4855299564,https://inaturalist-open-data.s3.amazonaws.com/photos/374817987/original.jpeg,http://creativecommons.org/licenses/by/4.0/,Ricardo Betancourt Sánchez,1620,1080
4855341396_0.jpg,Clethra rosei,4855341396,https://inaturalist-open-data.s3.amazonaws.com/photos/374802059/original.jpeg,http://creativecommons.org/licenses/by-nc/4.0/,Armando Biorlote,2048,1536
4855341396_1.jpg,Clethra rosei,4855341396,https://inaturalist-open-data.s3.amazonaws.com/photos/374802133/original.jpeg,http://creativecommons.org/licenses/by-nc/4.0/,Armando Biorlote,1536,2048
4855341396_2.jpg,Clethra rosei,4855341396,https://inaturalist-open-data.s3.amazonaws.com/photos/374802232/original.jpeg,http://creativecommons.org/licenses/by-nc/4.0/,Armando Biorlote,1536,2048
6147277477_0.jpg,Clethra rosei,6147277477,https://inaturalist-open-data.s3.amazonaws.com/photos/366511285/original.jpeg,http://creativecommons.org/licenses/by/4.0/,Carlos Martínez,2048,1152
6147277477_1.jpg,Clethra rosei,6147277477,https://inaturalist-open-data.s3.amazonaws.com/photos/366511407/original.jpeg,http://creativecommons.org/licenses/by/4.0/,Carlos Martínez,1152,2048
6147400211_0.jpg,Clethra rosei,6147400211,https://inaturalist-open-data.s3.amazonaws.com/photos/366530413/original.jpeg,http://creativecommons.org/licenses/by/4.0/,Carlos Martínez,1152,2048
6147400211_1.jpg,Clethra rosei,6147400211,https://inaturalist-open-data.s3.amazonaws.com/photos/366537371/original.jpeg,http://creativecommons.org/licenses/by/4.0/,Carlos Martínez,2048,1152
4875411625_0.jpg,Clethra rosei,4875411625,https://inaturalist-open-data.s3.amazonaws.com/photos/388732661/original.jpeg,http://creativecommons.org/licenses/by-nc/4.0/,J. Fernando Pío León,1536,2048
5153461517_0.jpg,Clethra rosei,5153461517,https://inaturalist-open-data.s3.amazonaws.com/photos/499478966/original.jpg,http://creativecommons.org/licenses/by-nc/4.0/,Antonio Luis Juan Navarro,1536,2048
5153461517_1.jpg,Clethra rosei,5153461517,https://inaturalist-open-data.s3.amazonaws.com/photos/499478984/original.jpg,http://creativecommons.org/licenses/by-nc/4.0/,Antonio Luis Juan Navarro,1536,2048
5153461517_2.jpg,Clethra rosei,5153461517,https://inaturalist-open-data.s3.amazonaws.com/photos/499479019/original.jpg,http://creativecommons.org/licenses/by-nc/4.0/,Antonio Luis Juan Navarro,1536,2048
4945616080_0.jpg,Clethra rosei,4945616080,https://inaturalist-open-data.s3.amazonaws.com/photos/411597009/original.jpeg,http://creativecommons.org/licenses/by-nc/4.0/,Santiago Rosales,2048,1365
4935825862_0.jpg,Clethra rosei,4935825862,https://inaturalist-open-data.s3.amazonaws.com/photos/421782469/original.jpeg,http://creativecommons.org/licenses/by-nc/4.0/,mariiabele,1152,2048
4946548319_0.jpg,Clethra rosei,4946548319,https://inaturalist-open-data.s3.amazonaws.com/photos/420550966/original.jpeg,http://creativecommons.org/licenses/by-nc/4.0/,mariiabele,1152,2048
4162137480_0.jpg,Clethra rosei,4162137480,https://inaturalist-open-data.s3.amazonaws.com/photos/260484095/original.jpeg,http://creativecommons.org/licenses/by-nc/4.0/,Mexfant Maravilloso,1365,2048
4516167782_0.jpg,Clethra rosei,4516167782,https://inaturalist-open-data.s3.amazonaws.com/photos/260482216/original.jpeg,http://creativecommons.org/licenses/by-nc/4.0/,Mexfant Maravilloso,2048,1365
4596783935_0.jpg,Clethra rosei,4596783935,https://inaturalist-open-data.s3.amazonaws.com/photos/261291236/original.jpeg,http://creativecommons.org/licenses/by-nc/4.0/,Ana Santiago,1536,2048
4596783935_1.jpg,Clethra rosei,4596783935,https://inaturalist-open-data.s3.amazonaws.com/photos/261291251/original.jpeg,http://creativecommons.org/licenses/by-nc/4.0/,Ana Santiago,1536,2048
4600025861_0.jpg,Clethra rosei,4600025861,https://inaturalist-open-data.s3.amazonaws.com/photos/260485047/original.jpeg,http://creativecommons.org/licenses/by-nc/4.0/,Mexfant Maravilloso,2048,1365
4102803150_0.jpg,Clethra rosei,4102803150,https://inaturalist-open-data.s3.amazonaws.com/photos/273897050/original.jpeg,http://creativecommons.org/licenses/by-nc/4.0/,Mexfant Maravilloso,2048,1365
4111760659_0.jpg,Clethra rosei,4111760659,https://inaturalist-open-data.s3.amazonaws.com/photos/273746792/original.jpeg,http://creativecommons.org/licenses/by/4.0/,Abraham Sánchez Romero,1536,2048
4111760659_1.jpg,Clethra rosei,4111760659,https://inaturalist-open-data.s3.amazonaws.com/photos/273746859/original.jpeg,http://creativecommons.org/licenses/by/4.0/,Abraham Sánchez Romero,1536,2048
4111760659_2.jpg,Clethra rosei,4111760659,https://inaturalist-open-data.s3.amazonaws.com/photos/273746928/original.jpeg,http://creativecommons.org/licenses/by/4.0/,Abraham Sánchez Romero,1536,2048
4111760659_3.jpg,Clethra rosei,4111760659,https://inaturalist-open-data.s3.amazonaws.com/photos/273746994/original.jpeg,http://creativecommons.org/licenses/by/4.0/,Abraham Sánchez Romero,1536,2048
4111767478_0.jpg,Clethra rosei,4111767478,https://inaturalist-open-data.s3.amazonaws.com/photos/271474708/original.jpg,http://creativecommons.org/licenses/by-nc/4.0/,taborlin_the_great,1536,2048
4112082768_0.jpg,Clethra rosei,4112082768,https://inaturalist-open-data.s3.amazonaws.com/photos/274808508/original.jpeg,http://creativecommons.org/licenses/by-nc/4.0/,Carolina Amézquita,1600,1200
4112082768_1.jpg,Clethra rosei,4112082768,https://inaturalist-open-data.s3.amazonaws.com/photos/274808550/original.jpeg,http://creativecommons.org/licenses/by-nc/4.0/,Carolina Amézquita,1600,1200
4112082768_2.jpg,Clethra rosei,4112082768,https://inaturalist-open-data.s3.amazonaws.com/photos/274808915/original.jpeg,http://creativecommons.org/licenses/by-nc/4.0/,Carolina Amézquita,1600,1200
4112082768_3.jpg,Clethra rosei,4112082768,https://inaturalist-open-data.s3.amazonaws.com/photos/274808956/original.jpeg,http://creativecommons.org/licenses/by-nc/4.0/,Carolina Amézquita,1600,1200
5938382604_0.jpg,Cornus disciflora,5938382604,https://inaturalist-open-data.s3.amazonaws.com/photos/605465437/original.jpg,http://creativecommons.org/licenses/by-nc/4.0/,Luis Vigosa,1536,2048
6147510432_0.jpg,Cornus disciflora,6147510432,https://inaturalist-open-data.s3.amazonaws.com/photos/612847262/original.jpg,http://creativecommons.org/licenses/by-nc/4.0/,Sindy Monserrat Cortes Echeagaray,2048,1152
6147510432_1.jpg,Cornus disciflora,6147510432,https://inaturalist-open-data.s3.amazonaws.com/photos/612847289/original.jpg,http://creativecommons.org/licenses/by-nc/4.0/,Sindy Monserrat Cortes Echeagaray,2048,1152
6147510432_2.jpg,Cornus disciflora,6147510432,https://inaturalist-open-data.s3.amazonaws.com/photos/612847264/original.jpg,http://creativecommons.org/licenses/by-nc/4.0/,Sindy Monserrat Cortes Echeagaray,2048,1152
6159478492_0.jpg,Cornus disciflora,6159478492,https://inaturalist-open-data.s3.amazonaws.com/photos/615794581/original.jpg,http://creativecommons.org/licenses/by-nc/4.0/,Diego Manzano Méndez,2048,1536
6159478492_1.jpg,Cornus disciflora,6159478492,https://inaturalist-open-data.s3.amazonaws.com/photos/615794584/original.jpg,http://creativecommons.org/licenses/by-nc/4.0/,Diego Manzano Méndez,2048,1536
6159478492_2.jpg,Cornus disciflora,6159478492,https://inaturalist-open-data.s3.amazonaws.com/photos/615794703/original.jpg,http://creativecommons.org/licenses/by-nc/4.0/,Diego Manzano Méndez,2048,1536
6159478492_3.jpg,Cornus disciflora,6159478492,https://inaturalist-open-data.s3.amazonaws.com/photos/615794706/original.jpg,http://creativecommons.org/licenses/by-nc/4.0/,Diego Manzano Méndez,2048,1536
6178641309_0.jpg,Cornus disciflora,6178641309,https://inaturalist-open-data.s3.amazonaws.com/photos/622174444/original.jpg,http://creativecommons.org/licenses/by-nc/4.0/,fraseran,1536,2048
6178641309_1.jpg,Cornus disciflora,6178641309,https://inaturalist-open-data.s3.amazonaws.com/photos/622174486/original.jpg,http://creativecommons.org/licenses/by-nc/4.0/,fraseran,1536,2048
6178641309_2.jpg,Cornus disciflora,6178641309,https://inaturalist-open-data.s3.amazonaws.com/photos/622174511/original.jpg,http://creativecommons.org/licenses/by-nc/4.0/,fraseran,1536,2048
6195555242_0.jpg,Cornus disciflora,6195555242,https://inaturalist-open-data.s3.amazonaws.com/photos/636303063/original.jpg,http://creativecommons.org/licenses/by/4.0/,Carlos Domínguez-Rodríguez,1536,2048
6195555242_1.jpg,Cornus disciflora,6195555242,https://inaturalist-open-data.s3.amazonaws.com/photos/636303103/original.jpg,http://creativecommons.org/licenses/by/4.0/,Carlos Domínguez-Rodríguez,1536,2048
6195555242_2.jpg,Cornus disciflora,6195555242,https://inaturalist-open-data.s3.amazonaws.com/photos/636303182/original.jpg,http://creativecommons.org/licenses/by/4.0/,Carlos Domínguez-Rodríguez,1536,2048
6195555242_3.jpg,Cornus disciflora,6195555242,https://inaturalist-open-data.s3.amazonaws.com/photos/636303189/original.jpg,http://creativecommons.org/licenses/by/4.0/,Carlos Domínguez-Rodríguez,1536,2048
6195555242_4.jpg,Cornus disciflora,6195555242,https://inaturalist-open-data.s3.amazonaws.com/photos/636303194/original.jpg,http://creativecommons.org/licenses/by/4.0/,Carlos Domínguez-Rodríguez,1536,2048
6273803702_0.jpg,Cornus disciflora,6273803702,https://inaturalist-open-data.s3.amazonaws.com/photos/655534949/original.jpg,http://creativecommons.org/licenses/by-nc/4.0/,Diego Manzano Méndez,1536,2048
6273803702_1.jpg,Cornus disciflora,6273803702,https://inaturalist-open-data.s3.amazonaws.com/photos/655534967/original.jpg,http://creativecommons.org/licenses/by-nc/4.0/,Diego Manzano Méndez,1536,2048
6273803702_2.jpg,Cornus disciflora,6273803702,https://inaturalist-open-data.s3.amazonaws.com/photos/655535058/original.jpg,http://creativecommons.org/licenses/by-nc/4.0/,Diego Manzano Méndez,1536,2048
6423218366_0.jpg,Cornus disciflora,6423218366,https://inaturalist-open-data.s3.amazonaws.com/photos/686062936/original.jpg,http://creativecommons.org/licenses/by/4.0/,Neptalí Ramírez Marcial,1536,2048
6423218366_1.jpg,Cornus disciflora,6423218366,https://inaturalist-open-data.s3.amazonaws.com/photos/686062933/original.jpg,http://creativecommons.org/licenses/by/4.0/,Neptalí Ramírez Marcial,1536,2048
6130183809_0.jpg,Cornus disciflora,6130183809,https://inaturalist-open-data.s3.amazonaws.com/photos/465054527/original.jpg,http://creativecommons.org/licenses/by-nc/4.0/,Hubert Szczygieł,2048,1536
6130183809_1.jpg,Cornus disciflora,6130183809,https://inaturalist-open-data.s3.amazonaws.com/photos/465054521/original.jpg,http://creativecommons.org/licenses/by-nc/4.0/,Hubert Szczygieł,2048,1536
6130183809_2.jpg,Cornus disciflora,6130183809,https://inaturalist-open-data.s3.amazonaws.com/photos/465054525/original.jpg,http://creativecommons.org/licenses/by-nc/4.0/,Hubert Szczygieł,2048,1536
6131555011_0.jpg,Cornus disciflora,6131555011,https://inaturalist-open-data.s3.amazonaws.com/photos/461324246/original.jpg,http://creativecommons.org/licenses/by/4.0/,Carlos Domínguez-Rodríguez,1542,2048
6131555011_1.jpg,Cornus disciflora,6131555011,https://inaturalist-open-data.s3.amazonaws.com/photos/461324338/original.jpg,http://creativecommons.org/licenses/by/4.0/,Carlos Domínguez-Rodríguez,1542,2048
6131555011_2.jpg,Cornus disciflora,6131555011,https://inaturalist-open-data.s3.amazonaws.com/photos/461324244/original.jpg,http://creativecommons.org/licenses/by/4.0/,Carlos Domínguez-Rodríguez,1542,2048
6131555011_3.jpg,Cornus disciflora,6131555011,https://inaturalist-open-data.s3.amazonaws.com/photos/461324324/original.jpg,http://creativecommons.org/licenses/by/4.0/,Carlos Domínguez-Rodríguez,1542,2048
6131555011_4.jpg,Cornus disciflora,6131555011,https://inaturalist-open-data.s3.amazonaws.com/photos/461324273/original.jpg,http://creativecommons.org/licenses/by/4.0/,Carlos Domínguez-Rodríguez,1542,2048
6131555011_5.jpg,Cornus disciflora,6131555011,https://inaturalist-open-data.s3.amazonaws.com/photos/461324328/original.jpg,http://creativecommons.org/licenses/by/4.0/,Carlos Domínguez-Rodríguez,1542,2048
6131555011_6.jpg,Cornus disciflora,6131555011,https://inaturalist-open-data.s3.amazonaws.com/photos/461324366/original.jpg,http://creativecommons.org/licenses/by/4.0/,Carlos Domínguez-Rodríguez,1542,2048
6131555011_7.jpg,Cornus disciflora,6131555011,https://inaturalist-open-data.s3.amazonaws.com/photos/461324378/original.jpg,http://creativecommons.org/licenses/by/4.0/,Carlos Domínguez-Rodríguez,1542,2048
5166933830_0.jpg,Cornus disciflora,5166933830,https://inaturalist-open-data.s3.amazonaws.com/photos/473786049/original.jpeg,http://creativecommons.org/publicdomain/zero/1.0/,Sinaloa Silvestre,2048,2048
6130334355_0.jpg,Cornus disciflora,6130334355,https://inaturalist-open-data.s3.amazonaws.com/photos/470806148/original.jpeg,http://creativecommons.org/licenses/by-nc/4.0/,Eusebio Roldán Félix,1600,1200
6130334355_1.jpg,Cornus disciflora,6130334355,https://inaturalist-open-data.s3.amazonaws.com/photos/470806200/original.jpeg,http://creativecommons.org/licenses/by-nc/4.0/,Eusebio Roldán Félix,2048,1536
6130334355_2.jpg,Cornus disciflora,6130334355,https://inaturalist-open-data.s3.amazonaws.com/photos/470806224/original.jpeg,http://creativecommons.org/licenses/by-nc/4.0/,Eusebio Roldán Félix,1600,1200
6130334355_3.jpg,Cornus disciflora,6130334355,https://inaturalist-open-data.s3.amazonaws.com/photos/470806245/original.jpeg,http://creativecommons.org/licenses/by-nc/4.0/,Eusebio Roldán Félix,1600,1200
6130334355_4.jpg,Cornus disciflora,6130334355,https://inaturalist-open-data.s3.amazonaws.com/photos/470806265/original.jpeg,http://creativecommons.org/licenses/by-nc/4.0/,Eusebio Roldán Félix,2048,1536
6130494737_0.jpg,Cornus disciflora,6130494737,https://inaturalist-open-data.s3.amazonaws.com/photos/471288066/original.jpeg,http://creativecommons.org/licenses/by-nc/4.0/,arcactlaltenango,2048,921
6130494737_1.jpg,Cornus disciflora,6130494737,https://inaturalist-open-data.s3.amazonaws.com/photos/471288075/original.jpeg,http://creativecommons.org/licenses/by-nc/4.0/,arcactlaltenango,2048,921
6130494737_2.jpg,Cornus disciflora,6130494737,https://inaturalist-open-data.s3.amazonaws.com/photos/471288087/original.jpeg,http://creativecommons.org/licenses/by-nc/4.0/,arcactlaltenango,2048,921
6130494737_3.jpg,Cornus disciflora,6130494737,https://inaturalist-open-data.s3.amazonaws.com/photos/471288107/original.jpeg,http://creativecommons.org/licenses/by-nc/4.0/,arcactlaltenango,921,2048
5168318484_0.jpg,Cornus disciflora,5168318484,https://inaturalist-open-data.s3.amazonaws.com/photos/473774065/original.jpeg,http://creativecommons.org/publicdomain/zero/1.0/,Sinaloa Silvestre,2048,2048
6130085120_0.jpg,Cornus disciflora,6130085120,https://inaturalist-open-data.s3.amazonaws.com/photos/481267453/original.jpg,http://creativecommons.org/licenses/by-nc/4.0/,Luis Vigosa,1536,2048
6130085120_1.jpg,Cornus disciflora,6130085120,https://inaturalist-open-data.s3.amazonaws.com/photos/481267543/original.jpg,http://creativecommons.org/licenses/by-nc/4.0/,Luis Vigosa,1536,2048
6130133469_0.jpg,Cornus disciflora,6130133469,https://inaturalist-open-data.s3.amazonaws.com/photos/476556509/original.jpg,http://creativecommons.org/licenses/by-nc/4.0/,Emmanuel Rodríguez Rojas,2048,2048
6130133469_1.jpg,Cornus disciflora,6130133469,https://inaturalist-open-data.s3.amazonaws.com/photos/476557305/original.jpg,http://creativecommons.org/licenses/by-nc/4.0/,Emmanuel Rodríguez Rojas,2048,1966
6130133469_2.jpg,Cornus disciflora,6130133469,https://inaturalist-open-data.s3.amazonaws.com/photos/476557306/original.jpg,http://creativecommons.org/licenses/by-nc/4.0/,Emmanuel Rodríguez Rojas,2048,2048
5167333703_0.jpg,Cornus disciflora,5167333703,https://inaturalist-open-data.s3.amazonaws.com/photos/505041856/original.jpg,http://creativecommons.org/licenses/by/4.0/,Carlos Domínguez-Rodríguez,1536,2048
5167333703_1.jpg,Cornus disciflora,5167333703,https://inaturalist-open-data.s3.amazonaws.com/photos/505041901/original.jpg,http://creativecommons.org/licenses/by/4.0/,Carlos Domínguez-Rodríguez,1536,2048
5167333703_2.jpg,Cornus disciflora,5167333703,https://inaturalist-open-data.s3.amazonaws.com/photos/505041923/original.jpg,http://creativecommons.org/licenses/by/4.0/,Carlos Domínguez-Rodríguez,1536,2048
5167333703_3.jpg,Cornus disciflora,5167333703,https://inaturalist-open-data.s3.amazonaws.com/photos/505041964/original.jpg,http://creativecommons.org/licenses/by/4.0/,Carlos Domínguez-Rodríguez,1536,2048
6131396981_0.jpg,Cornus disciflora,6131396981,https://inaturalist-open-data.s3.amazonaws.com/photos/510194599/original.jpg,http://creativecommons.org/licenses/by/4.0/,Carlos Domínguez-Rodríguez,2048,1363
6131396981_1.jpg,Cornus disciflora,6131396981,https://inaturalist-open-data.s3.amazonaws.com/photos/510194613/original.jpg,http://creativecommons.org/licenses/by/4.0/,Carlos Domínguez-Rodríguez,2048,1363
6131396981_2.jpg,Cornus disciflora,6131396981,https://inaturalist-open-data.s3.amazonaws.com/photos/510194679/original.jpg,http://creativecommons.org/licenses/by/4.0/,Carlos Domínguez-Rodríguez,2048,1363
6131396981_3.jpg,Cornus disciflora,6131396981,https://inaturalist-open-data.s3.amazonaws.com/photos/510194703/original.jpg,http://creativecommons.org/licenses/by/4.0/,Carlos Domínguez-Rodríguez,2048,1363
6130018305_0.jpg,Cornus disciflora,6130018305,https://inaturalist-open-data.s3.amazonaws.com/photos/529026008/original.jpg,http://creativecommons.org/licenses/by-nc/4.0/,Luis Vigosa,1536,2048
6131689393_0.jpg,Cornus disciflora,6131689393,https://inaturalist-open-data.s3.amazonaws.com/photos/537329130/original.jpg,http://creativecommons.org/licenses/by-nc/4.0/,Joey Santore,1080,1620
6131689393_1.jpg,Cornus disciflora,6131689393,https://inaturalist-open-data.s3.amazonaws.com/photos/537329179/original.jpg,http://creativecommons.org/licenses/by-nc/4.0/,Joey Santore,1080,1620
6131689393_2.jpg,Cornus disciflora,6131689393,https://inaturalist-open-data.s3.amazonaws.com/photos/537329218/original.jpg,http://creativecommons.org/licenses/by-nc/4.0/,Joey Santore,1620,1080
6131689393_3.jpg,Cornus disciflora,6131689393,https://inaturalist-open-data.s3.amazonaws.com/photos/537329257/original.jpg,http://creativecommons.org/licenses/by-nc/4.0/,Joey Santore,1620,1080
6131689393_4.jpg,Cornus disciflora,6131689393,https://inaturalist-open-data.s3.amazonaws.com/photos/537329307/original.jpg,http://creativecommons.org/licenses/by-nc/4.0/,Joey Santore,1620,1080
6131689393_5.jpg,Cornus disciflora,6131689393,https://inaturalist-open-data.s3.amazonaws.com/photos/537329343/original.jpg,http://creativecommons.org/licenses/by-nc/4.0/,Joey Santore,1620,1080
5938087636_0.jpg,Prunus serotina,5938087636,https://inaturalist-open-data.s3.amazonaws.com/photos/605714683/original.jpg,http://creativecommons.org/licenses/by-nc/4.0/,Michael B Dunn,1152,2048
5938135298_0.jpg,Prunus serotina,5938135298,https://inaturalist-open-data.s3.amazonaws.com/photos/605488208/original.jpg,http://creativecommons.org/licenses/by-nc/4.0/,chris buelow,1536,2048
5938199923_0.jpg,Prunus serotina,5938199923,https://inaturalist-open-data.s3.amazonaws.com/photos/605121641/original.jpg,http://creativecommons.org/licenses/by/4.0/,Alan Prather,1375,2048
5938199923_1.jpg,Prunus serotina,5938199923,https://inaturalist-open-data.s3.amazonaws.com/photos/605121657/original.jpg,http://creativecommons.org/licenses/by/4.0/,Alan Prather,1636,2048
5938210511_0.jpg,Prunus serotina,5938210511,https://inaturalist-open-data.s3.amazonaws.com/photos/605750184/original.jpg,http://creativecommons.org/publicdomain/zero/1.0/,puppyy,1536,2048
5938210511_1.jpg,Prunus serotina,5938210511,https://inaturalist-open-data.s3.amazonaws.com/photos/605750169/original.jpg,http://creativecommons.org/publicdomain/zero/1.0/,puppyy,1536,2048
5938249923_0.jpg,Prunus serotina,5938249923,https://inaturalist-open-data.s3.amazonaws.com/photos/604519152/original.jpg,http://creativecommons.org/licenses/by-nc/4.0/,Brian Broderick,1536,2048
5938311399_0.jpg,Prunus serotina,5938311399,https://inaturalist-open-data.s3.amazonaws.com/photos/605462625/original.jpg,http://creativecommons.org/licenses/by-nc/4.0/,chris buelow,1536,2048
5938347152_0.jpg,Prunus serotina,5938347152,https://inaturalist-open-data.s3.amazonaws.com/photos/604592566/original.jpg,http://creativecommons.org/licenses/by-nc/4.0/,Nate Hartley,2048,1542
5938381824_0.jpg,Prunus serotina,5938381824,https://inaturalist-open-data.s3.amazonaws.com/photos/605488108/original.jpg,http://creativecommons.org/licenses/by-nc/4.0/,Kyle Aldinger,1536,2048
5938404176_0.jpg,Prunus serotina,5938404176,https://inaturalist-open-data.s3.amazonaws.com/photos/605455508/original.jpg,http://creativecommons.org/licenses/by-nc/4.0/,barbarac99,1536,2048
5938485996_0.jpg,Prunus serotina,5938485996,https://inaturalist-open-data.s3.amazonaws.com/photos/605123738/original.jpg,http://creativecommons.org/licenses/by-nc/4.0/,Graham Buck,1536,2048
5938485996_1.jpg,Prunus serotina,5938485996,https://inaturalist-open-data.s3.amazonaws.com/photos/605123751/original.jpg,http://creativecommons.org/licenses/by-nc/4.0/,Graham Buck,1536,2048
5938509606_0.jpg,Prunus serotina,5938509606,https://inaturalist-open-data.s3.amazonaws.com/photos/605147510/original.jpg,http://creativecommons.org/licenses/by-nc/4.0/,Matt Demmon,1536,2048
5938527584_0.jpg,Prunus serotina,5938527584,https://inaturalist-open-data.s3.amazonaws.com/photos/605511294/original.jpg,http://creativecommons.org/licenses/by-nc/4.0/,"Andy Goerdel - Texas Master Naturalist, Good Water Chapter",2048,1614
5938527584_1.jpg,Prunus serotina,5938527584,https://inaturalist-open-data.s3.amazonaws.com/photos/605511350/original.jpg,http://creativecommons.org/licenses/by-nc/4.0/,"Andy Goerdel - Texas Master Naturalist, Good Water Chapter",2048,1694
5938527584_2.jpg,Prunus serotina,5938527584,https://inaturalist-open-data.s3.amazonaws.com/photos/605511449/original.jpg,http://creativecommons.org/licenses/by-nc/4.0/,"Andy Goerdel - Texas Master Naturalist, Good Water Chapter",2048,1998
5938566671_0.jpg,Prunus serotina,5938566671,https://inaturalist-open-data.s3.amazonaws.com/photos/604822113/original.jpg,http://creativecommons.org/licenses/by/4.0/,betsyyyy,1536,2048
5938587471_0.jpg,Prunus serotina,5938587471,https://inaturalist-open-data.s3.amazonaws.com/photos/604863408/original.jpg,http://creativecommons.org/licenses/by-nc/4.0/,chris buelow,1536,2048
5938629999_0.jpg,Prunus serotina,5938629999,https://inaturalist-open-data.s3.amazonaws.com/photos/604821523/original.jpg,http://creativecommons.org/licenses/by/4.0/,betsyyyy,1536,2048
5938650597_0.jpg,Prunus serotina,5938650597,https://inaturalist-open-data.s3.amazonaws.com/photos/605419762/original.jpg,http://creativecommons.org/licenses/by-nc/4.0/,Paul McAfee,1542,2048
6052742758_0.jpg,Prunus serotina,6052742758,https://arter.dk/media/79588c26-8076-4070-849b-1d52e9381263.jpg,http://creativecommons.org/licenses/by/4.0/,,2048,2730
6052742758_1.jpg,Prunus serotina,6052742758,https://arter.dk/media/f4583051-2e6b-48d2-b028-2883f2d4b415.jpg,http://creativecommons.org/licenses/by/4.0/,,2048,2730
6129833320_0.jpg,Prunus serotina,6129833320,https://inaturalist-open-data.s3.amazonaws.com/photos/606424189/original.jpg,http://creativecommons.org/licenses/by-nc/4.0/,dlatusek12,1152,2048
6129843805_0.jpg,Prunus serotina,6129843805,https://inaturalist-open-data.s3.amazonaws.com/photos/608210083/original.jpg,http://creativecommons.org/licenses/by/4.0/,betsyyyy,1536,2048
6129843805_1.jpg,Prunus serotina,6129843805,https://inaturalist-open-data.s3.amazonaws.com/photos/608210085/original.jpg,http://creativecommons.org/licenses/by/4.0/,betsyyyy,1536,2048
6129843805_2.jpg,Prunus serotina,6129843805,https://inaturalist-open-data.s3.amazonaws.com/photos/608210087/original.jpg,http://creativecommons.org/licenses/by/4.0/,betsyyyy,1536,2048
6129882022_0.jpg,Prunus serotina,6129882022,https://inaturalist-open-data.s3.amazonaws.com/photos/609797599/original.jpg,http://creativecommons.org/licenses/by-nc/4.0/,obalkwil,1536,2048
6129882022_1.jpg,Prunus serotina,6129882022,https://inaturalist-open-data.s3.amazonaws.com/photos/609797621/original.jpg,http://creativecommons.org/licenses/by-nc/4.0/,obalkwil,1536,2048
6129888564_0.jpg,Prunus serotina,6129888564,https://inaturalist-open-data.s3.amazonaws.com/photos/609297276/original.jpg,http://creativecommons.org/licenses/by-nc/4.0/,chris buelow,1536,2048
6129894515_0.jpg,Prunus serotina,6129894515,https://inaturalist-open-data.s3.amazonaws.com/photos/606993238/original.jpg,http://creativecommons.org/licenses/by-nc/4.0/,Kyle Aldinger,1536,2048
6129897326_0.jpg,Prunus serotina,6129897326,https://inaturalist-open-data.s3.amazonaws.com/photos/608524231/original.jpg,http://creativecommons.org/licenses/by-nc/4.0/,Dawson Rader,1536,2048
6129920122_0.jpg,Prunus serotina,6129920122,https://inaturalist-open-data.s3.amazonaws.com/photos/607008566/original.jpg,http://creativecommons.org/licenses/by-nc/4.0/,Jack Cadwell,1542,2048
6129920122_1.jpg,Prunus serotina,6129920122,https://inaturalist-open-data.s3.amazonaws.com/photos/607008596/original.jpg,http://creativecommons.org/licenses/by-nc/4.0/,Jack Cadwell,1542,2048
6129941276_0.jpg,Prunus serotina,6129941276,https://inaturalist-open-data.s3.amazonaws.com/photos/607799422/original.jpg,http://creativecommons.org/licenses/by-nc/4.0/,Ruta,960,1280
6129941276_1.jpg,Prunus serotina,6129941276,https://inaturalist-open-data.s3.amazonaws.com/photos/607799435/original.jpg,http://creativecommons.org/licenses/by-nc/4.0/,Ruta,960,1280
6129941276_2.jpg,Prunus serotina,6129941276,https://inaturalist-open-data.s3.amazonaws.com/photos/607799432/original.jpg,http://creativecommons.org/licenses/by-nc/4.0/,Ruta,960,1280
6129946150_0.jpg,Prunus serotina,6129946150,https://inaturalist-open-data.s3.amazonaws.com/photos/606671064/original.jpg,http://creativecommons.org/licenses/by/4.0/,Alaina Krakowiak,1536,2048
6130023977_0.jpg,Prunus serotina,6130023977,https://inaturalist-open-data.s3.amazonaws.com/photos/609836041/original.jpg,http://creativecommons.org/licenses/by/4.0/,Sandy Wolkenberg,1536,2048
6130052822_0.jpg,Prunus serotina,6130052822,https://inaturalist-open-data.s3.amazonaws.com/photos/607213438/original.jpg,http://creativecommons.org/licenses/by-nc/4.0/,Vincent Laurie,2048,1536
6130052822_1.jpg,Prunus serotina,6130052822,https://inaturalist-open-data.s3.amazonaws.com/photos/607213536/original.jpg,http://creativecommons.org/licenses/by-nc/4.0/,Vincent Laurie,2048,1536
6130074475_0.jpg,Prunus serotina,6130074475,https://inaturalist-open-data.s3.amazonaws.com/photos/605172131/original.jpg,http://creativecommons.org/licenses/by-nc/4.0/,gf2024,1536,2048
6130078168_0.jpg,Prunus serotina,6130078168,https://inaturalist-open-data.s3.amazonaws.com/photos/609740051/original.jpg,http://creativecommons.org/licenses/by-nc/4.0/,love4earth,1536,2048
6130078168_1.jpg,Prunus serotina,6130078168,https://inaturalist-open-data.s3.amazonaws.com/photos/609740107/original.jpg,http://creativecommons.org/licenses/by-nc/4.0/,love4earth,1536,2048
6130078168_2.jpg,Prunus serotina,6130078168,https://inaturalist-open-data.s3.amazonaws.com/photos/609740155/original.jpg,http://creativecommons.org/licenses/by-nc/4.0/,love4earth,1536,2048
6130078168_3.jpg,Prunus serotina,6130078168,https://inaturalist-open-data.s3.amazonaws.com/photos/609740212/original.jpg,http://creativecommons.org/licenses/by-nc/4.0/,love4earth,1536,2048
6130078489_0.jpg,Prunus serotina,6130078489,https://inaturalist-open-data.s3.amazonaws.com/photos/609456922/original.jpg,http://creativecommons.org/licenses/by-nc/4.0/,trejdil,1536,2048
6130078489_1.jpg,Prunus serotina,6130078489,https://inaturalist-open-data.s3.amazonaws.com/photos/609456957/original.jpg,http://creativecommons.org/licenses/by-nc/4.0/,trejdil,1536,2048
6130081220_0.jpg,Prunus serotina,6130081220,https://inaturalist-open-data.s3.amazonaws.com/photos/607769288/original.jpg,http://creativecommons.org/licenses/by-nc/4.0/,chris buelow,1536,2048
6130105732_0.jpg,Prunus serotina,6130105732,https://inaturalist-open-data.s3.amazonaws.com/photos/607767756/original.jpg,http://creativecommons.org/licenses/by-nc/4.0/,chris buelow,1536,2048
6130132926_0.jpg,Prunus serotina,6130132926,https://inaturalist-open-data.s3.amazonaws.com/photos/607274820/original.jpg,http://creativecommons.org/licenses/by-nc/4.0/,drlorettaharvey,1535,2048
6130135816_0.jpg,Prunus serotina,6130135816,https://inaturalist-open-data.s3.amazonaws.com/photos/606464758/original.jpg,http://creativecommons.org/licenses/by-nc/4.0/,Matt,960,1280
6130155324_0.jpg,Prunus serotina,6130155324,https://inaturalist-open-data.s3.amazonaws.com/photos/610497270/original.jpg,http://creativecommons.org/licenses/by-nc/4.0/,wildysurv,1536,2048
6130177810_0.jpg,Prunus serotina,6130177810,https://inaturalist-open-data.s3.amazonaws.com/photos/608431215/original.jpg,http://creativecommons.org/licenses/by-nc/4.0/,chris buelow,1536,2048
6130194187_0.jpg,Prunus serotina,6130194187,https://inaturalist-open-data.s3.amazonaws.com/photos/609296221/original.jpg,http://creativecommons.org/licenses/by-nc/4.0/,chris buelow,1536,2048
6130203059_0.jpg,Prunus serotina,6130203059,https://inaturalist-open-data.s3.amazonaws.com/photos/610296773/original.jpg,http://creativecommons.org/licenses/by-nc/4.0/,Pam Curtin,1536,2048
6130203059_1.jpg,Prunus serotina,6130203059,https://inaturalist-open-data.s3.amazonaws.com/photos/610296795/original.jpg,http://creativecommons.org/licenses/by-nc/4.0/,Pam Curtin,1536,2048
6130241175_0.jpg,Prunus serotina,6130241175,https://inaturalist-open-data.s3.amazonaws.com/photos/609749517/original.jpg,http://creativecommons.org/licenses/by-nc/4.0/,Ryan M.,1536,2048
6130241175_1.jpg,Prunus serotina,6130241175,https://inaturalist-open-data.s3.amazonaws.com/photos/609749542/original.jpg,http://creativecommons.org/licenses/by-nc/4.0/,Ryan M.,1536,2048
6130243834_0.jpg,Prunus serotina,6130243834,https://inaturalist-open-data.s3.amazonaws.com/photos/609522582/original.jpg,http://creativecommons.org/licenses/by-nc/4.0/,Matt,960,1280
6130247665_0.jpg,Prunus serotina,6130247665,https://inaturalist-open-data.s3.amazonaws.com/photos/609803378/original.jpg,http://creativecommons.org/licenses/by-nc/4.0/,Danny Castriotta,1152,2048
6130250678_0.jpg,Prunus serotina,6130250678,https://inaturalist-open-data.s3.amazonaws.com/photos/605168803/original.jpg,http://creativecommons.org/licenses/by-nc/4.0/,chris buelow,1536,2048
6130311740_0.jpg,Prunus serotina,6130311740,https://inaturalist-open-data.s3.amazonaws.com/photos/606427965/original.jpg,http://creativecommons.org/licenses/by-nc/4.0/,noelhefele,1152,2048
6130323450_0.jpg,Prunus serotina,6130323450,https://inaturalist-open-data.s3.amazonaws.com/photos/608739929/original.jpg,http://creativecommons.org/licenses/by/4.0/,mattmsa,1542,2048
6130349149_0.jpg,Prunus serotina,6130349149,https://inaturalist-open-data.s3.amazonaws.com/photos/606427029/original.jpg,http://creativecommons.org/licenses/by-nc/4.0/,tgcannon,2048,1536
6130349149_1.jpg,Prunus serotina,6130349149,https://inaturalist-open-data.s3.amazonaws.com/photos/606427052/original.jpg,http://creativecommons.org/licenses/by-nc/4.0/,tgcannon,1536,2048
6130349149_2.jpg,Prunus serotina,6130349149,https://inaturalist-open-data.s3.amazonaws.com/photos/606427073/original.jpg,http://creativecommons.org/licenses/by-nc/4.0/,tgcannon,1536,2048
6130349149_3.jpg,Prunus serotina,6130349149,https://inaturalist-open-data.s3.amazonaws.com/photos/606427091/original.jpg,http://creativecommons.org/licenses/by-nc/4.0/,tgcannon,2048,1536
6130349149_4.jpg,Prunus serotina,6130349149,https://inaturalist-open-data.s3.amazonaws.com/photos/606427105/original.jpg,http://creativecommons.org/licenses/by-nc/4.0/,tgcannon,1536,2048
6130349149_5.jpg,Prunus serotina,6130349149,https://inaturalist-open-data.s3.amazonaws.com/photos/606427122/original.jpg,http://creativecommons.org/licenses/by-nc/4.0/,tgcannon,1536,2048
6130349149_6.jpg,Prunus serotina,6130349149,https://inaturalist-open-data.s3.amazonaws.com/photos/606427916/original.jpg,http://creativecommons.org/licenses/by-nc/4.0/,tgcannon,1536,2048
6130349149_7.jpg,Prunus serotina,6130349149,https://inaturalist-open-data.s3.amazonaws.com/photos/606427898/original.jpg,http://creativecommons.org/licenses/by-nc/4.0/,tgcannon,1536,2048
6130351553_0.jpg,Prunus serotina,6130351553,https://inaturalist-open-data.s3.amazonaws.com/photos/606953505/original.jpg,http://creativecommons.org/licenses/by-nc/4.0/,Fraser Gibson,1536,2048
6130388359_0.jpg,Prunus serotina,6130388359,https://inaturalist-open-data.s3.amazonaws.com/photos/609969487/original.jpg,http://creativecommons.org/licenses/by-nc/4.0/,Anthony J. Mills,1536,2048
6130423025_0.jpg,Prunus serotina,6130423025,https://inaturalist-open-data.s3.amazonaws.com/photos/607808623/original.jpg,http://creativecommons.org/licenses/by-nc/4.0/,Laura Monson,1536,2048
6130423025_1.jpg,Prunus serotina,6130423025,https://inaturalist-open-data.s3.amazonaws.com/photos/607808650/original.jpg,http://creativecommons.org/licenses/by-nc/4.0/,Laura Monson,1536,2048
6130423025_2.jpg,Prunus serotina,6130423025,https://inaturalist-open-data.s3.amazonaws.com/photos/607808683/original.jpg,http://creativecommons.org/licenses/by-nc/4.0/,Laura Monson,1536,2048
6130423025_3.jpg,Prunus serotina,6130423025,https://inaturalist-open-data.s3.amazonaws.com/photos/607808702/original.jpg,http://creativecommons.org/licenses/by-nc/4.0/,Laura Monson,1536,2048
6130423025_4.jpg,Prunus serotina,6130423025,https://inaturalist-open-data.s3.amazonaws.com/photos/607808718/original.jpg,http://creativecommons.org/licenses/by-nc/4.0/,Laura Monson,1536,2048
6130436481_0.jpg,Prunus serotina,6130436481,https://inaturalist-open-data.s3.amazonaws.com/photos/608236277/original.jpg,http://creativecommons.org/licenses/by-nc/4.0/,Matt Demmon,1536,2048
6130483373_0.jpg,Prunus serotina,6130483373,https://inaturalist-open-data.s3.amazonaws.com/photos/607560306/original.jpg,http://creativecommons.org/licenses/by-nc/4.0/,rkluzco,1001,1319
6130483373_1.jpg,Prunus serotina,6130483373,https://inaturalist-open-data.s3.amazonaws.com/photos/607560478/original.jpg,http://creativecommons.org/licenses/by-nc/4.0/,rkluzco,925,2048
6130498455_0.jpg,Prunus serotina,6130498455,https://inaturalist-open-data.s3.amazonaws.com/photos/609295970/original.jpg,http://creativecommons.org/licenses/by-nc/4.0/,chris buelow,1536,2048
6130504030_0.jpg,Prunus serotina,6130504030,https://inaturalist-open-data.s3.amazonaws.com/photos/606176990/original.jpg,http://creativecommons.org/licenses/by-nc/4.0/,noelhefele,1152,2048
6130532284_0.jpg,Prunus serotina,6130532284,https://inaturalist-open-data.s3.amazonaws.com/photos/610705908/original.jpg,http://creativecommons.org/licenses/by-nc/4.0/,chris buelow,1536,2048
6130537416_0.jpg,Prunus serotina,6130537416,https://inaturalist-open-data.s3.amazonaws.com/photos/606997213/original.jpg,http://creativecommons.org/licenses/by-nc/4.0/,chris buelow,1536,2048
6130549758_0.jpg,Prunus serotina,6130549758,https://inaturalist-open-data.s3.amazonaws.com/photos/606944168/original.jpg,http://creativecommons.org/licenses/by/4.0/,Sam Turner,1536,2048
6130549758_1.jpg,Prunus serotina,6130549758,https://inaturalist-open-data.s3.amazonaws.com/photos/606944163/original.jpg,http://creativecommons.org/licenses/by/4.0/,Sam Turner,1536,2048
6130575584_0.jpg,Prunus serotina,6130575584,https://inaturalist-open-data.s3.amazonaws.com/photos/609297396/original.jpg,http://creativecommons.org/licenses/by-nc/4.0/,chris buelow,1536,2048
6130596881_0.jpg,Prunus serotina,6130596881,https://inaturalist-open-data.s3.amazonaws.com/photos/609574141/original.jpg,http://creativecommons.org/licenses/by-nc/4.0/,elijahfreeman19,1536,2048
6130599932_0.jpg,Prunus serotina,6130599932,https://inaturalist-open-data.s3.amazonaws.com/photos/610531525/original.jpg,http://creativecommons.org/licenses/by-nc/4.0/,j_hndy,982,1310
6130625823_0.jpg,Prunus serotina,6130625823,https://inaturalist-open-data.s3.amazonaws.com/photos/607771355/original.jpg,http://creativecommons.org/licenses/by-nc/4.0/,chris buelow,1536,2048
6130634676_0.jpg,Prunus serotina,6130634676,https://inaturalist-open-data.s3.amazonaws.com/photos/605710749/original.jpg,http://creativecommons.org/licenses/by-nc/4.0/,Connor Ross,1536,2048
6130659365_0.jpg,Prunus serotina,6130659365,https://inaturalist-open-data.s3.amazonaws.com/photos/609855421/original.jpg,http://creativecommons.org/licenses/by-nc/4.0/,elijahfreeman19,1536,2048
6130707842_0.jpg,Prunus serotina,6130707842,https://inaturalist-open-data.s3.amazonaws.com/photos/609297410/original.jpg,http://creativecommons.org/licenses/by-nc/4.0/,chris buelow,1536,2048
6130719986_0.jpg,Prunus serotina,6130719986,https://inaturalist-open-data.s3.amazonaws.com/photos/607986161/original.jpg,http://creativecommons.org/licenses/by-nc/4.0/,mcnurlenj,1536,2048
6130742871_0.jpg,Prunus serotina,6130742871,https://inaturalist-open-data.s3.amazonaws.com/photos/607289305/original.jpg,http://creativecommons.org/licenses/by-nc/4.0/,Vincent Laurie,2048,1536
6130742871_1.jpg,Prunus serotina,6130742871,https://inaturalist-open-data.s3.amazonaws.com/photos/607289310/original.jpg,http://creativecommons.org/licenses/by-nc/4.0/,Vincent Laurie,2048,1536
6130747228_0.jpg,Prunus serotina,6130747228,https://inaturalist-open-data.s3.amazonaws.com/photos/609297238/original.jpg,http://creativecommons.org/licenses/by-nc/4.0/,chris buelow,1536,2048
6130754484_0.jpg,Prunus serotina,6130754484,https://inaturalist-open-data.s3.amazonaws.com/photos/610206139/original.jpg,http://creativecommons.org/licenses/by-nc/4.0/,Aaron West,1152,2048
6130754484_1.jpg,Prunus serotina,6130754484,https://inaturalist-open-data.s3.amazonaws.com/photos/610206140/original.jpg,http://creativecommons.org/licenses/by-nc/4.0/,Aaron West,1536,2048
6130754484_2.jpg,Prunus serotina,6130754484,https://inaturalist-open-data.s3.amazonaws.com/photos/610206141/original.jpg,http://creativecommons.org/licenses/by-nc/4.0/,Aaron West,1536,2048
6130759189_0.jpg,Prunus serotina,6130759189,https://inaturalist-open-data.s3.amazonaws.com/photos/607269060/original.jpg,http://creativecommons.org/licenses/by-nc/4.0/,muenchhausen,1536,2048
6130764334_0.jpg,Prunus serotina,6130764334,https://inaturalist-open-data.s3.amazonaws.com/photos/609297307/original.jpg,http://creativecommons.org/licenses/by-nc/4.0/,chris buelow,1536,2048
6130765580_0.jpg,Prunus serotina,6130765580,https://inaturalist-open-data.s3.amazonaws.com/photos/608680730/original.jpg,http://creativecommons.org/licenses/by-nc/4.0/,shawnthesurveyor,1152,2048
6130790472_0.jpg,Prunus serotina,6130790472,https://inaturalist-open-data.s3.amazonaws.com/photos/607771390/original.jpg,http://creativecommons.org/licenses/by-nc/4.0/,chris buelow,1536,2048
6130799759_0.jpg,Prunus serotina,6130799759,https://inaturalist-open-data.s3.amazonaws.com/photos/609832923/original.jpg,http://creativecommons.org/licenses/by-nc/4.0/,Nate Hartley,1542,2048
6130828232_0.jpg,Prunus serotina,6130828232,https://inaturalist-open-data.s3.amazonaws.com/photos/608178152/original.jpg,http://creativecommons.org/licenses/by/4.0/,John Baur,1152,2048
6130839971_0.jpg,Prunus serotina,6130839971,https://inaturalist-open-data.s3.amazonaws.com/photos/608458016/original.jpg,http://creativecommons.org/licenses/by-nc/4.0/,Danny Castriotta,1152,2048
6130843774_0.jpg,Prunus serotina,6130843774,https://inaturalist-open-data.s3.amazonaws.com/photos/607263984/original.jpg,http://creativecommons.org/licenses/by-nc/4.0/,dakoda,1536,2048
6130843774_1.jpg,Prunus serotina,6130843774,https://inaturalist-open-data.s3.amazonaws.com/photos/607264009/original.jpg,http://creativecommons.org/licenses/by-nc/4.0/,dakoda,1536,2048
6130843774_2.jpg,Prunus serotina,6130843774,https://inaturalist-open-data.s3.amazonaws.com/photos/607264105/original.jpg,http://creativecommons.org/licenses/by-nc/4.0/,dakoda,1536,2048
6130843774_3.jpg,Prunus serotina,6130843774,https://inaturalist-open-data.s3.amazonaws.com/photos/607264123/original.jpg,http://creativecommons.org/licenses/by-nc/4.0/,dakoda,1536,2048
6130843774_4.jpg,Prunus serotina,6130843774,https://inaturalist-open-data.s3.amazonaws.com/photos/607264567/original.jpg,http://creativecommons.org/licenses/by-nc/4.0/,dakoda,1536,2048
6130855950_0.jpg,Prunus serotina,6130855950,https://inaturalist-open-data.s3.amazonaws.com/photos/606488596/original.jpg,http://creativecommons.org/licenses/by-nc/4.0/,ruetabaga,1536,2048
6130857503_0.jpg,Prunus serotina,6130857503,https://inaturalist-open-data.s3.amazonaws.com/photos/607752449/original.jpg,http://creativecommons.org/licenses/by-nc/4.0/,nettienature,921,2048
6130875199_0.jpg,Prunus serotina,6130875199,https://inaturalist-open-data.s3.amazonaws.com/photos/608216607/original.jpg,http://creativecommons.org/licenses/by/4.0/,John Baur,1536,2048
6130875199_1.jpg,Prunus serotina,6130875199,https://inaturalist-open-data.s3.amazonaws.com/photos/608216618/original.jpg,http://creativecommons.org/licenses/by/4.0/,John Baur,1536,2048
6130895998_0.jpg,Prunus serotina,6130895998,https://inaturalist-open-data.s3.amazonaws.com/photos/610006418/original.jpg,http://creativecommons.org/licenses/by-nc/4.0/,Vlad Nevirkovets,1721,1721
6130895998_1.jpg,Prunus serotina,6130895998,https://inaturalist-open-data.s3.amazonaws.com/photos/610006444/original.jpg,http://creativecommons.org/licenses/by-nc/4.0/,Vlad Nevirkovets,1195,2048
6130895998_2.jpg,Prunus serotina,6130895998,https://inaturalist-open-data.s3.amazonaws.com/photos/610006456/original.jpg,http://creativecommons.org/licenses/by-nc/4.0/,Vlad Nevirkovets,1536,2048
6130917497_0.jpg,Prunus serotina,6130917497,https://inaturalist-open-data.s3.amazonaws.com/photos/610278604/original.jpg,http://creativecommons.org/licenses/by-nc/4.0/,jerzyfrank,1536,2048
6130917497_1.jpg,Prunus serotina,6130917497,https://inaturalist-open-data.s3.amazonaws.com/photos/610278607/original.jpg,http://creativecommons.org/licenses/by-nc/4.0/,jerzyfrank,1536,2048
6130917497_2.jpg,Prunus serotina,6130917497,https://inaturalist-open-data.s3.amazonaws.com/photos/610278609/original.jpg,http://creativecommons.org/licenses/by-nc/4.0/,jerzyfrank,1536,2048
6130930777_0.jpg,Prunus serotina,6130930777,https://inaturalist-open-data.s3.amazonaws.com/photos/605951624/original.jpg,http://creativecommons.org/licenses/by-nc/4.0/,sometimeshank,1536,2048
6130955877_0.jpg,Prunus serotina,6130955877,https://inaturalist-open-data.s3.amazonaws.com/photos/609296551/original.jpg,http://creativecommons.org/licenses/by-nc/4.0/,chris buelow,1536,2048
6131008290_0.jpg,Prunus serotina,6131008290,https://inaturalist-open-data.s3.amazonaws.com/photos/609297662/original.jpg,http://creativecommons.org/licenses/by-nc/4.0/,chris buelow,1536,2048
6131055525_0.jpg,Prunus serotina,6131055525,https://inaturalist-open-data.s3.amazonaws.com/photos/606691688/original.jpg,http://creativecommons.org/licenses/by-nc/4.0/,emilysv7,1536,2048
6131073732_0.jpg,Prunus serotina,6131073732,https://inaturalist-open-data.s3.amazonaws.com/photos/607019820/original.jpg,http://creativecommons.org/licenses/by/4.0/,"Clifton Ladd, C.W.B.",1536,2048
6131073732_1.jpg,Prunus serotina,6131073732,https://inaturalist-open-data.s3.amazonaws.com/photos/607019822/original.jpg,http://creativecommons.org/licenses/by/4.0/,"Clifton Ladd, C.W.B.",1536,2048
6131074744_0.jpg,Prunus serotina,6131074744,https://inaturalist-open-data.s3.amazonaws.com/photos/604422306/original.jpg,http://creativecommons.org/licenses/by-nc/4.0/,midnightkiwi,1536,2048
6131074744_1.jpg,Prunus serotina,6131074744,https://inaturalist-open-data.s3.amazonaws.com/photos/604422330/original.jpg,http://creativecommons.org/licenses/by-nc/4.0/,midnightkiwi,1536,2048
6131074744_2.jpg,Prunus serotina,6131074744,https://inaturalist-open-data.s3.amazonaws.com/photos/604422357/original.jpg,http://creativecommons.org/licenses/by-nc/4.0/,midnightkiwi,1536,2048
6131074744_3.jpg,Prunus serotina,6131074744,https://inaturalist-open-data.s3.amazonaws.com/photos/604422408/original.jpg,http://creativecommons.org/licenses/by-nc/4.0/,midnightkiwi,1536,2048
6131074744_4.jpg,Prunus serotina,6131074744,https://inaturalist-open-data.s3.amazonaws.com/photos/604422443/original.jpg,http://creativecommons.org/licenses/by-nc/4.0/,midnightkiwi,1536,2048
5938242532_0.jpg,Alnus acuminata,5938242532,https://inaturalist-open-data.s3.amazonaws.com/photos/604772324/original.jpg,http://creativecommons.org/licenses/by-nc/4.0/,Nicole Bruskewitz,1536,2048
6133321729_0.jpg,Alnus acuminata,6133321729,https://inaturalist-open-data.s3.amazonaws.com/photos/611684104/original.jpg,http://creativecommons.org/licenses/by-nc/4.0/,Jo Jiménez,1542,2048
6133321729_1.jpg,Alnus acuminata,6133321729,https://inaturalist-open-data.s3.amazonaws.com/photos/611684176/original.jpg,http://creativecommons.org/licenses/by-nc/4.0/,Jo Jiménez,1542,2048
6133336201_0.jpg,Alnus acuminata,6133336201,https://inaturalist-open-data.s3.amazonaws.com/photos/611413092/original.jpg,http://creativecommons.org/licenses/by-nc/4.0/,sofipatt,1152,2048
6133336201_1.jpg,Alnus acuminata,6133336201,https://inaturalist-open-data.s3.amazonaws.com/photos/611413119/original.jpg,http://creativecommons.org/licenses/by-nc/4.0/,sofipatt,1536,2048
6147295173_0.jpg,Alnus acuminata,6147295173,https://inaturalist-open-data.s3.amazonaws.com/photos/610551578/original.jpg,http://creativecommons.org/licenses/by-nc/4.0/,Christian Carlos,1536,2048
6147295173_1.jpg,Alnus acuminata,6147295173,https://inaturalist-open-data.s3.amazonaws.com/photos/610551594/original.jpg,http://creativecommons.org/licenses/by-nc/4.0/,Christian Carlos,1536,2048
6147295173_2.jpg,Alnus acuminata,6147295173,https://inaturalist-open-data.s3.amazonaws.com/photos/610551609/original.jpg,http://creativecommons.org/licenses/by-nc/4.0/,Christian Carlos,1536,2048
6333848637_0.jpg,Alnus acuminata,6333848637,https://inaturalist-open-data.s3.amazonaws.com/photos/621972592/original.jpg,http://creativecommons.org/licenses/by-nc/4.0/,Caleb Villar,1365,2048
6333848637_1.jpg,Alnus acuminata,6333848637,https://inaturalist-open-data.s3.amazonaws.com/photos/621972593/original.jpg,http://creativecommons.org/licenses/by-nc/4.0/,Caleb Villar,1365,2048
6333848637_2.jpg,Alnus acuminata,6333848637,https://inaturalist-open-data.s3.amazonaws.com/photos/621972605/original.jpg,http://creativecommons.org/licenses/by-nc/4.0/,Caleb Villar,1365,2048
6333848637_3.jpg,Alnus acuminata,6333848637,https://inaturalist-open-data.s3.amazonaws.com/photos/621972594/original.jpg,http://creativecommons.org/licenses/by-nc/4.0/,Caleb Villar,2048,1365
6333890708_0.jpg,Alnus acuminata,6333890708,https://inaturalist-open-data.s3.amazonaws.com/photos/611035911/original.jpg,http://creativecommons.org/licenses/by/4.0/,Jacob Saucier,1542,2048
6333932859_0.jpg,Alnus acuminata,6333932859,https://inaturalist-open-data.s3.amazonaws.com/photos/611133530/original.jpg,http://creativecommons.org/licenses/by-nc/4.0/,Diego Torres Sierra,1536,2048
6333932859_1.jpg,Alnus acuminata,6333932859,https://inaturalist-open-data.s3.amazonaws.com/photos/611133556/original.jpg,http://creativecommons.org/licenses/by-nc/4.0/,Diego Torres Sierra,1536,2048
6333932859_2.jpg,Alnus acuminata,6333932859,https://inaturalist-open-data.s3.amazonaws.com/photos/611133573/original.jpg,http://creativecommons.org/licenses/by-nc/4.0/,Diego Torres Sierra,1536,2048
6333932859_3.jpg,Alnus acuminata,6333932859,https://inaturalist-open-data.s3.amazonaws.com/photos/611133595/original.jpg,http://creativecommons.org/licenses/by-nc/4.0/,Diego Torres Sierra,1536,2048
6333932859_4.jpg,Alnus acuminata,6333932859,https://inaturalist-open-data.s3.amazonaws.com/photos/611133612/original.jpg,http://creativecommons.org/licenses/by-nc/4.0/,Diego Torres Sierra,1536,2048
6333932859_5.jpg,Alnus acuminata,6333932859,https://inaturalist-open-data.s3.amazonaws.com/photos/611134262/original.jpg,http://creativecommons.org/licenses/by-nc/4.0/,Diego Torres Sierra,1536,2048
6333932859_6.jpg,Alnus acuminata,6333932859,https://inaturalist-open-data.s3.amazonaws.com/photos/611134464/original.jpg,http://creativecommons.org/licenses/by-nc/4.0/,Diego Torres Sierra,1536,2048
6334159319_0.jpg,Alnus acuminata,6334159319,https://inaturalist-open-data.s3.amazonaws.com/photos/606894627/original.jpg,http://creativecommons.org/licenses/by-nc/4.0/,Alex Bentley,1536,2048
6334159319_1.jpg,Alnus acuminata,6334159319,https://inaturalist-open-data.s3.amazonaws.com/photos/606894668/original.jpg,http://creativecommons.org/licenses/by-nc/4.0/,Alex Bentley,1536,2048
6334159319_2.jpg,Alnus acuminata,6334159319,https://inaturalist-open-data.s3.amazonaws.com/photos/606894683/original.jpg,http://creativecommons.org/licenses/by-nc/4.0/,Alex Bentley,1536,2048
6334316688_0.jpg,Alnus acuminata,6334316688,https://inaturalist-open-data.s3.amazonaws.com/photos/611470691/original.jpg,http://creativecommons.org/licenses/by-nc/4.0/,Jo Jiménez,1542,2048
6334316688_1.jpg,Alnus acuminata,6334316688,https://inaturalist-open-data.s3.amazonaws.com/photos/611470712/original.jpg,http://creativecommons.org/licenses/by-nc/4.0/,Jo Jiménez,1542,2048
6334316688_2.jpg,Alnus acuminata,6334316688,https://inaturalist-open-data.s3.amazonaws.com/photos/611470729/original.jpg,http://creativecommons.org/licenses/by-nc/4.0/,Jo Jiménez,1542,2048
6334334641_0.jpg,Alnus acuminata,6334334641,https://inaturalist-open-data.s3.amazonaws.com/photos/611069914/original.jpg,http://creativecommons.org/licenses/by-nc/4.0/,David Torres,1536,2048
6334499501_0.jpg,Alnus acuminata,6334499501,https://inaturalist-open-data.s3.amazonaws.com/photos/611294332/original.jpg,http://creativecommons.org/licenses/by/4.0/,Jacob Saucier,1542,2048
6334719327_0.jpg,Alnus acuminata,6334719327,https://inaturalist-open-data.s3.amazonaws.com/photos/617744004/original.jpg,http://creativecommons.org/licenses/by-nc/4.0/,Nicolás Alejandro Contento Ordoñez,1536,2048
6334719327_1.jpg,Alnus acuminata,6334719327,https://inaturalist-open-data.s3.amazonaws.com/photos/619665864/original.jpg,http://creativecommons.org/licenses/by-nc/4.0/,Nicolás Alejandro Contento Ordoñez,1536,2048
6334719327_2.jpg,Alnus acuminata,6334719327,https://inaturalist-open-data.s3.amazonaws.com/photos/619665895/original.jpg,http://creativecommons.org/licenses/by-nc/4.0/,Nicolás Alejandro Contento Ordoñez,1536,2048
6334719327_3.jpg,Alnus acuminata,6334719327,https://inaturalist-open-data.s3.amazonaws.com/photos/619665918/original.jpg,http://creativecommons.org/licenses/by-nc/4.0/,Nicolás Alejandro Contento Ordoñez,1536,2048
6334719327_4.jpg,Alnus acuminata,6334719327,https://inaturalist-open-data.s3.amazonaws.com/photos/619665940/original.jpg,http://creativecommons.org/licenses/by-nc/4.0/,Nicolás Alejandro Contento Ordoñez,1536,2048
6334721976_0.jpg,Alnus acuminata,6334721976,https://inaturalist-open-data.s3.amazonaws.com/photos/610248980/original.jpg,http://creativecommons.org/licenses/by-nc/4.0/,vanessamf,1536,2048
6334721976_1.jpg,Alnus acuminata,6334721976,https://inaturalist-open-data.s3.amazonaws.com/photos/610249006/original.jpg,http://creativecommons.org/licenses/by-nc/4.0/,vanessamf,1536,2048
6334738401_0.jpg,Alnus acuminata,6334738401,https://inaturalist-open-data.s3.amazonaws.com/photos/629906414/original.jpg,http://creativecommons.org/licenses/by-nc/4.0/,Caleb Villar,2048,1365
6334738401_1.jpg,Alnus acuminata,6334738401,https://inaturalist-open-data.s3.amazonaws.com/photos/629906415/original.jpg,http://creativecommons.org/licenses/by-nc/4.0/,Caleb Villar,1365,2048
6334738401_2.jpg,Alnus acuminata,6334738401,https://inaturalist-open-data.s3.amazonaws.com/photos/629906423/original.jpg,http://creativecommons.org/licenses/by-nc/4.0/,Caleb Villar,2048,1365
6334738401_3.jpg,Alnus acuminata,6334738401,https://inaturalist-open-data.s3.amazonaws.com/photos/629906430/original.jpg,http://creativecommons.org/licenses/by-nc/4.0/,Caleb Villar,2048,1365
6334753641_0.jpg,Alnus acuminata,6334753641,https://inaturalist-open-data.s3.amazonaws.com/photos/610880190/original.jpg,http://creativecommons.org/licenses/by-nc/4.0/,kavanaghm,2048,1536
6334938005_0.jpg,Alnus acuminata,6334938005,https://inaturalist-open-data.s3.amazonaws.com/photos/614375298/original.jpg,http://creativecommons.org/licenses/by-nc/4.0/,kavanaghm,1536,2048
6334938005_1.jpg,Alnus acuminata,6334938005,https://inaturalist-open-data.s3.amazonaws.com/photos/614375317/original.jpg,http://creativecommons.org/licenses/by-nc/4.0/,kavanaghm,1536,2048
6334998513_0.jpg,Alnus acuminata,6334998513,https://inaturalist-open-data.s3.amazonaws.com/photos/611036132/original.jpg,http://creativecommons.org/licenses/by/4.0/,Jacob Saucier,1542,2048
6147229377_0.jpg,Alnus acuminata,6147229377,https://inaturalist-open-data.s3.amazonaws.com/photos/613482179/original.jpg,http://creativecommons.org/licenses/by-nc/4.0/,sherman_six,1536,2048
6147229377_1.jpg,Alnus acuminata,6147229377,https://inaturalist-open-data.s3.amazonaws.com/photos/613482200/original.jpg,http://creativecommons.org/licenses/by-nc/4.0/,sherman_six,1536,2048
6159463305_0.jpg,Alnus acuminata,6159463305,https://inaturalist-open-data.s3.amazonaws.com/photos/615939961/original.jpg,http://creativecommons.org/licenses/by-nc/4.0/,Santiago,1152,2048
6159463305_1.jpg,Alnus acuminata,6159463305,https://inaturalist-open-data.s3.amazonaws.com/photos/615939982/original.jpg,http://creativecommons.org/licenses/by-nc/4.0/,Santiago,1152,2048
6185728235_0.jpg,Alnus acuminata,6185728235,https://inaturalist-open-data.s3.amazonaws.com/photos/617511793/original.jpg,http://creativecommons.org/licenses/by-nc/4.0/,Christian Schwarz,2048,1536
6234533979_0.jpg,Alnus acuminata,6234533979,https://inaturalist-open-data.s3.amazonaws.com/photos/616465320/original.jpg,http://creativecommons.org/licenses/by-nc/4.0/,David Valdez,1542,2048
6234533979_1.jpg,Alnus acuminata,6234533979,https://inaturalist-open-data.s3.amazonaws.com/photos/616465363/original.jpg,http://creativecommons.org/licenses/by-nc/4.0/,David Valdez,1542,2048
6234533979_2.jpg,Alnus acuminata,6234533979,https://inaturalist-open-data.s3.amazonaws.com/photos/616465420/original.jpg,http://creativecommons.org/licenses/by-nc/4.0/,David Valdez,1542,2048
6234533979_3.jpg,Alnus acuminata,6234533979,https://inaturalist-open-data.s3.amazonaws.com/photos/616465456/original.jpg,http://creativecommons.org/licenses/by-nc/4.0/,David Valdez,1536,2048
6334034683_0.jpg,Alnus acuminata,6334034683,https://inaturalist-open-data.s3.amazonaws.com/photos/630448297/original.jpg,http://creativecommons.org/licenses/by-nc/4.0/,Juan Andrés leyva,2048,1365
6334034683_1.jpg,Alnus acuminata,6334034683,https://inaturalist-open-data.s3.amazonaws.com/photos/630448322/original.jpg,http://creativecommons.org/licenses/by-nc/4.0/,Juan Andrés leyva,2048,1365
6334034683_2.jpg,Alnus acuminata,6334034683,https://inaturalist-open-data.s3.amazonaws.com/photos/630448333/original.jpg,http://creativecommons.org/licenses/by-nc/4.0/,Juan Andrés leyva,2048,1365
6334034683_3.jpg,Alnus acuminata,6334034683,https://inaturalist-open-data.s3.amazonaws.com/photos/630448349/original.jpg,http://creativecommons.org/licenses/by-nc/4.0/,Juan Andrés leyva,2048,1365
6334098751_0.jpg,Alnus acuminata,6334098751,https://inaturalist-open-data.s3.amazonaws.com/photos/616145605/original.jpg,http://creativecommons.org/licenses/by-nc/4.0/,Alejandro Calzada Arciniega,2048,1536
6334232808_0.jpg,Alnus acuminata,6334232808,https://inaturalist-open-data.s3.amazonaws.com/photos/616990531/original.jpg,http://creativecommons.org/licenses/by-nc/4.0/,David Torres,2048,1365
6334232808_1.jpg,Alnus acuminata,6334232808,https://inaturalist-open-data.s3.amazonaws.com/photos/616990528/original.jpg,http://creativecommons.org/licenses/by-nc/4.0/,David Torres,1537,1023
6334297580_0.jpg,Alnus acuminata,6334297580,https://inaturalist-open-data.s3.amazonaws.com/photos/623914457/original.jpg,http://creativecommons.org/licenses/by-nc/4.0/,Dalton Spencer,1536,2048
6334297580_1.jpg,Alnus acuminata,6334297580,https://inaturalist-open-data.s3.amazonaws.com/photos/623914456/original.jpg,http://creativecommons.org/licenses/by-nc/4.0/,Dalton Spencer,1536,2048
6334323811_0.jpg,Alnus acuminata,6334323811,https://inaturalist-open-data.s3.amazonaws.com/photos/623914405/original.jpg,http://creativecommons.org/licenses/by-nc/4.0/,Dalton Spencer,1536,2048
6334327704_0.jpg,Alnus acuminata,6334327704,https://inaturalist-open-data.s3.amazonaws.com/photos/617234657/original.jpg,http://creativecommons.org/licenses/by-nc/4.0/,YAQUELIN MARUJA YUCRA CASA,1542,2048
6334327704_1.jpg,Alnus acuminata,6334327704,https://inaturalist-open-data.s3.amazonaws.com/photos/617234676/original.jpg,http://creativecommons.org/licenses/by-nc/4.0/,YAQUELIN MARUJA YUCRA CASA,1542,2048
6334337826_0.jpg,Alnus acuminata,6334337826,https://inaturalist-open-data.s3.amazonaws.com/photos/612819130/original.jpg,http://creativecommons.org/licenses/by-nc/4.0/,boppybost,1536,2048
6334337826_1.jpg,Alnus acuminata,6334337826,https://inaturalist-open-data.s3.amazonaws.com/photos/612819128/original.jpg,http://creativecommons.org/licenses/by-nc/4.0/,boppybost,1536,2048
6334337826_2.jpg,Alnus acuminata,6334337826,https://inaturalist-open-data.s3.amazonaws.com/photos/612819124/original.jpg,http://creativecommons.org/licenses/by-nc/4.0/,boppybost,1536,2048
6334337826_3.jpg,Alnus acuminata,6334337826,https://inaturalist-open-data.s3.amazonaws.com/photos/612819131/original.jpg,http://creativecommons.org/licenses/by-nc/4.0/,boppybost,1536,2048
6334337826_4.jpg,Alnus acuminata,6334337826,https://inaturalist-open-data.s3.amazonaws.com/photos/612819132/original.jpg,http://creativecommons.org/licenses/by-nc/4.0/,boppybost,1536,2048
6334337826_5.jpg,Alnus acuminata,6334337826,https://inaturalist-open-data.s3.amazonaws.com/photos/612819129/original.jpg,http://creativecommons.org/licenses/by-nc/4.0/,boppybost,1536,2048
6130563634_0.jpg,Fraxinus uhdei,6130563634,https://inaturalist-open-data.s3.amazonaws.com/photos/607777035/original.jpg,http://creativecommons.org/licenses/by-nc/4.0/,Caleb Martinez,1536,2048
6130563634_1.jpg,Fraxinus uhdei,6130563634,https://inaturalist-open-data.s3.amazonaws.com/photos/607777032/original.jpg,http://creativecommons.org/licenses/by-nc/4.0/,Caleb Martinez,1536,2048
6130698618_0.jpg,Fraxinus uhdei,6130698618,https://inaturalist-open-data.s3.amazonaws.com/photos/608480321/original.jpg,http://creativecommons.org/licenses/by-nc/4.0/,Caleb Martinez,1536,2048
6130698618_1.jpg,Fraxinus uhdei,6130698618,https://inaturalist-open-data.s3.amazonaws.com/photos/608480293/original.jpg,http://creativecommons.org/licenses/by-nc/4.0/,Caleb Martinez,1536,2048
6130766708_0.jpg,Fraxinus uhdei,6130766708,https://inaturalist-open-data.s3.amazonaws.com/photos/609556657/original.jpg,http://creativecommons.org/licenses/by-nc/4.0/,katt2028,1536,2048
6130766708_1.jpg,Fraxinus uhdei,6130766708,https://inaturalist-open-data.s3.amazonaws.com/photos/609556647/original.jpg,http://creativecommons.org/licenses/by-nc/4.0/,katt2028,1536,2048
6130801905_0.jpg,Fraxinus uhdei,6130801905,https://inaturalist-open-data.s3.amazonaws.com/photos/607779159/original.jpg,http://creativecommons.org/licenses/by-nc/4.0/,Caleb Martinez,1536,2048
6130801905_1.jpg,Fraxinus uhdei,6130801905,https://inaturalist-open-data.s3.amazonaws.com/photos/607779156/original.jpg,http://creativecommons.org/licenses/by-nc/4.0/,Caleb Martinez,1536,2048
6130801905_2.jpg,Fraxinus uhdei,6130801905,https://inaturalist-open-data.s3.amazonaws.com/photos/607779157/original.jpg,http://creativecommons.org/licenses/by-nc/4.0/,Caleb Martinez,1536,2048
6130958707_0.jpg,Fraxinus uhdei,6130958707,https://inaturalist-open-data.s3.amazonaws.com/photos/607776930/original.jpg,http://creativecommons.org/licenses/by-nc/4.0/,Caleb Martinez,1536,2048
6130958707_1.jpg,Fraxinus uhdei,6130958707,https://inaturalist-open-data.s3.amazonaws.com/photos/607776926/original.jpg,http://creativecommons.org/licenses/by-nc/4.0/,Caleb Martinez,1536,2048
6130958707_2.jpg,Fraxinus uhdei,6130958707,https://inaturalist-open-data.s3.amazonaws.com/photos/607776925/original.jpg,http://creativecommons.org/licenses/by-nc/4.0/,Caleb Martinez,1536,2048
6130958707_3.jpg,Fraxinus uhdei,6130958707,https://inaturalist-open-data.s3.amazonaws.com/photos/607776921/original.jpg,http://creativecommons.org/licenses/by-nc/4.0/,Caleb Martinez,1536,2048
6130982521_0.jpg,Fraxinus uhdei,6130982521,https://inaturalist-open-data.s3.amazonaws.com/photos/607791608/original.jpg,http://creativecommons.org/licenses/by-nc/4.0/,Richard Blackford,1152,2048
6131014767_0.jpg,Fraxinus uhdei,6131014767,https://inaturalist-open-data.s3.amazonaws.com/photos/608478551/original.jpg,http://creativecommons.org/licenses/by-nc/4.0/,Caleb Martinez,1536,2048
6131016927_0.jpg,Fraxinus uhdei,6131016927,https://inaturalist-open-data.s3.amazonaws.com/photos/610100948/original.jpg,http://creativecommons.org/licenses/by-nc/4.0/,E. A. Mayer,1536,2048
6131016927_1.jpg,Fraxinus uhdei,6131016927,https://inaturalist-open-data.s3.amazonaws.com/photos/610100935/original.jpg,http://creativecommons.org/licenses/by-nc/4.0/,E. A. Mayer,1536,2048
6131016927_2.jpg,Fraxinus uhdei,6131016927,https://inaturalist-open-data.s3.amazonaws.com/photos/610100963/original.jpg,http://creativecommons.org/licenses/by-nc/4.0/,E. A. Mayer,1536,2048
6131028732_0.jpg,Fraxinus uhdei,6131028732,https://inaturalist-open-data.s3.amazonaws.com/photos/606173085/original.jpg,http://creativecommons.org/licenses/by-nc/4.0/,Sam Rickert,1536,2048
6131028732_1.jpg,Fraxinus uhdei,6131028732,https://inaturalist-open-data.s3.amazonaws.com/photos/606173098/original.jpg,http://creativecommons.org/licenses/by-nc/4.0/,Sam Rickert,1536,2048
6131028732_2.jpg,Fraxinus uhdei,6131028732,https://inaturalist-open-data.s3.amazonaws.com/photos/606172909/original.jpg,http://creativecommons.org/licenses/by-nc/4.0/,Sam Rickert,1536,2048
6131062879_0.jpg,Fraxinus uhdei,6131062879,https://inaturalist-open-data.s3.amazonaws.com/photos/608002017/original.jpg,http://creativecommons.org/licenses/by-nc/4.0/,Cuckoo for Cuckoo Bees,2048,1365
6131062879_1.jpg,Fraxinus uhdei,6131062879,https://inaturalist-open-data.s3.amazonaws.com/photos/608002037/original.jpg,http://creativecommons.org/licenses/by-nc/4.0/,Cuckoo for Cuckoo Bees,2048,1456
6131552644_0.jpg,Fraxinus uhdei,6131552644,https://inaturalist-open-data.s3.amazonaws.com/photos/607776489/original.jpg,http://creativecommons.org/licenses/by-nc/4.0/,Caleb Martinez,1536,2048
6131552644_1.jpg,Fraxinus uhdei,6131552644,https://inaturalist-open-data.s3.amazonaws.com/photos/607776486/original.jpg,http://creativecommons.org/licenses/by-nc/4.0/,Caleb Martinez,1536,2048
6133279391_0.jpg,Fraxinus uhdei,6133279391,https://inaturalist-open-data.s3.amazonaws.com/photos/608511372/original.jpg,http://creativecommons.org/licenses/by-nc/4.0/,Rachel Shackelford,2048,1542
6133279391_1.jpg,Fraxinus uhdei,6133279391,https://inaturalist-open-data.s3.amazonaws.com/photos/608511399/original.jpg,http://creativecommons.org/licenses/by-nc/4.0/,Rachel Shackelford,1542,2048
6133279391_2.jpg,Fraxinus uhdei,6133279391,https://inaturalist-open-data.s3.amazonaws.com/photos/608511422/original.jpg,http://creativecommons.org/licenses/by-nc/4.0/,Rachel Shackelford,2048,1542
6133279391_3.jpg,Fraxinus uhdei,6133279391,https://inaturalist-open-data.s3.amazonaws.com/photos/608511460/original.jpg,http://creativecommons.org/licenses/by-nc/4.0/,Rachel Shackelford,1542,2048
6133279391_4.jpg,Fraxinus uhdei,6133279391,https://inaturalist-open-data.s3.amazonaws.com/photos/608808184/original.jpg,http://creativecommons.org/licenses/by-nc/4.0/,Rachel Shackelford,1542,2048
6133279391_5.jpg,Fraxinus uhdei,6133279391,https://inaturalist-open-data.s3.amazonaws.com/photos/608808247/original.jpg,http://creativecommons.org/licenses/by-nc/4.0/,Rachel Shackelford,1542,2048
6133392067_0.jpg,Fraxinus uhdei,6133392067,https://inaturalist-open-data.s3.amazonaws.com/photos/610446876/original.jpg,http://creativecommons.org/licenses/by-nc/4.0/,Rodd,1152,2048
6178324485_0.jpg,Fraxinus uhdei,6178324485,https://inaturalist-open-data.s3.amazonaws.com/photos/609314557/original.jpg,http://creativecommons.org/licenses/by-nc/4.0/,Abril Hernández Muñoz,1536,2048
6352304125_0.jpg,Fraxinus uhdei,6352304125,https://inaturalist-open-data.s3.amazonaws.com/photos/611396336/original.jpg,http://creativecommons.org/licenses/by-nc/4.0/,Kevin Chiang,2000,1502
6133602175_0.jpg,Fraxinus uhdei,6133602175,https://inaturalist-open-data.s3.amazonaws.com/photos/612767982/original.jpg,http://creativecommons.org/licenses/by-nc/4.0/,bluesky1995,2048,1536
6133602175_1.jpg,Fraxinus uhdei,6133602175,https://inaturalist-open-data.s3.amazonaws.com/photos/612767980/original.jpg,http://creativecommons.org/licenses/by-nc/4.0/,bluesky1995,2048,1536
6133602175_2.jpg,Fraxinus uhdei,6133602175,https://inaturalist-open-data.s3.amazonaws.com/photos/612767981/original.jpg,http://creativecommons.org/licenses/by-nc/4.0/,bluesky1995,1536,2048
6147195644_0.jpg,Fraxinus uhdei,6147195644,https://inaturalist-open-data.s3.amazonaws.com/photos/614272977/original.jpg,http://creativecommons.org/licenses/by-nc/4.0/,Pablo Vinuesa,2048,1364
6147195644_1.jpg,Fraxinus uhdei,6147195644,https://inaturalist-open-data.s3.amazonaws.com/photos/614273083/original.jpg,http://creativecommons.org/licenses/by-nc/4.0/,Pablo Vinuesa,2048,1463
6147195644_2.jpg,Fraxinus uhdei,6147195644,https://inaturalist-open-data.s3.amazonaws.com/photos/614273118/original.jpg,http://creativecommons.org/licenses/by-nc/4.0/,Pablo Vinuesa,2048,1364
6147195644_3.jpg,Fraxinus uhdei,6147195644,https://inaturalist-open-data.s3.amazonaws.com/photos/614273137/original.jpg,http://creativecommons.org/licenses/by-nc/4.0/,Pablo Vinuesa,2048,1544
6147195644_4.jpg,Fraxinus uhdei,6147195644,https://inaturalist-open-data.s3.amazonaws.com/photos/614273150/original.jpg,http://creativecommons.org/licenses/by-nc/4.0/,Pablo Vinuesa,1364,2048
6147224391_0.jpg,Fraxinus uhdei,6147224391,https://inaturalist-open-data.s3.amazonaws.com/photos/612620339/original.jpg,http://creativecommons.org/licenses/by/4.0/,Damien Wallace,2048,1542
6147224391_1.jpg,Fraxinus uhdei,6147224391,https://inaturalist-open-data.s3.amazonaws.com/photos/612620367/original.jpg,http://creativecommons.org/licenses/by/4.0/,Damien Wallace,2048,1542
6147224391_2.jpg,Fraxinus uhdei,6147224391,https://inaturalist-open-data.s3.amazonaws.com/photos/612620381/original.jpg,http://creativecommons.org/licenses/by/4.0/,Damien Wallace,2048,1542
6147288742_0.jpg,Fraxinus uhdei,6147288742,https://inaturalist-open-data.s3.amazonaws.com/photos/612819467/original.jpg,http://creativecommons.org/licenses/by-nc/4.0/,Uriel González,1152,2048
6147321216_0.jpg,Fraxinus uhdei,6147321216,https://inaturalist-open-data.s3.amazonaws.com/photos/612615971/original.jpg,http://creativecommons.org/licenses/by/4.0/,Damien Wallace,2048,1542
6147321216_1.jpg,Fraxinus uhdei,6147321216,https://inaturalist-open-data.s3.amazonaws.com/photos/612616001/original.jpg,http://creativecommons.org/licenses/by/4.0/,Damien Wallace,2048,1542
6147321216_2.jpg,Fraxinus uhdei,6147321216,https://inaturalist-open-data.s3.amazonaws.com/photos/612616088/original.jpg,http://creativecommons.org/licenses/by/4.0/,Damien Wallace,2048,1542
6147367815_0.jpg,Fraxinus uhdei,6147367815,https://inaturalist-open-data.s3.amazonaws.com/photos/612585303/original.jpg,http://creativecommons.org/licenses/by-nc/4.0/,Adid Jimenez,2048,1536
6147367815_1.jpg,Fraxinus uhdei,6147367815,https://inaturalist-open-data.s3.amazonaws.com/photos/612585307/original.jpg,http://creativecommons.org/licenses/by-nc/4.0/,Adid Jimenez,2048,1536
6147367815_2.jpg,Fraxinus uhdei,6147367815,https://inaturalist-open-data.s3.amazonaws.com/photos/612585311/original.jpg,http://creativecommons.org/licenses/by-nc/4.0/,Adid Jimenez,1536,2048
6147438307_0.jpg,Fraxinus uhdei,6147438307,https://inaturalist-open-data.s3.amazonaws.com/photos/612824513/original.jpg,http://creativecommons.org/licenses/by-nc/4.0/,Alejandro Calzada Arciniega,1535,2048
6147591599_0.jpg,Fraxinus uhdei,6147591599,https://inaturalist-open-data.s3.amazonaws.com/photos/613081325/original.jpg,http://creativecommons.org/licenses/by-nc/4.0/,Adid Jimenez,1536,2048
6147591599_1.jpg,Fraxinus uhdei,6147591599,https://inaturalist-open-data.s3.amazonaws.com/photos/613081324/original.jpg,http://creativecommons.org/licenses/by-nc/4.0/,Adid Jimenez,2048,1536
6147612502_0.jpg,Fraxinus uhdei,6147612502,https://inaturalist-open-data.s3.amazonaws.com/photos/614264951/original.jpg,http://creativecommons.org/licenses/by-nc/4.0/,Pablo Vinuesa,2048,1332
6147612502_1.jpg,Fraxinus uhdei,6147612502,https://inaturalist-open-data.s3.amazonaws.com/photos/614264971/original.jpg,http://creativecommons.org/licenses/by-nc/4.0/,Pablo Vinuesa,1251,2048
6147612502_2.jpg,Fraxinus uhdei,6147612502,https://inaturalist-open-data.s3.amazonaws.com/photos/614264982/original.jpg,http://creativecommons.org/licenses/by-nc/4.0/,Pablo Vinuesa,1364,2048
6147645141_0.jpg,Fraxinus uhdei,6147645141,https://inaturalist-open-data.s3.amazonaws.com/photos/613225864/original.jpg,http://creativecommons.org/licenses/by-nc/4.0/,Carlos Leon,1536,2048
6159182412_0.jpg,Fraxinus uhdei,6159182412,https://inaturalist-open-data.s3.amazonaws.com/photos/615245645/original.jpg,http://creativecommons.org/licenses/by/4.0/,mel letterman,1536,2048
6159182412_1.jpg,Fraxinus uhdei,6159182412,https://inaturalist-open-data.s3.amazonaws.com/photos/615245658/original.jpg,http://creativecommons.org/licenses/by/4.0/,mel letterman,1536,2048
6159182412_2.jpg,Fraxinus uhdei,6159182412,https://inaturalist-open-data.s3.amazonaws.com/photos/615245667/original.jpg,http://creativecommons.org/licenses/by/4.0/,mel letterman,1536,2048
6159182412_3.jpg,Fraxinus uhdei,6159182412,https://inaturalist-open-data.s3.amazonaws.com/photos/615245682/original.jpg,http://creativecommons.org/licenses/by/4.0/,mel letterman,1536,2048
6159538604_0.jpg,Fraxinus uhdei,6159538604,https://inaturalist-open-data.s3.amazonaws.com/photos/615141475/original.jpg,http://creativecommons.org/licenses/by-nc/4.0/,David Ricardo Osorio Meléndez,1928,1799
6162790038_0.jpg,Fraxinus uhdei,6162790038,https://inaturalist-open-data.s3.amazonaws.com/photos/618469223/original.jpg,http://creativecommons.org/licenses/by/4.0/,Anders Hastings,2048,1367
6162790038_1.jpg,Fraxinus uhdei,6162790038,https://inaturalist-open-data.s3.amazonaws.com/photos/618469240/original.jpg,http://creativecommons.org/licenses/by/4.0/,Anders Hastings,2048,1367
5938421988_0.jpg,Salix humboldtiana,5938421988,https://inaturalist-open-data.s3.amazonaws.com/photos/605172791/original.jpg,http://creativecommons.org/licenses/by-nc/4.0/,Benjamín,1152,2048
5938430806_0.jpg,Salix humboldtiana,5938430806,https://inaturalist-open-data.s3.amazonaws.com/photos/605172814/original.jpg,http://creativecommons.org/licenses/by-nc/4.0/,Benjamín,1152,2048
5938458435_0.jpg,Salix humboldtiana,5938458435,https://inaturalist-open-data.s3.amazonaws.com/photos/604527198/original.jpg,http://creativecommons.org/licenses/by-nc/4.0/,Nobody,1536,2048
6130465442_0.jpg,Salix humboldtiana,6130465442,https://inaturalist-open-data.s3.amazonaws.com/photos/607274828/original.jpg,http://creativecommons.org/licenses/by-nc/4.0/,Lily Helfert,1536,2048
6130610701_0.jpg,Salix humboldtiana,6130610701,https://inaturalist-open-data.s3.amazonaws.com/photos/608395062/original.jpg,http://creativecommons.org/licenses/by-nc/4.0/,Lorena Zapata,1536,2048
6130992435_0.jpg,Salix humboldtiana,6130992435,https://inaturalist-open-data.s3.amazonaws.com/photos/606969406/original.jpg,http://creativecommons.org/licenses/by/4.0/,nebrooks,1152,2048
6131169178_0.jpg,Salix humboldtiana,6131169178,https://inaturalist-open-data.s3.amazonaws.com/photos/610522241/original.jpg,http://creativecommons.org/licenses/by-nc/4.0/,Abril Gonzalez Navarro,1152,2048
6131169178_1.jpg,Salix humboldtiana,6131169178,https://inaturalist-open-data.s3.amazonaws.com/photos/610522297/original.jpg,http://creativecommons.org/licenses/by-nc/4.0/,Abril Gonzalez Navarro,2048,1152
6131215057_0.jpg,Salix humboldtiana,6131215057,https://inaturalist-open-data.s3.amazonaws.com/photos/607228245/original.jpg,http://creativecommons.org/licenses/by-nc/4.0/,Mirko Ramos Leiva,2048,1365
6131215057_1.jpg,Salix humboldtiana,6131215057,https://inaturalist-open-data.s3.amazonaws.com/photos/607228208/original.jpg,http://creativecommons.org/licenses/by-nc/4.0/,Mirko Ramos Leiva,2048,1365
6131215057_2.jpg,Salix humboldtiana,6131215057,https://inaturalist-open-data.s3.amazonaws.com/photos/607228413/original.jpg,http://creativecommons.org/licenses/by-nc/4.0/,Mirko Ramos Leiva,2048,1365
6131215057_3.jpg,Salix humboldtiana,6131215057,https://inaturalist-open-data.s3.amazonaws.com/photos/607228438/original.jpg,http://creativecommons.org/licenses/by-nc/4.0/,Mirko Ramos Leiva,2048,1365
6131279560_0.jpg,Salix humboldtiana,6131279560,https://inaturalist-open-data.s3.amazonaws.com/photos/605814538/original.jpg,http://creativecommons.org/licenses/by-nc/4.0/,alvarez78,2048,1174
6131279560_1.jpg,Salix humboldtiana,6131279560,https://inaturalist-open-data.s3.amazonaws.com/photos/605814558/original.jpg,http://creativecommons.org/licenses/by-nc/4.0/,alvarez78,2048,1145
6133049402_0.jpg,Salix humboldtiana,6133049402,https://inaturalist-open-data.s3.amazonaws.com/photos/611006373/original.jpg,http://creativecommons.org/licenses/by-nc/4.0/,Juan Pablo Fuentes Espoz,1152,2048
6133564306_0.jpg,Salix humboldtiana,6133564306,https://inaturalist-open-data.s3.amazonaws.com/photos/611039168/original.jpg,http://creativecommons.org/licenses/by-nc/4.0/,Francisco Astudillo,2048,946
6147204800_0.jpg,Salix humboldtiana,6147204800,https://inaturalist-open-data.s3.amazonaws.com/photos/605761164/original.jpg,http://creativecommons.org/licenses/by-nc/4.0/,lucaspecc,2048,1536
6147204800_1.jpg,Salix humboldtiana,6147204800,https://inaturalist-open-data.s3.amazonaws.com/photos/605761188/original.jpg,http://creativecommons.org/licenses/by-nc/4.0/,lucaspecc,2048,1536
6147204800_2.jpg,Salix humboldtiana,6147204800,https://inaturalist-open-data.s3.amazonaws.com/photos/605761151/original.jpg,http://creativecommons.org/licenses/by-nc/4.0/,lucaspecc,2048,1536
6147291034_0.jpg,Salix humboldtiana,6147291034,https://inaturalist-open-data.s3.amazonaws.com/photos/611515340/original.jpg,http://creativecommons.org/licenses/by-nc/4.0/,Andy Del Real,1536,2048
6147325575_0.jpg,Salix humboldtiana,6147325575,https://inaturalist-open-data.s3.amazonaws.com/photos/607603388/original.jpg,http://creativecommons.org/licenses/by-nc/4.0/,Sebastián Lovera,1152,2048
6147325575_1.jpg,Salix humboldtiana,6147325575,https://inaturalist-open-data.s3.amazonaws.com/photos/607603409/original.jpg,http://creativecommons.org/licenses/by-nc/4.0/,Sebastián Lovera,1152,2048
6147325575_2.jpg,Salix humboldtiana,6147325575,https://inaturalist-open-data.s3.amazonaws.com/photos/607603421/original.jpg,http://creativecommons.org/licenses/by-nc/4.0/,Sebastián Lovera,1152,2048
6147325575_3.jpg,Salix humboldtiana,6147325575,https://inaturalist-open-data.s3.amazonaws.com/photos/607603440/original.jpg,http://creativecommons.org/licenses/by-nc/4.0/,Sebastián Lovera,1152,2048
6147338896_0.jpg,Salix humboldtiana,6147338896,https://inaturalist-open-data.s3.amazonaws.com/photos/608394323/original.jpg,http://creativecommons.org/licenses/by-nc/4.0/,Lorena Zapata,1536,2048
6147395155_0.jpg,Salix humboldtiana,6147395155,https://inaturalist-open-data.s3.amazonaws.com/photos/611319335/original.jpg,http://creativecommons.org/licenses/by-nc/4.0/,Irving Oswaldo Villafaña Durán,2048,2048
6147395155_1.jpg,Salix humboldtiana,6147395155,https://inaturalist-open-data.s3.amazonaws.com/photos/611319546/original.jpg,http://creativecommons.org/licenses/by-nc/4.0/,Irving Oswaldo Villafaña Durán,2048,2048
6147395155_2.jpg,Salix humboldtiana,6147395155,https://inaturalist-open-data.s3.amazonaws.com/photos/611319563/original.jpg,http://creativecommons.org/licenses/by-nc/4.0/,Irving Oswaldo Villafaña Durán,2048,2048
6147442898_0.jpg,Salix humboldtiana,6147442898,https://inaturalist-open-data.s3.amazonaws.com/photos/609440716/original.jpg,http://creativecommons.org/licenses/by/4.0/,Floro Ortiz Contreras,1536,2048
6235449843_0.jpg,Salix humboldtiana,6235449843,https://inaturalist-open-data.s3.amazonaws.com/photos/605107170/original.jpg,http://creativecommons.org/licenses/by-nc/4.0/,Diego Gallotti,2048,1536
6236162011_0.jpg,Salix humboldtiana,6236162011,https://inaturalist-open-data.s3.amazonaws.com/photos/607052309/original.jpg,http://creativecommons.org/licenses/by-nc/4.0/,Diego Gallotti,2048,1536
6422882568_0.jpg,Salix humboldtiana,6422882568,https://inaturalist-open-data.s3.amazonaws.com/photos/688517356/original.jpg,http://creativecommons.org/licenses/by/4.0/,Marcos Gramaglia,1536,2048
6422882568_1.jpg,Salix humboldtiana,6422882568,https://inaturalist-open-data.s3.amazonaws.com/photos/688517537/original.jpg,http://creativecommons.org/licenses/by/4.0/,Marcos Gramaglia,1536,2048
6147424072_0.jpg,Salix humboldtiana,6147424072,https://inaturalist-open-data.s3.amazonaws.com/photos/613021164/original.jpg,http://creativecommons.org/licenses/by-nc/4.0/,Danalí Herr,650,763
6147613596_0.jpg,Salix humboldtiana,6147613596,https://inaturalist-open-data.s3.amazonaws.com/photos/613011068/original.jpg,http://creativecommons.org/licenses/by-nc/4.0/,Danalí Herr,2048,1536
6147648825_0.jpg,Salix humboldtiana,6147648825,https://inaturalist-open-data.s3.amazonaws.com/photos/613236892/original.jpg,http://creativecommons.org/licenses/by-nc/4.0/,andresfvenegas,1536,2048
6159632392_0.jpg,Salix humboldtiana,6159632392,https://inaturalist-open-data.s3.amazonaws.com/photos/613498466/original.jpg,http://creativecommons.org/licenses/by-nc/4.0/,Lia Valentina Pilamala Reino,1542,2048
6185444873_0.jpg,Salix humboldtiana,6185444873,https://inaturalist-open-data.s3.amazonaws.com/photos/628202780/original.jpg,http://creativecommons.org/licenses/by-nc/4.0/,Roberto,2048,2048
6178936716_0.jpg,Salix humboldtiana,6178936716,https://inaturalist-open-data.s3.amazonaws.com/photos/625258060/original.jpg,http://creativecommons.org/licenses/by-nc/4.0/,"Orquidario y Jardín Botánico ""Comitán""",2048,1536
6178964817_0.jpg,Salix humboldtiana,6178964817,https://inaturalist-open-data.s3.amazonaws.com/photos/624522486/original.jpg,http://creativecommons.org/licenses/by-nc/4.0/,Tomi del bosque,1536,2048
6184791861_0.jpg,Salix humboldtiana,6184791861,https://inaturalist-open-data.s3.amazonaws.com/photos/623699958/original.jpg,http://creativecommons.org/licenses/by-nc/4.0/,Tere Castelló,1151,2048
6184791861_1.jpg,Salix humboldtiana,6184791861,https://inaturalist-open-data.s3.amazonaws.com/photos/623700010/original.jpg,http://creativecommons.org/licenses/by-nc/4.0/,Tere Castelló,1152,2048
6188198703_0.jpg,Salix humboldtiana,6188198703,https://inaturalist-open-data.s3.amazonaws.com/photos/629829086/original.jpg,http://creativecommons.org/licenses/by-nc/4.0/,brnhn,1536,2048
6188198703_1.jpg,Salix humboldtiana,6188198703,https://inaturalist-open-data.s3.amazonaws.com/photos/629829076/original.jpg,http://creativecommons.org/licenses/by-nc/4.0/,brnhn,1536,2048
6188198703_2.jpg,Salix humboldtiana,6188198703,https://inaturalist-open-data.s3.amazonaws.com/photos/629829088/original.jpg,http://creativecommons.org/licenses/by-nc/4.0/,brnhn,1536,2048
5938166695_0.jpg,Taxodium mucronatum,5938166695,https://inaturalist-open-data.s3.amazonaws.com/photos/605266342/original.jpg,http://creativecommons.org/licenses/by-nc/4.0/,jomeny,921,2048
5938567530_0.jpg,Taxodium mucronatum,5938567530,https://inaturalist-open-data.s3.amazonaws.com/photos/605445450/original.jpg,http://creativecommons.org/licenses/by-nc/4.0/,Collin Gross,1536,2048
5938567530_1.jpg,Taxodium mucronatum,5938567530,https://inaturalist-open-data.s3.amazonaws.com/photos/605445464/original.jpg,http://creativecommons.org/licenses/by-nc/4.0/,Collin Gross,1536,2048
5938567530_2.jpg,Taxodium mucronatum,5938567530,https://inaturalist-open-data.s3.amazonaws.com/photos/605445469/original.jpg,http://creativecommons.org/licenses/by-nc/4.0/,Collin Gross,1536,2048
5938567530_3.jpg,Taxodium mucronatum,5938567530,https://inaturalist-open-data.s3.amazonaws.com/photos/605445476/original.jpg,http://creativecommons.org/licenses/by-nc/4.0/,Collin Gross,1536,2048
5938567530_4.jpg,Taxodium mucronatum,5938567530,https://inaturalist-open-data.s3.amazonaws.com/photos/605445486/original.jpg,http://creativecommons.org/licenses/by-nc/4.0/,Collin Gross,1536,2048
5938567530_5.jpg,Taxodium mucronatum,5938567530,https://inaturalist-open-data.s3.amazonaws.com/photos/605445491/original.jpg,http://creativecommons.org/licenses/by-nc/4.0/,Collin Gross,1536,2048
5938605765_0.jpg,Taxodium mucronatum,5938605765,https://inaturalist-open-data.s3.amazonaws.com/photos/605589384/original.jpg,http://creativecommons.org/licenses/by-nc/4.0/,Jon McIntyre,2048,1365
6129903185_0.jpg,Taxodium mucronatum,6129903185,https://inaturalist-open-data.s3.amazonaws.com/photos/611031964/original.jpg,http://creativecommons.org/licenses/by-nc/4.0/,Jorge Vargas Ramírez,1537,2048
6130135170_0.jpg,Taxodium mucronatum,6130135170,https://inaturalist-open-data.s3.amazonaws.com/photos/605766081/original.jpg,http://creativecommons.org/licenses/by-nc/4.0/,Jasen Liu,2048,1536
6130135170_1.jpg,Taxodium mucronatum,6130135170,https://inaturalist-open-data.s3.amazonaws.com/photos/605767255/original.jpg,http://creativecommons.org/licenses/by-nc/4.0/,Jasen Liu,1536,2048
6130135170_2.jpg,Taxodium mucronatum,6130135170,https://inaturalist-open-data.s3.amazonaws.com/photos/605767257/original.jpg,http://creativecommons.org/licenses/by-nc/4.0/,Jasen Liu,1536,2048
6130147740_0.jpg,Taxodium mucronatum,6130147740,https://inaturalist-open-data.s3.amazonaws.com/photos/607710904/original.jpg,http://creativecommons.org/licenses/by-nc/4.0/,Nael Rodríguez,1536,2048
6130571660_0.jpg,Taxodium mucronatum,6130571660,https://inaturalist-open-data.s3.amazonaws.com/photos/608219555/original.jpg,http://creativecommons.org/licenses/by-nc/4.0/,Jon McIntyre,2048,1365
6130639880_0.jpg,Taxodium mucronatum,6130639880,https://inaturalist-open-data.s3.amazonaws.com/photos/606906909/original.jpg,http://creativecommons.org/licenses/by-nc/4.0/,Sara López,1536,2048
6130653046_0.jpg,Taxodium mucronatum,6130653046,https://inaturalist-open-data.s3.amazonaws.com/photos/609968136/original.jpg,http://creativecommons.org/licenses/by-nc/4.0/,tabulaet,1536,2048
6130702284_0.jpg,Taxodium mucronatum,6130702284,https://inaturalist-open-data.s3.amazonaws.com/photos/610154701/original.jpg,http://creativecommons.org/licenses/by-nc/4.0/,Demián Ortiz Maciel,1536,2048
6130773519_0.jpg,Taxodium mucronatum,6130773519,https://inaturalist-open-data.s3.amazonaws.com/photos/605560152/original.jpg,http://creativecommons.org/licenses/by-nc/4.0/,Juan Diego Carrillo Contreras,1536,2048
6130773519_1.jpg,Taxodium mucronatum,6130773519,https://inaturalist-open-data.s3.amazonaws.com/photos/605560178/original.jpg,http://creativecommons.org/licenses/by-nc/4.0/,Juan Diego Carrillo Contreras,1536,2048
6130773519_2.jpg,Taxodium mucronatum,6130773519,https://inaturalist-open-data.s3.amazonaws.com/photos/605560193/original.jpg,http://creativecommons.org/licenses/by-nc/4.0/,Juan Diego Carrillo Contreras,1536,2048
6130773519_3.jpg,Taxodium mucronatum,6130773519,https://inaturalist-open-data.s3.amazonaws.com/photos/605560284/original.jpg,http://creativecommons.org/licenses/by-nc/4.0/,Juan Diego Carrillo Contreras,2040,2048
6130799379_0.jpg,Taxodium mucronatum,6130799379,https://inaturalist-open-data.s3.amazonaws.com/photos/609590006/original.jpg,http://creativecommons.org/licenses/by-nc/4.0/,Takitos013,946,2048
6130942400_0.jpg,Taxodium mucronatum,6130942400,https://inaturalist-open-data.s3.amazonaws.com/photos/605767256/original.jpg,http://creativecommons.org/licenses/by-nc/4.0/,Jasen Liu,2048,1536
6131328357_0.jpg,Taxodium mucronatum,6131328357,https://inaturalist-open-data.s3.amazonaws.com/photos/608500751/original.jpg,http://creativecommons.org/licenses/by/4.0/,Mauricio Calderón,2048,2048
6131441714_0.jpg,Taxodium mucronatum,6131441714,https://inaturalist-open-data.s3.amazonaws.com/photos/609139601/original.jpg,http://creativecommons.org/licenses/by-nc/4.0/,Abril Hernández Muñoz,1536,2048
6131650358_0.jpg,Taxodium mucronatum,6131650358,https://inaturalist-open-data.s3.amazonaws.com/photos/607830884/original.jpg,http://creativecommons.org/licenses/by-nc/4.0/,Mike Stewart,2048,1536
6131650358_1.jpg,Taxodium mucronatum,6131650358,https://inaturalist-open-data.s3.amazonaws.com/photos/607830913/original.jpg,http://creativecommons.org/licenses/by-nc/4.0/,Mike Stewart,1536,2048
6131650358_2.jpg,Taxodium mucronatum,6131650358,https://inaturalist-open-data.s3.amazonaws.com/photos/607830906/original.jpg,http://creativecommons.org/licenses/by-nc/4.0/,Mike Stewart,1536,2048
6133023981_0.jpg,Taxodium mucronatum,6133023981,https://inaturalist-open-data.s3.amazonaws.com/photos/612083142/original.jpg,http://creativecommons.org/licenses/by-nc/4.0/,Esteban Trujillo,1536,2048
6133023981_1.jpg,Taxodium mucronatum,6133023981,https://inaturalist-open-data.s3.amazonaws.com/photos/612083155/original.jpg,http://creativecommons.org/licenses/by-nc/4.0/,Esteban Trujillo,1536,2048
5938056011_0.jpg,Ostrya virginiana,5938056011,https://inaturalist-open-data.s3.amazonaws.com/photos/606542139/original.jpg,http://creativecommons.org/licenses/by-nc/4.0/,blue1h,768,1024
5938056011_1.jpg,Ostrya virginiana,5938056011,https://inaturalist-open-data.s3.amazonaws.com/photos/606542154/original.jpg,http://creativecommons.org/licenses/by-nc/4.0/,blue1h,768,1024
5938056011_2.jpg,Ostrya virginiana,5938056011,https://inaturalist-open-data.s3.amazonaws.com/photos/606542167/original.jpg,http://creativecommons.org/licenses/by-nc/4.0/,blue1h,768,1024
5938441557_0.jpg,Ostrya virginiana,5938441557,https://inaturalist-open-data.s3.amazonaws.com/photos/605036972/original.jpg,http://creativecommons.org/licenses/by/4.0/,Megan Herrmann,1536,2048
5938441557_1.jpg,Ostrya virginiana,5938441557,https://inaturalist-open-data.s3.amazonaws.com/photos/605036990/original.jpg,http://creativecommons.org/licenses/by/4.0/,Megan Herrmann,1536,2048
5938441557_2.jpg,Ostrya virginiana,5938441557,https://inaturalist-open-data.s3.amazonaws.com/photos/605037007/original.jpg,http://creativecommons.org/licenses/by/4.0/,Megan Herrmann,1536,2048
5938441557_3.jpg,Ostrya virginiana,5938441557,https://inaturalist-open-data.s3.amazonaws.com/photos/605037010/original.jpg,http://creativecommons.org/licenses/by/4.0/,Megan Herrmann,1536,2048
5938446902_0.jpg,Ostrya virginiana,5938446902,https://inaturalist-open-data.s3.amazonaws.com/photos/604616573/original.jpg,http://creativecommons.org/publicdomain/zero/1.0/,Alan Weakley,1152,2048
5938446902_1.jpg,Ostrya virginiana,5938446902,https://inaturalist-open-data.s3.amazonaws.com/photos/604616596/original.jpg,http://creativecommons.org/publicdomain/zero/1.0/,Alan Weakley,1536,2048
5938458467_0.jpg,Ostrya virginiana,5938458467,https://inaturalist-open-data.s3.amazonaws.com/photos/604673518/original.jpg,http://creativecommons.org/licenses/by-nc/4.0/,Annabella Sandy-Roche,1536,2048
5938458467_1.jpg,Ostrya virginiana,5938458467,https://inaturalist-open-data.s3.amazonaws.com/photos/604673519/original.jpg,http://creativecommons.org/licenses/by-nc/4.0/,Annabella Sandy-Roche,1536,2048
5938458467_2.jpg,Ostrya virginiana,5938458467,https://inaturalist-open-data.s3.amazonaws.com/photos/604673520/original.jpg,http://creativecommons.org/licenses/by-nc/4.0/,Annabella Sandy-Roche,1536,2048
5938597859_0.jpg,Ostrya virginiana,5938597859,https://inaturalist-open-data.s3.amazonaws.com/photos/605521995/original.jpg,http://creativecommons.org/licenses/by-nc/4.0/,stevenaugustine,1536,2048
5938597859_1.jpg,Ostrya virginiana,5938597859,https://inaturalist-open-data.s3.amazonaws.com/photos/605521999/original.jpg,http://creativecommons.org/licenses/by-nc/4.0/,stevenaugustine,1536,2048
5938597859_2.jpg,Ostrya virginiana,5938597859,https://inaturalist-open-data.s3.amazonaws.com/photos/605521998/original.jpg,http://creativecommons.org/licenses/by-nc/4.0/,stevenaugustine,1152,2048
5938597859_3.jpg,Ostrya virginiana,5938597859,https://inaturalist-open-data.s3.amazonaws.com/photos/605522006/original.jpg,http://creativecommons.org/licenses/by-nc/4.0/,stevenaugustine,1536,2048
6129828305_0.jpg,Ostrya virginiana,6129828305,https://inaturalist-open-data.s3.amazonaws.com/photos/607464866/original.jpg,http://creativecommons.org/licenses/by-nc/4.0/,Link Davis,1536,2048
6129841503_0.jpg,Ostrya virginiana,6129841503,https://inaturalist-open-data.s3.amazonaws.com/photos/607768440/original.jpg,http://creativecommons.org/licenses/by-nc/4.0/,chris buelow,1536,2048
6129908246_0.jpg,Ostrya virginiana,6129908246,https://inaturalist-open-data.s3.amazonaws.com/photos/607045209/original.jpg,http://creativecommons.org/licenses/by-nc/4.0/,parksisters,1536,2048
6129908246_1.jpg,Ostrya virginiana,6129908246,https://inaturalist-open-data.s3.amazonaws.com/photos/607046148/original.jpg,http://creativecommons.org/licenses/by-nc/4.0/,parksisters,2048,1536
6129975577_0.jpg,Ostrya virginiana,6129975577,https://inaturalist-open-data.s3.amazonaws.com/photos/607455140/original.jpg,http://creativecommons.org/licenses/by-nc/4.0/,kaleworman,1536,2048
6129975577_1.jpg,Ostrya virginiana,6129975577,https://inaturalist-open-data.s3.amazonaws.com/photos/607455155/original.jpg,http://creativecommons.org/licenses/by-nc/4.0/,kaleworman,1536,2048
6130002050_0.jpg,Ostrya virginiana,6130002050,https://inaturalist-open-data.s3.amazonaws.com/photos/607657653/original.jpg,http://creativecommons.org/licenses/by-nc/4.0/,Paul McAfee,2048,1542
6130002050_1.jpg,Ostrya virginiana,6130002050,https://inaturalist-open-data.s3.amazonaws.com/photos/607657654/original.jpg,http://creativecommons.org/licenses/by-nc/4.0/,Paul McAfee,2048,1542
6130002050_2.jpg,Ostrya virginiana,6130002050,https://inaturalist-open-data.s3.amazonaws.com/photos/607657657/original.jpg,http://creativecommons.org/licenses/by-nc/4.0/,Paul McAfee,2048,1542
6130002050_3.jpg,Ostrya virginiana,6130002050,https://inaturalist-open-data.s3.amazonaws.com/photos/607657663/original.jpg,http://creativecommons.org/licenses/by-nc/4.0/,Paul McAfee,1542,2048
6130011859_0.jpg,Ostrya virginiana,6130011859,https://inaturalist-open-data.s3.amazonaws.com/photos/606951005/original.jpg,http://creativecommons.org/licenses/by-nc/4.0/,shagbarkben,1536,2048
6130011859_1.jpg,Ostrya virginiana,6130011859,https://inaturalist-open-data.s3.amazonaws.com/photos/607008234/original.jpg,http://creativecommons.org/licenses/by-nc/4.0/,shagbarkben,1536,2048
6130011859_2.jpg,Ostrya virginiana,6130011859,https://inaturalist-open-data.s3.amazonaws.com/photos/607008248/original.jpg,http://creativecommons.org/licenses/by-nc/4.0/,shagbarkben,1536,2048
6130011859_3.jpg,Ostrya virginiana,6130011859,https://inaturalist-open-data.s3.amazonaws.com/photos/607008257/original.jpg,http://creativecommons.org/licenses/by-nc/4.0/,shagbarkben,1536,2048
6130011859_4.jpg,Ostrya virginiana,6130011859,https://inaturalist-open-data.s3.amazonaws.com/photos/607008269/original.jpg,http://creativecommons.org/licenses/by-nc/4.0/,shagbarkben,1536,2048
6130011859_5.jpg,Ostrya virginiana,6130011859,https://inaturalist-open-data.s3.amazonaws.com/photos/607008287/original.jpg,http://creativecommons.org/licenses/by-nc/4.0/,shagbarkben,1536,2048
6130011859_6.jpg,Ostrya virginiana,6130011859,https://inaturalist-open-data.s3.amazonaws.com/photos/607008309/original.jpg,http://creativecommons.org/licenses/by-nc/4.0/,shagbarkben,1536,2048
6130011859_7.jpg,Ostrya virginiana,6130011859,https://inaturalist-open-data.s3.amazonaws.com/photos/607008338/original.jpg,http://creativecommons.org/licenses/by-nc/4.0/,shagbarkben,1536,2048
6130011859_8.jpg,Ostrya virginiana,6130011859,https://inaturalist-open-data.s3.amazonaws.com/photos/607008351/original.jpg,http://creativecommons.org/licenses/by-nc/4.0/,shagbarkben,1536,2048
6130011859_9.jpg,Ostrya virginiana,6130011859,https://inaturalist-open-data.s3.amazonaws.com/photos/607008365/original.jpg,http://creativecommons.org/licenses/by-nc/4.0/,shagbarkben,1536,2048
6130011859_10.jpg,Ostrya virginiana,6130011859,https://inaturalist-open-data.s3.amazonaws.com/photos/607008374/original.jpg,http://creativecommons.org/licenses/by-nc/4.0/,shagbarkben,1536,2048
6130011859_11.jpg,Ostrya virginiana,6130011859,https://inaturalist-open-data.s3.amazonaws.com/photos/607008388/original.jpg,http://creativecommons.org/licenses/by-nc/4.0/,shagbarkben,1536,2048
6130011859_12.jpg,Ostrya virginiana,6130011859,https://inaturalist-open-data.s3.amazonaws.com/photos/607008412/original.jpg,http://creativecommons.org/licenses/by-nc/4.0/,shagbarkben,1536,2048
6130011859_13.jpg,Ostrya virginiana,6130011859,https://inaturalist-open-data.s3.amazonaws.com/photos/607008427/original.jpg,http://creativecommons.org/licenses/by-nc/4.0/,shagbarkben,1536,2048
6130011859_14.jpg,Ostrya virginiana,6130011859,https://inaturalist-open-data.s3.amazonaws.com/photos/607008454/original.jpg,http://creativecommons.org/licenses/by-nc/4.0/,shagbarkben,1536,2048
6130011859_15.jpg,Ostrya virginiana,6130011859,https://inaturalist-open-data.s3.amazonaws.com/photos/607008479/original.jpg,http://creativecommons.org/licenses/by-nc/4.0/,shagbarkben,1536,2048
6130011859_16.jpg,Ostrya virginiana,6130011859,https://inaturalist-open-data.s3.amazonaws.com/photos/607008501/original.jpg,http://creativecommons.org/licenses/by-nc/4.0/,shagbarkben,1536,2048
6130011859_17.jpg,Ostrya virginiana,6130011859,https://inaturalist-open-data.s3.amazonaws.com/photos/607008535/original.jpg,http://creativecommons.org/licenses/by-nc/4.0/,shagbarkben,1536,2048
6130079651_0.jpg,Ostrya virginiana,6130079651,https://inaturalist-open-data.s3.amazonaws.com/photos/606947701/original.jpg,http://creativecommons.org/licenses/by-nc/4.0/,David Waite,1152,2048
6130079651_1.jpg,Ostrya virginiana,6130079651,https://inaturalist-open-data.s3.amazonaws.com/photos/606947686/original.jpg,http://creativecommons.org/licenses/by-nc/4.0/,David Waite,1536,2048
6130079651_2.jpg,Ostrya virginiana,6130079651,https://inaturalist-open-data.s3.amazonaws.com/photos/606947688/original.jpg,http://creativecommons.org/licenses/by-nc/4.0/,David Waite,1536,2048
6130113884_0.jpg,Ostrya virginiana,6130113884,https://inaturalist-open-data.s3.amazonaws.com/photos/607256025/original.jpg,http://creativecommons.org/licenses/by/4.0/,Chris Reardon,1542,2048
6130113884_1.jpg,Ostrya virginiana,6130113884,https://inaturalist-open-data.s3.amazonaws.com/photos/607256043/original.jpg,http://creativecommons.org/licenses/by/4.0/,Chris Reardon,1542,2048
6130113884_2.jpg,Ostrya virginiana,6130113884,https://inaturalist-open-data.s3.amazonaws.com/photos/607256061/original.jpg,http://creativecommons.org/licenses/by/4.0/,Chris Reardon,1542,2048
6130113884_3.jpg,Ostrya virginiana,6130113884,https://inaturalist-open-data.s3.amazonaws.com/photos/607256087/original.jpg,http://creativecommons.org/licenses/by/4.0/,Chris Reardon,1542,2048
6130113884_4.jpg,Ostrya virginiana,6130113884,https://inaturalist-open-data.s3.amazonaws.com/photos/607256116/original.jpg,http://creativecommons.org/licenses/by/4.0/,Chris Reardon,1542,2048
6130113884_5.jpg,Ostrya virginiana,6130113884,https://inaturalist-open-data.s3.amazonaws.com/photos/607256133/original.jpg,http://creativecommons.org/licenses/by/4.0/,Chris Reardon,1542,2048
6130160627_0.jpg,Ostrya virginiana,6130160627,https://inaturalist-open-data.s3.amazonaws.com/photos/605183395/original.jpg,http://creativecommons.org/licenses/by-nc/4.0/,Sue Buttrick,1536,2048
6130160627_1.jpg,Ostrya virginiana,6130160627,https://inaturalist-open-data.s3.amazonaws.com/photos/605183390/original.jpg,http://creativecommons.org/licenses/by-nc/4.0/,Sue Buttrick,1536,2048
6130203751_0.jpg,Ostrya virginiana,6130203751,https://inaturalist-open-data.s3.amazonaws.com/photos/607019021/original.jpg,http://creativecommons.org/licenses/by-nc/4.0/,barbarac99,1536,2048
6130207415_0.jpg,Ostrya virginiana,6130207415,https://inaturalist-open-data.s3.amazonaws.com/photos/605452506/original.jpg,http://creativecommons.org/licenses/by-nc/4.0/,Simon Gurvets,1536,2048
6130229050_0.jpg,Ostrya virginiana,6130229050,https://inaturalist-open-data.s3.amazonaws.com/photos/609284110/original.jpg,http://creativecommons.org/licenses/by-nc/4.0/,jg_lanteigne,1536,2048
6130229050_1.jpg,Ostrya virginiana,6130229050,https://inaturalist-open-data.s3.amazonaws.com/photos/609284162/original.jpg,http://creativecommons.org/licenses/by-nc/4.0/,jg_lanteigne,2048,1536
6130229050_2.jpg,Ostrya virginiana,6130229050,https://inaturalist-open-data.s3.amazonaws.com/photos/609284191/original.jpg,http://creativecommons.org/licenses/by-nc/4.0/,jg_lanteigne,2048,1536
6130229050_3.jpg,Ostrya virginiana,6130229050,https://inaturalist-open-data.s3.amazonaws.com/photos/609284232/original.jpg,http://creativecommons.org/licenses/by-nc/4.0/,jg_lanteigne,2048,1536
6130229050_4.jpg,Ostrya virginiana,6130229050,https://inaturalist-open-data.s3.amazonaws.com/photos/609284278/original.jpg,http://creativecommons.org/licenses/by-nc/4.0/,jg_lanteigne,1536,2048
6130270986_0.jpg,Ostrya virginiana,6130270986,https://inaturalist-open-data.s3.amazonaws.com/photos/607770286/original.jpg,http://creativecommons.org/licenses/by-nc/4.0/,chris buelow,1536,2048
6130274311_0.jpg,Ostrya virginiana,6130274311,https://inaturalist-open-data.s3.amazonaws.com/photos/607172701/original.jpg,http://creativecommons.org/licenses/by-nc/4.0/,François Plourde - Renard frak,1536,2048
6130274311_1.jpg,Ostrya virginiana,6130274311,https://inaturalist-open-data.s3.amazonaws.com/photos/607172714/original.jpg,http://creativecommons.org/licenses/by-nc/4.0/,François Plourde - Renard frak,1536,2048
6130274311_2.jpg,Ostrya virginiana,6130274311,https://inaturalist-open-data.s3.amazonaws.com/photos/607172735/original.jpg,http://creativecommons.org/licenses/by-nc/4.0/,François Plourde - Renard frak,1536,2048
6130274311_3.jpg,Ostrya virginiana,6130274311,https://inaturalist-open-data.s3.amazonaws.com/photos/607172751/original.jpg,http://creativecommons.org/licenses/by-nc/4.0/,François Plourde - Renard frak,2048,1536
6130274311_4.jpg,Ostrya virginiana,6130274311,https://inaturalist-open-data.s3.amazonaws.com/photos/607172772/original.jpg,http://creativecommons.org/licenses/by-nc/4.0/,François Plourde - Renard frak,1536,2048
6130305168_0.jpg,Ostrya virginiana,6130305168,https://inaturalist-open-data.s3.amazonaws.com/photos/607768704/original.jpg,http://creativecommons.org/licenses/by-nc/4.0/,chris buelow,1536,2048
6130314995_0.jpg,Ostrya virginiana,6130314995,https://inaturalist-open-data.s3.amazonaws.com/photos/609089993/original.jpg,http://creativecommons.org/licenses/by-nc/4.0/,Robert D Stevenson,1536,2048
6130314995_1.jpg,Ostrya virginiana,6130314995,https://inaturalist-open-data.s3.amazonaws.com/photos/609090011/original.jpg,http://creativecommons.org/licenses/by-nc/4.0/,Robert D Stevenson,1536,2048
6130314995_2.jpg,Ostrya virginiana,6130314995,https://inaturalist-open-data.s3.amazonaws.com/photos/609090020/original.jpg,http://creativecommons.org/licenses/by-nc/4.0/,Robert D Stevenson,1536,2048
6130456985_0.jpg,Ostrya virginiana,6130456985,https://inaturalist-open-data.s3.amazonaws.com/photos/606946119/original.jpg,http://creativecommons.org/licenses/by/4.0/,Sam Turner,1536,2048
6130456985_1.jpg,Ostrya virginiana,6130456985,https://inaturalist-open-data.s3.amazonaws.com/photos/606946108/original.jpg,http://creativecommons.org/licenses/by/4.0/,Sam Turner,1536,2048
6130456985_2.jpg,Ostrya virginiana,6130456985,https://inaturalist-open-data.s3.amazonaws.com/photos/606946091/original.jpg,http://creativecommons.org/licenses/by/4.0/,Sam Turner,1536,2048
5938378487_0.jpg,Ficus insipida,5938378487,https://inaturalist-open-data.s3.amazonaws.com/photos/605081955/original.jpg,http://creativecommons.org/licenses/by-nc/4.0/,Marco Polo amarillas vargas,2048,2048
6129870441_0.jpg,Ficus insipida,6129870441,https://inaturalist-open-data.s3.amazonaws.com/photos/605997199/original.jpg,http://creativecommons.org/licenses/by-nc/4.0/,denper,1536,2048
6130188650_0.jpg,Ficus insipida,6130188650,https://inaturalist-open-data.s3.amazonaws.com/photos/607676095/original.jpg,http://creativecommons.org/licenses/by/4.0/,keesgroenendijk,1536,2048
6130188650_1.jpg,Ficus insipida,6130188650,https://inaturalist-open-data.s3.amazonaws.com/photos/607676110/original.jpg,http://creativecommons.org/licenses/by/4.0/,keesgroenendijk,1536,2048
6130188650_2.jpg,Ficus insipida,6130188650,https://inaturalist-open-data.s3.amazonaws.com/photos/607676115/original.jpg,http://creativecommons.org/licenses/by/4.0/,keesgroenendijk,1536,2048
6131335069_0.jpg,Ficus insipida,6131335069,https://inaturalist-open-data.s3.amazonaws.com/photos/610302901/original.jpg,http://creativecommons.org/licenses/by-nc/4.0/,Terry M,2048,1536
6131335069_1.jpg,Ficus insipida,6131335069,https://inaturalist-open-data.s3.amazonaws.com/photos/610302888/original.jpg,http://creativecommons.org/licenses/by-nc/4.0/,Terry M,1536,2048
6131367006_0.jpg,Ficus insipida,6131367006,https://inaturalist-open-data.s3.amazonaws.com/photos/609802258/original.jpg,http://creativecommons.org/licenses/by-nc/4.0/,Jerry Hamby,2004,1503
6131492895_0.jpg,Ficus insipida,6131492895,https://inaturalist-open-data.s3.amazonaws.com/photos/610105498/original.jpg,http://creativecommons.org/licenses/by-nc/4.0/,Sandra Paz,1536,2048
6131617872_0.jpg,Ficus insipida,6131617872,https://inaturalist-open-data.s3.amazonaws.com/photos/608743936/original.jpg,http://creativecommons.org/licenses/by-nc/4.0/,beer_rice,1542,2048
6131617872_1.jpg,Ficus insipida,6131617872,https://inaturalist-open-data.s3.amazonaws.com/photos/608743956/original.jpg,http://creativecommons.org/licenses/by-nc/4.0/,beer_rice,1542,2048
6131617872_2.jpg,Ficus insipida,6131617872,https://inaturalist-open-data.s3.amazonaws.com/photos/608743981/original.jpg,http://creativecommons.org/licenses/by-nc/4.0/,beer_rice,1542,2048
6133369296_0.jpg,Ficus insipida,6133369296,https://inaturalist-open-data.s3.amazonaws.com/photos/611575462/original.jpg,http://creativecommons.org/licenses/by-nc/4.0/,Ming_Ni,2048,1365
6159180244_0.jpg,Ficus insipida,6159180244,https://inaturalist-open-data.s3.amazonaws.com/photos/604645542/original.jpg,http://creativecommons.org/licenses/by-nc/4.0/,Jesús Emanuel Escalona Castellanos,921,2048
6159180244_1.jpg,Ficus insipida,6159180244,https://inaturalist-open-data.s3.amazonaws.com/photos/604645582/original.jpg,http://creativecommons.org/licenses/by-nc/4.0/,Jesús Emanuel Escalona Castellanos,921,2048
6159180244_2.jpg,Ficus insipida,6159180244,https://inaturalist-open-data.s3.amazonaws.com/photos/604645610/original.jpg,http://creativecommons.org/licenses/by-nc/4.0/,Jesús Emanuel Escalona Castellanos,921,2048
6159180244_3.jpg,Ficus insipida,6159180244,https://inaturalist-open-data.s3.amazonaws.com/photos/604645647/original.jpg,http://creativecommons.org/licenses/by-nc/4.0/,Jesús Emanuel Escalona Castellanos,921,2048
6163292941_0.jpg,Ficus insipida,6163292941,https://inaturalist-open-data.s3.amazonaws.com/photos/609913909/original.jpg,http://creativecommons.org/licenses/by-nc/4.0/,"Andy Goerdel - Texas Master Naturalist, Good Water Chapter",2048,1563
6163292941_1.jpg,Ficus insipida,6163292941,https://inaturalist-open-data.s3.amazonaws.com/photos/609913128/original.jpg,http://creativecommons.org/licenses/by-nc/4.0/,"Andy Goerdel - Texas Master Naturalist, Good Water Chapter",2048,1422
6163292941_2.jpg,Ficus insipida,6163292941,https://inaturalist-open-data.s3.amazonaws.com/photos/609912980/original.jpg,http://creativecommons.org/licenses/by-nc/4.0/,"Andy Goerdel - Texas Master Naturalist, Good Water Chapter",2048,1621
6178302275_0.jpg,Ficus insipida,6178302275,https://inaturalist-open-data.s3.amazonaws.com/photos/621276409/original.jpg,http://creativecommons.org/licenses/by-nc/4.0/,Michelle Goerdel,2048,1536
6178302275_1.jpg,Ficus insipida,6178302275,https://inaturalist-open-data.s3.amazonaws.com/photos/621276345/original.jpg,http://creativecommons.org/licenses/by-nc/4.0/,Michelle Goerdel,2048,1536
6185125552_0.jpg,Ficus insipida,6185125552,https://inaturalist-open-data.s3.amazonaws.com/photos/628002144/original.jpg,http://creativecommons.org/licenses/by-nc-nd/4.0/,Oldqingwa,2048,1366
6185125552_1.jpg,Ficus insipida,6185125552,https://inaturalist-open-data.s3.amazonaws.com/photos/628002217/original.jpg,http://creativecommons.org/licenses/by-nc-nd/4.0/,Oldqingwa,2048,1794
6185125552_2.jpg,Ficus insipida,6185125552,https://inaturalist-open-data.s3.amazonaws.com/photos/628002183/original.jpg,http://creativecommons.org/licenses/by-nc-nd/4.0/,Oldqingwa,2048,1461
6147270963_0.jpg,Ficus insipida,6147270963,https://inaturalist-open-data.s3.amazonaws.com/photos/613327395/original.jpg,http://creativecommons.org/licenses/by-nc/4.0/,Marco Polo amarillas vargas,2048,2048
6147488819_0.jpg,Ficus insipida,6147488819,https://inaturalist-open-data.s3.amazonaws.com/photos/613925506/original.jpg,http://creativecommons.org/licenses/by-nc/4.0/,Helene Muller-Landau,1152,2048
6159625535_0.jpg,Ficus insipida,6159625535,https://inaturalist-open-data.s3.amazonaws.com/photos/615146312/original.jpg,http://creativecommons.org/licenses/by-nc/4.0/,Steve Shunk,1454,2048
6159625535_1.jpg,Ficus insipida,6159625535,https://inaturalist-open-data.s3.amazonaws.com/photos/615146394/original.jpg,http://creativecommons.org/licenses/by-nc/4.0/,Steve Shunk,1150,2048
6159625535_2.jpg,Ficus insipida,6159625535,https://inaturalist-open-data.s3.amazonaws.com/photos/615146430/original.jpg,http://creativecommons.org/licenses/by-nc/4.0/,Steve Shunk,1150,2048
6159625535_3.jpg,Ficus insipida,6159625535,https://inaturalist-open-data.s3.amazonaws.com/photos/615450725/original.jpg,http://creativecommons.org/licenses/by-nc/4.0/,Steve Shunk,2048,1153
6130014998_0.jpg,Buddleja sessiliflora,6130014998,https://inaturalist-open-data.s3.amazonaws.com/photos/610058100/original.jpg,http://creativecommons.org/licenses/by-nc/4.0/,Adid Jimenez,2048,1536
6130014998_1.jpg,Buddleja sessiliflora,6130014998,https://inaturalist-open-data.s3.amazonaws.com/photos/610058130/original.jpg,http://creativecommons.org/licenses/by-nc/4.0/,Adid Jimenez,2048,1536
6130014998_2.jpg,Buddleja sessiliflora,6130014998,https://inaturalist-open-data.s3.amazonaws.com/photos/610058096/original.jpg,http://creativecommons.org/licenses/by-nc/4.0/,Adid Jimenez,2048,1536
6130028266_0.jpg,Buddleja sessiliflora,6130028266,https://inaturalist-open-data.s3.amazonaws.com/photos/607030524/original.jpg,http://creativecommons.org/licenses/by-nc/4.0/,Adid Jimenez,1536,2048
6130028266_1.jpg,Buddleja sessiliflora,6130028266,https://inaturalist-open-data.s3.amazonaws.com/photos/607030483/original.jpg,http://creativecommons.org/licenses/by-nc/4.0/,Adid Jimenez,1536,2048
6130028266_2.jpg,Buddleja sessiliflora,6130028266,https://inaturalist-open-data.s3.amazonaws.com/photos/607030478/original.jpg,http://creativecommons.org/licenses/by-nc/4.0/,Adid Jimenez,1536,2048
6130165936_0.jpg,Buddleja sessiliflora,6130165936,https://inaturalist-open-data.s3.amazonaws.com/photos/610825589/original.jpg,http://creativecommons.org/licenses/by-nc/4.0/,CarinaCR,1536,2048
6130165936_1.jpg,Buddleja sessiliflora,6130165936,https://inaturalist-open-data.s3.amazonaws.com/photos/610825611/original.jpg,http://creativecommons.org/licenses/by-nc/4.0/,CarinaCR,1536,2048
6130165936_2.jpg,Buddleja sessiliflora,6130165936,https://inaturalist-open-data.s3.amazonaws.com/photos/610825628/original.jpg,http://creativecommons.org/licenses/by-nc/4.0/,CarinaCR,1536,2048
6130232690_0.jpg,Buddleja sessiliflora,6130232690,https://inaturalist-open-data.s3.amazonaws.com/photos/609621687/original.jpg,http://creativecommons.org/licenses/by-nc/4.0/,Salvador Luna Vargas,921,2048
6130380928_0.jpg,Buddleja sessiliflora,6130380928,https://inaturalist-open-data.s3.amazonaws.com/photos/609808631/original.jpg,http://creativecommons.org/licenses/by-nc/4.0/,Amalia Estrada,1447,2048
6130380928_1.jpg,Buddleja sessiliflora,6130380928,https://inaturalist-open-data.s3.amazonaws.com/photos/609808640/original.jpg,http://creativecommons.org/licenses/by-nc/4.0/,Amalia Estrada,1856,1732
6130380928_2.jpg,Buddleja sessiliflora,6130380928,https://inaturalist-open-data.s3.amazonaws.com/photos/609808645/original.jpg,http://creativecommons.org/licenses/by-nc/4.0/,Amalia Estrada,1698,2048
6130380928_3.jpg,Buddleja sessiliflora,6130380928,https://inaturalist-open-data.s3.amazonaws.com/photos/609808647/original.jpg,http://creativecommons.org/licenses/by-nc/4.0/,Amalia Estrada,1313,2048
6130506635_0.jpg,Buddleja sessiliflora,6130506635,https://inaturalist-open-data.s3.amazonaws.com/photos/610059326/original.jpg,http://creativecommons.org/licenses/by-nc/4.0/,Dany Aviles,1536,2048
6130506635_1.jpg,Buddleja sessiliflora,6130506635,https://inaturalist-open-data.s3.amazonaws.com/photos/610059509/original.jpg,http://creativecommons.org/licenses/by-nc/4.0/,Dany Aviles,1536,2048
6130506635_2.jpg,Buddleja sessiliflora,6130506635,https://inaturalist-open-data.s3.amazonaws.com/photos/610059698/original.jpg,http://creativecommons.org/licenses/by-nc/4.0/,Dany Aviles,1536,2048
6130506635_3.jpg,Buddleja sessiliflora,6130506635,https://inaturalist-open-data.s3.amazonaws.com/photos/610059855/original.jpg,http://creativecommons.org/licenses/by-nc/4.0/,Dany Aviles,1536,2048
6130506635_4.jpg,Buddleja sessiliflora,6130506635,https://inaturalist-open-data.s3.amazonaws.com/photos/610060024/original.jpg,http://creativecommons.org/licenses/by-nc/4.0/,Dany Aviles,1536,2048
6130506635_5.jpg,Buddleja sessiliflora,6130506635,https://inaturalist-open-data.s3.amazonaws.com/photos/610060388/original.jpg,http://creativecommons.org/licenses/by-nc/4.0/,Dany Aviles,1536,2048
6130550461_0.jpg,Buddleja sessiliflora,6130550461,https://inaturalist-open-data.s3.amazonaws.com/photos/610987803/original.jpg,http://creativecommons.org/licenses/by-nc/4.0/,Pedro Israel Chávez,1152,2048
6130550461_1.jpg,Buddleja sessiliflora,6130550461,https://inaturalist-open-data.s3.amazonaws.com/photos/610987978/original.jpg,http://creativecommons.org/licenses/by-nc/4.0/,Pedro Israel Chávez,1152,2048
6130550461_2.jpg,Buddleja sessiliflora,6130550461,https://inaturalist-open-data.s3.amazonaws.com/photos/610988633/original.jpg,http://creativecommons.org/licenses/by-nc/4.0/,Pedro Israel Chávez,1152,2048
6130825534_0.jpg,Buddleja sessiliflora,6130825534,https://inaturalist-open-data.s3.amazonaws.com/photos/609800224/original.jpg,http://creativecommons.org/licenses/by-nc/4.0/,Amalia Estrada,1267,2048
6130944976_0.jpg,Buddleja sessiliflora,6130944976,https://inaturalist-open-data.s3.amazonaws.com/photos/609343089/original.jpg,http://creativecommons.org/licenses/by-nc/4.0/,José Arturo Morales Tirado,1536,2048
6131397659_0.jpg,Buddleja sessiliflora,6131397659,https://inaturalist-open-data.s3.amazonaws.com/photos/607562286/original.jpg,http://creativecommons.org/licenses/by-nc/4.0/,Elsa Cabrera,1536,2048
6131397659_1.jpg,Buddleja sessiliflora,6131397659,https://inaturalist-open-data.s3.amazonaws.com/photos/607562300/original.jpg,http://creativecommons.org/licenses/by-nc/4.0/,Elsa Cabrera,1536,2048
6133119140_0.jpg,Buddleja sessiliflora,6133119140,https://inaturalist-open-data.s3.amazonaws.com/photos/611545022/original.jpg,http://creativecommons.org/licenses/by-nc/4.0/,Eugenia - Tutor,1536,2048
6133119140_1.jpg,Buddleja sessiliflora,6133119140,https://inaturalist-open-data.s3.amazonaws.com/photos/611545105/original.jpg,http://creativecommons.org/licenses/by-nc/4.0/,Eugenia - Tutor,1536,2048
6133119140_2.jpg,Buddleja sessiliflora,6133119140,https://inaturalist-open-data.s3.amazonaws.com/photos/611545121/original.jpg,http://creativecommons.org/licenses/by-nc/4.0/,Eugenia - Tutor,1536,2048
6133119140_3.jpg,Buddleja sessiliflora,6133119140,https://inaturalist-open-data.s3.amazonaws.com/photos/611545144/original.jpg,http://creativecommons.org/licenses/by-nc/4.0/,Eugenia - Tutor,1536,2048
6133119140_4.jpg,Buddleja sessiliflora,6133119140,https://inaturalist-open-data.s3.amazonaws.com/photos/611545165/original.jpg,http://creativecommons.org/licenses/by-nc/4.0/,Eugenia - Tutor,1536,2048
6133119140_5.jpg,Buddleja sessiliflora,6133119140,https://inaturalist-open-data.s3.amazonaws.com/photos/611545179/original.jpg,http://creativecommons.org/licenses/by-nc/4.0/,Eugenia - Tutor,1536,2048
6129908334_0.jpg,Ipomoea arborescens,6129908334,https://inaturalist-open-data.s3.amazonaws.com/photos/607062974/original.jpg,http://creativecommons.org/licenses/by-nc/4.0/,tonacayotl,1536,2048
6129908334_1.jpg,Ipomoea arborescens,6129908334,https://inaturalist-open-data.s3.amazonaws.com/photos/607062969/original.jpg,http://creativecommons.org/licenses/by-nc/4.0/,tonacayotl,1536,2048
6129908334_2.jpg,Ipomoea arborescens,6129908334,https://inaturalist-open-data.s3.amazonaws.com/photos/607062967/original.jpg,http://creativecommons.org/licenses/by-nc/4.0/,tonacayotl,1536,2048
6130265984_0.jpg,Ipomoea arborescens,6130265984,https://inaturalist-open-data.s3.amazonaws.com/photos/609831114/original.jpg,http://creativecommons.org/licenses/by-nc/4.0/,adrián desentis flores,1536,2048
6130467316_0.jpg,Ipomoea arborescens,6130467316,https://inaturalist-open-data.s3.amazonaws.com/photos/607011966/original.jpg,http://creativecommons.org/licenses/by-nc/4.0/,Emanuel Velez,2048,1536
6130540345_0.jpg,Ipomoea arborescens,6130540345,https://inaturalist-open-data.s3.amazonaws.com/photos/606700179/original.jpg,http://creativecommons.org/licenses/by-nc/4.0/,Dra. Melisa Armienta,1536,2048
6130655418_0.jpg,Ipomoea arborescens,6130655418,https://inaturalist-open-data.s3.amazonaws.com/photos/609122232/original.jpg,http://creativecommons.org/licenses/by-nc/4.0/,Sindy Monserrat Cortes Echeagaray,2048,1152
6130655418_1.jpg,Ipomoea arborescens,6130655418,https://inaturalist-open-data.s3.amazonaws.com/photos/609122248/original.jpg,http://creativecommons.org/licenses/by-nc/4.0/,Sindy Monserrat Cortes Echeagaray,2048,1152
6130974668_0.jpg,Ipomoea arborescens,6130974668,https://inaturalist-open-data.s3.amazonaws.com/photos/610916010/original.jpg,http://creativecommons.org/licenses/by-nc/4.0/,Marco Polo amarillas vargas,1638,2048
6131277871_0.jpg,Ipomoea arborescens,6131277871,https://inaturalist-open-data.s3.amazonaws.com/photos/607766944/original.jpg,http://creativecommons.org/licenses/by-nc/4.0/,RaulBaG,2048,1365
6133599392_0.jpg,Ipomoea arborescens,6133599392,https://inaturalist-open-data.s3.amazonaws.com/photos/612028447/original.jpg,http://creativecommons.org/licenses/by/4.0/,Gustavo ZaRo,1536,2048
6133599392_1.jpg,Ipomoea arborescens,6133599392,https://inaturalist-open-data.s3.amazonaws.com/photos/612028465/original.jpg,http://creativecommons.org/licenses/by/4.0/,Gustavo ZaRo,1536,2048
6133599392_2.jpg,Ipomoea arborescens,6133599392,https://inaturalist-open-data.s3.amazonaws.com/photos/612028484/original.jpg,http://creativecommons.org/licenses/by/4.0/,Gustavo ZaRo,1536,2048
6133599392_3.jpg,Ipomoea arborescens,6133599392,https://inaturalist-open-data.s3.amazonaws.com/photos/612028492/original.jpg,http://creativecommons.org/licenses/by/4.0/,Gustavo ZaRo,1536,2048
6133599392_4.jpg,Ipomoea arborescens,6133599392,https://inaturalist-open-data.s3.amazonaws.com/photos/612028508/original.jpg,http://creativecommons.org/licenses/by/4.0/,Gustavo ZaRo,1536,2048
6133599392_5.jpg,Ipomoea arborescens,6133599392,https://inaturalist-open-data.s3.amazonaws.com/photos/612028525/original.jpg,http://creativecommons.org/licenses/by/4.0/,Gustavo ZaRo,1536,2048
6147322561_0.jpg,Ipomoea arborescens,6147322561,https://inaturalist-open-data.s3.amazonaws.com/photos/614073348/original.jpg,http://creativecommons.org/licenses/by-nc/4.0/,Quilitic Grupo Ambiental,921,2048
6162784307_0.jpg,Ipomoea arborescens,6162784307,https://inaturalist-open-data.s3.amazonaws.com/photos/617360061/original.jpg,http://creativecommons.org/licenses/by-nc/4.0/,l_lizalejandra,1536,2048
6162814001_0.jpg,Ipomoea arborescens,6162814001,https://inaturalist-open-data.s3.amazonaws.com/photos/617360303/original.jpg,http://creativecommons.org/licenses/by-nc/4.0/,l_lizalejandra,1536,2048
6163037452_0.jpg,Ipomoea arborescens,6163037452,https://inaturalist-open-data.s3.amazonaws.com/photos/616805708/original.jpg,http://creativecommons.org/licenses/by-nc/4.0/,Marco Polo amarillas vargas,1638,2048
6334120941_0.jpg,Ipomoea arborescens,6334120941,https://inaturalist-open-data.s3.amazonaws.com/photos/663084209/original.jpg,http://creativecommons.org/licenses/by-nc/4.0/,marthajudithosunablancas,1536,2048
6178734518_0.jpg,Ipomoea arborescens,6178734518,https://inaturalist-open-data.s3.amazonaws.com/photos/623654332/original.jpg,http://creativecommons.org/licenses/by-nc/4.0/,Marco Polo amarillas vargas,1869,1495
6178811708_0.jpg,Ipomoea arborescens,6178811708,https://inaturalist-open-data.s3.amazonaws.com/photos/625409380/original.jpg,http://creativecommons.org/licenses/by-nc/4.0/,Dagoberto Valentín Martínez,2048,1536
6178811708_1.jpg,Ipomoea arborescens,6178811708,https://inaturalist-open-data.s3.amazonaws.com/photos/625409412/original.jpg,http://creativecommons.org/licenses/by-nc/4.0/,Dagoberto Valentín Martínez,2048,1536
6178811708_2.jpg,Ipomoea arborescens,6178811708,https://inaturalist-open-data.s3.amazonaws.com/photos/625409453/original.jpg,http://creativecommons.org/licenses/by-nc/4.0/,Dagoberto Valentín Martínez,2048,1536
6178811708_3.jpg,Ipomoea arborescens,6178811708,https://inaturalist-open-data.s3.amazonaws.com/photos/625409502/original.jpg,http://creativecommons.org/licenses/by-nc/4.0/,Dagoberto Valentín Martínez,2048,1536
6178811708_4.jpg,Ipomoea arborescens,6178811708,https://inaturalist-open-data.s3.amazonaws.com/photos/625409547/original.jpg,http://creativecommons.org/licenses/by-nc/4.0/,Dagoberto Valentín Martínez,2048,1536
6178811708_5.jpg,Ipomoea arborescens,6178811708,https://inaturalist-open-data.s3.amazonaws.com/photos/625409632/original.jpg,http://creativecommons.org/licenses/by-nc/4.0/,Dagoberto Valentín Martínez,2048,1536
6178811708_6.jpg,Ipomoea arborescens,6178811708,https://inaturalist-open-data.s3.amazonaws.com/photos/625409666/original.jpg,http://creativecommons.org/licenses/by-nc/4.0/,Dagoberto Valentín Martínez,2048,1536
6178811708_7.jpg,Ipomoea arborescens,6178811708,https://inaturalist-open-data.s3.amazonaws.com/photos/625409691/original.jpg,http://creativecommons.org/licenses/by-nc/4.0/,Dagoberto Valentín Martínez,2048,1536
6178811708_8.jpg,Ipomoea arborescens,6178811708,https://inaturalist-open-data.s3.amazonaws.com/photos/625409728/original.jpg,http://creativecommons.org/licenses/by-nc/4.0/,Dagoberto Valentín Martínez,1536,2048
6178811708_9.jpg,Ipomoea arborescens,6178811708,https://inaturalist-open-data.s3.amazonaws.com/photos/625409760/original.jpg,http://creativecommons.org/licenses/by-nc/4.0/,Dagoberto Valentín Martínez,2048,1536
6179404963_0.jpg,Ipomoea arborescens,6179404963,https://inaturalist-open-data.s3.amazonaws.com/photos/623077140/original.jpg,http://creativecommons.org/licenses/by/4.0/,Enrique Martínez Núñez,1536,2048
6179404963_1.jpg,Ipomoea arborescens,6179404963,https://inaturalist-open-data.s3.amazonaws.com/photos/623077116/original.jpg,http://creativecommons.org/licenses/by/4.0/,Enrique Martínez Núñez,1536,2048
6185360917_0.jpg,Ipomoea arborescens,6185360917,https://inaturalist-open-data.s3.amazonaws.com/photos/627575119/original.jpg,http://creativecommons.org/licenses/by-nc/4.0/,Paloma Montijo,1536,2048
6186044453_0.jpg,Ipomoea arborescens,6186044453,https://inaturalist-open-data.s3.amazonaws.com/photos/627568409/original.jpg,http://creativecommons.org/licenses/by-nc/4.0/,Paloma Montijo,1536,2048
6186044453_1.jpg,Ipomoea arborescens,6186044453,https://inaturalist-open-data.s3.amazonaws.com/photos/627568477/original.jpg,http://creativecommons.org/licenses/by-nc/4.0/,Paloma Montijo,1536,2048
6188386028_0.jpg,Ipomoea arborescens,6188386028,https://inaturalist-open-data.s3.amazonaws.com/photos/632332961/original.jpg,http://creativecommons.org/licenses/by-nc/4.0/,acacti,1536,2048
6234865291_0.jpg,Ipomoea arborescens,6234865291,https://inaturalist-open-data.s3.amazonaws.com/photos/643031689/original.jpg,http://creativecommons.org/licenses/by-nc/4.0/,Fernando Morán Martín,1153,2048
6234865291_1.jpg,Ipomoea arborescens,6234865291,https://inaturalist-open-data.s3.amazonaws.com/photos/643031732/original.jpg,http://creativecommons.org/licenses/by-nc/4.0/,Fernando Morán Martín,1153,2048
6235172591_0.jpg,Ipomoea arborescens,6235172591,https://inaturalist-open-data.s3.amazonaws.com/photos/644409503/original.jpg,http://creativecommons.org/licenses/by-nc/4.0/,Matt Becker,1542,2048
6235172591_1.jpg,Ipomoea arborescens,6235172591,https://inaturalist-open-data.s3.amazonaws.com/photos/644409572/original.jpg,http://creativecommons.org/licenses/by-nc/4.0/,Matt Becker,1542,2048
6235172591_2.jpg,Ipomoea arborescens,6235172591,https://inaturalist-open-data.s3.amazonaws.com/photos/644409576/original.jpg,http://creativecommons.org/licenses/by-nc/4.0/,Matt Becker,1542,2048
6235172591_3.jpg,Ipomoea arborescens,6235172591,https://inaturalist-open-data.s3.amazonaws.com/photos/644409581/original.jpg,http://creativecommons.org/licenses/by-nc/4.0/,Matt Becker,1542,2048
6235172591_4.jpg,Ipomoea arborescens,6235172591,https://inaturalist-open-data.s3.amazonaws.com/photos/644409673/original.jpg,http://creativecommons.org/licenses/by-nc/4.0/,Matt Becker,1542,2048
6235172591_5.jpg,Ipomoea arborescens,6235172591,https://inaturalist-open-data.s3.amazonaws.com/photos/644409692/original.jpg,http://creativecommons.org/licenses/by-nc/4.0/,Matt Becker,1542,2048
6422379025_0.jpg,Ipomoea arborescens,6422379025,https://inaturalist-open-data.s3.amazonaws.com/photos/685128803/original.jpg,http://creativecommons.org/licenses/by-nc/4.0/,marthajudithosunablancas,2048,1536
6195822708_0.jpg,Ipomoea arborescens,6195822708,https://inaturalist-open-data.s3.amazonaws.com/photos/637795902/original.jpg,http://creativecommons.org/licenses/by/4.0/,Rodrigo Osvaldo Borbon Vázquez,2048,1365
6234187297_0.jpg,Ipomoea arborescens,6234187297,https://inaturalist-open-data.s3.amazonaws.com/photos/636265145/original.jpg,http://creativecommons.org/licenses/by-nc/4.0/,Pablo Adolfo González Enríquez,2048,1365
6234187297_1.jpg,Ipomoea arborescens,6234187297,https://inaturalist-open-data.s3.amazonaws.com/photos/636266830/original.jpg,http://creativecommons.org/licenses/by-nc/4.0/,Pablo Adolfo González Enríquez,2048,1365
6234906810_0.jpg,Ipomoea arborescens,6234906810,https://inaturalist-open-data.s3.amazonaws.com/photos/643284079/original.jpg,http://creativecommons.org/licenses/by-nc/4.0/,Itzel Arredondo,1536,2048
6236382414_0.jpg,Ipomoea arborescens,6236382414,https://inaturalist-open-data.s3.amazonaws.com/photos/647660936/original.jpg,http://creativecommons.org/licenses/by-nc/4.0/,Arturo Martinez Peinado,1536,2048
6236382414_1.jpg,Ipomoea arborescens,6236382414,https://inaturalist-open-data.s3.amazonaws.com/photos/647661017/original.jpg,http://creativecommons.org/licenses/by-nc/4.0/,Arturo Martinez Peinado,1536,2048
6236382414_2.jpg,Ipomoea arborescens,6236382414,https://inaturalist-open-data.s3.amazonaws.com/photos/647661099/original.jpg,http://creativecommons.org/licenses/by-nc/4.0/,Arturo Martinez Peinado,1536,2048
6251704307_0.jpg,Ipomoea arborescens,6251704307,https://inaturalist-open-data.s3.amazonaws.com/photos/651692797/original.jpg,http://creativecommons.org/licenses/by-nc/4.0/,Marco Polo amarillas vargas,2048,2048
6252083610_0.jpg,Ipomoea arborescens,6252083610,https://inaturalist-open-data.s3.amazonaws.com/photos/644136790/original.jpg,http://creativecommons.org/licenses/by-nc/4.0/,"Vazquez -Arroyo, E.",1542,2048
6252083610_1.jpg,Ipomoea arborescens,6252083610,https://inaturalist-open-data.s3.amazonaws.com/photos/644137282/original.jpg,http://creativecommons.org/licenses/by-nc/4.0/,"Vazquez -Arroyo, E.",1542,2048
6252083610_2.jpg,Ipomoea arborescens,6252083610,https://inaturalist-open-data.s3.amazonaws.com/photos/644137677/original.jpg,http://creativecommons.org/licenses/by-nc/4.0/,"Vazquez -Arroyo, E.",1542,2048
6252083610_3.jpg,Ipomoea arborescens,6252083610,https://inaturalist-open-data.s3.amazonaws.com/photos/644137940/original.jpg,http://creativecommons.org/licenses/by-nc/4.0/,"Vazquez -Arroyo, E.",1542,2048
6252844602_0.jpg,Ipomoea arborescens,6252844602,https://inaturalist-open-data.s3.amazonaws.com/photos/649102552/original.jpg,http://creativecommons.org/licenses/by-nc/4.0/,Judith León,1153,2048
6252844602_1.jpg,Ipomoea arborescens,6252844602,https://inaturalist-open-data.s3.amazonaws.com/photos/649102644/original.jpg,http://creativecommons.org/licenses/by-nc/4.0/,Judith León,1153,2048
6252844602_2.jpg,Ipomoea arborescens,6252844602,https://inaturalist-open-data.s3.amazonaws.com/photos/649102731/original.jpg,http://creativecommons.org/licenses/by-nc/4.0/,Judith León,1153,2048
6252844602_3.jpg,Ipomoea arborescens,6252844602,https://inaturalist-open-data.s3.amazonaws.com/photos/649102828/original.jpg,http://creativecommons.org/licenses/by-nc/4.0/,Judith León,1153,2048
6252844602_4.jpg,Ipomoea arborescens,6252844602,https://inaturalist-open-data.s3.amazonaws.com/photos/649102928/original.jpg,http://creativecommons.org/licenses/by-nc/4.0/,Judith León,1153,2048
6252844602_5.jpg,Ipomoea arborescens,6252844602,https://inaturalist-open-data.s3.amazonaws.com/photos/649103017/original.jpg,http://creativecommons.org/licenses/by-nc/4.0/,Judith León,1153,2048
6273340498_0.jpg,Ipomoea arborescens,6273340498,https://inaturalist-open-data.s3.amazonaws.com/photos/651688452/original.jpg,http://creativecommons.org/licenses/by-nc/4.0/,Marco Polo amarillas vargas,2048,1639
6273340498_1.jpg,Ipomoea arborescens,6273340498,https://inaturalist-open-data.s3.amazonaws.com/photos/651688535/original.jpg,http://creativecommons.org/licenses/by-nc/4.0/,Marco Polo amarillas vargas,1638,2048
6321206660_0.jpg,Ipomoea arborescens,6321206660,https://inaturalist-open-data.s3.amazonaws.com/photos/649115286/original.jpg,http://creativecommons.org/licenses/by/4.0/,Xavier Alejandro Caratachea Navarro,1536,2048
6321206660_1.jpg,Ipomoea arborescens,6321206660,https://inaturalist-open-data.s3.amazonaws.com/photos/649115440/original.jpg,http://creativecommons.org/licenses/by/4.0/,Xavier Alejandro Caratachea Navarro,1536,2048
6321206660_2.jpg,Ipomoea arborescens,6321206660,https://inaturalist-open-data.s3.amazonaws.com/photos/649115520/original.jpg,http://creativecommons.org/licenses/by/4.0/,Xavier Alejandro Caratachea Navarro,1776,1184
6321206660_3.jpg,Ipomoea arborescens,6321206660,https://inaturalist-open-data.s3.amazonaws.com/photos/649115587/original.jpg,http://creativecommons.org/licenses/by/4.0/,Xavier Alejandro Caratachea Navarro,1536,2048
6321206660_4.jpg,Ipomoea arborescens,6321206660,https://inaturalist-open-data.s3.amazonaws.com/photos/649115746/original.jpg,http://creativecommons.org/licenses/by/4.0/,Xavier Alejandro Caratachea Navarro,1776,1184
6159346639_0.jpg,Lysiloma acapulcense,6159346639,https://inaturalist-open-data.s3.amazonaws.com/photos/610504343/original.jpg,http://creativecommons.org/licenses/by-nc/4.0/,Maximiliano Campos,1153,2048
6159346639_1.jpg,Lysiloma acapulcense,6159346639,https://inaturalist-open-data.s3.amazonaws.com/photos/610504368/original.jpg,http://creativecommons.org/licenses/by-nc/4.0/,Maximiliano Campos,1153,2048
6159346639_2.jpg,Lysiloma acapulcense,6159346639,https://inaturalist-open-data.s3.amazonaws.com/photos/610504379/original.jpg,http://creativecommons.org/licenses/by-nc/4.0/,Maximiliano Campos,1153,2048
6159346639_3.jpg,Lysiloma acapulcense,6159346639,https://inaturalist-open-data.s3.amazonaws.com/photos/610507816/original.jpg,http://creativecommons.org/licenses/by-nc/4.0/,Maximiliano Campos,1153,2048
6162873148_0.jpg,Lysiloma acapulcense,6162873148,https://inaturalist-open-data.s3.amazonaws.com/photos/616710858/original.jpg,http://creativecommons.org/licenses/by-nc/4.0/,petercondra,1152,2048
6163199132_0.jpg,Lysiloma acapulcense,6163199132,https://inaturalist-open-data.s3.amazonaws.com/photos/617233277/original.jpg,http://creativecommons.org/licenses/by-nc/4.0/,Valeria Acosta Rodriguez,899,2048
6170932349_0.jpg,Lysiloma acapulcense,6170932349,https://inaturalist-open-data.s3.amazonaws.com/photos/617581906/original.jpg,http://creativecommons.org/licenses/by-nc/4.0/,Adid Jimenez,2048,1536
6170932349_1.jpg,Lysiloma acapulcense,6170932349,https://inaturalist-open-data.s3.amazonaws.com/photos/617581905/original.jpg,http://creativecommons.org/licenses/by-nc/4.0/,Adid Jimenez,2048,1536
6170932349_2.jpg,Lysiloma acapulcense,6170932349,https://inaturalist-open-data.s3.amazonaws.com/photos/617581869/original.jpg,http://creativecommons.org/licenses/by-nc/4.0/,Adid Jimenez,2048,1536
6185535056_0.jpg,Lysiloma acapulcense,6185535056,https://inaturalist-open-data.s3.amazonaws.com/photos/629534303/original.jpg,http://creativecommons.org/licenses/by-nc/4.0/,Luca Boscain,1444,963
6188375628_0.jpg,Lysiloma acapulcense,6188375628,https://inaturalist-open-data.s3.amazonaws.com/photos/630249361/original.jpg,http://creativecommons.org/licenses/by-sa/4.0/,Oscar Alejandro Morales Juárez,2048,1536
6273453825_0.jpg,Lysiloma acapulcense,6273453825,https://inaturalist-open-data.s3.amazonaws.com/photos/645351328/original.jpg,http://creativecommons.org/licenses/by-nc/4.0/,negate9611,1152,2048
6273453825_1.jpg,Lysiloma acapulcense,6273453825,https://inaturalist-open-data.s3.amazonaws.com/photos/645352089/original.jpg,http://creativecommons.org/licenses/by-nc/4.0/,negate9611,1152,2048
6273453825_2.jpg,Lysiloma acapulcense,6273453825,https://inaturalist-open-data.s3.amazonaws.com/photos/645353248/original.jpg,http://creativecommons.org/licenses/by-nc/4.0/,negate9611,1152,2048
6273453825_3.jpg,Lysiloma acapulcense,6273453825,https://inaturalist-open-data.s3.amazonaws.com/photos/645353729/original.jpg,http://creativecommons.org/licenses/by-nc/4.0/,negate9611,1152,2048
6273453825_4.jpg,Lysiloma acapulcense,6273453825,https://inaturalist-open-data.s3.amazonaws.com/photos/645354360/original.jpg,http://creativecommons.org/licenses/by-nc/4.0/,negate9611,1152,2048
6273453825_5.jpg,Lysiloma acapulcense,6273453825,https://inaturalist-open-data.s3.amazonaws.com/photos/645354898/original.jpg,http://creativecommons.org/licenses/by-nc/4.0/,negate9611,1152,2048
6273453825_6.jpg,Lysiloma acapulcense,6273453825,https://inaturalist-open-data.s3.amazonaws.com/photos/645357817/original.jpg,http://creativecommons.org/licenses/by-nc/4.0/,negate9611,1152,2048
6273453825_7.jpg,Lysiloma acapulcense,6273453825,https://inaturalist-open-data.s3.amazonaws.com/photos/645358326/original.jpg,http://creativecommons.org/licenses/by-nc/4.0/,negate9611,1152,2048
6273847766_0.jpg,Lysiloma acapulcense,6273847766,https://inaturalist-open-data.s3.amazonaws.com/photos/652934337/original.jpg,http://creativecommons.org/licenses/by-nc/4.0/,Esmeralda Aispuro,2048,921
6273847766_1.jpg,Lysiloma acapulcense,6273847766,https://inaturalist-open-data.s3.amazonaws.com/photos/652934396/original.jpg,http://creativecommons.org/licenses/by-nc/4.0/,Esmeralda Aispuro,2048,921
6423109538_0.jpg,Lysiloma acapulcense,6423109538,https://inaturalist-open-data.s3.amazonaws.com/photos/687995105/original.jpg,http://creativecommons.org/licenses/by-nc/4.0/,Jaime Tirado,2048,1536
6479644743_0.jpg,Lysiloma acapulcense,6479644743,https://inaturalist-open-data.s3.amazonaws.com/photos/633372958/original.jpg,http://creativecommons.org/licenses/by-nc/4.0/,Luis Humberto Vicente-Rivera,2048,1536
6479644743_1.jpg,Lysiloma acapulcense,6479644743,https://inaturalist-open-data.s3.amazonaws.com/photos/633372976/original.jpg,http://creativecommons.org/licenses/by-nc/4.0/,Luis Humberto Vicente-Rivera,2048,1536
6479644743_2.jpg,Lysiloma acapulcense,6479644743,https://inaturalist-open-data.s3.amazonaws.com/photos/633373064/original.jpg,http://creativecommons.org/licenses/by-nc/4.0/,Luis Humberto Vicente-Rivera,2048,1536
6479644743_3.jpg,Lysiloma acapulcense,6479644743,https://inaturalist-open-data.s3.amazonaws.com/photos/633373008/original.jpg,http://creativecommons.org/licenses/by-nc/4.0/,Luis Humberto Vicente-Rivera,2048,1536
6413129685_0.jpg,Lysiloma acapulcense,6413129685,https://inaturalist-open-data.s3.amazonaws.com/photos/682776632/original.jpg,http://creativecommons.org/licenses/by/4.0/,Alexis López Hernández,2048,1536
6413129685_1.jpg,Lysiloma acapulcense,6413129685,https://inaturalist-open-data.s3.amazonaws.com/photos/682795242/original.jpg,http://creativecommons.org/licenses/by/4.0/,Alexis López Hernández,2048,1536
6413129685_2.jpg,Lysiloma acapulcense,6413129685,https://inaturalist-open-data.s3.amazonaws.com/photos/682795246/original.jpg,http://creativecommons.org/licenses/by/4.0/,Alexis López Hernández,2048,1536
6413129685_3.jpg,Lysiloma acapulcense,6413129685,https://inaturalist-open-data.s3.amazonaws.com/photos/682795243/original.jpg,http://creativecommons.org/licenses/by/4.0/,Alexis López Hernández,2048,1536
6413129685_4.jpg,Lysiloma acapulcense,6413129685,https://inaturalist-open-data.s3.amazonaws.com/photos/682795248/original.jpg,http://creativecommons.org/licenses/by/4.0/,Alexis López Hernández,2048,1536
6133050422_0.jpg,Acacia pennatula,6133050422,https://inaturalist-open-data.s3.amazonaws.com/photos/608945522/original.jpg,http://creativecommons.org/licenses/by-nc/4.0/,antonag,1536,2048
6133050422_1.jpg,Acacia pennatula,6133050422,https://inaturalist-open-data.s3.amazonaws.com/photos/608945542/original.jpg,http://creativecommons.org/licenses/by-nc/4.0/,antonag,1536,2048
6133326003_0.jpg,Acacia pennatula,6133326003,https://inaturalist-open-data.s3.amazonaws.com/photos/612485453/original.jpg,http://creativecommons.org/licenses/by-nc/4.0/,Jose Antonio Cruz Mendoza,1503,2048
6133326003_1.jpg,Acacia pennatula,6133326003,https://inaturalist-open-data.s3.amazonaws.com/photos/612489034/original.jpg,http://creativecommons.org/licenses/by-nc/4.0/,Jose Antonio Cruz Mendoza,1438,2048
6133326003_2.jpg,Acacia pennatula,6133326003,https://inaturalist-open-data.s3.amazonaws.com/photos/612489059/original.jpg,http://creativecommons.org/licenses/by-nc/4.0/,Jose Antonio Cruz Mendoza,1536,2048
6133326003_3.jpg,Acacia pennatula,6133326003,https://inaturalist-open-data.s3.amazonaws.com/photos/612489060/original.jpg,http://creativecommons.org/licenses/by-nc/4.0/,Jose Antonio Cruz Mendoza,1536,2048
6179474448_0.jpg,Acacia pennatula,6179474448,https://inaturalist-open-data.s3.amazonaws.com/photos/608651670/original.jpg,http://creativecommons.org/licenses/by-nc/4.0/,Alan Trejo Tinajero,1153,2048
6159271066_0.jpg,Acacia pennatula,6159271066,https://inaturalist-open-data.s3.amazonaws.com/photos/616261044/original.jpg,http://creativecommons.org/licenses/by/4.0/,Gustavo ZaRo,1536,2048
6159271066_1.jpg,Acacia pennatula,6159271066,https://inaturalist-open-data.s3.amazonaws.com/photos/616261062/original.jpg,http://creativecommons.org/licenses/by/4.0/,Gustavo ZaRo,1536,2048
6159271066_2.jpg,Acacia pennatula,6159271066,https://inaturalist-open-data.s3.amazonaws.com/photos/616261132/original.jpg,http://creativecommons.org/licenses/by/4.0/,Gustavo ZaRo,1536,2048
6159271066_3.jpg,Acacia pennatula,6159271066,https://inaturalist-open-data.s3.amazonaws.com/photos/616261209/original.jpg,http://creativecommons.org/licenses/by/4.0/,Gustavo ZaRo,1536,2048
6159271066_4.jpg,Acacia pennatula,6159271066,https://inaturalist-open-data.s3.amazonaws.com/photos/616261291/original.jpg,http://creativecommons.org/licenses/by/4.0/,Gustavo ZaRo,1536,2048
6159470093_0.jpg,Acacia pennatula,6159470093,https://inaturalist-open-data.s3.amazonaws.com/photos/616241821/original.jpg,http://creativecommons.org/licenses/by/4.0/,Gustavo ZaRo,1536,2048
6159470093_1.jpg,Acacia pennatula,6159470093,https://inaturalist-open-data.s3.amazonaws.com/photos/616241876/original.jpg,http://creativecommons.org/licenses/by/4.0/,Gustavo ZaRo,2048,1536
6159470093_2.jpg,Acacia pennatula,6159470093,https://inaturalist-open-data.s3.amazonaws.com/photos/616242012/original.jpg,http://creativecommons.org/licenses/by/4.0/,Gustavo ZaRo,1536,2048
6159470093_3.jpg,Acacia pennatula,6159470093,https://inaturalist-open-data.s3.amazonaws.com/photos/616242055/original.jpg,http://creativecommons.org/licenses/by/4.0/,Gustavo ZaRo,1536,2048
6159470093_4.jpg,Acacia pennatula,6159470093,https://inaturalist-open-data.s3.amazonaws.com/photos/616242090/original.jpg,http://creativecommons.org/licenses/by/4.0/,Gustavo ZaRo,1536,2048
6162944729_0.jpg,Acacia pennatula,6162944729,https://inaturalist-open-data.s3.amazonaws.com/photos/616805828/original.jpg,http://creativecommons.org/licenses/by-nc/4.0/,mariano guzman hernandez,1152,2048
6163054793_0.jpg,Acacia pennatula,6163054793,https://inaturalist-open-data.s3.amazonaws.com/photos/615833927/original.jpg,http://creativecommons.org/licenses/by-nc/4.0/,Edwin Verdugo,2048,1536
6163054793_1.jpg,Acacia pennatula,6163054793,https://inaturalist-open-data.s3.amazonaws.com/photos/615834346/original.jpg,http://creativecommons.org/licenses/by-nc/4.0/,Edwin Verdugo,1536,2048
6163054793_2.jpg,Acacia pennatula,6163054793,https://inaturalist-open-data.s3.amazonaws.com/photos/615834356/original.jpg,http://creativecommons.org/licenses/by-nc/4.0/,Edwin Verdugo,1536,2048
6163054793_3.jpg,Acacia pennatula,6163054793,https://inaturalist-open-data.s3.amazonaws.com/photos/615834369/original.jpg,http://creativecommons.org/licenses/by-nc/4.0/,Edwin Verdugo,2048,1536
6163054793_4.jpg,Acacia pennatula,6163054793,https://inaturalist-open-data.s3.amazonaws.com/photos/615834373/original.jpg,http://creativecommons.org/licenses/by-nc/4.0/,Edwin Verdugo,1536,2048
6163234087_0.jpg,Acacia pennatula,6163234087,https://inaturalist-open-data.s3.amazonaws.com/photos/616764099/original.jpg,http://creativecommons.org/licenses/by-nc/4.0/,Roberto,2048,1375
6170957864_0.jpg,Acacia pennatula,6170957864,https://inaturalist-open-data.s3.amazonaws.com/photos/616514895/original.jpg,http://creativecommons.org/licenses/by-nc/4.0/,Adid Jimenez,2048,1536
6170957864_1.jpg,Acacia pennatula,6170957864,https://inaturalist-open-data.s3.amazonaws.com/photos/616515044/original.jpg,http://creativecommons.org/licenses/by-nc/4.0/,Adid Jimenez,2048,1536
6171285453_0.jpg,Acacia pennatula,6171285453,https://inaturalist-open-data.s3.amazonaws.com/photos/617582155/original.jpg,http://creativecommons.org/licenses/by-nc/4.0/,Adid Jimenez,2048,1536
6171285453_1.jpg,Acacia pennatula,6171285453,https://inaturalist-open-data.s3.amazonaws.com/photos/617582109/original.jpg,http://creativecommons.org/licenses/by-nc/4.0/,Adid Jimenez,2048,1536
6171285453_2.jpg,Acacia pennatula,6171285453,https://inaturalist-open-data.s3.amazonaws.com/photos/617582106/original.jpg,http://creativecommons.org/licenses/by-nc/4.0/,Adid Jimenez,2048,1536
6178533748_0.jpg,Acacia pennatula,6178533748,https://inaturalist-open-data.s3.amazonaws.com/photos/619439175/original.jpg,http://creativecommons.org/licenses/by-nc/4.0/,Guillermo Pérez-Negrón,1152,2048
6130015065_0.jpg,Crataegus mexicana,6130015065,https://inaturalist-open-data.s3.amazonaws.com/photos/610419342/original.jpg,http://creativecommons.org/licenses/by-nc/4.0/,chasinaturalist,1536,2048
6130015065_1.jpg,Crataegus mexicana,6130015065,https://inaturalist-open-data.s3.amazonaws.com/photos/610419665/original.jpg,http://creativecommons.org/licenses/by-nc/4.0/,chasinaturalist,2048,1536
6130015065_2.jpg,Crataegus mexicana,6130015065,https://inaturalist-open-data.s3.amazonaws.com/photos/610419655/original.jpg,http://creativecommons.org/licenses/by-nc/4.0/,chasinaturalist,1536,2048
6130015065_3.jpg,Crataegus mexicana,6130015065,https://inaturalist-open-data.s3.amazonaws.com/photos/610419656/original.jpg,http://creativecommons.org/licenses/by-nc/4.0/,chasinaturalist,1536,2048
6130015065_4.jpg,Crataegus mexicana,6130015065,https://inaturalist-open-data.s3.amazonaws.com/photos/610419654/original.jpg,http://creativecommons.org/licenses/by-nc/4.0/,chasinaturalist,2048,1536
6130522643_0.jpg,Crataegus mexicana,6130522643,https://inaturalist-open-data.s3.amazonaws.com/photos/606245924/original.jpg,http://creativecommons.org/licenses/by-nc/4.0/,Bodo Nuñez Oberg,2048,2048
6130522643_1.jpg,Crataegus mexicana,6130522643,https://inaturalist-open-data.s3.amazonaws.com/photos/606245919/original.jpg,http://creativecommons.org/licenses/by-nc/4.0/,Bodo Nuñez Oberg,2048,2048
6130522643_2.jpg,Crataegus mexicana,6130522643,https://inaturalist-open-data.s3.amazonaws.com/photos/606245914/original.jpg,http://creativecommons.org/licenses/by-nc/4.0/,Bodo Nuñez Oberg,2048,2048
6131606094_0.jpg,Crataegus mexicana,6131606094,https://inaturalist-open-data.s3.amazonaws.com/photos/610587457/original.jpg,http://creativecommons.org/licenses/by/4.0/,Jordi Martínez Martínez,1536,2048
6131606094_1.jpg,Crataegus mexicana,6131606094,https://inaturalist-open-data.s3.amazonaws.com/photos/610587469/original.jpg,http://creativecommons.org/licenses/by/4.0/,Jordi Martínez Martínez,1536,2048
6195704978_0.jpg,Crataegus mexicana,6195704978,https://inaturalist-open-data.s3.amazonaws.com/photos/636409474/original.jpg,http://creativecommons.org/licenses/by-nc/4.0/,Christopher Eckert,1152,2048
6133517306_0.jpg,Crataegus mexicana,6133517306,https://inaturalist-open-data.s3.amazonaws.com/photos/612646548/original.jpg,http://creativecommons.org/licenses/by-nc/4.0/,timendez,2048,1536
6133517306_1.jpg,Crataegus mexicana,6133517306,https://inaturalist-open-data.s3.amazonaws.com/photos/612646567/original.jpg,http://creativecommons.org/licenses/by-nc/4.0/,timendez,2048,1615
6163048507_0.jpg,Crataegus mexicana,6163048507,https://inaturalist-open-data.s3.amazonaws.com/photos/617526551/original.jpg,http://creativecommons.org/licenses/by-nc/4.0/,Nicole,2048,1152
6163166197_0.jpg,Crataegus mexicana,6163166197,https://inaturalist-open-data.s3.amazonaws.com/photos/617505387/original.jpg,http://creativecommons.org/licenses/by-nc/4.0/,Mitzi Joselyn Chávez Mancilla,1536,2048
6163166197_1.jpg,Crataegus mexicana,6163166197,https://inaturalist-open-data.s3.amazonaws.com/photos/617505536/original.jpg,http://creativecommons.org/licenses/by-nc/4.0/,Mitzi Joselyn Chávez Mancilla,1536,2048
6179278497_0.jpg,Crataegus mexicana,6179278497,https://inaturalist-open-data.s3.amazonaws.com/photos/618267830/original.jpg,http://creativecommons.org/licenses/by-nc/4.0/,Mitzi Joselyn Chávez Mancilla,1536,2048
6179278497_1.jpg,Crataegus mexicana,6179278497,https://inaturalist-open-data.s3.amazonaws.com/photos/618267845/original.jpg,http://creativecommons.org/licenses/by-nc/4.0/,Mitzi Joselyn Chávez Mancilla,1536,2048
6179278497_2.jpg,Crataegus mexicana,6179278497,https://inaturalist-open-data.s3.amazonaws.com/photos/618267853/original.jpg,http://creativecommons.org/licenses/by-nc/4.0/,Mitzi Joselyn Chávez Mancilla,1536,2048
6179278497_3.jpg,Crataegus mexicana,6179278497,https://inaturalist-open-data.s3.amazonaws.com/photos/618267868/original.jpg,http://creativecommons.org/licenses/by-nc/4.0/,Mitzi Joselyn Chávez Mancilla,1536,2048
6184829818_0.jpg,Crataegus mexicana,6184829818,https://inaturalist-open-data.s3.amazonaws.com/photos/618200844/original.jpg,http://creativecommons.org/licenses/by-nc/4.0/,Alan Medina,1536,2048
6184829818_1.jpg,Crataegus mexicana,6184829818,https://inaturalist-open-data.s3.amazonaws.com/photos/618200867/original.jpg,http://creativecommons.org/licenses/by-nc/4.0/,Alan Medina,1536,2048
6184829818_2.jpg,Crataegus mexicana,6184829818,https://inaturalist-open-data.s3.amazonaws.com/photos/618200888/original.jpg,http://creativecommons.org/licenses/by-nc/4.0/,Alan Medina,1536,2048
6178817369_0.jpg,Crataegus mexicana,6178817369,https://inaturalist-open-data.s3.amazonaws.com/photos/621582376/original.jpg,http://creativecommons.org/licenses/by-nc/4.0/,mvz-juangonzalezromero,1536,2048
6178817369_1.jpg,Crataegus mexicana,6178817369,https://inaturalist-open-data.s3.amazonaws.com/photos/621582385/original.jpg,http://creativecommons.org/licenses/by-nc/4.0/,mvz-juangonzalezromero,1536,2048
6178817369_2.jpg,Crataegus mexicana,6178817369,https://inaturalist-open-data.s3.amazonaws.com/photos/621582381/original.jpg,http://creativecommons.org/licenses/by-nc/4.0/,mvz-juangonzalezromero,1536,2048
6178817369_3.jpg,Crataegus mexicana,6178817369,https://inaturalist-open-data.s3.amazonaws.com/photos/621582412/original.jpg,http://creativecommons.org/licenses/by-nc/4.0/,mvz-juangonzalezromero,1536,2048
6178817369_4.jpg,Crataegus mexicana,6178817369,https://inaturalist-open-data.s3.amazonaws.com/photos/621582418/original.jpg,http://creativecommons.org/licenses/by-nc/4.0/,mvz-juangonzalezromero,1536,2048
6178817369_5.jpg,Crataegus mexicana,6178817369,https://inaturalist-open-data.s3.amazonaws.com/photos/621582421/original.jpg,http://creativecommons.org/licenses/by-nc/4.0/,mvz-juangonzalezromero,1536,2048
6178817369_6.jpg,Crataegus mexicana,6178817369,https://inaturalist-open-data.s3.amazonaws.com/photos/621582437/original.jpg,http://creativecommons.org/licenses/by-nc/4.0/,mvz-juangonzalezromero,1536,2048
6178817369_7.jpg,Crataegus mexicana,6178817369,https://inaturalist-open-data.s3.amazonaws.com/photos/621582443/original.jpg,http://creativecommons.org/licenses/by-nc/4.0/,mvz-juangonzalezromero,1536,2048
6178817369_8.jpg,Crataegus mexicana,6178817369,https://inaturalist-open-data.s3.amazonaws.com/photos/621582344/original.jpg,http://creativecommons.org/licenses/by-nc/4.0/,mvz-juangonzalezromero,1536,2048
6178817369_9.jpg,Crataegus mexicana,6178817369,https://inaturalist-open-data.s3.amazonaws.com/photos/621582444/original.jpg,http://creativecommons.org/licenses/by-nc/4.0/,mvz-juangonzalezromero,1536,2048
6178817369_10.jpg,Crataegus mexicana,6178817369,https://inaturalist-open-data.s3.amazonaws.com/photos/621582458/original.jpg,http://creativecommons.org/licenses/by-nc/4.0/,mvz-juangonzalezromero,1536,2048
6178817369_11.jpg,Crataegus mexicana,6178817369,https://inaturalist-open-data.s3.amazonaws.com/photos/621582465/original.jpg,http://creativecommons.org/licenses/by-nc/4.0/,mvz-juangonzalezromero,1536,2048
6178817369_12.jpg,Crataegus mexicana,6178817369,https://inaturalist-open-data.s3.amazonaws.com/photos/621582463/original.jpg,http://creativecommons.org/licenses/by-nc/4.0/,mvz-juangonzalezromero,1536,2048
6179296927_0.jpg,Crataegus mexicana,6179296927,https://inaturalist-open-data.s3.amazonaws.com/photos/621070656/original.jpg,http://creativecommons.org/licenses/by-nc/4.0/,mvz-juangonzalezromero,1536,2048
6179296927_1.jpg,Crataegus mexicana,6179296927,https://inaturalist-open-data.s3.amazonaws.com/photos/621070649/original.jpg,http://creativecommons.org/licenses/by-nc/4.0/,mvz-juangonzalezromero,1536,2048
6179296927_2.jpg,Crataegus mexicana,6179296927,https://inaturalist-open-data.s3.amazonaws.com/photos/621070668/original.jpg,http://creativecommons.org/licenses/by-nc/4.0/,mvz-juangonzalezromero,1536,2048
6179296927_3.jpg,Crataegus mexicana,6179296927,https://inaturalist-open-data.s3.amazonaws.com/photos/621070678/original.jpg,http://creativecommons.org/licenses/by-nc/4.0/,mvz-juangonzalezromero,1536,2048
6179296927_4.jpg,Crataegus mexicana,6179296927,https://inaturalist-open-data.s3.amazonaws.com/photos/621070695/original.jpg,http://creativecommons.org/licenses/by-nc/4.0/,mvz-juangonzalezromero,1536,2048
6179296927_5.jpg,Crataegus mexicana,6179296927,https://inaturalist-open-data.s3.amazonaws.com/photos/621070691/original.jpg,http://creativecommons.org/licenses/by-nc/4.0/,mvz-juangonzalezromero,1536,2048
6179296927_6.jpg,Crataegus mexicana,6179296927,https://inaturalist-open-data.s3.amazonaws.com/photos/621070696/original.jpg,http://creativecommons.org/licenses/by-nc/4.0/,mvz-juangonzalezromero,1536,2048
6179296927_7.jpg,Crataegus mexicana,6179296927,https://inaturalist-open-data.s3.amazonaws.com/photos/621070705/original.jpg,http://creativecommons.org/licenses/by-nc/4.0/,mvz-juangonzalezromero,1536,2048
6179296927_8.jpg,Crataegus mexicana,6179296927,https://inaturalist-open-data.s3.amazonaws.com/photos/621070717/original.jpg,http://creativecommons.org/licenses/by-nc/4.0/,mvz-juangonzalezromero,1536,2048
6179296927_9.jpg,Crataegus mexicana,6179296927,https://inaturalist-open-data.s3.amazonaws.com/photos/621070720/original.jpg,http://creativecommons.org/licenses/by-nc/4.0/,mvz-juangonzalezromero,1536,2048
6179296927_10.jpg,Crataegus mexicana,6179296927,https://inaturalist-open-data.s3.amazonaws.com/photos/621070724/original.jpg,http://creativecommons.org/licenses/by-nc/4.0/,mvz-juangonzalezromero,1536,2048
6179296927_11.jpg,Crataegus mexicana,6179296927,https://inaturalist-open-data.s3.amazonaws.com/photos/621070735/original.jpg,http://creativecommons.org/licenses/by-nc/4.0/,mvz-juangonzalezromero,1536,2048
6179296927_12.jpg,Crataegus mexicana,6179296927,https://inaturalist-open-data.s3.amazonaws.com/photos/621070740/original.jpg,http://creativecommons.org/licenses/by-nc/4.0/,mvz-juangonzalezromero,1536,2048
6179296927_13.jpg,Crataegus mexicana,6179296927,https://inaturalist-open-data.s3.amazonaws.com/photos/621070742/original.jpg,http://creativecommons.org/licenses/by-nc/4.0/,mvz-juangonzalezromero,1536,2048
6179296927_14.jpg,Crataegus mexicana,6179296927,https://inaturalist-open-data.s3.amazonaws.com/photos/621070748/original.jpg,http://creativecommons.org/licenses/by-nc/4.0/,mvz-juangonzalezromero,1536,2048
6179296927_15.jpg,Crataegus mexicana,6179296927,https://inaturalist-open-data.s3.amazonaws.com/photos/621070761/original.jpg,http://creativecommons.org/licenses/by-nc/4.0/,mvz-juangonzalezromero,1536,2048
6179296927_16.jpg,Crataegus mexicana,6179296927,https://inaturalist-open-data.s3.amazonaws.com/photos/621070768/original.jpg,http://creativecommons.org/licenses/by-nc/4.0/,mvz-juangonzalezromero,1536,2048
6179296927_17.jpg,Crataegus mexicana,6179296927,https://inaturalist-open-data.s3.amazonaws.com/photos/621070757/original.jpg,http://creativecommons.org/licenses/by-nc/4.0/,mvz-juangonzalezromero,1536,2048
6179296927_18.jpg,Crataegus mexicana,6179296927,https://inaturalist-open-data.s3.amazonaws.com/photos/621070776/original.jpg,http://creativecommons.org/licenses/by-nc/4.0/,mvz-juangonzalezromero,1536,2048
6131397812_0.jpg,Symphoricarpos microphyllus,6131397812,https://inaturalist-open-data.s3.amazonaws.com/photos/607783760/original.jpg,http://creativecommons.org/licenses/by-nc/4.0/,Amalia Estrada,1138,2048
6131397812_1.jpg,Symphoricarpos microphyllus,6131397812,https://inaturalist-open-data.s3.amazonaws.com/photos/607783766/original.jpg,http://creativecommons.org/licenses/by-nc/4.0/,Amalia Estrada,1101,2048
6159657665_0.jpg,Symphoricarpos microphyllus,6159657665,https://inaturalist-open-data.s3.amazonaws.com/photos/611131874/original.jpg,http://creativecommons.org/licenses/by-nc/4.0/,Micah Freedman,2048,1365
6159657665_1.jpg,Symphoricarpos microphyllus,6159657665,https://inaturalist-open-data.s3.amazonaws.com/photos/611131873/original.jpg,http://creativecommons.org/licenses/by-nc/4.0/,Micah Freedman,2048,1365
6159657665_2.jpg,Symphoricarpos microphyllus,6159657665,https://inaturalist-open-data.s3.amazonaws.com/photos/611131868/original.jpg,http://creativecommons.org/licenses/by-nc/4.0/,Micah Freedman,2048,1365
6159657665_3.jpg,Symphoricarpos microphyllus,6159657665,https://inaturalist-open-data.s3.amazonaws.com/photos/611131864/original.jpg,http://creativecommons.org/licenses/by-nc/4.0/,Micah Freedman,2048,1365
6185104576_0.jpg,Symphoricarpos microphyllus,6185104576,https://inaturalist-open-data.s3.amazonaws.com/photos/626037555/original.jpg,http://creativecommons.org/licenses/by-nc/4.0/,Luis Alberto,2048,1365
6185104576_1.jpg,Symphoricarpos microphyllus,6185104576,https://inaturalist-open-data.s3.amazonaws.com/photos/626037502/original.jpg,http://creativecommons.org/licenses/by-nc/4.0/,Luis Alberto,2048,1365
6185104576_2.jpg,Symphoricarpos microphyllus,6185104576,https://inaturalist-open-data.s3.amazonaws.com/photos/626037501/original.jpg,http://creativecommons.org/licenses/by-nc/4.0/,Luis Alberto,2048,1365
6185104576_3.jpg,Symphoricarpos microphyllus,6185104576,https://inaturalist-open-data.s3.amazonaws.com/photos/626037511/original.jpg,http://creativecommons.org/licenses/by-nc/4.0/,Luis Alberto,2048,1365
6185104576_4.jpg,Symphoricarpos microphyllus,6185104576,https://inaturalist-open-data.s3.amazonaws.com/photos/626037528/original.jpg,http://creativecommons.org/licenses/by-nc/4.0/,Luis Alberto,2048,1365
6185104576_5.jpg,Symphoricarpos microphyllus,6185104576,https://inaturalist-open-data.s3.amazonaws.com/photos/626037534/original.jpg,http://creativecommons.org/licenses/by-nc/4.0/,Luis Alberto,2048,1365
6185104576_6.jpg,Symphoricarpos microphyllus,6185104576,https://inaturalist-open-data.s3.amazonaws.com/photos/626037560/original.jpg,http://creativecommons.org/licenses/by-nc/4.0/,Luis Alberto,2048,1365
6185104576_7.jpg,Symphoricarpos microphyllus,6185104576,https://inaturalist-open-data.s3.amazonaws.com/photos/626037566/original.jpg,http://creativecommons.org/licenses/by-nc/4.0/,Luis Alberto,2048,1365
6185104576_8.jpg,Symphoricarpos microphyllus,6185104576,https://inaturalist-open-data.s3.amazonaws.com/photos/626037580/original.jpg,http://creativecommons.org/licenses/by-nc/4.0/,Luis Alberto,2048,1365
6235113477_0.jpg,Symphoricarpos microphyllus,6235113477,https://inaturalist-open-data.s3.amazonaws.com/photos/648167081/original.jpg,http://creativecommons.org/licenses/by-nc/4.0/,tonynjj,1536,2048
6235646853_0.jpg,Symphoricarpos microphyllus,6235646853,https://inaturalist-open-data.s3.amazonaws.com/photos/647397084/original.jpg,http://creativecommons.org/licenses/by-nc/4.0/,Nathan Zárate,1536,2048
6236353711_0.jpg,Symphoricarpos microphyllus,6236353711,https://inaturalist-open-data.s3.amazonaws.com/photos/647611400/original.jpg,http://creativecommons.org/licenses/by-nc/4.0/,Grecia MH,1536,2048
6236353711_1.jpg,Symphoricarpos microphyllus,6236353711,https://inaturalist-open-data.s3.amazonaws.com/photos/647611518/original.jpg,http://creativecommons.org/licenses/by-nc/4.0/,Grecia MH,1536,2048
6251593386_0.jpg,Symphoricarpos microphyllus,6251593386,https://inaturalist-open-data.s3.amazonaws.com/photos/644318716/original.jpg,http://creativecommons.org/licenses/by-nc/4.0/,Emanuel Aguilar Velazco,1542,2048
6252191378_0.jpg,Symphoricarpos microphyllus,6252191378,https://inaturalist-open-data.s3.amazonaws.com/photos/652383577/original.jpg,http://creativecommons.org/licenses/by-nc/4.0/,Anayeli GE,2048,1536
6252796886_0.jpg,Symphoricarpos microphyllus,6252796886,https://inaturalist-open-data.s3.amazonaws.com/photos/650094508/original.jpg,http://creativecommons.org/licenses/by-nc/4.0/,Nao,1536,2048
6252796886_1.jpg,Symphoricarpos microphyllus,6252796886,https://inaturalist-open-data.s3.amazonaws.com/photos/650094553/original.jpg,http://creativecommons.org/licenses/by-nc/4.0/,Nao,1536,2048
6252914031_0.jpg,Symphoricarpos microphyllus,6252914031,https://inaturalist-open-data.s3.amazonaws.com/photos/652455520/original.jpg,http://creativecommons.org/licenses/by-nc/4.0/,Anayeli GE,2048,1536
6253154519_0.jpg,Symphoricarpos microphyllus,6253154519,https://inaturalist-open-data.s3.amazonaws.com/photos/648851361/original.jpg,http://creativecommons.org/licenses/by/4.0/,Hugo Juárez,1152,2048
6253154519_1.jpg,Symphoricarpos microphyllus,6253154519,https://inaturalist-open-data.s3.amazonaws.com/photos/648851456/original.jpg,http://creativecommons.org/licenses/by/4.0/,Hugo Juárez,1152,2048
6253154519_2.jpg,Symphoricarpos microphyllus,6253154519,https://inaturalist-open-data.s3.amazonaws.com/photos/648851540/original.jpg,http://creativecommons.org/licenses/by/4.0/,Hugo Juárez,900,1600
6253154519_3.jpg,Symphoricarpos microphyllus,6253154519,https://inaturalist-open-data.s3.amazonaws.com/photos/648851613/original.jpg,http://creativecommons.org/licenses/by/4.0/,Hugo Juárez,900,1600
6253194823_0.jpg,Symphoricarpos microphyllus,6253194823,https://inaturalist-open-data.s3.amazonaws.com/photos/648867883/original.jpg,http://creativecommons.org/licenses/by/4.0/,Hugo Juárez,1152,2048
6253194823_1.jpg,Symphoricarpos microphyllus,6253194823,https://inaturalist-open-data.s3.amazonaws.com/photos/648867999/original.jpg,http://creativecommons.org/licenses/by/4.0/,Hugo Juárez,1152,2048
6253194823_2.jpg,Symphoricarpos microphyllus,6253194823,https://inaturalist-open-data.s3.amazonaws.com/photos/648868117/original.jpg,http://creativecommons.org/licenses/by/4.0/,Hugo Juárez,900,1600
6253194823_3.jpg,Symphoricarpos microphyllus,6253194823,https://inaturalist-open-data.s3.amazonaws.com/photos/648868208/original.jpg,http://creativecommons.org/licenses/by/4.0/,Hugo Juárez,900,1600
6253295941_0.jpg,Symphoricarpos microphyllus,6253295941,https://inaturalist-open-data.s3.amazonaws.com/photos/644597946/original.jpg,http://creativecommons.org/licenses/by-nc/4.0/,Emily Gisselle Quintero,1825,1333
6253295941_1.jpg,Symphoricarpos microphyllus,6253295941,https://inaturalist-open-data.s3.amazonaws.com/photos/644598016/original.jpg,http://creativecommons.org/licenses/by-nc/4.0/,Emily Gisselle Quintero,2048,921
6273354736_0.jpg,Symphoricarpos microphyllus,6273354736,https://inaturalist-open-data.s3.amazonaws.com/photos/657045760/original.jpg,http://creativecommons.org/licenses/by-nc/4.0/,Erick Jesús Anaya-Gutiérrez,1152,2048
6273354736_1.jpg,Symphoricarpos microphyllus,6273354736,https://inaturalist-open-data.s3.amazonaws.com/photos/657045802/original.jpg,http://creativecommons.org/licenses/by-nc/4.0/,Erick Jesús Anaya-Gutiérrez,1152,2048
6274283804_0.jpg,Symphoricarpos microphyllus,6274283804,https://inaturalist-open-data.s3.amazonaws.com/photos/654835981/original.jpg,http://creativecommons.org/publicdomain/zero/1.0/,Kian Hayles-Cotton,2048,1365
6413131500_0.jpg,Symphoricarpos microphyllus,6413131500,https://inaturalist-open-data.s3.amazonaws.com/photos/641459614/original.jpg,http://creativecommons.org/licenses/by-nc/4.0/,Nao,2048,1536
6413131500_1.jpg,Symphoricarpos microphyllus,6413131500,https://inaturalist-open-data.s3.amazonaws.com/photos/641459665/original.jpg,http://creativecommons.org/licenses/by-nc/4.0/,Nao,2048,1536
6413131500_2.jpg,Symphoricarpos microphyllus,6413131500,https://inaturalist-open-data.s3.amazonaws.com/photos/641459717/original.jpg,http://creativecommons.org/licenses/by-nc/4.0/,Nao,1536,2048
6470067583_0.jpg,Symphoricarpos microphyllus,6470067583,https://inaturalist-open-data.s3.amazonaws.com/photos/648828596/original.jpg,http://creativecommons.org/licenses/by-nc/4.0/,Tania Nava,1536,2048
6400050366_0.jpg,Symphoricarpos microphyllus,6400050366,https://inaturalist-open-data.s3.amazonaws.com/photos/676737560/original.jpg,http://creativecommons.org/licenses/by-nc/4.0/,Efraín Octavio Aguilar Pérez,1536,2048
6400050366_1.jpg,Symphoricarpos microphyllus,6400050366,https://inaturalist-open-data.s3.amazonaws.com/photos/676737564/original.jpg,http://creativecommons.org/licenses/by-nc/4.0/,Efraín Octavio Aguilar Pérez,1536,2048
6451917364_0.jpg,Symphoricarpos microphyllus,6451917364,https://inaturalist-open-data.s3.amazonaws.com/photos/688739709/original.jpg,http://creativecommons.org/licenses/by-nc/4.0/,Antonio Pérez Zárate,2048,1536
6451999371_0.jpg,Symphoricarpos microphyllus,6451999371,https://inaturalist-open-data.s3.amazonaws.com/photos/698818394/original.jpg,http://creativecommons.org/licenses/by-nc/4.0/,Antonio Pérez Zárate,1536,2048
6452215112_0.jpg,Symphoricarpos microphyllus,6452215112,https://inaturalist-open-data.s3.amazonaws.com/photos/699141673/original.jpg,http://creativecommons.org/licenses/by-nc/4.0/,Antonio Pérez Zárate,1536,2048
6452223494_0.jpg,Symphoricarpos microphyllus,6452223494,https://inaturalist-open-data.s3.amazonaws.com/photos/699144550/original.jpg,http://creativecommons.org/licenses/by-nc/4.0/,Antonio Pérez Zárate,1536,2048
6452361911_0.jpg,Symphoricarpos microphyllus,6452361911,https://inaturalist-open-data.s3.amazonaws.com/photos/698793247/original.jpg,http://creativecommons.org/licenses/by-nc/4.0/,Antonio Pérez Zárate,1536,2048
6452397811_0.jpg,Symphoricarpos microphyllus,6452397811,https://inaturalist-open-data.s3.amazonaws.com/photos/698818084/original.jpg,http://creativecommons.org/licenses/by-nc/4.0/,Antonio Pérez Zárate,1536,2048
6441126138_0.jpg,Symphoricarpos microphyllus,6441126138,https://inaturalist-open-data.s3.amazonaws.com/photos/695758683/original.jpg,http://creativecommons.org/licenses/by-nc/4.0/,CarinaCR,1536,2048
6469624742_0.jpg,Symphoricarpos microphyllus,6469624742,https://inaturalist-open-data.s3.amazonaws.com/photos/705722830/original.jpg,http://creativecommons.org/licenses/by-nc/4.0/,Antonio Pérez Zárate,1536,2048
6470424811_0.jpg,Symphoricarpos microphyllus,6470424811,https://inaturalist-open-data.s3.amazonaws.com/photos/704913792/original.jpg,http://creativecommons.org/licenses/by-nc/4.0/,Efraín Octavio Aguilar Pérez,1536,2048
6470424811_1.jpg,Symphoricarpos microphyllus,6470424811,https://inaturalist-open-data.s3.amazonaws.com/photos/704913795/original.jpg,http://creativecommons.org/licenses/by-nc/4.0/,Efraín Octavio Aguilar Pérez,1536,2048
5063112477_0.jpg,Symphoricarpos microphyllus,5063112477,https://inaturalist-open-data.s3.amazonaws.com/photos/464358512/original.jpeg,http://creativecommons.org/licenses/by-nc/4.0/,Yian Pablo Zarate Valdez,1200,1600
5063112477_1.jpg,Symphoricarpos microphyllus,5063112477,https://inaturalist-open-data.s3.amazonaws.com/photos/464358517/original.jpeg,http://creativecommons.org/licenses/by-nc/4.0/,Yian Pablo Zarate Valdez,1542,2048
5063112477_2.jpg,Symphoricarpos microphyllus,5063112477,https://inaturalist-open-data.s3.amazonaws.com/photos/464358522/original.jpeg,http://creativecommons.org/licenses/by-nc/4.0/,Yian Pablo Zarate Valdez,1542,2048
5063420321_0.jpg,Symphoricarpos microphyllus,5063420321,https://inaturalist-open-data.s3.amazonaws.com/photos/466026047/original.jpg,http://creativecommons.org/licenses/by-nc/4.0/,Fernando Orozco Novelo,1536,2048
5140647175_0.jpg,Symphoricarpos microphyllus,5140647175,https://inaturalist-open-data.s3.amazonaws.com/photos/493451997/original.jpg,http://creativecommons.org/publicdomain/zero/1.0/,Kian Hayles-Cotton,1536,2048
5140647175_1.jpg,Symphoricarpos microphyllus,5140647175,https://inaturalist-open-data.s3.amazonaws.com/photos/493452095/original.jpg,http://creativecommons.org/publicdomain/zero/1.0/,Kian Hayles-Cotton,1536,2048
5140799289_0.jpg,Symphoricarpos microphyllus,5140799289,https://inaturalist-open-data.s3.amazonaws.com/photos/495327618/original.jpeg,http://creativecommons.org/licenses/by-nc/4.0/,Osse,856,856
5153267809_0.jpg,Symphoricarpos microphyllus,5153267809,https://inaturalist-open-data.s3.amazonaws.com/photos/499054194/original.jpeg,http://creativecommons.org/licenses/by-nc/4.0/,Verónica,1536,2048
5153267809_1.jpg,Symphoricarpos microphyllus,5153267809,https://inaturalist-open-data.s3.amazonaws.com/photos/499054229/original.jpeg,http://creativecommons.org/licenses/by-nc/4.0/,Verónica,1536,2048
5153312981_0.jpg,Symphoricarpos microphyllus,5153312981,https://inaturalist-open-data.s3.amazonaws.com/photos/500080757/original.jpg,http://creativecommons.org/licenses/by-nc/4.0/,Anayeli GE,1542,2048
5153339874_0.jpg,Symphoricarpos microphyllus,5153339874,https://inaturalist-open-data.s3.amazonaws.com/photos/499068380/original.jpeg,http://creativecommons.org/licenses/by-nc/4.0/,Carlos,1536,2048
5153436388_0.jpg,Symphoricarpos microphyllus,5153436388,https://inaturalist-open-data.s3.amazonaws.com/photos/493139071/original.jpeg,http://creativecommons.org/licenses/by-nc/4.0/,Carlos,1536,2048
5153436388_1.jpg,Symphoricarpos microphyllus,5153436388,https://inaturalist-open-data.s3.amazonaws.com/photos/493139154/original.jpeg,http://creativecommons.org/licenses/by-nc/4.0/,Carlos,1536,2048
5153565612_0.jpg,Symphoricarpos microphyllus,5153565612,https://inaturalist-open-data.s3.amazonaws.com/photos/499077614/original.jpeg,http://creativecommons.org/licenses/by-nc/4.0/,Anayeli GE,2048,1536
5153695293_0.jpg,Symphoricarpos microphyllus,5153695293,https://inaturalist-open-data.s3.amazonaws.com/photos/499627885/original.jpeg,http://creativecommons.org/licenses/by-nc/4.0/,Carlos,1536,2048
5153695293_1.jpg,Symphoricarpos microphyllus,5153695293,https://inaturalist-open-data.s3.amazonaws.com/photos/499627928/original.jpeg,http://creativecommons.org/licenses/by-nc/4.0/,Carlos,1536,2048
5153772712_0.jpg,Symphoricarpos microphyllus,5153772712,https://inaturalist-open-data.s3.amazonaws.com/photos/499040392/original.jpg,http://creativecommons.org/licenses/by-nc/4.0/,Anayeli GE,1542,2048
5153959906_0.jpg,Symphoricarpos microphyllus,5153959906,https://inaturalist-open-data.s3.amazonaws.com/photos/497845364/original.jpeg,http://creativecommons.org/licenses/by-nc/4.0/,Carlos,1536,2048
5153959906_1.jpg,Symphoricarpos microphyllus,5153959906,https://inaturalist-open-data.s3.amazonaws.com/photos/497845393/original.jpeg,http://creativecommons.org/licenses/by-nc/4.0/,Carlos,1536,2048
5154190413_0.jpg,Symphoricarpos microphyllus,5154190413,https://inaturalist-open-data.s3.amazonaws.com/photos/497025111/original.jpg,http://creativecommons.org/licenses/by-nc/4.0/,Efraín Octavio Aguilar Pérez,1536,2048
5154359629_0.jpg,Symphoricarpos microphyllus,5154359629,https://inaturalist-open-data.s3.amazonaws.com/photos/500258716/original.jpeg,http://creativecommons.org/licenses/by-nc/4.0/,juan_yepes,1536,2048
5154359629_1.jpg,Symphoricarpos microphyllus,5154359629,https://inaturalist-open-data.s3.amazonaws.com/photos/500258779/original.jpeg,http://creativecommons.org/licenses/by-nc/4.0/,juan_yepes,1536,2048
5154444232_0.jpg,Symphoricarpos microphyllus,5154444232,https://inaturalist-open-data.s3.amazonaws.com/photos/499077160/original.jpeg,http://creativecommons.org/licenses/by-nc/4.0/,Anayeli GE,2048,1536
5154444232_1.jpg,Symphoricarpos microphyllus,5154444232,https://inaturalist-open-data.s3.amazonaws.com/photos/499077157/original.jpeg,http://creativecommons.org/licenses/by-nc/4.0/,Anayeli GE,2048,1536
5154698110_0.jpg,Symphoricarpos microphyllus,5154698110,https://inaturalist-open-data.s3.amazonaws.com/photos/500082110/original.jpg,http://creativecommons.org/licenses/by-nc/4.0/,Anayeli GE,1542,2048
5154698110_1.jpg,Symphoricarpos microphyllus,5154698110,https://inaturalist-open-data.s3.amazonaws.com/photos/500082108/original.jpg,http://creativecommons.org/licenses/by-nc/4.0/,Anayeli GE,1542,2048
5154711097_0.jpg,Symphoricarpos microphyllus,5154711097,https://inaturalist-open-data.s3.amazonaws.com/photos/493318163/original.jpeg,http://creativecommons.org/licenses/by-nc/4.0/,Carlos,1536,2048
5177191749_0.jpg,Symphoricarpos microphyllus,5177191749,https://inaturalist-open-data.s3.amazonaws.com/photos/514817996/original.jpg,http://creativecommons.org/licenses/by-nc/4.0/,Chris Millward,2048,1536
5177191749_1.jpg,Symphoricarpos microphyllus,5177191749,https://inaturalist-open-data.s3.amazonaws.com/photos/514818008/original.jpg,http://creativecommons.org/licenses/by-nc/4.0/,Chris Millward,2048,1536
5198713582_0.jpg,Symphoricarpos microphyllus,5198713582,https://inaturalist-open-data.s3.amazonaws.com/photos/521728919/original.jpg,http://creativecommons.org/licenses/by-nc/4.0/,aguilargm,1153,2048
6479120090_0.jpg,Symphoricarpos microphyllus,6479120090,https://inaturalist-open-data.s3.amazonaws.com/photos/537327195/original.jpg,http://creativecommons.org/licenses/by-nc/4.0/,Cin-Ty Lee,1536,2048
5760352359_0.jpg,Symphoricarpos microphyllus,5760352359,https://inaturalist-open-data.s3.amazonaws.com/photos/560634662/original.jpg,http://creativecommons.org/licenses/by/4.0/,Clare Edwards,2048,1535
6129986256_0.jpg,Symphoricarpos microphyllus,6129986256,https://inaturalist-open-data.s3.amazonaws.com/photos/574413535/original.jpg,http://creativecommons.org/licenses/by-nc/4.0/,Kelly Tolentino,1536,2048
6129986256_1.jpg,Symphoricarpos microphyllus,6129986256,https://inaturalist-open-data.s3.amazonaws.com/photos/574413574/original.jpg,http://creativecommons.org/licenses/by-nc/4.0/,Kelly Tolentino,1536,2048
5844334335_0.jpg,Symphoricarpos microphyllus,5844334335,https://inaturalist-open-data.s3.amazonaws.com/photos/575643516/original.jpg,http://creativecommons.org/licenses/by-nc/4.0/,David Valdez,1542,2048
5844334335_1.jpg,Symphoricarpos microphyllus,5844334335,https://inaturalist-open-data.s3.amazonaws.com/photos/575643548/original.jpg,http://creativecommons.org/licenses/by-nc/4.0/,David Valdez,1542,2048
5844334335_2.jpg,Symphoricarpos microphyllus,5844334335,https://inaturalist-open-data.s3.amazonaws.com/photos/575643592/original.jpg,http://creativecommons.org/licenses/by-nc/4.0/,David Valdez,1542,2048
5844577290_0.jpg,Symphoricarpos microphyllus,5844577290,https://inaturalist-open-data.s3.amazonaws.com/photos/578281417/original.jpg,http://creativecommons.org/licenses/by-nc/4.0/,Anayeli GE,1542,2048
5867877830_0.jpg,Symphoricarpos microphyllus,5867877830,https://inaturalist-open-data.s3.amazonaws.com/photos/581005358/original.jpg,http://creativecommons.org/licenses/by-nc/4.0/,IGNACIO ORTUÑO PINEDA,1536,2048
5867877830_1.jpg,Symphoricarpos microphyllus,5867877830,https://inaturalist-open-data.s3.amazonaws.com/photos/581005407/original.jpg,http://creativecommons.org/licenses/by-nc/4.0/,IGNACIO ORTUÑO PINEDA,1536,2048
5867877830_2.jpg,Symphoricarpos microphyllus,5867877830,https://inaturalist-open-data.s3.amazonaws.com/photos/581005427/original.jpg,http://creativecommons.org/licenses/by-nc/4.0/,IGNACIO ORTUÑO PINEDA,1536,2048
5867877830_3.jpg,Symphoricarpos microphyllus,5867877830,https://inaturalist-open-data.s3.amazonaws.com/photos/581005447/original.jpg,http://creativecommons.org/licenses/by-nc/4.0/,IGNACIO ORTUÑO PINEDA,1536,2048
5867877830_4.jpg,Symphoricarpos microphyllus,5867877830,https://inaturalist-open-data.s3.amazonaws.com/photos/581005464/original.jpg,http://creativecommons.org/licenses/by-nc/4.0/,IGNACIO ORTUÑO PINEDA,1536,2048
6130685254_0.jpg,Symphoricarpos microphyllus,6130685254,https://inaturalist-open-data.s3.amazonaws.com/photos/595092719/original.jpg,http://creativecommons.org/licenses/by-nc/4.0/,Amalia Estrada,1193,756
6130685254_1.jpg,Symphoricarpos microphyllus,6130685254,https://inaturalist-open-data.s3.amazonaws.com/photos/595093317/original.jpg,http://creativecommons.org/licenses/by-nc/4.0/,Amalia Estrada,1332,1779
6159191454_0.jpg,Symphoricarpos microphyllus,6159191454,https://inaturalist-open-data.s3.amazonaws.com/photos/614878750/original.jpg,http://creativecommons.org/licenses/by-nc/4.0/,Carlos Alonso Hernández,1536,2048
6159191454_1.jpg,Symphoricarpos microphyllus,6159191454,https://inaturalist-open-data.s3.amazonaws.com/photos/614878764/original.jpg,http://creativecommons.org/licenses/by-nc/4.0/,Carlos Alonso Hernández,1536,2048
6159660408_0.jpg,Symphoricarpos microphyllus,6159660408,https://inaturalist-open-data.s3.amazonaws.com/photos/614768210/original.jpg,http://creativecommons.org/licenses/by-nc/4.0/,Carlos Alonso Hernández,1536,2048
6159660408_1.jpg,Symphoricarpos microphyllus,6159660408,https://inaturalist-open-data.s3.amazonaws.com/photos/614768213/original.jpg,http://creativecommons.org/licenses/by-nc/4.0/,Carlos Alonso Hernández,1536,2048
6159660408_2.jpg,Symphoricarpos microphyllus,6159660408,https://inaturalist-open-data.s3.amazonaws.com/photos/614768217/original.jpg,http://creativecommons.org/licenses/by-nc/4.0/,Carlos Alonso Hernández,1536,2048
4854781795_0.jpg,Symphoricarpos microphyllus,4854781795,https://inaturalist-open-data.s3.amazonaws.com/photos/376675497/original.jpeg,http://creativecommons.org/licenses/by-nc/4.0/,Martín Sánchez Vilchis,1536,2048
4854849177_0.jpg,Symphoricarpos microphyllus,4854849177,https://inaturalist-open-data.s3.amazonaws.com/photos/375388127/original.jpeg,http://creativecommons.org/licenses/by-nc/4.0/,Anayeli GE,1542,2048
4854849177_1.jpg,Symphoricarpos microphyllus,4854849177,https://inaturalist-open-data.s3.amazonaws.com/photos/375388184/original.jpeg,http://creativecommons.org/licenses/by-nc/4.0/,Anayeli GE,1542,2048
4854874283_0.jpg,Symphoricarpos microphyllus,4854874283,https://inaturalist-open-data.s3.amazonaws.com/photos/375401482/original.jpeg,http://creativecommons.org/licenses/by-nc/4.0/,Anayeli GE,1542,2048
4854942186_0.jpg,Symphoricarpos microphyllus,4854942186,https://inaturalist-open-data.s3.amazonaws.com/photos/376405165/original.jpeg,http://creativecommons.org/licenses/by-nc/4.0/,Anayeli GE,2048,1536
4855025227_0.jpg,Symphoricarpos microphyllus,4855025227,https://inaturalist-open-data.s3.amazonaws.com/photos/375419368/original.jpeg,http://creativecommons.org/licenses/by-nc/4.0/,Anayeli GE,1542,2048
4855025227_1.jpg,Symphoricarpos microphyllus,4855025227,https://inaturalist-open-data.s3.amazonaws.com/photos/375419422/original.jpeg,http://creativecommons.org/licenses/by-nc/4.0/,Anayeli GE,1542,2048
4855124523_0.jpg,Symphoricarpos microphyllus,4855124523,https://inaturalist-open-data.s3.amazonaws.com/photos/376283871/original.jpeg,http://creativecommons.org/licenses/by-nc/4.0/,Martín Sánchez Vilchis,1536,2048
4855150375_0.jpg,Symphoricarpos microphyllus,4855150375,https://inaturalist-open-data.s3.amazonaws.com/photos/376530787/original.jpeg,http://creativecommons.org/licenses/by-nc/4.0/,Martín Sánchez Vilchis,1536,2048
4855421893_0.jpg,Symphoricarpos microphyllus,4855421893,https://inaturalist-open-data.s3.amazonaws.com/photos/376537458/original.jpeg,http://creativecommons.org/licenses/by-nc/4.0/,Martín Sánchez Vilchis,1536,2048
4855424715_0.jpg,Symphoricarpos microphyllus,4855424715,https://inaturalist-open-data.s3.amazonaws.com/photos/376299349/original.jpeg,http://creativecommons.org/licenses/by-nc/4.0/,Anayeli GE,768,768
4855424715_1.jpg,Symphoricarpos microphyllus,4855424715,https://inaturalist-open-data.s3.amazonaws.com/photos/376277085/original.jpeg,http://creativecommons.org/licenses/by-nc/4.0/,Anayeli GE,2048,1536
4874997375_0.jpg,Symphoricarpos microphyllus,4874997375,https://inaturalist-open-data.s3.amazonaws.com/photos/387818313/original.jpg,http://creativecommons.org/licenses/by-nc/4.0/,danisg42,1536,2048
4900912032_0.jpg,Symphoricarpos microphyllus,4900912032,https://inaturalist-open-data.s3.amazonaws.com/photos/398671747/original.jpg,http://creativecommons.org/licenses/by-nc/4.0/,Biól. Diana Rosas,1152,2048
4900912032_1.jpg,Symphoricarpos microphyllus,4900912032,https://inaturalist-open-data.s3.amazonaws.com/photos/398671760/original.jpg,http://creativecommons.org/licenses/by-nc/4.0/,Biól. Diana Rosas,1152,2048
4900912032_2.jpg,Symphoricarpos microphyllus,4900912032,https://inaturalist-open-data.s3.amazonaws.com/photos/398671744/original.jpg,http://creativecommons.org/licenses/by-nc/4.0/,Biól. Diana Rosas,1152,2048
4900912032_3.jpg,Symphoricarpos microphyllus,4900912032,https://inaturalist-open-data.s3.amazonaws.com/photos/398671814/original.jpg,http://creativecommons.org/licenses/by-nc/4.0/,Biól. Diana Rosas,1152,2048
4901250590_0.jpg,Symphoricarpos microphyllus,4901250590,https://inaturalist-open-data.s3.amazonaws.com/photos/392426670/original.jpg,http://creativecommons.org/licenses/by-nc/4.0/,Efraín Octavio Aguilar Pérez,1536,2048
4919462591_0.jpg,Symphoricarpos microphyllus,4919462591,https://inaturalist-open-data.s3.amazonaws.com/photos/397774157/original.jpeg,http://creativecommons.org/licenses/by-nc/4.0/,Heriberto Ávila-González,2048,1365
4919462591_1.jpg,Symphoricarpos microphyllus,4919462591,https://inaturalist-open-data.s3.amazonaws.com/photos/397773987/original.jpeg,http://creativecommons.org/licenses/by-nc/4.0/,Heriberto Ávila-González,2048,1365
4919462591_2.jpg,Symphoricarpos microphyllus,4919462591,https://inaturalist-open-data.s3.amazonaws.com/photos/397774106/original.jpeg,http://creativecommons.org/licenses/by-nc/4.0/,Heriberto Ávila-González,2048,1365
4919462591_3.jpg,Symphoricarpos microphyllus,4919462591,https://inaturalist-open-data.s3.amazonaws.com/photos/397774081/original.jpeg,http://creativecommons.org/licenses/by-nc/4.0/,Heriberto Ávila-González,2048,1365
4919462591_4.jpg,Symphoricarpos microphyllus,4919462591,https://inaturalist-open-data.s3.amazonaws.com/photos/397774216/original.jpeg,http://creativecommons.org/licenses/by-nc/4.0/,Heriberto Ávila-González,2048,1365
4921797764_0.jpg,Symphoricarpos microphyllus,4921797764,https://inaturalist-open-data.s3.amazonaws.com/photos/415212687/original.jpeg,http://creativecommons.org/licenses/by/4.0/,Jordi Martínez Martínez,1536,2048
4921999266_0.jpg,Symphoricarpos microphyllus,4921999266,https://inaturalist-open-data.s3.amazonaws.com/photos/415211263/original.jpeg,http://creativecommons.org/licenses/by/4.0/,Jordi Martínez Martínez,1536,2048
4921999266_1.jpg,Symphoricarpos microphyllus,4921999266,https://inaturalist-open-data.s3.amazonaws.com/photos/415211289/original.jpeg,http://creativecommons.org/licenses/by/4.0/,Jordi Martínez Martínez,1536,2048
4952798843_0.jpg,Symphoricarpos microphyllus,4952798843,https://inaturalist-open-data.s3.amazonaws.com/photos/438787202/original.jpeg,http://creativecommons.org/licenses/by-nc/4.0/,Nathan Zárate,1536,2048
4973829075_0.jpg,Symphoricarpos microphyllus,4973829075,https://inaturalist-open-data.s3.amazonaws.com/photos/442149798/original.jpg,http://creativecommons.org/licenses/by-nc/4.0/,Anayeli GE,1542,2048
4014986130_0.jpg,Symphoricarpos microphyllus,4014986130,https://inaturalist-open-data.s3.amazonaws.com/photos/251000959/original.jpeg,http://creativecommons.org/licenses/by/4.0/,Jordi Martínez Martínez,1536,2048
4014986130_1.jpg,Symphoricarpos microphyllus,4014986130,https://inaturalist-open-data.s3.amazonaws.com/photos/251001001/original.jpeg,http://creativecommons.org/licenses/by/4.0/,Jordi Martínez Martínez,1536,2048
6452671909_0.jpg,Cercocarpus macrophyllus,6452671909,https://inaturalist-open-data.s3.amazonaws.com/photos/607030894/original.jpg,http://creativecommons.org/licenses/by-nc/4.0/,"Cerón-Jiménez, O.E.",945,2048
6452671909_1.jpg,Cercocarpus macrophyllus,6452671909,https://inaturalist-open-data.s3.amazonaws.com/photos/607030920/original.jpg,http://creativecommons.org/licenses/by-nc/4.0/,"Cerón-Jiménez, O.E.",945,2048
6178892009_0.jpg,Cercocarpus macrophyllus,6178892009,https://inaturalist-open-data.s3.amazonaws.com/photos/621054044/original.jpg,http://creativecommons.org/licenses/by-nc/4.0/,Nate Hartley,2048,1542
6178892009_1.jpg,Cercocarpus macrophyllus,6178892009,https://inaturalist-open-data.s3.amazonaws.com/photos/621054098/original.jpg,http://creativecommons.org/licenses/by-nc/4.0/,Nate Hartley,1542,2048
6178892009_2.jpg,Cercocarpus macrophyllus,6178892009,https://inaturalist-open-data.s3.amazonaws.com/photos/621054137/original.jpg,http://creativecommons.org/licenses/by-nc/4.0/,Nate Hartley,1542,2048
6178892009_3.jpg,Cercocarpus macrophyllus,6178892009,https://inaturalist-open-data.s3.amazonaws.com/photos/621054175/original.jpg,http://creativecommons.org/licenses/by-nc/4.0/,Nate Hartley,1542,2048
6452088073_0.jpg,Cercocarpus macrophyllus,6452088073,https://inaturalist-open-data.s3.amazonaws.com/photos/626012846/original.jpg,http://creativecommons.org/licenses/by-nc/4.0/,fraseran,1536,2048
6452088073_1.jpg,Cercocarpus macrophyllus,6452088073,https://inaturalist-open-data.s3.amazonaws.com/photos/626012876/original.jpg,http://creativecommons.org/licenses/by-nc/4.0/,fraseran,1536,2048
6452088073_2.jpg,Cercocarpus macrophyllus,6452088073,https://inaturalist-open-data.s3.amazonaws.com/photos/626012904/original.jpg,http://creativecommons.org/licenses/by-nc/4.0/,fraseran,1536,2048
6452088073_3.jpg,Cercocarpus macrophyllus,6452088073,https://inaturalist-open-data.s3.amazonaws.com/photos/626012934/original.jpg,http://creativecommons.org/licenses/by-nc/4.0/,fraseran,1536,2048
6352817415_0.jpg,Cercocarpus macrophyllus,6352817415,https://inaturalist-open-data.s3.amazonaws.com/photos/641639709/original.jpg,http://creativecommons.org/licenses/by-nc/4.0/,Leticia Soriano Flores,2048,1536
5938559565_0.jpg,Cercocarpus macrophyllus,5938559565,https://inaturalist-open-data.s3.amazonaws.com/photos/468553572/original.jpeg,http://creativecommons.org/publicdomain/zero/1.0/,Sinaloa Silvestre,1536,2048
5938559565_1.jpg,Cercocarpus macrophyllus,5938559565,https://inaturalist-open-data.s3.amazonaws.com/photos/468553638/original.jpeg,http://creativecommons.org/publicdomain/zero/1.0/,Sinaloa Silvestre,1536,2048
5134595265_0.jpg,Cercocarpus macrophyllus,5134595265,https://inaturalist-open-data.s3.amazonaws.com/photos/484375941/original.jpeg,http://creativecommons.org/licenses/by-nc/4.0/,Jesús Manuel Martínez-Calderas,2048,1365
5134595265_1.jpg,Cercocarpus macrophyllus,5134595265,https://inaturalist-open-data.s3.amazonaws.com/photos/484375947/original.jpeg,http://creativecommons.org/licenses/by-nc/4.0/,Jesús Manuel Martínez-Calderas,2048,1365
5890269657_0.jpg,Cercocarpus macrophyllus,5890269657,https://inaturalist-open-data.s3.amazonaws.com/photos/585069577/original.jpg,http://creativecommons.org/licenses/by/4.0/,Rodolfo Maximiliano Gutiérrez-Sánchez,2048,1365
5890269657_1.jpg,Cercocarpus macrophyllus,5890269657,https://inaturalist-open-data.s3.amazonaws.com/photos/585069576/original.jpg,http://creativecommons.org/licenses/by/4.0/,Rodolfo Maximiliano Gutiérrez-Sánchez,2048,1365
5890269657_2.jpg,Cercocarpus macrophyllus,5890269657,https://inaturalist-open-data.s3.amazonaws.com/photos/585069571/original.jpg,http://creativecommons.org/licenses/by/4.0/,Rodolfo Maximiliano Gutiérrez-Sánchez,2048,1365
5920233675_0.jpg,Cercocarpus macrophyllus,5920233675,https://inaturalist-open-data.s3.amazonaws.com/photos/597006445/original.jpg,http://creativecommons.org/licenses/by-nc/4.0/,Joey Santore,1620,1080
5920233675_1.jpg,Cercocarpus macrophyllus,5920233675,https://inaturalist-open-data.s3.amazonaws.com/photos/597008245/original.jpg,http://creativecommons.org/licenses/by-nc/4.0/,Joey Santore,1620,1080
5920233675_2.jpg,Cercocarpus macrophyllus,5920233675,https://inaturalist-open-data.s3.amazonaws.com/photos/597008261/original.jpg,http://creativecommons.org/licenses/by-nc/4.0/,Joey Santore,1620,1080
5920233675_3.jpg,Cercocarpus macrophyllus,5920233675,https://inaturalist-open-data.s3.amazonaws.com/photos/597008275/original.jpg,http://creativecommons.org/licenses/by-nc/4.0/,Joey Santore,1620,1080
5920233675_4.jpg,Cercocarpus macrophyllus,5920233675,https://inaturalist-open-data.s3.amazonaws.com/photos/597008296/original.jpg,http://creativecommons.org/licenses/by-nc/4.0/,Joey Santore,1620,1080
5920233675_5.jpg,Cercocarpus macrophyllus,5920233675,https://inaturalist-open-data.s3.amazonaws.com/photos/597008313/original.jpg,http://creativecommons.org/licenses/by-nc/4.0/,Joey Santore,1620,1080
5920233675_6.jpg,Cercocarpus macrophyllus,5920233675,https://inaturalist-open-data.s3.amazonaws.com/photos/597008332/original.jpg,http://creativecommons.org/licenses/by-nc/4.0/,Joey Santore,1620,1080
5920233675_7.jpg,Cercocarpus macrophyllus,5920233675,https://inaturalist-open-data.s3.amazonaws.com/photos/597008352/original.jpg,http://creativecommons.org/licenses/by-nc/4.0/,Joey Santore,1620,1080
5920233675_8.jpg,Cercocarpus macrophyllus,5920233675,https://inaturalist-open-data.s3.amazonaws.com/photos/597008372/original.jpg,http://creativecommons.org/licenses/by-nc/4.0/,Joey Santore,1620,1080
5932236511_0.jpg,Cercocarpus macrophyllus,5932236511,https://inaturalist-open-data.s3.amazonaws.com/photos/599789010/original.jpg,http://creativecommons.org/licenses/by-nc/4.0/,Joey Santore,1620,1080
5932236511_1.jpg,Cercocarpus macrophyllus,5932236511,https://inaturalist-open-data.s3.amazonaws.com/photos/599789029/original.jpg,http://creativecommons.org/licenses/by-nc/4.0/,Joey Santore,1620,1080
5932236511_2.jpg,Cercocarpus macrophyllus,5932236511,https://inaturalist-open-data.s3.amazonaws.com/photos/599789045/original.jpg,http://creativecommons.org/licenses/by-nc/4.0/,Joey Santore,1620,1080
5932236511_3.jpg,Cercocarpus macrophyllus,5932236511,https://inaturalist-open-data.s3.amazonaws.com/photos/599789057/original.jpg,http://creativecommons.org/licenses/by-nc/4.0/,Joey Santore,1620,1080
5932236511_4.jpg,Cercocarpus macrophyllus,5932236511,https://inaturalist-open-data.s3.amazonaws.com/photos/599789064/original.jpg,http://creativecommons.org/licenses/by-nc/4.0/,Joey Santore,1620,1080
5932236511_5.jpg,Cercocarpus macrophyllus,5932236511,https://inaturalist-open-data.s3.amazonaws.com/photos/599789081/original.jpg,http://creativecommons.org/licenses/by-nc/4.0/,Joey Santore,1620,1080
5932236511_6.jpg,Cercocarpus macrophyllus,5932236511,https://inaturalist-open-data.s3.amazonaws.com/photos/599789096/original.jpg,http://creativecommons.org/licenses/by-nc/4.0/,Joey Santore,1080,1620
5932236511_7.jpg,Cercocarpus macrophyllus,5932236511,https://inaturalist-open-data.s3.amazonaws.com/photos/599789113/original.jpg,http://creativecommons.org/licenses/by-nc/4.0/,Joey Santore,1620,1080
6130375293_0.jpg,Cercocarpus macrophyllus,6130375293,https://inaturalist-open-data.s3.amazonaws.com/photos/605794051/original.jpg,http://creativecommons.org/licenses/by-nc/4.0/,weilival,1152,2048
6130375293_1.jpg,Cercocarpus macrophyllus,6130375293,https://inaturalist-open-data.s3.amazonaws.com/photos/605794095/original.jpg,http://creativecommons.org/licenses/by-nc/4.0/,weilival,1152,2048
6130375293_2.jpg,Cercocarpus macrophyllus,6130375293,https://inaturalist-open-data.s3.amazonaws.com/photos/605794100/original.jpg,http://creativecommons.org/licenses/by-nc/4.0/,weilival,2048,1152
4519062014_0.jpg,Cercocarpus macrophyllus,4519062014,https://inaturalist-open-data.s3.amazonaws.com/photos/349014058/original.jpg,http://creativecommons.org/licenses/by-nc/4.0/,Ciro Rodriguez Perez,1152,2048
4522669023_0.jpg,Cercocarpus macrophyllus,4522669023,https://inaturalist-open-data.s3.amazonaws.com/photos/350342134/original.jpeg,http://creativecommons.org/licenses/by-nc/4.0/,Ryan E. Gray,1920,1280
4522669023_1.jpg,Cercocarpus macrophyllus,4522669023,https://inaturalist-open-data.s3.amazonaws.com/photos/350342203/original.jpeg,http://creativecommons.org/licenses/by-nc/4.0/,Ryan E. Gray,1280,1920
4522669023_2.jpg,Cercocarpus macrophyllus,4522669023,https://inaturalist-open-data.s3.amazonaws.com/photos/350342213/original.jpeg,http://creativecommons.org/licenses/by-nc/4.0/,Ryan E. Gray,1920,1280
4522669023_3.jpg,Cercocarpus macrophyllus,4522669023,https://inaturalist-open-data.s3.amazonaws.com/photos/350342228/original.jpeg,http://creativecommons.org/licenses/by-nc/4.0/,Ryan E. Gray,1280,1920
4607652601_0.jpg,Cercocarpus macrophyllus,4607652601,https://inaturalist-open-data.s3.amazonaws.com/photos/363437596/original.jpg,http://creativecommons.org/licenses/by/4.0/,Carlos Domínguez-Rodríguez,1542,2048
4607652601_1.jpg,Cercocarpus macrophyllus,4607652601,https://inaturalist-open-data.s3.amazonaws.com/photos/363437627/original.jpg,http://creativecommons.org/licenses/by/4.0/,Carlos Domínguez-Rodríguez,1542,2048
4607652601_2.jpg,Cercocarpus macrophyllus,4607652601,https://inaturalist-open-data.s3.amazonaws.com/photos/363437652/original.jpg,http://creativecommons.org/licenses/by/4.0/,Carlos Domínguez-Rodríguez,1542,2048
4607652601_3.jpg,Cercocarpus macrophyllus,4607652601,https://inaturalist-open-data.s3.amazonaws.com/photos/363437642/original.jpg,http://creativecommons.org/licenses/by/4.0/,Carlos Domínguez-Rodríguez,1542,2048
4607652601_4.jpg,Cercocarpus macrophyllus,4607652601,https://inaturalist-open-data.s3.amazonaws.com/photos/363437664/original.jpg,http://creativecommons.org/licenses/by/4.0/,Carlos Domínguez-Rodríguez,1542,2048
5828087659_0.jpg,Cercocarpus macrophyllus,5828087659,https://inaturalist-open-data.s3.amazonaws.com/photos/378339421/original.jpeg,http://creativecommons.org/licenses/by-nc/4.0/,Sarahí Díaz-Mota,2048,1536
5828087659_1.jpg,Cercocarpus macrophyllus,5828087659,https://inaturalist-open-data.s3.amazonaws.com/photos/378339444/original.jpeg,http://creativecommons.org/licenses/by-nc/4.0/,Sarahí Díaz-Mota,2048,1536
5828087659_2.jpg,Cercocarpus macrophyllus,5828087659,https://inaturalist-open-data.s3.amazonaws.com/photos/378339454/original.jpeg,http://creativecommons.org/licenses/by-nc/4.0/,Sarahí Díaz-Mota,2048,1536
5828087659_3.jpg,Cercocarpus macrophyllus,5828087659,https://inaturalist-open-data.s3.amazonaws.com/photos/378339455/original.jpeg,http://creativecommons.org/licenses/by-nc/4.0/,Sarahí Díaz-Mota,2048,1536
5828087659_4.jpg,Cercocarpus macrophyllus,5828087659,https://inaturalist-open-data.s3.amazonaws.com/photos/378339476/original.jpeg,http://creativecommons.org/licenses/by-nc/4.0/,Sarahí Díaz-Mota,2048,1536
5828087659_5.jpg,Cercocarpus macrophyllus,5828087659,https://inaturalist-open-data.s3.amazonaws.com/photos/378339417/original.jpeg,http://creativecommons.org/licenses/by-nc/4.0/,Sarahí Díaz-Mota,2048,1536
5828087659_6.jpg,Cercocarpus macrophyllus,5828087659,https://inaturalist-open-data.s3.amazonaws.com/photos/378339407/original.jpeg,http://creativecommons.org/licenses/by-nc/4.0/,Sarahí Díaz-Mota,2048,1536
5828087659_7.jpg,Cercocarpus macrophyllus,5828087659,https://inaturalist-open-data.s3.amazonaws.com/photos/378339385/original.jpeg,http://creativecommons.org/licenses/by-nc/4.0/,Sarahí Díaz-Mota,2048,1536
5828087659_8.jpg,Cercocarpus macrophyllus,5828087659,https://inaturalist-open-data.s3.amazonaws.com/photos/378339376/original.jpeg,http://creativecommons.org/licenses/by-nc/4.0/,Sarahí Díaz-Mota,2048,1536
5828087659_9.jpg,Cercocarpus macrophyllus,5828087659,https://inaturalist-open-data.s3.amazonaws.com/photos/378339380/original.jpeg,http://creativecommons.org/licenses/by-nc/4.0/,Sarahí Díaz-Mota,2048,1536
4892169222_0.jpg,Cercocarpus macrophyllus,4892169222,https://inaturalist-open-data.s3.amazonaws.com/photos/393030832/original.jpg,http://creativecommons.org/licenses/by-nc/4.0/,César Rodríguez,1536,2048
4892169222_1.jpg,Cercocarpus macrophyllus,4892169222,https://inaturalist-open-data.s3.amazonaws.com/photos/393030850/original.jpg,http://creativecommons.org/licenses/by-nc/4.0/,César Rodríguez,1536,2048
4892169222_2.jpg,Cercocarpus macrophyllus,4892169222,https://inaturalist-open-data.s3.amazonaws.com/photos/393030882/original.jpg,http://creativecommons.org/licenses/by-nc/4.0/,César Rodríguez,1536,2048
4892169222_3.jpg,Cercocarpus macrophyllus,4892169222,https://inaturalist-open-data.s3.amazonaws.com/photos/393030906/original.jpg,http://creativecommons.org/licenses/by-nc/4.0/,César Rodríguez,1536,2048
4892169222_4.jpg,Cercocarpus macrophyllus,4892169222,https://inaturalist-open-data.s3.amazonaws.com/photos/393030929/original.jpg,http://creativecommons.org/licenses/by-nc/4.0/,César Rodríguez,1536,2048
4892169222_5.jpg,Cercocarpus macrophyllus,4892169222,https://inaturalist-open-data.s3.amazonaws.com/photos/393030954/original.jpg,http://creativecommons.org/licenses/by-nc/4.0/,César Rodríguez,1536,2048
4892169222_6.jpg,Cercocarpus macrophyllus,4892169222,https://inaturalist-open-data.s3.amazonaws.com/photos/393030971/original.jpg,http://creativecommons.org/licenses/by-nc/4.0/,César Rodríguez,1536,2048
4892169222_7.jpg,Cercocarpus macrophyllus,4892169222,https://inaturalist-open-data.s3.amazonaws.com/photos/393031009/original.jpg,http://creativecommons.org/licenses/by-nc/4.0/,César Rodríguez,1536,2048
5938194999_0.jpg,Erythrina flabelliformis,5938194999,https://inaturalist-open-data.s3.amazonaws.com/photos/605278283/original.jpg,http://creativecommons.org/licenses/by-nc/4.0/,Wade Olsson,2048,1536
5938218467_0.jpg,Erythrina flabelliformis,5938218467,https://inaturalist-open-data.s3.amazonaws.com/photos/605278167/original.jpg,http://creativecommons.org/licenses/by-nc/4.0/,Wade Olsson,1536,2048
5938406749_0.jpg,Erythrina flabelliformis,5938406749,https://inaturalist-open-data.s3.amazonaws.com/photos/605548732/original.jpg,http://creativecommons.org/licenses/by-nc/4.0/,Wade Olsson,1536,2048
5938641239_0.jpg,Erythrina flabelliformis,5938641239,https://inaturalist-open-data.s3.amazonaws.com/photos/605184148/original.jpg,http://creativecommons.org/licenses/by-nc/4.0/,Jess Beauchemin,2048,1542
5938641239_1.jpg,Erythrina flabelliformis,5938641239,https://inaturalist-open-data.s3.amazonaws.com/photos/605184182/original.jpg,http://creativecommons.org/licenses/by-nc/4.0/,Jess Beauchemin,1542,2048
5938641239_2.jpg,Erythrina flabelliformis,5938641239,https://inaturalist-open-data.s3.amazonaws.com/photos/605184229/original.jpg,http://creativecommons.org/licenses/by-nc/4.0/,Jess Beauchemin,1542,2048
6130698971_0.jpg,Erythrina flabelliformis,6130698971,https://inaturalist-open-data.s3.amazonaws.com/photos/609355972/original.jpg,http://creativecommons.org/licenses/by-nc/4.0/,bellalex10,1152,2048
6130923144_0.jpg,Erythrina flabelliformis,6130923144,https://inaturalist-open-data.s3.amazonaws.com/photos/609860377/original.jpg,http://creativecommons.org/licenses/by-nc/4.0/,Michael G. Simpson,1536,2048
6130923144_1.jpg,Erythrina flabelliformis,6130923144,https://inaturalist-open-data.s3.amazonaws.com/photos/609860400/original.jpg,http://creativecommons.org/licenses/by-nc/4.0/,Michael G. Simpson,1536,2048
6130923144_2.jpg,Erythrina flabelliformis,6130923144,https://inaturalist-open-data.s3.amazonaws.com/photos/609860413/original.jpg,http://creativecommons.org/licenses/by-nc/4.0/,Michael G. Simpson,1536,2048
6131059544_0.jpg,Erythrina flabelliformis,6131059544,https://inaturalist-open-data.s3.amazonaws.com/photos/607831390/original.jpg,http://creativecommons.org/licenses/by-nc/4.0/,korenbosworth,1536,2048
6131059544_1.jpg,Erythrina flabelliformis,6131059544,https://inaturalist-open-data.s3.amazonaws.com/photos/607831410/original.jpg,http://creativecommons.org/licenses/by-nc/4.0/,korenbosworth,1536,2048
6131411039_0.jpg,Erythrina flabelliformis,6131411039,https://inaturalist-open-data.s3.amazonaws.com/photos/607374965/original.jpg,http://creativecommons.org/licenses/by-nc/4.0/,yamstress,2048,1536
6131411039_1.jpg,Erythrina flabelliformis,6131411039,https://inaturalist-open-data.s3.amazonaws.com/photos/607374983/original.jpg,http://creativecommons.org/licenses/by-nc/4.0/,yamstress,2048,1536
6131411039_2.jpg,Erythrina flabelliformis,6131411039,https://inaturalist-open-data.s3.amazonaws.com/photos/607374989/original.jpg,http://creativecommons.org/licenses/by-nc/4.0/,yamstress,2048,1536
6131619049_0.jpg,Erythrina flabelliformis,6131619049,https://inaturalist-open-data.s3.amazonaws.com/photos/609868486/original.jpg,http://creativecommons.org/licenses/by-nc/4.0/,Mbugs,1536,2048
6133456765_0.jpg,Erythrina flabelliformis,6133456765,https://inaturalist-open-data.s3.amazonaws.com/photos/611803362/original.jpg,http://creativecommons.org/licenses/by/4.0/,Daniel McNair,1536,2048
6133456765_1.jpg,Erythrina flabelliformis,6133456765,https://inaturalist-open-data.s3.amazonaws.com/photos/611803355/original.jpg,http://creativecommons.org/licenses/by/4.0/,Daniel McNair,1536,2048
6171342588_0.jpg,Erythrina flabelliformis,6171342588,https://inaturalist-open-data.s3.amazonaws.com/photos/605200917/original.jpg,http://creativecommons.org/licenses/by-sa/4.0/,Mike Ostrowski,1362,2048
6171342588_1.jpg,Erythrina flabelliformis,6171342588,https://inaturalist-open-data.s3.amazonaws.com/photos/605200912/original.jpg,http://creativecommons.org/licenses/by-sa/4.0/,Mike Ostrowski,2048,1362
6178700847_0.jpg,Erythrina flabelliformis,6178700847,https://inaturalist-open-data.s3.amazonaws.com/photos/610967557/original.jpg,http://creativecommons.org/licenses/by-nc/4.0/,Will Yaeger,1536,2048
6178700847_1.jpg,Erythrina flabelliformis,6178700847,https://inaturalist-open-data.s3.amazonaws.com/photos/610967571/original.jpg,http://creativecommons.org/licenses/by-nc/4.0/,Will Yaeger,1536,2048
6178700847_2.jpg,Erythrina flabelliformis,6178700847,https://inaturalist-open-data.s3.amazonaws.com/photos/610967570/original.jpg,http://creativecommons.org/licenses/by-nc/4.0/,Will Yaeger,1536,2048
6178700847_3.jpg,Erythrina flabelliformis,6178700847,https://inaturalist-open-data.s3.amazonaws.com/photos/610967583/original.jpg,http://creativecommons.org/licenses/by-nc/4.0/,Will Yaeger,1536,2048
6179524900_0.jpg,Erythrina flabelliformis,6179524900,https://inaturalist-open-data.s3.amazonaws.com/photos/609009710/original.jpg,http://creativecommons.org/licenses/by-nc/4.0/,tkochenderfer1,1536,2048
6147471630_0.jpg,Erythrina flabelliformis,6147471630,https://inaturalist-open-data.s3.amazonaws.com/photos/613128477/original.jpg,http://creativecommons.org/licenses/by-nc/4.0/,GregB,1536,2048
6147569370_0.jpg,Erythrina flabelliformis,6147569370,https://inaturalist-open-data.s3.amazonaws.com/photos/612847841/original.jpg,http://creativecommons.org/licenses/by-nc/4.0/,Nick Dorian,1536,2048
6163158079_0.jpg,Erythrina flabelliformis,6163158079,https://inaturalist-open-data.s3.amazonaws.com/photos/617008602/original.jpg,http://creativecommons.org/licenses/by-nc/4.0/,cathyterw,1536,2048
6170826719_0.jpg,Erythrina flabelliformis,6170826719,https://inaturalist-open-data.s3.amazonaws.com/photos/619066253/original.jpg,http://creativecommons.org/licenses/by-nc/4.0/,Emily Walla,1536,2048
6179270424_0.jpg,Erythrina flabelliformis,6179270424,https://inaturalist-open-data.s3.amazonaws.com/photos/613470462/original.jpg,http://creativecommons.org/licenses/by-nc/4.0/,Betsy Brown,1542,2048
6179270424_1.jpg,Erythrina flabelliformis,6179270424,https://inaturalist-open-data.s3.amazonaws.com/photos/613470495/original.jpg,http://creativecommons.org/licenses/by-nc/4.0/,Betsy Brown,2048,1542
6179126062_1.jpg,Erythrina flabelliformis,6179126062,https://inaturalist-open-data.s3.amazonaws.com/photos/625002477/original.jpg,http://creativecommons.org/licenses/by-nc/4.0/,jack,1536,2048
6185472600_0.jpg,Erythrina flabelliformis,6185472600,https://inaturalist-open-data.s3.amazonaws.com/photos/625460386/original.jpg,http://creativecommons.org/licenses/by-nc/4.0/,Kathryn Dick,1365,2048
6185472600_1.jpg,Erythrina flabelliformis,6185472600,https://inaturalist-open-data.s3.amazonaws.com/photos/625460409/original.jpg,http://creativecommons.org/licenses/by-nc/4.0/,Kathryn Dick,2048,1365
6185472600_2.jpg,Erythrina flabelliformis,6185472600,https://inaturalist-open-data.s3.amazonaws.com/photos/625460391/original.jpg,http://creativecommons.org/licenses/by-nc/4.0/,Kathryn Dick,2048,1365
6179126062_0.jpg,Erythrina flabelliformis,6179126062,https://inaturalist-open-data.s3.amazonaws.com/photos/625002474/original.jpg,http://creativecommons.org/licenses/by-nc/4.0/,jack,1365,2048
6179193492_4.jpg,Erythrina flabelliformis,6179193492,https://inaturalist-open-data.s3.amazonaws.com/photos/623164548/original.jpg,http://creativecommons.org/licenses/by-nc/4.0/,Adrienne McLeod,2048,1476
6179193492_0.jpg,Erythrina flabelliformis,6179193492,https://inaturalist-open-data.s3.amazonaws.com/photos/623164545/original.jpg,http://creativecommons.org/licenses/by-nc/4.0/,Adrienne McLeod,1429,2048
6179193492_1.jpg,Erythrina flabelliformis,6179193492,https://inaturalist-open-data.s3.amazonaws.com/photos/623164552/original.jpg,http://creativecommons.org/licenses/by-nc/4.0/,Adrienne McLeod,2048,1882
6195236798_0.jpg,Erythrina flabelliformis,6195236798,https://inaturalist-open-data.s3.amazonaws.com/photos/636337143/original.jpg,http://creativecommons.org/licenses/by/4.0/,Carlos Domínguez-Rodríguez,2048,1363
6195236798_2.jpg,Erythrina flabelliformis,6195236798,https://inaturalist-open-data.s3.amazonaws.com/photos/636337209/original.jpg,http://creativecommons.org/licenses/by/4.0/,Carlos Domínguez-Rodríguez,2048,1363
6195236798_1.jpg,Erythrina flabelliformis,6195236798,https://inaturalist-open-data.s3.amazonaws.com/photos/636337196/original.jpg,http://creativecommons.org/licenses/by/4.0/,Carlos Domínguez-Rodríguez,2048,1363
6179193492_3.jpg,Erythrina flabelliformis,6179193492,https://inaturalist-open-data.s3.amazonaws.com/photos/623164543/original.jpg,http://creativecommons.org/licenses/by-nc/4.0/,Adrienne McLeod,2048,1764
6179193492_2.jpg,Erythrina flabelliformis,6179193492,https://inaturalist-open-data.s3.amazonaws.com/photos/623164547/original.jpg,http://creativecommons.org/licenses/by-nc/4.0/,Adrienne McLeod,2048,1882
6195475744_0.jpg,Erythrina flabelliformis,6195475744,https://inaturalist-open-data.s3.amazonaws.com/photos/635811689/original.jpg,http://creativecommons.org/publicdomain/zero/1.0/,Daniel,1536,2048
6251588397_0.jpg,Erythrina flabelliformis,6251588397,https://inaturalist-open-data.s3.amazonaws.com/photos/651669339/original.jpg,http://creativecommons.org/licenses/by-nc/4.0/,mdaw,1536,2048
6236219944_0.jpg,Erythrina flabelliformis,6236219944,https://inaturalist-open-data.s3.amazonaws.com/photos/641629062/original.jpg,http://creativecommons.org/licenses/by/4.0/,Bob Henry,1152,2048
6235922781_0.jpg,Erythrina flabelliformis,6235922781,https://inaturalist-open-data.s3.amazonaws.com/photos/644108662/original.jpg,http://creativecommons.org/licenses/by-nc/4.0/,morenademar,1536,2048
6253202264_0.jpg,Erythrina flabelliformis,6253202264,https://inaturalist-open-data.s3.amazonaws.com/photos/650488169/original.jpg,http://creativecommons.org/licenses/by-nc/4.0/,Osiel Flores,1280,960
6253202264_1.jpg,Erythrina flabelliformis,6253202264,https://inaturalist-open-data.s3.amazonaws.com/photos/650488172/original.jpg,http://creativecommons.org/licenses/by-nc/4.0/,Osiel Flores,1280,960
6253202264_2.jpg,Erythrina flabelliformis,6253202264,https://inaturalist-open-data.s3.amazonaws.com/photos/650488171/original.jpg,http://creativecommons.org/licenses/by-nc/4.0/,Osiel Flores,1280,960
6273720761_0.jpg,Erythrina flabelliformis,6273720761,https://inaturalist-open-data.s3.amazonaws.com/photos/657773816/original.jpg,http://creativecommons.org/licenses/by-nc-nd/4.0/,Diana Laura G López,2048,1365
6273482468_3.jpg,Erythrina flabelliformis,6273482468,https://inaturalist-open-data.s3.amazonaws.com/photos/654395321/original.jpg,http://creativecommons.org/licenses/by-nc/4.0/,Osiel Flores,2048,1536
6273482468_2.jpg,Erythrina flabelliformis,6273482468,https://inaturalist-open-data.s3.amazonaws.com/photos/654395285/original.jpg,http://creativecommons.org/licenses/by-nc/4.0/,Osiel Flores,2048,1536
6273482468_1.jpg,Erythrina flabelliformis,6273482468,https://inaturalist-open-data.s3.amazonaws.com/photos/654395288/original.jpg,http://creativecommons.org/licenses/by-nc/4.0/,Osiel Flores,2048,1536
6273482468_0.jpg,Erythrina flabelliformis,6273482468,https://inaturalist-open-data.s3.amazonaws.com/photos/654395286/original.jpg,http://creativecommons.org/licenses/by-nc/4.0/,Osiel Flores,2048,1536
6334190880_0.jpg,Erythrina flabelliformis,6334190880,https://inaturalist-open-data.s3.amazonaws.com/photos/663668192/original.jpg,http://creativecommons.org/licenses/by-nc/4.0/,botaniconn,1536,2048
6274139537_0.jpg,Erythrina flabelliformis,6274139537,https://inaturalist-open-data.s3.amazonaws.com/photos/652555854/original.jpg,http://creativecommons.org/licenses/by-nc/4.0/,Gerardo Marrón,1365,2048
6251991433_0.jpg,Erythrina flabelliformis,6251991433,https://inaturalist-open-data.s3.amazonaws.com/photos/649196814/original.jpg,http://creativecommons.org/licenses/by-nc/4.0/,GregB,1536,2048
6252029584_0.jpg,Erythrina flabelliformis,6252029584,https://inaturalist-open-data.s3.amazonaws.com/photos/649626971/original.jpg,http://creativecommons.org/licenses/by-nc/4.0/,Emma J Rubin,1536,2048
6334190880_1.jpg,Erythrina flabelliformis,6334190880,https://inaturalist-open-data.s3.amazonaws.com/photos/663668230/original.jpg,http://creativecommons.org/licenses/by-nc/4.0/,botaniconn,1536,2048
6334190880_2.jpg,Erythrina flabelliformis,6334190880,https://inaturalist-open-data.s3.amazonaws.com/photos/663668263/original.jpg,http://creativecommons.org/licenses/by-nc/4.0/,botaniconn,1536,2048
6352918816_0.jpg,Erythrina flabelliformis,6352918816,https://inaturalist-open-data.s3.amazonaws.com/photos/651013627/original.jpg,http://creativecommons.org/licenses/by-nc/4.0/,sbryan678,1536,2048
6320341026_0.jpg,Erythrina flabelliformis,6320341026,https://inaturalist-open-data.s3.amazonaws.com/photos/661919697/original.jpg,http://creativecommons.org/licenses/by-nc/4.0/,Melissa Fratello,879,1058
6320546939_0.jpg,Erythrina flabelliformis,6320546939,https://inaturalist-open-data.s3.amazonaws.com/photos/659755278/original.jpg,http://creativecommons.org/licenses/by-nc/4.0/,pseudomyrmex,1536,2048
6320470647_0.jpg,Erythrina flabelliformis,6320470647,https://inaturalist-open-data.s3.amazonaws.com/photos/661595594/original.jpg,http://creativecommons.org/licenses/by-nc/4.0/,marvindobkinttt,2048,1648
6320332792_0.jpg,Erythrina flabelliformis,6320332792,https://inaturalist-open-data.s3.amazonaws.com/photos/660783894/original.jpg,http://creativecommons.org/licenses/by-nc/4.0/,Liam Conley,1536,2048
6320332792_1.jpg,Erythrina flabelliformis,6320332792,https://inaturalist-open-data.s3.amazonaws.com/photos/660783892/original.jpg,http://creativecommons.org/licenses/by-nc/4.0/,Liam Conley,1536,2048
6320651780_0.jpg,Erythrina flabelliformis,6320651780,https://inaturalist-open-data.s3.amazonaws.com/photos/659664438/original.jpg,http://creativecommons.org/licenses/by-nc/4.0/,Lin Piest,2048,1536
6273533023_0.jpg,Erythrina flabelliformis,6273533023,https://inaturalist-open-data.s3.amazonaws.com/photos/656751635/original.jpg,http://creativecommons.org/licenses/by-nc/4.0/,robertwayne,2048,1536
6320341026_1.jpg,Erythrina flabelliformis,6320341026,https://inaturalist-open-data.s3.amazonaws.com/photos/661919726/original.jpg,http://creativecommons.org/licenses/by-nc/4.0/,Melissa Fratello,1536,2048
6252153836_0.jpg,Erythrina flabelliformis,6252153836,https://inaturalist-open-data.s3.amazonaws.com/photos/651644122/original.jpg,http://creativecommons.org/licenses/by-nc/4.0/,jerimarkham,1536,2048
6273533023_1.jpg,Erythrina flabelliformis,6273533023,https://inaturalist-open-data.s3.amazonaws.com/photos/656751652/original.jpg,http://creativecommons.org/licenses/by-nc/4.0/,robertwayne,2048,1536
6320694869_0.jpg,Erythrina flabelliformis,6320694869,https://inaturalist-open-data.s3.amazonaws.com/photos/660316190/original.jpg,http://creativecommons.org/licenses/by-nc/4.0/,Pete Siminski,2048,1536
6352380090_1.jpg,Erythrina flabelliformis,6352380090,https://inaturalist-open-data.s3.amazonaws.com/photos/670042697/original.jpg,http://creativecommons.org/licenses/by-nc/4.0/,Arthur Yang,2048,1367
6352380090_0.jpg,Erythrina flabelliformis,6352380090,https://inaturalist-open-data.s3.amazonaws.com/photos/670042710/original.jpg,http://creativecommons.org/licenses/by-nc/4.0/,Arthur Yang,2048,1367
6334363877_0.jpg,Erythrina flabelliformis,6334363877,https://inaturalist-open-data.s3.amazonaws.com/photos/665377418/original.jpg,http://creativecommons.org/licenses/by-nc/4.0/,GregB,2048,1152
6320806412_0.jpg,Erythrina flabelliformis,6320806412,https://inaturalist-open-data.s3.amazonaws.com/photos/658729386/original.jpg,http://creativecommons.org/licenses/by-nc/4.0/,Lyn Jackson,2048,2048
6320806412_2.jpg,Erythrina flabelliformis,6320806412,https://inaturalist-open-data.s3.amazonaws.com/photos/658729460/original.jpg,http://creativecommons.org/licenses/by-nc/4.0/,Lyn Jackson,2048,1536
6320806412_3.jpg,Erythrina flabelliformis,6320806412,https://inaturalist-open-data.s3.amazonaws.com/photos/658729499/original.jpg,http://creativecommons.org/licenses/by-nc/4.0/,Lyn Jackson,2048,2048
6320889781_0.jpg,Erythrina flabelliformis,6320889781,https://inaturalist-open-data.s3.amazonaws.com/photos/660901971/original.jpg,http://creativecommons.org/licenses/by-nc/4.0/,jeremypmccann,2048,1615
6352414439_0.jpg,Erythrina flabelliformis,6352414439,https://inaturalist-open-data.s3.amazonaws.com/photos/667562760/original.jpg,http://creativecommons.org/licenses/by-nc/4.0/,David Cristiani,2048,1536
6334724904_0.jpg,Erythrina flabelliformis,6334724904,https://inaturalist-open-data.s3.amazonaws.com/photos/666299842/original.jpg,http://creativecommons.org/licenses/by-nc/4.0/,MichaelMonarda,1152,2048
6320806412_1.jpg,Erythrina flabelliformis,6320806412,https://inaturalist-open-data.s3.amazonaws.com/photos/658729432/original.jpg,http://creativecommons.org/licenses/by-nc/4.0/,Lyn Jackson,2048,2048
6352414439_1.jpg,Erythrina flabelliformis,6352414439,https://inaturalist-open-data.s3.amazonaws.com/photos/667562695/original.jpg,http://creativecommons.org/licenses/by-nc/4.0/,David Cristiani,2048,1536
6352414439_2.jpg,Erythrina flabelliformis,6352414439,https://inaturalist-open-data.s3.amazonaws.com/photos/667562721/original.jpg,http://creativecommons.org/licenses/by-nc/4.0/,David Cristiani,2048,1536
6352445503_0.jpg,Erythrina flabelliformis,6352445503,https://inaturalist-open-data.s3.amazonaws.com/photos/670042377/original.jpg,http://creativecommons.org/licenses/by-nc/4.0/,Arthur Yang,2048,1367
6352414439_3.jpg,Erythrina flabelliformis,6352414439,https://inaturalist-open-data.s3.amazonaws.com/photos/667562789/original.jpg,http://creativecommons.org/licenses/by-nc/4.0/,David Cristiani,2048,1536
6352438079_0.jpg,Erythrina flabelliformis,6352438079,https://inaturalist-open-data.s3.amazonaws.com/photos/667741595/original.jpg,http://creativecommons.org/licenses/by/4.0/,CK2AZ,2048,1536
6352438079_1.jpg,Erythrina flabelliformis,6352438079,https://inaturalist-open-data.s3.amazonaws.com/photos/667741599/original.jpg,http://creativecommons.org/licenses/by/4.0/,CK2AZ,2048,1536
6352694451_0.jpg,Erythrina flabelliformis,6352694451,https://inaturalist-open-data.s3.amazonaws.com/photos/652096618/original.jpg,http://creativecommons.org/licenses/by-nc/4.0/,Renesha Griffith,1536,2048
6352955871_0.jpg,Erythrina flabelliformis,6352955871,https://inaturalist-open-data.s3.amazonaws.com/photos/670803693/original.jpg,http://creativecommons.org/licenses/by-nc/4.0/,Arthur Yang,2048,1367
6352624963_1.jpg,Erythrina flabelliformis,6352624963,https://inaturalist-open-data.s3.amazonaws.com/photos/667563025/original.jpg,http://creativecommons.org/licenses/by-nc/4.0/,David Cristiani,2048,1536
6353056778_0.jpg,Erythrina flabelliformis,6353056778,https://inaturalist-open-data.s3.amazonaws.com/photos/670043135/original.jpg,http://creativecommons.org/licenses/by-nc/4.0/,Arthur Yang,2048,1367
6352624963_0.jpg,Erythrina flabelliformis,6352624963,https://inaturalist-open-data.s3.amazonaws.com/photos/667563102/original.jpg,http://creativecommons.org/licenses/by-nc/4.0/,David Cristiani,2048,1536
6353056778_1.jpg,Erythrina flabelliformis,6353056778,https://inaturalist-open-data.s3.amazonaws.com/photos/670043197/original.jpg,http://creativecommons.org/licenses/by-nc/4.0/,Arthur Yang,2048,1367
6353088898_0.jpg,Erythrina flabelliformis,6353088898,https://inaturalist-open-data.s3.amazonaws.com/photos/669817963/original.jpg,http://creativecommons.org/licenses/by-nc/4.0/,Arthur Yang,2048,1367
6352624963_2.jpg,Erythrina flabelliformis,6352624963,https://inaturalist-open-data.s3.amazonaws.com/photos/667563069/original.jpg,http://creativecommons.org/licenses/by-nc/4.0/,David Cristiani,2048,1536
6352723816_1.jpg,Erythrina flabelliformis,6352723816,https://inaturalist-open-data.s3.amazonaws.com/photos/667743573/original.jpg,http://creativecommons.org/licenses/by/4.0/,CK2AZ,2048,1536
6353102913_0.jpg,Erythrina flabelliformis,6353102913,https://inaturalist-open-data.s3.amazonaws.com/photos/661096727/original.jpg,http://creativecommons.org/licenses/by-nc/4.0/,roomthily,2048,2048
6353088898_1.jpg,Erythrina flabelliformis,6353088898,https://inaturalist-open-data.s3.amazonaws.com/photos/669818260/original.jpg,http://creativecommons.org/licenses/by-nc/4.0/,Arthur Yang,2048,1367
6353088898_2.jpg,Erythrina flabelliformis,6353088898,https://inaturalist-open-data.s3.amazonaws.com/photos/669817955/original.jpg,http://creativecommons.org/licenses/by-nc/4.0/,Arthur Yang,2048,1367
6352723816_0.jpg,Erythrina flabelliformis,6352723816,https://inaturalist-open-data.s3.amazonaws.com/photos/667743593/original.jpg,http://creativecommons.org/licenses/by/4.0/,CK2AZ,2048,1536
6353102913_1.jpg,Erythrina flabelliformis,6353102913,https://inaturalist-open-data.s3.amazonaws.com/photos/661096768/original.jpg,http://creativecommons.org/licenses/by-nc/4.0/,roomthily,2048,2048
6353326451_0.jpg,Erythrina flabelliformis,6353326451,https://inaturalist-open-data.s3.amazonaws.com/photos/668544350/original.jpg,http://creativecommons.org/licenses/by-nc/4.0/,vicinior,1537,2048
6398754249_1.jpg,Erythrina flabelliformis,6398754249,https://inaturalist-open-data.s3.amazonaws.com/photos/671972328/original.jpg,http://creativecommons.org/licenses/by-nc/4.0/,Saelon Renkes,1246,1800
6398754249_0.jpg,Erythrina flabelliformis,6398754249,https://inaturalist-open-data.s3.amazonaws.com/photos/671972325/original.jpg,http://creativecommons.org/licenses/by-nc/4.0/,Saelon Renkes,1246,1800
6399957401_0.jpg,Erythrina flabelliformis,6399957401,https://inaturalist-open-data.s3.amazonaws.com/photos/678896700/original.jpg,http://creativecommons.org/licenses/by-nc/4.0/,trweaver89,2048,1365
6399096981_0.jpg,Erythrina flabelliformis,6399096981,https://inaturalist-open-data.s3.amazonaws.com/photos/673711248/original.jpg,http://creativecommons.org/licenses/by-nc/4.0/,spatla,1152,2048
6399943833_0.jpg,Erythrina flabelliformis,6399943833,https://inaturalist-open-data.s3.amazonaws.com/photos/666431380/original.jpg,http://creativecommons.org/licenses/by-nc/4.0/,Alejandra Peña Estrada,1536,2048
6399943833_1.jpg,Erythrina flabelliformis,6399943833,https://inaturalist-open-data.s3.amazonaws.com/photos/666431453/original.jpg,http://creativecommons.org/licenses/by-nc/4.0/,Alejandra Peña Estrada,1536,2048
6399252308_0.jpg,Erythrina flabelliformis,6399252308,https://inaturalist-open-data.s3.amazonaws.com/photos/665197151/original.jpg,http://creativecommons.org/licenses/by/4.0/,Oskar P. Anderson,1536,2048
6400707409_1.jpg,Erythrina flabelliformis,6400707409,https://inaturalist-open-data.s3.amazonaws.com/photos/673491666/original.jpg,http://creativecommons.org/licenses/by-nc/4.0/,Benjamin Wilder,1536,2048
6400707409_0.jpg,Erythrina flabelliformis,6400707409,https://inaturalist-open-data.s3.amazonaws.com/photos/673491648/original.jpg,http://creativecommons.org/licenses/by-nc/4.0/,Benjamin Wilder,1536,2048
6398944524_0.jpg,Erythrina flabelliformis,6398944524,https://inaturalist-open-data.s3.amazonaws.com/photos/665198393/original.jpg,http://creativecommons.org/licenses/by-nc/4.0/,MichaelMonarda,1152,2048
6400024022_0.jpg,Erythrina flabelliformis,6400024022,https://inaturalist-open-data.s3.amazonaws.com/photos/665099283/original.jpg,http://creativecommons.org/licenses/by-nc/4.0/,bemberbear,1536,2048
6398754249_2.jpg,Erythrina flabelliformis,6398754249,https://inaturalist-open-data.s3.amazonaws.com/photos/671972383/original.jpg,http://creativecommons.org/licenses/by-nc/4.0/,Saelon Renkes,1246,1800
6400707409_2.jpg,Erythrina flabelliformis,6400707409,https://inaturalist-open-data.s3.amazonaws.com/photos/673491667/original.jpg,http://creativecommons.org/licenses/by-nc/4.0/,Benjamin Wilder,1536,2048
6430839866_1.jpg,Erythrina flabelliformis,6430839866,https://inaturalist-open-data.s3.amazonaws.com/photos/666181090/original.jpg,http://creativecommons.org/licenses/by-nc/4.0/,paintedbunting123,1024,768
6430839866_0.jpg,Erythrina flabelliformis,6430839866,https://inaturalist-open-data.s3.amazonaws.com/photos/666181083/original.jpg,http://creativecommons.org/licenses/by-nc/4.0/,paintedbunting123,1024,768
6400798674_0.jpg,Erythrina flabelliformis,6400798674,https://inaturalist-open-data.s3.amazonaws.com/photos/667398912/original.jpg,http://creativecommons.org/licenses/by-nc/4.0/,Clive Probert,1500,1399
6430839866_2.jpg,Erythrina flabelliformis,6430839866,https://inaturalist-open-data.s3.amazonaws.com/photos/666181089/original.jpg,http://creativecommons.org/licenses/by-nc/4.0/,paintedbunting123,1024,768
6431324043_0.jpg,Erythrina flabelliformis,6431324043,https://inaturalist-open-data.s3.amazonaws.com/photos/654034943/original.jpg,http://creativecommons.org/licenses/by/4.0/,Ian McFaul,2048,1536
6431324043_3.jpg,Erythrina flabelliformis,6431324043,https://inaturalist-open-data.s3.amazonaws.com/photos/654038314/original.jpg,http://creativecommons.org/licenses/by/4.0/,Ian McFaul,2048,1536
6431324043_1.jpg,Erythrina flabelliformis,6431324043,https://inaturalist-open-data.s3.amazonaws.com/photos/654034666/original.jpg,http://creativecommons.org/licenses/by/4.0/,Ian McFaul,1536,2048
6400798674_1.jpg,Erythrina flabelliformis,6400798674,https://inaturalist-open-data.s3.amazonaws.com/photos/667399233/original.jpg,http://creativecommons.org/licenses/by-nc/4.0/,Clive Probert,2048,1536
6431324043_2.jpg,Erythrina flabelliformis,6431324043,https://inaturalist-open-data.s3.amazonaws.com/photos/654034870/original.jpg,http://creativecommons.org/licenses/by/4.0/,Ian McFaul,1536,2048
6430822330_0.jpg,Erythrina flabelliformis,6430822330,https://inaturalist-open-data.s3.amazonaws.com/photos/667542780/original.jpg,http://creativecommons.org/licenses/by-nc/4.0/,k_corbett,1152,2048
6431324043_4.jpg,Erythrina flabelliformis,6431324043,https://inaturalist-open-data.s3.amazonaws.com/photos/654038374/original.jpg,http://creativecommons.org/licenses/by/4.0/,Ian McFaul,2048,1536
6431324043_5.jpg,Erythrina flabelliformis,6431324043,https://inaturalist-open-data.s3.amazonaws.com/photos/654038491/original.jpg,http://creativecommons.org/licenses/by/4.0/,Ian McFaul,1536,2048
6399465701_0.jpg,Erythrina flabelliformis,6399465701,https://inaturalist-open-data.s3.amazonaws.com/photos/679453581/original.jpg,http://creativecommons.org/licenses/by-nc-nd/4.0/,Nancye Saunders Drukker,2048,1536
6399465701_1.jpg,Erythrina flabelliformis,6399465701,https://inaturalist-open-data.s3.amazonaws.com/photos/679453782/original.jpg,http://creativecommons.org/licenses/by-nc-nd/4.0/,Nancye Saunders Drukker,2048,1536
6399644877_0.jpg,Erythrina flabelliformis,6399644877,https://inaturalist-open-data.s3.amazonaws.com/photos/672225066/original.jpg,http://creativecommons.org/licenses/by-nc/4.0/,babonoyabaadrian,1280,960
6399465701_2.jpg,Erythrina flabelliformis,6399465701,https://inaturalist-open-data.s3.amazonaws.com/photos/679453882/original.jpg,http://creativecommons.org/licenses/by-nc-nd/4.0/,Nancye Saunders Drukker,1911,2048
6399723081_1.jpg,Erythrina flabelliformis,6399723081,https://inaturalist-open-data.s3.amazonaws.com/photos/678309990/original.jpg,http://creativecommons.org/licenses/by/4.0/,Mark Pollock,2048,2048
6399723081_0.jpg,Erythrina flabelliformis,6399723081,https://inaturalist-open-data.s3.amazonaws.com/photos/678309947/original.jpg,http://creativecommons.org/licenses/by/4.0/,Mark Pollock,2048,2048
6399723081_2.jpg,Erythrina flabelliformis,6399723081,https://inaturalist-open-data.s3.amazonaws.com/photos/678310014/original.jpg,http://creativecommons.org/licenses/by/4.0/,Mark Pollock,2048,2048
6399803342_0.jpg,Erythrina flabelliformis,6399803342,https://inaturalist-open-data.s3.amazonaws.com/photos/675106676/original.jpg,http://creativecommons.org/licenses/by-nc/4.0/,Tony Palmer,1536,2048
6414078785_0.jpg,Erythrina flabelliformis,6414078785,https://inaturalist-open-data.s3.amazonaws.com/photos/681510816/original.jpg,http://creativecommons.org/licenses/by/4.0/,Daniel McNair,1536,2048
6413126659_0.jpg,Erythrina flabelliformis,6413126659,https://inaturalist-open-data.s3.amazonaws.com/photos/675507508/original.jpg,http://creativecommons.org/licenses/by-nc/4.0/,Mason Salem,1365,2048
6400137331_0.jpg,Erythrina flabelliformis,6400137331,https://inaturalist-open-data.s3.amazonaws.com/photos/678749164/original.jpg,http://creativecommons.org/licenses/by-nc/4.0/,Arthur Yang,2048,1367
6413902408_0.jpg,Erythrina flabelliformis,6413902408,https://inaturalist-open-data.s3.amazonaws.com/photos/679074626/original.jpg,http://creativecommons.org/licenses/by-nc/4.0/,Arthur Yang,2048,1367
6414078785_1.jpg,Erythrina flabelliformis,6414078785,https://inaturalist-open-data.s3.amazonaws.com/photos/681510782/original.jpg,http://creativecommons.org/licenses/by/4.0/,Daniel McNair,1536,2048
6423038796_0.jpg,Erythrina flabelliformis,6423038796,https://inaturalist-open-data.s3.amazonaws.com/photos/684544975/original.jpg,http://creativecommons.org/licenses/by-nc/4.0/,Osiel Flores,2048,1536
6423038796_1.jpg,Erythrina flabelliformis,6423038796,https://inaturalist-open-data.s3.amazonaws.com/photos/684544979/original.jpg,http://creativecommons.org/licenses/by-nc/4.0/,Osiel Flores,2048,1536
6422116388_0.jpg,Erythrina flabelliformis,6422116388,https://inaturalist-open-data.s3.amazonaws.com/photos/682867986/original.jpg,http://creativecommons.org/licenses/by-nc/4.0/,dougdar,1920,1920
6422984705_0.jpg,Erythrina flabelliformis,6422984705,https://inaturalist-open-data.s3.amazonaws.com/photos/685098261/original.jpg,http://creativecommons.org/licenses/by-nc/4.0/,Savannah Barnes,1536,2048
6423038796_2.jpg,Erythrina flabelliformis,6423038796,https://inaturalist-open-data.s3.amazonaws.com/photos/684544978/original.jpg,http://creativecommons.org/licenses/by-nc/4.0/,Osiel Flores,2048,1536
6400685352_0.jpg,Erythrina flabelliformis,6400685352,https://inaturalist-open-data.s3.amazonaws.com/photos/674245447/original.jpg,http://creativecommons.org/licenses/by-nc/4.0/,k_corbett,1152,2048
6423038796_3.jpg,Erythrina flabelliformis,6423038796,https://inaturalist-open-data.s3.amazonaws.com/photos/684545010/original.jpg,http://creativecommons.org/licenses/by-nc/4.0/,Osiel Flores,2048,1536
6423038796_4.jpg,Erythrina flabelliformis,6423038796,https://inaturalist-open-data.s3.amazonaws.com/photos/684545011/original.jpg,http://creativecommons.org/licenses/by-nc/4.0/,Osiel Flores,2048,1536
6130008411_0.jpg,Ceiba aesculifolia,6130008411,https://inaturalist-open-data.s3.amazonaws.com/photos/605402017/original.jpg,http://creativecommons.org/licenses/by-nc/4.0/,Melina Kust,1536,2048
6130181696_1.jpg,Ceiba aesculifolia,6130181696,https://inaturalist-open-data.s3.amazonaws.com/photos/607333967/original.jpg,http://creativecommons.org/licenses/by-nc/4.0/,David Uriostegui Farias,2048,1365
6131000531_0.jpg,Ceiba aesculifolia,6131000531,https://inaturalist-open-data.s3.amazonaws.com/photos/608665669/original.jpg,http://creativecommons.org/licenses/by-nc/4.0/,White jaguar,1536,2048
6130953532_1.jpg,Ceiba aesculifolia,6130953532,https://inaturalist-open-data.s3.amazonaws.com/photos/609133418/original.jpg,http://creativecommons.org/licenses/by-nc/4.0/,Andrés C.S.,1536,2048
6131000531_2.jpg,Ceiba aesculifolia,6131000531,https://inaturalist-open-data.s3.amazonaws.com/photos/608665710/original.jpg,http://creativecommons.org/licenses/by-nc/4.0/,White jaguar,1536,2048
6130000638_0.jpg,Ceiba aesculifolia,6130000638,https://inaturalist-open-data.s3.amazonaws.com/photos/610444041/original.jpg,http://creativecommons.org/licenses/by-nc/4.0/,Marco Polo amarillas vargas,2048,2048
6130953532_0.jpg,Ceiba aesculifolia,6130953532,https://inaturalist-open-data.s3.amazonaws.com/photos/609133382/original.jpg,http://creativecommons.org/licenses/by-nc/4.0/,Andrés C.S.,1536,2048
6130008411_1.jpg,Ceiba aesculifolia,6130008411,https://inaturalist-open-data.s3.amazonaws.com/photos/605402066/original.jpg,http://creativecommons.org/licenses/by-nc/4.0/,Melina Kust,1536,2048
6131000531_1.jpg,Ceiba aesculifolia,6131000531,https://inaturalist-open-data.s3.amazonaws.com/photos/608665679/original.jpg,http://creativecommons.org/licenses/by-nc/4.0/,White jaguar,1536,2048
6131000531_3.jpg,Ceiba aesculifolia,6131000531,https://inaturalist-open-data.s3.amazonaws.com/photos/608665720/original.jpg,http://creativecommons.org/licenses/by-nc/4.0/,White jaguar,1536,2048
6131029797_0.jpg,Ceiba aesculifolia,6131029797,https://inaturalist-open-data.s3.amazonaws.com/photos/608775409/original.jpg,http://creativecommons.org/licenses/by-nc/4.0/,Maximiliano Campos,1153,2048
6131166130_0.jpg,Ceiba aesculifolia,6131166130,https://inaturalist-open-data.s3.amazonaws.com/photos/607528129/original.jpg,http://creativecommons.org/licenses/by-nc/4.0/,Enriqueta Rincón,1536,2048
6131571462_0.jpg,Ceiba aesculifolia,6131571462,https://inaturalist-open-data.s3.amazonaws.com/photos/605777742/original.jpg,http://creativecommons.org/licenses/by-sa/4.0/,Oscar Alejandro Morales Juárez,2048,1536
6131029797_1.jpg,Ceiba aesculifolia,6131029797,https://inaturalist-open-data.s3.amazonaws.com/photos/608775426/original.jpg,http://creativecommons.org/licenses/by-nc/4.0/,Maximiliano Campos,1153,2048
6130181696_0.jpg,Ceiba aesculifolia,6130181696,https://inaturalist-open-data.s3.amazonaws.com/photos/607333899/original.jpg,http://creativecommons.org/licenses/by-nc/4.0/,David Uriostegui Farias,2048,1365
6159456778_0.jpg,Ceiba aesculifolia,6159456778,https://inaturalist-open-data.s3.amazonaws.com/photos/615483560/original.jpg,http://creativecommons.org/licenses/by-nc/4.0/,Roberto,924,2048
6159148666_0.jpg,Ceiba aesculifolia,6159148666,https://inaturalist-open-data.s3.amazonaws.com/photos/615355459/original.jpg,http://creativecommons.org/licenses/by-nc/4.0/,Roberto,1375,2048
6147636714_1.jpg,Ceiba aesculifolia,6147636714,https://inaturalist-open-data.s3.amazonaws.com/photos/614991286/original.jpg,http://creativecommons.org/licenses/by-nc/4.0/,sorensic_87,1152,2048
6147636714_2.jpg,Ceiba aesculifolia,6147636714,https://inaturalist-open-data.s3.amazonaws.com/photos/614991298/original.jpg,http://creativecommons.org/licenses/by-nc/4.0/,sorensic_87,1152,2048
6147466864_0.jpg,Ceiba aesculifolia,6147466864,https://inaturalist-open-data.s3.amazonaws.com/photos/613643669/original.jpg,http://creativecommons.org/licenses/by-nc/4.0/,Marsalina,2048,1153
6195547435_1.jpg,Ceiba aesculifolia,6195547435,https://inaturalist-open-data.s3.amazonaws.com/photos/637679161/original.jpg,http://creativecommons.org/licenses/by-nc/4.0/,Diego Cordero,2048,1362
6147636714_3.jpg,Ceiba aesculifolia,6147636714,https://inaturalist-open-data.s3.amazonaws.com/photos/614991311/original.jpg,http://creativecommons.org/licenses/by-nc/4.0/,sorensic_87,1152,2048
6159705416_0.jpg,Ceiba aesculifolia,6159705416,https://inaturalist-open-data.s3.amazonaws.com/photos/615128729/original.jpg,http://creativecommons.org/licenses/by-nc/4.0/,Gpe Angel Vallejo,1536,2048
6195547435_5.jpg,Ceiba aesculifolia,6195547435,https://inaturalist-open-data.s3.amazonaws.com/photos/637680797/original.jpg,http://creativecommons.org/licenses/by-nc/4.0/,Diego Cordero,2048,1047
6195547435_4.jpg,Ceiba aesculifolia,6195547435,https://inaturalist-open-data.s3.amazonaws.com/photos/637680759/original.jpg,http://creativecommons.org/licenses/by-nc/4.0/,Diego Cordero,2048,1071
6133564635_0.jpg,Ceiba aesculifolia,6133564635,https://inaturalist-open-data.s3.amazonaws.com/photos/611573288/original.jpg,http://creativecommons.org/licenses/by-nc/4.0/,Roberto,924,2048
6163290243_0.jpg,Ceiba aesculifolia,6163290243,https://inaturalist-open-data.s3.amazonaws.com/photos/616838097/original.jpg,http://creativecommons.org/licenses/by-nc/4.0/,Gpe Angel Vallejo,1942,2048
6195547435_6.jpg,Ceiba aesculifolia,6195547435,https://inaturalist-open-data.s3.amazonaws.com/photos/637681065/original.jpg,http://creativecommons.org/licenses/by-nc/4.0/,Diego Cordero,2048,1337
6195547435_7.jpg,Ceiba aesculifolia,6195547435,https://inaturalist-open-data.s3.amazonaws.com/photos/637681093/original.jpg,http://creativecommons.org/licenses/by-nc/4.0/,Diego Cordero,2048,1298
6195547435_3.jpg,Ceiba aesculifolia,6195547435,https://inaturalist-open-data.s3.amazonaws.com/photos/637680735/original.jpg,http://creativecommons.org/licenses/by-nc/4.0/,Diego Cordero,2048,1298
6195547435_0.jpg,Ceiba aesculifolia,6195547435,https://inaturalist-open-data.s3.amazonaws.com/photos/637679068/original.jpg,http://creativecommons.org/licenses/by-nc/4.0/,Diego Cordero,2048,1138
6147636714_0.jpg,Ceiba aesculifolia,6147636714,https://inaturalist-open-data.s3.amazonaws.com/photos/614991270/original.jpg,http://creativecommons.org/licenses/by-nc/4.0/,sorensic_87,1152,2048
6195547435_2.jpg,Ceiba aesculifolia,6195547435,https://inaturalist-open-data.s3.amazonaws.com/photos/637679840/original.jpg,http://creativecommons.org/licenses/by-nc/4.0/,Diego Cordero,2048,1223
6129946010_1.jpg,Guazuma ulmifolia,6129946010,https://inaturalist-open-data.s3.amazonaws.com/photos/606498661/original.jpg,http://creativecommons.org/publicdomain/zero/1.0/,Sinaloa Silvestre,1536,2048
5938216396_0.jpg,Guazuma ulmifolia,5938216396,https://inaturalist-open-data.s3.amazonaws.com/photos/604544739/original.jpg,http://creativecommons.org/licenses/by-nc/4.0/,Marco Polo amarillas vargas,2048,1934
6129853555_0.jpg,Guazuma ulmifolia,6129853555,https://inaturalist-open-data.s3.amazonaws.com/photos/608271056/original.jpg,http://creativecommons.org/licenses/by-nc/4.0/,Omar Monzon Carmona,1536,2048
5938248425_1.jpg,Guazuma ulmifolia,5938248425,https://inaturalist-open-data.s3.amazonaws.com/photos/605104484/original.jpg,http://creativecommons.org/licenses/by-nc/4.0/,jayim,2048,2048
6129853555_1.jpg,Guazuma ulmifolia,6129853555,https://inaturalist-open-data.s3.amazonaws.com/photos/608271076/original.jpg,http://creativecommons.org/licenses/by-nc/4.0/,Omar Monzon Carmona,1536,2048
6129946010_0.jpg,Guazuma ulmifolia,6129946010,https://inaturalist-open-data.s3.amazonaws.com/photos/606498644/original.jpg,http://creativecommons.org/publicdomain/zero/1.0/,Sinaloa Silvestre,1536,2048
5938248425_0.jpg,Guazuma ulmifolia,5938248425,https://inaturalist-open-data.s3.amazonaws.com/photos/605104433/original.jpg,http://creativecommons.org/licenses/by-nc/4.0/,jayim,2048,2048
6129946010_2.jpg,Guazuma ulmifolia,6129946010,https://inaturalist-open-data.s3.amazonaws.com/photos/606498675/original.jpg,http://creativecommons.org/publicdomain/zero/1.0/,Sinaloa Silvestre,1536,2048
6130298702_0.jpg,Guazuma ulmifolia,6130298702,https://inaturalist-open-data.s3.amazonaws.com/photos/608044734/original.jpg,http://creativecommons.org/licenses/by-nc/4.0/,Marco Polo amarillas vargas,2048,2048
5938275548_0.jpg,Guazuma ulmifolia,5938275548,https://inaturalist-open-data.s3.amazonaws.com/photos/605071229/original.jpg,http://creativecommons.org/licenses/by/4.0/,Iván Cumpián,1536,2048
6130375235_0.jpg,Guazuma ulmifolia,6130375235,https://inaturalist-open-data.s3.amazonaws.com/photos/605416206/original.jpg,http://creativecommons.org/licenses/by-nc/4.0/,Roberto Adrián Martínez Angeles,1536,2048
5938275548_1.jpg,Guazuma ulmifolia,5938275548,https://inaturalist-open-data.s3.amazonaws.com/photos/605071234/original.jpg,http://creativecommons.org/licenses/by/4.0/,Iván Cumpián,1536,2048
6130216850_0.jpg,Guazuma ulmifolia,6130216850,https://inaturalist-open-data.s3.amazonaws.com/photos/607579793/original.jpg,http://creativecommons.org/licenses/by-nc/4.0/,Francisco Rufas,1542,2048
5938275548_2.jpg,Guazuma ulmifolia,5938275548,https://inaturalist-open-data.s3.amazonaws.com/photos/605071236/original.jpg,http://creativecommons.org/licenses/by/4.0/,Iván Cumpián,1536,2048
6130835269_0.jpg,Guazuma ulmifolia,6130835269,https://inaturalist-open-data.s3.amazonaws.com/photos/609937723/original.jpg,http://creativecommons.org/licenses/by/4.0/,Chris Sealys,1153,2048
6130468921_0.jpg,Guazuma ulmifolia,6130468921,https://inaturalist-open-data.s3.amazonaws.com/photos/606240087/original.jpg,http://creativecommons.org/publicdomain/zero/1.0/,Sinaloa Silvestre,1440,1080
6130792277_0.jpg,Guazuma ulmifolia,6130792277,https://inaturalist-open-data.s3.amazonaws.com/photos/608664289/original.jpg,http://creativecommons.org/licenses/by-nc/4.0/,White jaguar,1536,2048
6130468921_1.jpg,Guazuma ulmifolia,6130468921,https://inaturalist-open-data.s3.amazonaws.com/photos/606240102/original.jpg,http://creativecommons.org/publicdomain/zero/1.0/,Sinaloa Silvestre,1440,1080
6130835269_1.jpg,Guazuma ulmifolia,6130835269,https://inaturalist-open-data.s3.amazonaws.com/photos/609937734/original.jpg,http://creativecommons.org/licenses/by/4.0/,Chris Sealys,2048,1153
6130835269_2.jpg,Guazuma ulmifolia,6130835269,https://inaturalist-open-data.s3.amazonaws.com/photos/609937745/original.jpg,http://creativecommons.org/licenses/by/4.0/,Chris Sealys,2048,1153
6130835269_3.jpg,Guazuma ulmifolia,6130835269,https://inaturalist-open-data.s3.amazonaws.com/photos/609937753/original.jpg,http://creativecommons.org/licenses/by/4.0/,Chris Sealys,2048,1153
6130816702_0.jpg,Guazuma ulmifolia,6130816702,https://inaturalist-open-data.s3.amazonaws.com/photos/608031989/original.jpg,http://creativecommons.org/licenses/by-nc/4.0/,irving2681,1536,2048
6130835269_5.jpg,Guazuma ulmifolia,6130835269,https://inaturalist-open-data.s3.amazonaws.com/photos/609937779/original.jpg,http://creativecommons.org/licenses/by/4.0/,Chris Sealys,2048,1153
6130835269_6.jpg,Guazuma ulmifolia,6130835269,https://inaturalist-open-data.s3.amazonaws.com/photos/609937795/original.jpg,http://creativecommons.org/licenses/by/4.0/,Chris Sealys,1153,2048
6130835269_4.jpg,Guazuma ulmifolia,6130835269,https://inaturalist-open-data.s3.amazonaws.com/photos/609937764/original.jpg,http://creativecommons.org/licenses/by/4.0/,Chris Sealys,2048,1153
6130885608_0.jpg,Guazuma ulmifolia,6130885608,https://inaturalist-open-data.s3.amazonaws.com/photos/608215286/original.jpg,http://creativecommons.org/licenses/by-nc/4.0/,Lee,1542,2048
6130885608_1.jpg,Guazuma ulmifolia,6130885608,https://inaturalist-open-data.s3.amazonaws.com/photos/608215313/original.jpg,http://creativecommons.org/licenses/by-nc/4.0/,Lee,1542,2048
6130674727_2.jpg,Guazuma ulmifolia,6130674727,https://inaturalist-open-data.s3.amazonaws.com/photos/607063060/original.jpg,http://creativecommons.org/licenses/by-nc/4.0/,tonacayotl,1536,2048
6130885608_4.jpg,Guazuma ulmifolia,6130885608,https://inaturalist-open-data.s3.amazonaws.com/photos/608215395/original.jpg,http://creativecommons.org/licenses/by-nc/4.0/,Lee,1542,2048
6130885608_2.jpg,Guazuma ulmifolia,6130885608,https://inaturalist-open-data.s3.amazonaws.com/photos/608215336/original.jpg,http://creativecommons.org/licenses/by-nc/4.0/,Lee,1542,2048
6130885608_3.jpg,Guazuma ulmifolia,6130885608,https://inaturalist-open-data.s3.amazonaws.com/photos/608215371/original.jpg,http://creativecommons.org/licenses/by-nc/4.0/,Lee,1542,2048
6130674727_0.jpg,Guazuma ulmifolia,6130674727,https://inaturalist-open-data.s3.amazonaws.com/photos/607063059/original.jpg,http://creativecommons.org/licenses/by-nc/4.0/,tonacayotl,1536,2048
6130885608_6.jpg,Guazuma ulmifolia,6130885608,https://inaturalist-open-data.s3.amazonaws.com/photos/608215439/original.jpg,http://creativecommons.org/licenses/by-nc/4.0/,Lee,2048,1542
6130885608_5.jpg,Guazuma ulmifolia,6130885608,https://inaturalist-open-data.s3.amazonaws.com/photos/608215418/original.jpg,http://creativecommons.org/licenses/by-nc/4.0/,Lee,1542,2048
6131014349_0.jpg,Guazuma ulmifolia,6131014349,https://inaturalist-open-data.s3.amazonaws.com/photos/608152049/original.jpg,http://creativecommons.org/licenses/by-nc/4.0/,Célio Moura Neto,2048,1536
6131014349_2.jpg,Guazuma ulmifolia,6131014349,https://inaturalist-open-data.s3.amazonaws.com/photos/608152056/original.jpg,http://creativecommons.org/licenses/by-nc/4.0/,Célio Moura Neto,2048,1536
6131091544_0.jpg,Guazuma ulmifolia,6131091544,https://inaturalist-open-data.s3.amazonaws.com/photos/608268048/original.jpg,http://creativecommons.org/licenses/by-nc/4.0/,Omar Monzon Carmona,1536,2048
6131014349_1.jpg,Guazuma ulmifolia,6131014349,https://inaturalist-open-data.s3.amazonaws.com/photos/608152054/original.jpg,http://creativecommons.org/licenses/by-nc/4.0/,Célio Moura Neto,2048,1536
6131091544_1.jpg,Guazuma ulmifolia,6131091544,https://inaturalist-open-data.s3.amazonaws.com/photos/608268072/original.jpg,http://creativecommons.org/licenses/by-nc/4.0/,Omar Monzon Carmona,1536,2048
6130674727_1.jpg,Guazuma ulmifolia,6130674727,https://inaturalist-open-data.s3.amazonaws.com/photos/607063063/original.jpg,http://creativecommons.org/licenses/by-nc/4.0/,tonacayotl,1536,2048
5938078549_0.jpg,Lantana camara,5938078549,https://inaturalist-open-data.s3.amazonaws.com/photos/605646077/original.jpg,http://creativecommons.org/licenses/by-nc/4.0/,Sascha Packheiser,2048,1365
5938181746_0.jpg,Lantana camara,5938181746,https://inaturalist-open-data.s3.amazonaws.com/photos/605135365/original.jpg,http://creativecommons.org/licenses/by-nc/4.0/,Bart Wursten,1536,2048
5938093165_0.jpg,Lantana camara,5938093165,https://inaturalist-open-data.s3.amazonaws.com/photos/605629980/original.jpg,http://creativecommons.org/licenses/by-nc/4.0/,Bipasha David,1536,2048
5938121281_0.jpg,Lantana camara,5938121281,https://inaturalist-open-data.s3.amazonaws.com/photos/605578874/original.jpg,http://creativecommons.org/licenses/by-nc/4.0/,Chuyue LI,1152,2048
5938183827_0.jpg,Lantana camara,5938183827,https://inaturalist-open-data.s3.amazonaws.com/photos/605629587/original.jpg,http://creativecommons.org/licenses/by-nc/4.0/,liushengyu,1536,2048
5938147557_0.jpg,Lantana camara,5938147557,https://inaturalist-open-data.s3.amazonaws.com/photos/604980858/original.jpg,http://creativecommons.org/licenses/by-nc/4.0/,Jacob Findley,1542,2048
5938088728_0.jpg,Lantana camara,5938088728,https://inaturalist-open-data.s3.amazonaws.com/photos/604439945/original.jpg,http://creativecommons.org/licenses/by-nc/4.0/,Morgan Cantrell,1536,2048
5938147557_1.jpg,Lantana camara,5938147557,https://inaturalist-open-data.s3.amazonaws.com/photos/604982205/original.jpg,http://creativecommons.org/licenses/by-nc/4.0/,Jacob Findley,1542,2048
5938031847_0.jpg,Lantana camara,5938031847,https://inaturalist-open-data.s3.amazonaws.com/photos/605293762/original.jpg,http://creativecommons.org/licenses/by-nc/4.0/,R. N. V. KRISHNA DEEPAK,1536,2048
5938311847_1.jpg,Lantana camara,5938311847,https://inaturalist-open-data.s3.amazonaws.com/photos/605643320/original.jpg,http://creativecommons.org/licenses/by/4.0/,Raja bandi,2048,1536
5938311847_0.jpg,Lantana camara,5938311847,https://inaturalist-open-data.s3.amazonaws.com/photos/605643314/original.jpg,http://creativecommons.org/licenses/by/4.0/,Raja bandi,2048,1536
5938322276_1.jpg,Lantana camara,5938322276,https://inaturalist-open-data.s3.amazonaws.com/photos/604711420/original.jpg,http://creativecommons.org/licenses/by/4.0/,Scott W. Gavins,2048,1536
5938193109_0.jpg,Lantana camara,5938193109,https://inaturalist-open-data.s3.amazonaws.com/photos/605381671/original.jpg,http://creativecommons.org/licenses/by-nc/4.0/,stalintasiguano,1542,2048
5938322276_0.jpg,Lantana camara,5938322276,https://inaturalist-open-data.s3.amazonaws.com/photos/604711400/original.jpg,http://creativecommons.org/licenses/by/4.0/,Scott W. Gavins,2048,1536
5938186156_0.jpg,Lantana camara,5938186156,https://inaturalist-open-data.s3.amazonaws.com/photos/604771035/original.jpg,http://creativecommons.org/licenses/by-nc/4.0/,Werner Rose,1152,2048
5938266250_0.jpg,Lantana camara,5938266250,https://inaturalist-open-data.s3.amazonaws.com/photos/605006721/original.jpg,http://creativecommons.org/licenses/by/4.0/,Hugh Chan,1536,2048
5938285377_0.jpg,Lantana camara,5938285377,https://inaturalist-open-data.s3.amazonaws.com/photos/605624559/original.jpg,http://creativecommons.org/licenses/by-nc/4.0/,Bipasha David,1797,2048
5938275816_0.jpg,Lantana camara,5938275816,https://inaturalist-open-data.s3.amazonaws.com/photos/605593965/original.jpg,http://creativecommons.org/licenses/by-nc/4.0/,Francois (Red),1536,2048
5938278484_0.jpg,Lantana camara,5938278484,https://inaturalist-open-data.s3.amazonaws.com/photos/605097314/original.jpg,http://creativecommons.org/licenses/by-nc/4.0/,DuduetsangMabotja,1536,2048
5938425360_0.jpg,Lantana camara,5938425360,https://inaturalist-open-data.s3.amazonaws.com/photos/605569558/original.jpg,http://creativecommons.org/licenses/by-nc/4.0/,Renee Pang Yan Jin (Wrss),2048,1536
5938343713_0.jpg,Lantana camara,5938343713,https://inaturalist-open-data.s3.amazonaws.com/photos/605226320/original.jpg,http://creativecommons.org/licenses/by/4.0/,David Orlovich,1536,2048
5938373477_1.jpg,Lantana camara,5938373477,https://inaturalist-open-data.s3.amazonaws.com/photos/604673436/original.jpg,http://creativecommons.org/licenses/by/4.0/,Scott W. Gavins,2048,1536
5938374949_0.jpg,Lantana camara,5938374949,https://inaturalist-open-data.s3.amazonaws.com/photos/605029741/original.jpg,http://creativecommons.org/licenses/by-nc/4.0/,craigwelden,2048,1536
5938381707_0.jpg,Lantana camara,5938381707,https://inaturalist-open-data.s3.amazonaws.com/photos/605330663/original.jpg,http://creativecommons.org/licenses/by-nc/4.0/,Ujjal Kishor De,2048,2048
5938331970_0.jpg,Lantana camara,5938331970,https://inaturalist-open-data.s3.amazonaws.com/photos/605293459/original.jpg,http://creativecommons.org/licenses/by-nc/4.0/,R. N. V. KRISHNA DEEPAK,1536,2048
5938398815_0.jpg,Lantana camara,5938398815,https://inaturalist-open-data.s3.amazonaws.com/photos/605627420/original.jpg,http://creativecommons.org/licenses/by-nc/4.0/,Bipasha David,1922,2048
5938373477_0.jpg,Lantana camara,5938373477,https://inaturalist-open-data.s3.amazonaws.com/photos/604673441/original.jpg,http://creativecommons.org/licenses/by/4.0/,Scott W. Gavins,2048,1536
5938381707_1.jpg,Lantana camara,5938381707,https://inaturalist-open-data.s3.amazonaws.com/photos/605330695/original.jpg,http://creativecommons.org/licenses/by-nc/4.0/,Ujjal Kishor De,1876,1876
5938343994_0.jpg,Lantana camara,5938343994,https://inaturalist-open-data.s3.amazonaws.com/photos/604982141/original.jpg,http://creativecommons.org/licenses/by-nc/4.0/,orstrix,1536,2048
5938428941_1.jpg,Lantana camara,5938428941,https://inaturalist-open-data.s3.amazonaws.com/photos/604644834/original.jpg,http://creativecommons.org/licenses/by-nc/4.0/,Sandy,2048,984
5938428941_0.jpg,Lantana camara,5938428941,https://inaturalist-open-data.s3.amazonaws.com/photos/604644557/original.jpg,http://creativecommons.org/licenses/by-nc/4.0/,Sandy,2048,1782
5938456097_0.jpg,Lantana camara,5938456097,https://inaturalist-open-data.s3.amazonaws.com/photos/604895440/original.jpg,http://creativecommons.org/licenses/by/4.0/,Roland Muench,2048,2047
5938457038_0.jpg,Lantana camara,5938457038,https://inaturalist-open-data.s3.amazonaws.com/photos/604709340/original.jpg,http://creativecommons.org/licenses/by-nc/4.0/,Eloise,1536,2048
5938436837_0.jpg,Lantana camara,5938436837,https://inaturalist-open-data.s3.amazonaws.com/photos/605642479/original.jpg,http://creativecommons.org/licenses/by-nc/4.0/,zoefoale,1152,2048
5938453024_0.jpg,Lantana camara,5938453024,https://inaturalist-open-data.s3.amazonaws.com/photos/605026511/original.jpg,http://creativecommons.org/licenses/by-nc/4.0/,jniff,1152,2048
5938435272_0.jpg,Lantana camara,5938435272,https://inaturalist-open-data.s3.amazonaws.com/photos/604806955/original.jpg,http://creativecommons.org/licenses/by-nc/4.0/,Bart Wursten,1536,2048
5938456097_1.jpg,Lantana camara,5938456097,https://inaturalist-open-data.s3.amazonaws.com/photos/604895574/original.jpg,http://creativecommons.org/licenses/by/4.0/,Roland Muench,2048,1363
5938456097_2.jpg,Lantana camara,5938456097,https://inaturalist-open-data.s3.amazonaws.com/photos/604895617/original.jpg,http://creativecommons.org/licenses/by/4.0/,Roland Muench,2048,1536
5938454928_0.jpg,Lantana camara,5938454928,https://inaturalist-open-data.s3.amazonaws.com/photos/605626725/original.jpg,http://creativecommons.org/licenses/by-nc/4.0/,Afaq Majid Wani,1536,2048
5938457038_1.jpg,Lantana camara,5938457038,https://inaturalist-open-data.s3.amazonaws.com/photos/604709361/original.jpg,http://creativecommons.org/licenses/by-nc/4.0/,Eloise,1536,2048
5938462410_0.jpg,Lantana camara,5938462410,https://inaturalist-open-data.s3.amazonaws.com/photos/605128985/original.jpg,http://creativecommons.org/licenses/by-nc/4.0/,Bart Wursten,2048,1536
5938462410_1.jpg,Lantana camara,5938462410,https://inaturalist-open-data.s3.amazonaws.com/photos/605129048/original.jpg,http://creativecommons.org/licenses/by-nc/4.0/,Bart Wursten,1536,2048
5938462410_2.jpg,Lantana camara,5938462410,https://inaturalist-open-data.s3.amazonaws.com/photos/605129143/original.jpg,http://creativecommons.org/licenses/by-nc/4.0/,Bart Wursten,2048,1536
5938509877_1.jpg,Lantana camara,5938509877,https://inaturalist-open-data.s3.amazonaws.com/photos/605212182/original.jpg,http://creativecommons.org/licenses/by-nc/4.0/,Alfonsina Panatteri (Alfon),1536,2048
5938509877_2.jpg,Lantana camara,5938509877,https://inaturalist-open-data.s3.amazonaws.com/photos/605212201/original.jpg,http://creativecommons.org/licenses/by-nc/4.0/,Alfonsina Panatteri (Alfon),1536,2048
5938509877_0.jpg,Lantana camara,5938509877,https://inaturalist-open-data.s3.amazonaws.com/photos/605212159/original.jpg,http://creativecommons.org/licenses/by-nc/4.0/,Alfonsina Panatteri (Alfon),1536,2048
5938509877_3.jpg,Lantana camara,5938509877,https://inaturalist-open-data.s3.amazonaws.com/photos/605212222/original.jpg,http://creativecommons.org/licenses/by-nc/4.0/,Alfonsina Panatteri (Alfon),1536,2048
5938509877_4.jpg,Lantana camara,5938509877,https://inaturalist-open-data.s3.amazonaws.com/photos/605212242/original.jpg,http://creativecommons.org/licenses/by-nc/4.0/,Alfonsina Panatteri (Alfon),1536,2048
5938509877_6.jpg,Lantana camara,5938509877,https://inaturalist-open-data.s3.amazonaws.com/photos/605212290/original.jpg,http://creativecommons.org/licenses/by-nc/4.0/,Alfonsina Panatteri (Alfon),1536,2048
5938509877_5.jpg,Lantana camara,5938509877,https://inaturalist-open-data.s3.amazonaws.com/photos/605212269/original.jpg,http://creativecommons.org/licenses/by-nc/4.0/,Alfonsina Panatteri (Alfon),1536,2048
5938463935_0.jpg,Lantana camara,5938463935,https://inaturalist-open-data.s3.amazonaws.com/photos/604671871/original.jpg,http://creativecommons.org/licenses/by/4.0/,Scott W. Gavins,2048,1536
5938499606_0.jpg,Lantana camara,5938499606,https://inaturalist-open-data.s3.amazonaws.com/photos/605641397/original.jpg,http://creativecommons.org/licenses/by-nc/4.0/,liushengyu,1536,2048
5938539422_0.jpg,Lantana camara,5938539422,https://inaturalist-open-data.s3.amazonaws.com/photos/604897590/original.jpg,http://creativecommons.org/licenses/by-nc/4.0/,bugfinderz2025,667,1000
5938462511_0.jpg,Lantana camara,5938462511,https://inaturalist-open-data.s3.amazonaws.com/photos/604968454/original.jpg,http://creativecommons.org/licenses/by-nc/4.0/,drlock,1152,2048
5938599394_0.jpg,Lantana camara,5938599394,https://inaturalist-open-data.s3.amazonaws.com/photos/605031084/original.jpg,http://creativecommons.org/licenses/by-nc/4.0/,craigwelden,2048,1536
5938546714_0.jpg,Lantana camara,5938546714,https://inaturalist-open-data.s3.amazonaws.com/photos/604418656/original.jpg,http://creativecommons.org/licenses/by-nc/4.0/,Dadzie Tarua,1153,2048
5938546714_2.jpg,Lantana camara,5938546714,https://inaturalist-open-data.s3.amazonaws.com/photos/604418691/original.jpg,http://creativecommons.org/licenses/by-nc/4.0/,Dadzie Tarua,1153,2048
5938546714_1.jpg,Lantana camara,5938546714,https://inaturalist-open-data.s3.amazonaws.com/photos/604418669/original.jpg,http://creativecommons.org/licenses/by-nc/4.0/,Dadzie Tarua,1153,2048
5938607152_0.jpg,Lantana camara,5938607152,https://inaturalist-open-data.s3.amazonaws.com/photos/605731238/original.jpg,http://creativecommons.org/licenses/by-nc/4.0/,Luís Olímpio Menta Giasson,2048,1536
5938546714_3.jpg,Lantana camara,5938546714,https://inaturalist-open-data.s3.amazonaws.com/photos/604418714/original.jpg,http://creativecommons.org/licenses/by-nc/4.0/,Dadzie Tarua,1153,2048
5938599394_1.jpg,Lantana camara,5938599394,https://inaturalist-open-data.s3.amazonaws.com/photos/605031096/original.jpg,http://creativecommons.org/licenses/by-nc/4.0/,craigwelden,1536,2048
5938670449_0.jpg,Lantana camara,5938670449,https://inaturalist-open-data.s3.amazonaws.com/photos/605307076/original.jpg,http://creativecommons.org/licenses/by-nc/4.0/,Eve M Hallock,1536,2048
5938670449_1.jpg,Lantana camara,5938670449,https://inaturalist-open-data.s3.amazonaws.com/photos/605307086/original.jpg,http://creativecommons.org/licenses/by-nc/4.0/,Eve M Hallock,1536,2048
5938625793_0.jpg,Lantana camara,5938625793,https://inaturalist-open-data.s3.amazonaws.com/photos/605518821/original.jpg,http://creativecommons.org/licenses/by-nc/4.0/,rosero_ian,1536,2048
5938645088_0.jpg,Lantana camara,5938645088,https://inaturalist-open-data.s3.amazonaws.com/photos/605031033/original.jpg,http://creativecommons.org/licenses/by-nc/4.0/,craigwelden,2048,1536
5938645088_1.jpg,Lantana camara,5938645088,https://inaturalist-open-data.s3.amazonaws.com/photos/605031037/original.jpg,http://creativecommons.org/licenses/by-nc/4.0/,craigwelden,2048,1536
5938694595_0.jpg,Lantana camara,5938694595,https://inaturalist-open-data.s3.amazonaws.com/photos/605000679/original.jpg,http://creativecommons.org/licenses/by-nc/4.0/,Rene,2048,1536
5938695178_1.jpg,Lantana camara,5938695178,https://inaturalist-open-data.s3.amazonaws.com/photos/605381529/original.jpg,http://creativecommons.org/licenses/by-nc/4.0/,brisa,1542,2048
5938647993_0.jpg,Lantana camara,5938647993,https://inaturalist-open-data.s3.amazonaws.com/photos/605634095/original.jpg,http://creativecommons.org/licenses/by-nc/4.0/,Asmita Ranapaheli,945,2048
5938625578_0.jpg,Lantana camara,5938625578,https://inaturalist-open-data.s3.amazonaws.com/photos/605626305/original.jpg,http://creativecommons.org/licenses/by-nc/4.0/,Craig Peter,2048,1314
5938695178_0.jpg,Lantana camara,5938695178,https://inaturalist-open-data.s3.amazonaws.com/photos/605381500/original.jpg,http://creativecommons.org/licenses/by-nc/4.0/,brisa,1542,2048
5938695178_2.jpg,Lantana camara,5938695178,https://inaturalist-open-data.s3.amazonaws.com/photos/605381555/original.jpg,http://creativecommons.org/licenses/by-nc/4.0/,brisa,1542,2048
6129818318_0.jpg,Lantana camara,6129818318,https://inaturalist-open-data.s3.amazonaws.com/photos/606368450/original.jpg,http://creativecommons.org/licenses/by-nc/4.0/,mik,1704,2048
6129866940_0.jpg,Lantana camara,6129866940,https://inaturalist-open-data.s3.amazonaws.com/photos/606301044/original.jpg,http://creativecommons.org/licenses/by-nc/4.0/,Martin Bennett,2048,1536
6129837497_1.jpg,Lantana camara,6129837497,https://inaturalist-open-data.s3.amazonaws.com/photos/606895833/original.jpg,http://creativecommons.org/licenses/by-nc/4.0/,Vincent Egan,1536,2048
6129831146_0.jpg,Lantana camara,6129831146,https://inaturalist-open-data.s3.amazonaws.com/photos/610344372/original.jpg,http://creativecommons.org/licenses/by-nc/4.0/,Lachlan Walker,1537,2048
6129879770_0.jpg,Lantana camara,6129879770,https://inaturalist-open-data.s3.amazonaws.com/photos/610614463/original.jpg,http://creativecommons.org/licenses/by-nc/4.0/,Wu Ai Leong,1152,2048
6129837497_0.jpg,Lantana camara,6129837497,https://inaturalist-open-data.s3.amazonaws.com/photos/606895820/original.jpg,http://creativecommons.org/licenses/by-nc/4.0/,Vincent Egan,1536,2048
6129831146_1.jpg,Lantana camara,6129831146,https://inaturalist-open-data.s3.amazonaws.com/photos/610344561/original.jpg,http://creativecommons.org/licenses/by-nc/4.0/,Lachlan Walker,1537,2048
6129838900_0.jpg,Lantana camara,6129838900,https://inaturalist-open-data.s3.amazonaws.com/photos/610115233/original.jpg,http://creativecommons.org/licenses/by-nc/4.0/,King To,1536,2048
6129818466_0.jpg,Lantana camara,6129818466,https://inaturalist-open-data.s3.amazonaws.com/photos/606649349/original.jpg,http://creativecommons.org/licenses/by-nc/4.0/,obbycar,1152,2048
6129873661_0.jpg,Lantana camara,6129873661,https://inaturalist-open-data.s3.amazonaws.com/photos/610666479/original.jpg,http://creativecommons.org/licenses/by-nc/4.0/,Vincent Egan,1536,2048
6129842264_0.jpg,Lantana camara,6129842264,https://inaturalist-open-data.s3.amazonaws.com/photos/608109148/original.jpg,http://creativecommons.org/licenses/by-nc/4.0/,Helen Taylor-Boyd,2048,1536
6129892403_0.jpg,Lantana camara,6129892403,https://inaturalist-open-data.s3.amazonaws.com/photos/606302480/original.jpg,http://creativecommons.org/licenses/by-nc/4.0/,Martin Bennett,2048,1536
6129886305_0.jpg,Lantana camara,6129886305,https://inaturalist-open-data.s3.amazonaws.com/photos/608864606/original.jpg,http://creativecommons.org/licenses/by-nc/4.0/,ankila,1152,2048
6129895800_0.jpg,Lantana camara,6129895800,https://inaturalist-open-data.s3.amazonaws.com/photos/610543479/original.jpg,http://creativecommons.org/publicdomain/zero/1.0/,Stuart,2048,1536
6129927766_0.jpg,Lantana camara,6129927766,https://inaturalist-open-data.s3.amazonaws.com/photos/605880714/original.jpg,http://creativecommons.org/licenses/by-nc/4.0/,Bipasha David,1884,2048
6129887460_0.jpg,Lantana camara,6129887460,https://inaturalist-open-data.s3.amazonaws.com/photos/607434512/original.jpg,http://creativecommons.org/licenses/by-nc/4.0/,Andrianiaina Angelo,2048,1536
6129888532_0.jpg,Lantana camara,6129888532,https://inaturalist-open-data.s3.amazonaws.com/photos/609219185/original.jpg,http://creativecommons.org/licenses/by-nc/4.0/,marta_pinheiro,1152,2048
6129917249_0.jpg,Lantana camara,6129917249,https://inaturalist-open-data.s3.amazonaws.com/photos/609219190/original.jpg,http://creativecommons.org/licenses/by-nc/4.0/,danielabento,1536,2048
6129916770_0.jpg,Lantana camara,6129916770,https://inaturalist-open-data.s3.amazonaws.com/photos/607642423/original.jpg,http://creativecommons.org/licenses/by-nc/4.0/,greyone,1678,2048
6129916770_1.jpg,Lantana camara,6129916770,https://inaturalist-open-data.s3.amazonaws.com/photos/607642409/original.jpg,http://creativecommons.org/licenses/by-nc/4.0/,greyone,1536,2048
6129974531_0.jpg,Lantana camara,6129974531,https://inaturalist-open-data.s3.amazonaws.com/photos/606560170/original.jpg,http://creativecommons.org/licenses/by/4.0/,Martin Hannan-Jones,1536,2048
6129959178_0.jpg,Lantana camara,6129959178,https://inaturalist-open-data.s3.amazonaws.com/photos/606583396/original.jpg,http://creativecommons.org/licenses/by-nc/4.0/,Bipasha David,1616,2048
6129941738_0.jpg,Lantana camara,6129941738,https://inaturalist-open-data.s3.amazonaws.com/photos/606863027/original.jpg,http://creativecommons.org/licenses/by-nc/4.0/,José Bento,1536,2048
6129965398_0.jpg,Lantana camara,6129965398,https://inaturalist-open-data.s3.amazonaws.com/photos/606353564/original.jpg,http://creativecommons.org/licenses/by-nc/4.0/,Joshua Rains,1536,2048
6129977167_0.jpg,Lantana camara,6129977167,https://inaturalist-open-data.s3.amazonaws.com/photos/608926343/original.jpg,http://creativecommons.org/licenses/by-nc/4.0/,Bipasha David,1697,1995
6129973425_1.jpg,Lantana camara,6129973425,https://inaturalist-open-data.s3.amazonaws.com/photos/606301396/original.jpg,http://creativecommons.org/licenses/by-nc/4.0/,Lydia Lois,1536,2048
6129973425_0.jpg,Lantana camara,6129973425,https://inaturalist-open-data.s3.amazonaws.com/photos/606301633/original.jpg,http://creativecommons.org/licenses/by-nc/4.0/,Lydia Lois,1536,2048
6129973425_2.jpg,Lantana camara,6129973425,https://inaturalist-open-data.s3.amazonaws.com/photos/606301609/original.jpg,http://creativecommons.org/licenses/by-nc/4.0/,Lydia Lois,1536,2048
6129931405_0.jpg,Lantana camara,6129931405,https://inaturalist-open-data.s3.amazonaws.com/photos/608351489/original.jpg,http://creativecommons.org/licenses/by/4.0/,Martin Hannan-Jones,1536,2048
6129973425_3.jpg,Lantana camara,6129973425,https://inaturalist-open-data.s3.amazonaws.com/photos/606301690/original.jpg,http://creativecommons.org/licenses/by-nc/4.0/,Lydia Lois,1536,2048
6129982005_0.jpg,Lantana camara,6129982005,https://inaturalist-open-data.s3.amazonaws.com/photos/608121477/original.jpg,http://creativecommons.org/licenses/by-nc/4.0/,Sujan Prakash Pradhan,1536,2048
5938102952_3.jpg,Asclepias curassavica,5938102952,https://inaturalist-open-data.s3.amazonaws.com/photos/605045706/original.jpg,http://creativecommons.org/licenses/by-nc/4.0/,hollyyoung,1844,1383
5938102952_1.jpg,Asclepias curassavica,5938102952,https://inaturalist-open-data.s3.amazonaws.com/photos/605045487/original.jpg,http://creativecommons.org/licenses/by-nc/4.0/,hollyyoung,1536,2048
5938102952_0.jpg,Asclepias curassavica,5938102952,https://inaturalist-open-data.s3.amazonaws.com/photos/605041561/original.jpg,http://creativecommons.org/licenses/by-nc/4.0/,hollyyoung,1536,2048
5938103155_0.jpg,Asclepias curassavica,5938103155,https://inaturalist-open-data.s3.amazonaws.com/photos/605030291/original.jpg,http://creativecommons.org/licenses/by-nc/4.0/,craigwelden,1536,2048
5938103155_1.jpg,Asclepias curassavica,5938103155,https://inaturalist-open-data.s3.amazonaws.com/photos/605030292/original.jpg,http://creativecommons.org/licenses/by-nc/4.0/,craigwelden,1536,2048
5938048463_0.jpg,Asclepias curassavica,5938048463,https://inaturalist-open-data.s3.amazonaws.com/photos/605423254/original.jpg,http://creativecommons.org/licenses/by-nc/4.0/,Omar Jiménez Hernández,2048,1536
5938102952_2.jpg,Asclepias curassavica,5938102952,https://inaturalist-open-data.s3.amazonaws.com/photos/605045511/original.jpg,http://creativecommons.org/licenses/by-nc/4.0/,hollyyoung,1536,2048
5938098603_2.jpg,Asclepias curassavica,5938098603,https://inaturalist-open-data.s3.amazonaws.com/photos/604823304/original.jpg,http://creativecommons.org/licenses/by-nc/4.0/,jzerbe,1536,2048
5938154858_0.jpg,Asclepias curassavica,5938154858,https://inaturalist-open-data.s3.amazonaws.com/photos/605477809/original.jpg,http://creativecommons.org/licenses/by-nc/4.0/,Mave Mohamed Flores,1536,2048
5938109639_0.jpg,Asclepias curassavica,5938109639,https://inaturalist-open-data.s3.amazonaws.com/photos/604898826/original.jpg,http://creativecommons.org/licenses/by-nc/4.0/,Jocelyn Wang,1536,2048
5938098603_0.jpg,Asclepias curassavica,5938098603,https://inaturalist-open-data.s3.amazonaws.com/photos/613274055/original.jpg,http://creativecommons.org/licenses/by-nc/4.0/,jzerbe,1536,2048
5938154858_2.jpg,Asclepias curassavica,5938154858,https://inaturalist-open-data.s3.amazonaws.com/photos/605477885/original.jpg,http://creativecommons.org/licenses/by-nc/4.0/,Mave Mohamed Flores,1536,2048
5938154858_1.jpg,Asclepias curassavica,5938154858,https://inaturalist-open-data.s3.amazonaws.com/photos/605477851/original.jpg,http://creativecommons.org/licenses/by-nc/4.0/,Mave Mohamed Flores,1536,2048
5938098603_1.jpg,Asclepias curassavica,5938098603,https://inaturalist-open-data.s3.amazonaws.com/photos/613274056/original.jpg,http://creativecommons.org/licenses/by-nc/4.0/,jzerbe,1536,2048
5938162789_0.jpg,Asclepias curassavica,5938162789,https://inaturalist-open-data.s3.amazonaws.com/photos/605623679/original.jpg,http://creativecommons.org/licenses/by-nc/4.0/,jmole,1534,2048
5938155713_0.jpg,Asclepias curassavica,5938155713,https://inaturalist-open-data.s3.amazonaws.com/photos/605622350/original.jpg,http://creativecommons.org/licenses/by-nc/4.0/,katherine Bravo,1536,2048
5938162789_1.jpg,Asclepias curassavica,5938162789,https://inaturalist-open-data.s3.amazonaws.com/photos/605623746/original.jpg,http://creativecommons.org/licenses/by-nc/4.0/,jmole,1534,2048
5938162789_2.jpg,Asclepias curassavica,5938162789,https://inaturalist-open-data.s3.amazonaws.com/photos/605623821/original.jpg,http://creativecommons.org/licenses/by-nc/4.0/,jmole,1534,2048
5938162789_3.jpg,Asclepias curassavica,5938162789,https://inaturalist-open-data.s3.amazonaws.com/photos/605803769/original.jpg,http://creativecommons.org/licenses/by-nc/4.0/,jmole,1534,2048
5938187015_0.jpg,Asclepias curassavica,5938187015,https://inaturalist-open-data.s3.amazonaws.com/photos/605548530/original.jpg,http://creativecommons.org/licenses/by-nc/4.0/,MPP Wildlife,1536,2048
5938239526_0.jpg,Asclepias curassavica,5938239526,https://inaturalist-open-data.s3.amazonaws.com/photos/605719987/original.jpg,http://creativecommons.org/licenses/by-nc/4.0/,Adid Jimenez,2048,1536
5938204713_0.jpg,Asclepias curassavica,5938204713,https://inaturalist-open-data.s3.amazonaws.com/photos/605445146/original.jpg,http://creativecommons.org/licenses/by-nc/4.0/,Guillaume Martin,2048,1536
5938239526_1.jpg,Asclepias curassavica,5938239526,https://inaturalist-open-data.s3.amazonaws.com/photos/605720028/original.jpg,http://creativecommons.org/licenses/by-nc/4.0/,Adid Jimenez,2048,1536
5938187015_2.jpg,Asclepias curassavica,5938187015,https://inaturalist-open-data.s3.amazonaws.com/photos/605548656/original.jpg,http://creativecommons.org/licenses/by-nc/4.0/,MPP Wildlife,1536,2048
5938204713_1.jpg,Asclepias curassavica,5938204713,https://inaturalist-open-data.s3.amazonaws.com/photos/605445176/original.jpg,http://creativecommons.org/licenses/by-nc/4.0/,Guillaume Martin,1536,2048
5938168747_0.jpg,Asclepias curassavica,5938168747,https://inaturalist-open-data.s3.amazonaws.com/photos/604665519/original.jpg,http://creativecommons.org/licenses/by-nc/4.0/,eugine2013,1536,2048
5938187015_1.jpg,Asclepias curassavica,5938187015,https://inaturalist-open-data.s3.amazonaws.com/photos/605548609/original.jpg,http://creativecommons.org/licenses/by-nc/4.0/,MPP Wildlife,1536,2048
5938204713_2.jpg,Asclepias curassavica,5938204713,https://inaturalist-open-data.s3.amazonaws.com/photos/605445206/original.jpg,http://creativecommons.org/licenses/by-nc/4.0/,Guillaume Martin,2048,1536
5938186232_0.jpg,Asclepias curassavica,5938186232,https://inaturalist-open-data.s3.amazonaws.com/photos/604858335/original.jpg,http://creativecommons.org/licenses/by-nc/4.0/,James K. Wetterer,1536,2048
5938255691_0.jpg,Asclepias curassavica,5938255691,https://inaturalist-open-data.s3.amazonaws.com/photos/604409454/original.jpg,http://creativecommons.org/licenses/by-nc/4.0/,holly_morecroft,1536,2048
5938255691_1.jpg,Asclepias curassavica,5938255691,https://inaturalist-open-data.s3.amazonaws.com/photos/604409497/original.jpg,http://creativecommons.org/licenses/by-nc/4.0/,holly_morecroft,1536,2048
5938239526_2.jpg,Asclepias curassavica,5938239526,https://inaturalist-open-data.s3.amazonaws.com/photos/605719984/original.jpg,http://creativecommons.org/licenses/by-nc/4.0/,Adid Jimenez,2048,1536
5938311551_0.jpg,Asclepias curassavica,5938311551,https://inaturalist-open-data.s3.amazonaws.com/photos/605748328/original.jpg,http://creativecommons.org/licenses/by-nc/4.0/,tereg,1867,2048
5938286822_1.jpg,Asclepias curassavica,5938286822,https://inaturalist-open-data.s3.amazonaws.com/photos/605373031/original.jpg,http://creativecommons.org/licenses/by-nc/4.0/,katherine Bravo,1536,2048
5938286822_0.jpg,Asclepias curassavica,5938286822,https://inaturalist-open-data.s3.amazonaws.com/photos/605373012/original.jpg,http://creativecommons.org/licenses/by-nc/4.0/,katherine Bravo,1536,2048
5938286822_2.jpg,Asclepias curassavica,5938286822,https://inaturalist-open-data.s3.amazonaws.com/photos/605373059/original.jpg,http://creativecommons.org/licenses/by-nc/4.0/,katherine Bravo,1536,2048
5938465532_0.jpg,Asclepias curassavica,5938465532,https://inaturalist-open-data.s3.amazonaws.com/photos/604467606/original.jpg,http://creativecommons.org/licenses/by-nc/4.0/,mario_campagnoli,1536,2048
5938368655_0.jpg,Asclepias curassavica,5938368655,https://inaturalist-open-data.s3.amazonaws.com/photos/604965056/original.jpg,http://creativecommons.org/licenses/by-nc/4.0/,annechen119,1536,2048
5938453110_0.jpg,Asclepias curassavica,5938453110,https://inaturalist-open-data.s3.amazonaws.com/photos/605278785/original.jpg,http://creativecommons.org/licenses/by-nc/4.0/,ssnp050,1536,2048
5938401598_0.jpg,Asclepias curassavica,5938401598,https://inaturalist-open-data.s3.amazonaws.com/photos/604696126/original.jpg,http://creativecommons.org/licenses/by-nc/4.0/,Jon McIntyre,2048,1365
5938486081_1.jpg,Asclepias curassavica,5938486081,https://inaturalist-open-data.s3.amazonaws.com/photos/605253354/original.jpg,http://creativecommons.org/licenses/by-nc/4.0/,Juan David Olaya Salinas,2048,1536
5938486081_0.jpg,Asclepias curassavica,5938486081,https://inaturalist-open-data.s3.amazonaws.com/photos/605253333/original.jpg,http://creativecommons.org/licenses/by-nc/4.0/,Juan David Olaya Salinas,2048,1536
5938437064_1.jpg,Asclepias curassavica,5938437064,https://inaturalist-open-data.s3.amazonaws.com/photos/605664904/original.jpg,http://creativecommons.org/licenses/by-nc/4.0/,ginnyrage,1542,2048
5938454699_0.jpg,Asclepias curassavica,5938454699,https://inaturalist-open-data.s3.amazonaws.com/photos/605261194/original.jpg,http://creativecommons.org/licenses/by-nc/4.0/,Wilman Mejia,1152,2048
5938506291_0.jpg,Asclepias curassavica,5938506291,https://inaturalist-open-data.s3.amazonaws.com/photos/604792502/original.jpg,http://creativecommons.org/licenses/by-nc/4.0/,Juan Manuel de Roux,1536,2048
5938437064_0.jpg,Asclepias curassavica,5938437064,https://inaturalist-open-data.s3.amazonaws.com/photos/605664160/original.jpg,http://creativecommons.org/licenses/by-nc/4.0/,ginnyrage,1542,2048
5938486081_2.jpg,Asclepias curassavica,5938486081,https://inaturalist-open-data.s3.amazonaws.com/photos/605253378/original.jpg,http://creativecommons.org/licenses/by-nc/4.0/,Juan David Olaya Salinas,1536,2048
5938486081_3.jpg,Asclepias curassavica,5938486081,https://inaturalist-open-data.s3.amazonaws.com/photos/605253398/original.jpg,http://creativecommons.org/licenses/by-nc/4.0/,Juan David Olaya Salinas,1536,2048
5938623889_0.jpg,Asclepias curassavica,5938623889,https://inaturalist-open-data.s3.amazonaws.com/photos/605364827/original.jpg,http://creativecommons.org/licenses/by-nc/4.0/,Martín Riestra Morales,1518,2048
5938523722_0.jpg,Asclepias curassavica,5938523722,https://inaturalist-open-data.s3.amazonaws.com/photos/605363587/original.jpg,http://creativecommons.org/licenses/by-nc/4.0/,Martín Riestra Morales,2048,1536
5938535577_0.jpg,Asclepias curassavica,5938535577,https://inaturalist-open-data.s3.amazonaws.com/photos/605750697/original.jpg,http://creativecommons.org/licenses/by-nc/4.0/,climate_action_now,1518,2048
5938614690_0.jpg,Asclepias curassavica,5938614690,https://inaturalist-open-data.s3.amazonaws.com/photos/604917227/original.jpg,http://creativecommons.org/licenses/by-nc-sa/4.0/,dianaamador,1542,2048
5938628920_0.jpg,Asclepias curassavica,5938628920,https://inaturalist-open-data.s3.amazonaws.com/photos/604717778/original.jpg,http://creativecommons.org/licenses/by-nc/4.0/,mal,1536,2048
5938566678_0.jpg,Asclepias curassavica,5938566678,https://inaturalist-open-data.s3.amazonaws.com/photos/604828053/original.jpg,http://creativecommons.org/licenses/by-nc/4.0/,hrmendez1,1152,2048
5938571248_1.jpg,Asclepias curassavica,5938571248,https://inaturalist-open-data.s3.amazonaws.com/photos/604804395/original.jpg,http://creativecommons.org/licenses/by-nc/4.0/,Samantha Hagler,1542,2048
5938634841_0.jpg,Asclepias curassavica,5938634841,https://inaturalist-open-data.s3.amazonaws.com/photos/604590547/original.jpg,http://creativecommons.org/licenses/by-nc/4.0/,Ted Weber,1864,2048
5938571248_0.jpg,Asclepias curassavica,5938571248,https://inaturalist-open-data.s3.amazonaws.com/photos/604804281/original.jpg,http://creativecommons.org/licenses/by-nc/4.0/,Samantha Hagler,1542,2048
5938628920_1.jpg,Asclepias curassavica,5938628920,https://inaturalist-open-data.s3.amazonaws.com/photos/604717789/original.jpg,http://creativecommons.org/licenses/by-nc/4.0/,mal,1536,2048
6129863024_0.jpg,Asclepias curassavica,6129863024,https://inaturalist-open-data.s3.amazonaws.com/photos/608222503/original.jpg,http://creativecommons.org/licenses/by-nc/4.0/,Carlos Méndez Inocencio,1542,2048
5938674302_0.jpg,Asclepias curassavica,5938674302,https://inaturalist-open-data.s3.amazonaws.com/photos/605364672/original.jpg,http://creativecommons.org/licenses/by-nc/4.0/,Martín Riestra Morales,2048,1518
6129863024_1.jpg,Asclepias curassavica,6129863024,https://inaturalist-open-data.s3.amazonaws.com/photos/608222505/original.jpg,http://creativecommons.org/licenses/by-nc/4.0/,Carlos Méndez Inocencio,1542,2048
5938704852_0.jpg,Asclepias curassavica,5938704852,https://inaturalist-open-data.s3.amazonaws.com/photos/604536099/original.jpg,http://creativecommons.org/licenses/by-nc/4.0/,statiko,1536,2048
5938675537_0.jpg,Asclepias curassavica,5938675537,https://inaturalist-open-data.s3.amazonaws.com/photos/604862562/original.jpg,http://creativecommons.org/licenses/by-nc/4.0/,Nora,1536,2048
5938650453_0.jpg,Asclepias curassavica,5938650453,https://inaturalist-open-data.s3.amazonaws.com/photos/605205747/original.jpg,http://creativecommons.org/licenses/by-nc/4.0/,Drake Erpelding,1536,2048
6129815350_0.jpg,Asclepias curassavica,6129815350,https://inaturalist-open-data.s3.amazonaws.com/photos/606586275/original.jpg,http://creativecommons.org/licenses/by/4.0/,Karen Saunders,2048,1536
5938711395_0.jpg,Asclepias curassavica,5938711395,https://inaturalist-open-data.s3.amazonaws.com/photos/605644465/original.jpg,http://creativecommons.org/licenses/by-nc/4.0/,cheeseville,1536,2048
6129843966_0.jpg,Asclepias curassavica,6129843966,https://inaturalist-open-data.s3.amazonaws.com/photos/608448149/original.jpg,http://creativecommons.org/licenses/by-nc/4.0/,Antje Richter,1152,2048
6129950050_1.jpg,Asclepias curassavica,6129950050,https://inaturalist-open-data.s3.amazonaws.com/photos/606761817/original.jpg,http://creativecommons.org/licenses/by-nc/4.0/,Mariano Sant'Anna,977,918
6129898421_0.jpg,Asclepias curassavica,6129898421,https://inaturalist-open-data.s3.amazonaws.com/photos/610918846/original.jpg,http://creativecommons.org/licenses/by-nc/4.0/,chowchinyau1,2048,1536
6129902560_0.jpg,Asclepias curassavica,6129902560,https://inaturalist-open-data.s3.amazonaws.com/photos/608603018/original.jpg,http://creativecommons.org/publicdomain/zero/1.0/,Aruna Gamuz,1152,2048
6129886697_0.jpg,Asclepias curassavica,6129886697,https://inaturalist-open-data.s3.amazonaws.com/photos/611013811/original.jpg,http://creativecommons.org/licenses/by-nc/4.0/,David Vandermast,1536,2048
6129950050_2.jpg,Asclepias curassavica,6129950050,https://inaturalist-open-data.s3.amazonaws.com/photos/606761846/original.jpg,http://creativecommons.org/licenses/by-nc/4.0/,Mariano Sant'Anna,2048,1536
6129967786_0.jpg,Asclepias curassavica,6129967786,https://inaturalist-open-data.s3.amazonaws.com/photos/606087656/original.jpg,http://creativecommons.org/licenses/by-nc/4.0/,suchihfen,1152,2048
6129894023_0.jpg,Asclepias curassavica,6129894023,https://inaturalist-open-data.s3.amazonaws.com/photos/608763484/original.jpg,http://creativecommons.org/licenses/by-nc/4.0/,Chris,2048,1153
6129950050_0.jpg,Asclepias curassavica,6129950050,https://inaturalist-open-data.s3.amazonaws.com/photos/606761793/original.jpg,http://creativecommons.org/licenses/by-nc/4.0/,Mariano Sant'Anna,1877,1793
6129973440_0.jpg,Asclepias curassavica,6129973440,https://inaturalist-open-data.s3.amazonaws.com/photos/606317658/original.jpg,http://creativecommons.org/licenses/by-nc/4.0/,mnd10,2048,1536
6129949500_0.jpg,Asclepias curassavica,6129949500,https://inaturalist-open-data.s3.amazonaws.com/photos/606120655/original.jpg,http://creativecommons.org/licenses/by-nc/4.0/,Yinglun Li,1365,2048
6129973440_2.jpg,Asclepias curassavica,6129973440,https://inaturalist-open-data.s3.amazonaws.com/photos/606317665/original.jpg,http://creativecommons.org/licenses/by-nc/4.0/,mnd10,1536,2048
6129973440_1.jpg,Asclepias curassavica,6129973440,https://inaturalist-open-data.s3.amazonaws.com/photos/606317661/original.jpg,http://creativecommons.org/licenses/by-nc/4.0/,mnd10,1536,2048
6130032817_0.jpg,Asclepias curassavica,6130032817,https://inaturalist-open-data.s3.amazonaws.com/photos/610141748/original.jpg,http://creativecommons.org/licenses/by-nc/4.0/,lubukun,1620,1080
6130032817_1.jpg,Asclepias curassavica,6130032817,https://inaturalist-open-data.s3.amazonaws.com/photos/610141761/original.jpg,http://creativecommons.org/licenses/by-nc/4.0/,lubukun,1620,1080
6130064371_0.jpg,Asclepias curassavica,6130064371,https://inaturalist-open-data.s3.amazonaws.com/photos/607305288/original.jpg,http://creativecommons.org/licenses/by-nc/4.0/,James K. Wetterer,1536,2048
6129994781_0.jpg,Asclepias curassavica,6129994781,https://inaturalist-open-data.s3.amazonaws.com/photos/610187448/original.jpg,http://creativecommons.org/licenses/by-nc/4.0/,Yueling Zhou,1536,2048
6130033901_1.jpg,Asclepias curassavica,6130033901,https://inaturalist-open-data.s3.amazonaws.com/photos/606463118/original.jpg,http://creativecommons.org/licenses/by-nc/4.0/,Juan Carlos Mendez Parra,1200,1600
6130046423_1.jpg,Asclepias curassavica,6130046423,https://inaturalist-open-data.s3.amazonaws.com/photos/609970334/original.jpg,http://creativecommons.org/licenses/by-nc/4.0/,Law,1536,2048
6130046423_0.jpg,Asclepias curassavica,6130046423,https://inaturalist-open-data.s3.amazonaws.com/photos/609970314/original.jpg,http://creativecommons.org/licenses/by-nc/4.0/,Law,1536,2048
6129990766_0.jpg,Asclepias curassavica,6129990766,https://inaturalist-open-data.s3.amazonaws.com/photos/610083095/original.jpg,http://creativecommons.org/licenses/by/4.0/,Andrii Khokhlov,1153,2048
6130033901_0.jpg,Asclepias curassavica,6130033901,https://inaturalist-open-data.s3.amazonaws.com/photos/606463078/original.jpg,http://creativecommons.org/licenses/by-nc/4.0/,Juan Carlos Mendez Parra,1536,2048
6130066304_0.jpg,Asclepias curassavica,6130066304,https://inaturalist-open-data.s3.amazonaws.com/photos/606057443/original.jpg,http://creativecommons.org/licenses/by-nc/4.0/,Jeff McIntyre,789,768
6129977035_0.jpg,Asclepias curassavica,6129977035,https://inaturalist-open-data.s3.amazonaws.com/photos/608704419/original.jpg,http://creativecommons.org/licenses/by-nc/4.0/,Maria Olivero,1536,2048
6130072204_2.jpg,Asclepias curassavica,6130072204,https://inaturalist-open-data.s3.amazonaws.com/photos/609721635/original.jpg,http://creativecommons.org/licenses/by-nc/4.0/,ikerbandres,1536,2048
6130072204_1.jpg,Asclepias curassavica,6130072204,https://inaturalist-open-data.s3.amazonaws.com/photos/609721608/original.jpg,http://creativecommons.org/licenses/by-nc/4.0/,ikerbandres,1536,2048
6130072204_0.jpg,Asclepias curassavica,6130072204,https://inaturalist-open-data.s3.amazonaws.com/photos/609721585/original.jpg,http://creativecommons.org/licenses/by-nc/4.0/,ikerbandres,1536,2048
6130072204_3.jpg,Asclepias curassavica,6130072204,https://inaturalist-open-data.s3.amazonaws.com/photos/609721654/original.jpg,http://creativecommons.org/licenses/by-nc/4.0/,ikerbandres,1536,2048
6130070637_2.jpg,Asclepias curassavica,6130070637,https://inaturalist-open-data.s3.amazonaws.com/photos/610161505/original.jpg,http://creativecommons.org/licenses/by-nc/4.0/,timmeschke,1536,2048
6130070637_0.jpg,Asclepias curassavica,6130070637,https://inaturalist-open-data.s3.amazonaws.com/photos/610161456/original.jpg,http://creativecommons.org/licenses/by-nc/4.0/,timmeschke,1536,2048
6130070637_1.jpg,Asclepias curassavica,6130070637,https://inaturalist-open-data.s3.amazonaws.com/photos/610161473/original.jpg,http://creativecommons.org/licenses/by-nc/4.0/,timmeschke,1536,2048
6130070637_3.jpg,Asclepias curassavica,6130070637,https://inaturalist-open-data.s3.amazonaws.com/photos/610161535/original.jpg,http://creativecommons.org/licenses/by-nc/4.0/,timmeschke,1536,2048
6130089464_0.jpg,Asclepias curassavica,6130089464,https://inaturalist-open-data.s3.amazonaws.com/photos/607032772/original.jpg,http://creativecommons.org/licenses/by/4.0/,Iván Cumpián,1536,2048
6130100774_0.jpg,Asclepias curassavica,6130100774,https://inaturalist-open-data.s3.amazonaws.com/photos/609295763/original.jpg,http://creativecommons.org/licenses/by-nc/4.0/,Marley Diehl,1536,2048
6130089464_1.jpg,Asclepias curassavica,6130089464,https://inaturalist-open-data.s3.amazonaws.com/photos/607032795/original.jpg,http://creativecommons.org/licenses/by/4.0/,Iván Cumpián,1536,2048
6130140595_0.jpg,Asclepias curassavica,6130140595,https://inaturalist-open-data.s3.amazonaws.com/photos/610199251/original.jpg,http://creativecommons.org/licenses/by/4.0/,Ricard Busquets Reverte,2048,1360
6130140595_2.jpg,Asclepias curassavica,6130140595,https://inaturalist-open-data.s3.amazonaws.com/photos/610199288/original.jpg,http://creativecommons.org/licenses/by/4.0/,Ricard Busquets Reverte,2048,1369
6130140595_1.jpg,Asclepias curassavica,6130140595,https://inaturalist-open-data.s3.amazonaws.com/photos/610199261/original.jpg,http://creativecommons.org/licenses/by/4.0/,Ricard Busquets Reverte,2048,1365
6130120721_0.jpg,Asclepias curassavica,6130120721,https://inaturalist-open-data.s3.amazonaws.com/photos/607868056/original.jpg,http://creativecommons.org/licenses/by-nc/4.0/,lucia_sherley,1536,2048
6130140363_0.jpg,Asclepias curassavica,6130140363,https://inaturalist-open-data.s3.amazonaws.com/photos/608617330/original.jpg,http://creativecommons.org/licenses/by-nc/4.0/,Sebastián Mira Castets,1152,2048
6130140595_3.jpg,Asclepias curassavica,6130140595,https://inaturalist-open-data.s3.amazonaws.com/photos/610199323/original.jpg,http://creativecommons.org/licenses/by/4.0/,Ricard Busquets Reverte,2048,1365
6130120721_1.jpg,Asclepias curassavica,6130120721,https://inaturalist-open-data.s3.amazonaws.com/photos/607868061/original.jpg,http://creativecommons.org/licenses/by-nc/4.0/,lucia_sherley,1536,2048
6130082860_0.jpg,Asclepias curassavica,6130082860,https://inaturalist-open-data.s3.amazonaws.com/photos/610759190/original.jpg,http://creativecommons.org/licenses/by-nc/4.0/,dfoehring,1536,2048
5938323451_0.jpg,Wigandia urens,5938323451,https://inaturalist-open-data.s3.amazonaws.com/photos/604472868/original.jpg,http://creativecommons.org/licenses/by-nc/4.0/,Amberlyn,1152,2048
6129837556_0.jpg,Wigandia urens,6129837556,https://inaturalist-open-data.s3.amazonaws.com/photos/606985828/original.jpg,http://creativecommons.org/licenses/by-nc/4.0/,Amalia Estrada,1856,1857
6129819817_0.jpg,Wigandia urens,6129819817,https://inaturalist-open-data.s3.amazonaws.com/photos/609925037/original.jpg,http://creativecommons.org/licenses/by-nc/4.0/,lisajojohnston,2016,1512
6129850432_0.jpg,Wigandia urens,6129850432,https://inaturalist-open-data.s3.amazonaws.com/photos/607363586/original.jpg,http://creativecommons.org/licenses/by/4.0/,Juan Carlos Fonseca Mata,2048,2048
5938115573_2.jpg,Wigandia urens,5938115573,https://inaturalist-open-data.s3.amazonaws.com/photos/604575062/original.jpg,http://creativecommons.org/licenses/by-nc/4.0/,bluey1409,2048,1536
5938489472_1.jpg,Wigandia urens,5938489472,https://inaturalist-open-data.s3.amazonaws.com/photos/605729368/original.jpg,http://creativecommons.org/licenses/by-nc/4.0/,Miguel Hernandez Alva,1536,2048
5938489472_0.jpg,Wigandia urens,5938489472,https://inaturalist-open-data.s3.amazonaws.com/photos/605729367/original.jpg,http://creativecommons.org/licenses/by-nc/4.0/,Miguel Hernandez Alva,1536,2048
5938115573_3.jpg,Wigandia urens,5938115573,https://inaturalist-open-data.s3.amazonaws.com/photos/604575157/original.jpg,http://creativecommons.org/licenses/by-nc/4.0/,bluey1409,2048,1536
5938115573_0.jpg,Wigandia urens,5938115573,https://inaturalist-open-data.s3.amazonaws.com/photos/604574928/original.jpg,http://creativecommons.org/licenses/by-nc/4.0/,bluey1409,2048,1536
6129941188_0.jpg,Wigandia urens,6129941188,https://inaturalist-open-data.s3.amazonaws.com/photos/608218580/original.jpg,http://creativecommons.org/licenses/by-nc/4.0/,Elsa Cabrera,1796,1723
6129958925_0.jpg,Wigandia urens,6129958925,https://inaturalist-open-data.s3.amazonaws.com/photos/605771122/original.jpg,http://creativecommons.org/licenses/by-nc/4.0/,Quilitic Grupo Ambiental,921,2048
5938115573_1.jpg,Wigandia urens,5938115573,https://inaturalist-open-data.s3.amazonaws.com/photos/604575021/original.jpg,http://creativecommons.org/licenses/by-nc/4.0/,bluey1409,2048,1536
6130152881_0.jpg,Wigandia urens,6130152881,https://inaturalist-open-data.s3.amazonaws.com/photos/608282537/original.jpg,http://creativecommons.org/licenses/by-nc/4.0/,Pablo Vinuesa,2048,1556
6130050206_0.jpg,Wigandia urens,6130050206,https://inaturalist-open-data.s3.amazonaws.com/photos/609512657/original.jpg,http://creativecommons.org/licenses/by-nc/4.0/,Tere Castelló,2048,1151
6130139935_0.jpg,Wigandia urens,6130139935,https://inaturalist-open-data.s3.amazonaws.com/photos/609976574/original.jpg,http://creativecommons.org/licenses/by-nc/4.0/,smartforest,1536,2048
6130152881_1.jpg,Wigandia urens,6130152881,https://inaturalist-open-data.s3.amazonaws.com/photos/608282530/original.jpg,http://creativecommons.org/licenses/by-nc/4.0/,Pablo Vinuesa,1466,2048
6130139935_1.jpg,Wigandia urens,6130139935,https://inaturalist-open-data.s3.amazonaws.com/photos/609976600/original.jpg,http://creativecommons.org/licenses/by-nc/4.0/,smartforest,1536,2048
6130235656_1.jpg,Wigandia urens,6130235656,https://inaturalist-open-data.s3.amazonaws.com/photos/610783560/original.jpg,http://creativecommons.org/licenses/by/4.0/,Hank Raizen,1542,2048
6130235656_0.jpg,Wigandia urens,6130235656,https://inaturalist-open-data.s3.amazonaws.com/photos/610783543/original.jpg,http://creativecommons.org/licenses/by/4.0/,Hank Raizen,1542,2048
6130235656_2.jpg,Wigandia urens,6130235656,https://inaturalist-open-data.s3.amazonaws.com/photos/610783579/original.jpg,http://creativecommons.org/licenses/by/4.0/,Hank Raizen,1542,2048
6129986919_0.jpg,Wigandia urens,6129986919,https://inaturalist-open-data.s3.amazonaws.com/photos/607371319/original.jpg,http://creativecommons.org/licenses/by-nc/4.0/,Nao,1536,2048
6129986919_1.jpg,Wigandia urens,6129986919,https://inaturalist-open-data.s3.amazonaws.com/photos/607371350/original.jpg,http://creativecommons.org/licenses/by-nc/4.0/,Nao,1536,2048
6130235656_3.jpg,Wigandia urens,6130235656,https://inaturalist-open-data.s3.amazonaws.com/photos/610783602/original.jpg,http://creativecommons.org/licenses/by/4.0/,Hank Raizen,1542,2048
6130265685_0.jpg,Wigandia urens,6130265685,https://inaturalist-open-data.s3.amazonaws.com/photos/609343630/original.jpg,http://creativecommons.org/licenses/by-nc/4.0/,Nao,1536,2048
6130265685_1.jpg,Wigandia urens,6130265685,https://inaturalist-open-data.s3.amazonaws.com/photos/609343648/original.jpg,http://creativecommons.org/licenses/by-nc/4.0/,Nao,1536,2048
6130303490_1.jpg,Wigandia urens,6130303490,https://inaturalist-open-data.s3.amazonaws.com/photos/610113861/original.jpg,http://creativecommons.org/licenses/by-nc/4.0/,Dmitry Kutcherov,1536,2048
6130303490_3.jpg,Wigandia urens,6130303490,https://inaturalist-open-data.s3.amazonaws.com/photos/610113857/original.jpg,http://creativecommons.org/licenses/by-nc/4.0/,Dmitry Kutcherov,2048,1536
6130303490_0.jpg,Wigandia urens,6130303490,https://inaturalist-open-data.s3.amazonaws.com/photos/610113860/original.jpg,http://creativecommons.org/licenses/by-nc/4.0/,Dmitry Kutcherov,1536,2048
6130509358_0.jpg,Wigandia urens,6130509358,https://inaturalist-open-data.s3.amazonaws.com/photos/605960915/original.jpg,http://creativecommons.org/licenses/by-nc/4.0/,acouplewithoutborders,1536,2048
6130303490_4.jpg,Wigandia urens,6130303490,https://inaturalist-open-data.s3.amazonaws.com/photos/610113855/original.jpg,http://creativecommons.org/licenses/by-nc/4.0/,Dmitry Kutcherov,1536,2048
6130303490_2.jpg,Wigandia urens,6130303490,https://inaturalist-open-data.s3.amazonaws.com/photos/610113859/original.jpg,http://creativecommons.org/licenses/by-nc/4.0/,Dmitry Kutcherov,1536,2048
6130680767_0.jpg,Wigandia urens,6130680767,https://inaturalist-open-data.s3.amazonaws.com/photos/606375480/original.jpg,http://creativecommons.org/licenses/by-nc/4.0/,joseiten,1536,2048
6130557103_0.jpg,Wigandia urens,6130557103,https://inaturalist-open-data.s3.amazonaws.com/photos/607799270/original.jpg,http://creativecommons.org/licenses/by-nc/4.0/,Alejandro Calzada Arciniega,2048,1365
6130680767_2.jpg,Wigandia urens,6130680767,https://inaturalist-open-data.s3.amazonaws.com/photos/606375545/original.jpg,http://creativecommons.org/licenses/by-nc/4.0/,joseiten,1536,2048
6130785243_0.jpg,Wigandia urens,6130785243,https://inaturalist-open-data.s3.amazonaws.com/photos/606731362/original.jpg,http://creativecommons.org/licenses/by-nc/4.0/,Giselle,2048,1365
6130720974_0.jpg,Wigandia urens,6130720974,https://inaturalist-open-data.s3.amazonaws.com/photos/610515152/original.jpg,http://creativecommons.org/licenses/by-nc/4.0/,Monserrat Cadena,1153,2048
6130680767_1.jpg,Wigandia urens,6130680767,https://inaturalist-open-data.s3.amazonaws.com/photos/606375519/original.jpg,http://creativecommons.org/licenses/by-nc/4.0/,joseiten,1536,2048
6130841288_0.jpg,Wigandia urens,6130841288,https://inaturalist-open-data.s3.amazonaws.com/photos/609281701/original.jpg,http://creativecommons.org/licenses/by-nc/4.0/,Yuli Morales Morales Juárez,1536,2048
6130720974_1.jpg,Wigandia urens,6130720974,https://inaturalist-open-data.s3.amazonaws.com/photos/610515176/original.jpg,http://creativecommons.org/licenses/by-nc/4.0/,Monserrat Cadena,1153,2048
6130909394_0.jpg,Wigandia urens,6130909394,https://inaturalist-open-data.s3.amazonaws.com/photos/605760835/original.jpg,http://creativecommons.org/licenses/by-nc/4.0/,alff,1536,2048
6130709603_0.jpg,Wigandia urens,6130709603,https://inaturalist-open-data.s3.amazonaws.com/photos/607202046/original.jpg,http://creativecommons.org/licenses/by-nc/4.0/,Linda Hughes,2048,1536
6131033145_0.jpg,Wigandia urens,6131033145,https://inaturalist-open-data.s3.amazonaws.com/photos/605767567/original.jpg,http://creativecommons.org/licenses/by-nc/4.0/,alff,1536,2048
6131117849_0.jpg,Wigandia urens,6131117849,https://inaturalist-open-data.s3.amazonaws.com/photos/609132994/original.jpg,http://creativecommons.org/licenses/by-nc/4.0/,nat-aleks-a-,2048,1536
6131168477_1.jpg,Wigandia urens,6131168477,https://inaturalist-open-data.s3.amazonaws.com/photos/609813068/original.jpg,http://creativecommons.org/licenses/by-nc/4.0/,alff,1536,2048
6131168477_0.jpg,Wigandia urens,6131168477,https://inaturalist-open-data.s3.amazonaws.com/photos/609813001/original.jpg,http://creativecommons.org/licenses/by-nc/4.0/,alff,1536,2048
6131191326_0.jpg,Wigandia urens,6131191326,https://inaturalist-open-data.s3.amazonaws.com/photos/609234547/original.jpg,http://creativecommons.org/licenses/by-nc/4.0/,Luis Alvarado,1536,2048
6131072194_0.jpg,Wigandia urens,6131072194,https://inaturalist-open-data.s3.amazonaws.com/photos/609991340/original.jpg,http://creativecommons.org/licenses/by-nc/4.0/,cristinahondessen,945,2048
6131133197_0.jpg,Wigandia urens,6131133197,https://inaturalist-open-data.s3.amazonaws.com/photos/607507341/original.jpg,http://creativecommons.org/licenses/by-nc/4.0/,Alicia Rodríguez-Hernández,2048,1536
6131222237_0.jpg,Wigandia urens,6131222237,https://inaturalist-open-data.s3.amazonaws.com/photos/606630719/original.jpg,http://creativecommons.org/licenses/by-nc/4.0/,reyescharles2012,1536,2048
6131222237_1.jpg,Wigandia urens,6131222237,https://inaturalist-open-data.s3.amazonaws.com/photos/606664327/original.jpg,http://creativecommons.org/licenses/by-nc/4.0/,reyescharles2012,1536,2048
6131072194_1.jpg,Wigandia urens,6131072194,https://inaturalist-open-data.s3.amazonaws.com/photos/609991351/original.jpg,http://creativecommons.org/licenses/by-nc/4.0/,cristinahondessen,1246,2048
6131313143_0.jpg,Wigandia urens,6131313143,https://inaturalist-open-data.s3.amazonaws.com/photos/605910691/original.jpg,http://creativecommons.org/licenses/by-nc/4.0/,Ranger Eric Powers,1536,2048
6131133197_1.jpg,Wigandia urens,6131133197,https://inaturalist-open-data.s3.amazonaws.com/photos/607509294/original.jpg,http://creativecommons.org/licenses/by-nc/4.0/,Alicia Rodríguez-Hernández,2048,1536
6131084355_0.jpg,Wigandia urens,6131084355,https://inaturalist-open-data.s3.amazonaws.com/photos/610213275/original.jpg,http://creativecommons.org/licenses/by-nc/4.0/,westy789,1152,2048
6131313143_1.jpg,Wigandia urens,6131313143,https://inaturalist-open-data.s3.amazonaws.com/photos/605910716/original.jpg,http://creativecommons.org/licenses/by-nc/4.0/,Ranger Eric Powers,1536,2048
6133041255_0.jpg,Wigandia urens,6133041255,https://inaturalist-open-data.s3.amazonaws.com/photos/612366811/original.jpg,http://creativecommons.org/licenses/by-nc/4.0/,Fernando Sanchez Hernandez,2048,1150
6133046810_0.jpg,Wigandia urens,6133046810,https://inaturalist-open-data.s3.amazonaws.com/photos/611827216/original.jpg,http://creativecommons.org/licenses/by-nc/4.0/,Micah Freedman,2048,1365
6133046810_2.jpg,Wigandia urens,6133046810,https://inaturalist-open-data.s3.amazonaws.com/photos/611827239/original.jpg,http://creativecommons.org/licenses/by-nc/4.0/,Micah Freedman,2048,1365
6133046810_1.jpg,Wigandia urens,6133046810,https://inaturalist-open-data.s3.amazonaws.com/photos/611827243/original.jpg,http://creativecommons.org/licenses/by-nc/4.0/,Micah Freedman,2048,1365
6131520395_1.jpg,Wigandia urens,6131520395,https://inaturalist-open-data.s3.amazonaws.com/photos/607025593/original.jpg,http://creativecommons.org/licenses/by-nc/4.0/,bakervicky,1536,2048
6131633155_1.jpg,Wigandia urens,6131633155,https://inaturalist-open-data.s3.amazonaws.com/photos/609369369/original.jpg,http://creativecommons.org/licenses/by-nc/4.0/,javiertorrresislas,1536,2048
6133046810_3.jpg,Wigandia urens,6133046810,https://inaturalist-open-data.s3.amazonaws.com/photos/611827247/original.jpg,http://creativecommons.org/licenses/by-nc/4.0/,Micah Freedman,2048,1365
6131605864_0.jpg,Wigandia urens,6131605864,https://inaturalist-open-data.s3.amazonaws.com/photos/609235587/original.jpg,http://creativecommons.org/licenses/by-nc/4.0/,Carlos Granados,1536,2048
6131520395_0.jpg,Wigandia urens,6131520395,https://inaturalist-open-data.s3.amazonaws.com/photos/607025561/original.jpg,http://creativecommons.org/licenses/by-nc/4.0/,bakervicky,1536,2048
6131633155_0.jpg,Wigandia urens,6131633155,https://inaturalist-open-data.s3.amazonaws.com/photos/609369355/original.jpg,http://creativecommons.org/licenses/by-nc/4.0/,javiertorrresislas,1536,2048
6133046810_4.jpg,Wigandia urens,6133046810,https://inaturalist-open-data.s3.amazonaws.com/photos/611827263/original.jpg,http://creativecommons.org/licenses/by-nc/4.0/,Micah Freedman,2048,1365
6133046810_5.jpg,Wigandia urens,6133046810,https://inaturalist-open-data.s3.amazonaws.com/photos/611827270/original.jpg,http://creativecommons.org/licenses/by-nc/4.0/,Micah Freedman,2048,1365
6133086714_0.jpg,Wigandia urens,6133086714,https://inaturalist-open-data.s3.amazonaws.com/photos/612340195/original.jpg,http://creativecommons.org/licenses/by-nc/4.0/,María Fernanda Rionda,1536,2048
6133086714_1.jpg,Wigandia urens,6133086714,https://inaturalist-open-data.s3.amazonaws.com/photos/612340219/original.jpg,http://creativecommons.org/licenses/by-nc/4.0/,María Fernanda Rionda,1536,2048
6133210184_0.jpg,Wigandia urens,6133210184,https://inaturalist-open-data.s3.amazonaws.com/photos/611911413/original.jpg,http://creativecommons.org/licenses/by-nc/4.0/,David Uriostegui Farias,2048,1365
6133210184_2.jpg,Wigandia urens,6133210184,https://inaturalist-open-data.s3.amazonaws.com/photos/611911443/original.jpg,http://creativecommons.org/licenses/by-nc/4.0/,David Uriostegui Farias,2048,1365
6133117854_1.jpg,Wigandia urens,6133117854,https://inaturalist-open-data.s3.amazonaws.com/photos/611232010/original.jpg,http://creativecommons.org/licenses/by-nc/4.0/,Miguel Hernandez Alva,1536,2048
6133117854_0.jpg,Wigandia urens,6133117854,https://inaturalist-open-data.s3.amazonaws.com/photos/611232019/original.jpg,http://creativecommons.org/licenses/by-nc/4.0/,Miguel Hernandez Alva,1536,2048
6133210184_1.jpg,Wigandia urens,6133210184,https://inaturalist-open-data.s3.amazonaws.com/photos/611911428/original.jpg,http://creativecommons.org/licenses/by-nc/4.0/,David Uriostegui Farias,2048,1365
6133117854_2.jpg,Wigandia urens,6133117854,https://inaturalist-open-data.s3.amazonaws.com/photos/611232043/original.jpg,http://creativecommons.org/licenses/by-nc/4.0/,Miguel Hernandez Alva,1536,2048
6133117854_3.jpg,Wigandia urens,6133117854,https://inaturalist-open-data.s3.amazonaws.com/photos/611232035/original.jpg,http://creativecommons.org/licenses/by-nc/4.0/,Miguel Hernandez Alva,1536,2048
6147470214_0.jpg,Wigandia urens,6147470214,https://inaturalist-open-data.s3.amazonaws.com/photos/613102723/original.jpg,http://creativecommons.org/licenses/by-nc/4.0/,axel-f-m,1536,2048
6133228257_0.jpg,Wigandia urens,6133228257,https://inaturalist-open-data.s3.amazonaws.com/photos/611312666/original.jpg,http://creativecommons.org/licenses/by-nc/4.0/,Gerhard Zotz,1542,2048
6133456327_0.jpg,Wigandia urens,6133456327,https://inaturalist-open-data.s3.amazonaws.com/photos/610407476/original.jpg,http://creativecommons.org/licenses/by-nc/4.0/,timendez,2048,1536
6147523362_0.jpg,Wigandia urens,6147523362,https://inaturalist-open-data.s3.amazonaws.com/photos/613241590/original.jpg,http://creativecommons.org/licenses/by-nc/4.0/,cristinahondessen,1667,2048
6159561459_0.jpg,Wigandia urens,6159561459,https://inaturalist-open-data.s3.amazonaws.com/photos/614711137/original.jpg,http://creativecommons.org/licenses/by/4.0/,Erick Vélez Sánchez,1536,2048
6159561459_1.jpg,Wigandia urens,6159561459,https://inaturalist-open-data.s3.amazonaws.com/photos/614711155/original.jpg,http://creativecommons.org/licenses/by/4.0/,Erick Vélez Sánchez,1536,2048
6133563801_0.jpg,Wigandia urens,6133563801,https://inaturalist-open-data.s3.amazonaws.com/photos/612321967/original.jpg,http://creativecommons.org/licenses/by-nc/4.0/,Mauricio,1536,2048
6159318596_0.jpg,Wigandia urens,6159318596,https://inaturalist-open-data.s3.amazonaws.com/photos/611712860/original.jpg,http://creativecommons.org/licenses/by-nc/4.0/,cloverwitch,2048,1536
6133228257_1.jpg,Wigandia urens,6133228257,https://inaturalist-open-data.s3.amazonaws.com/photos/611312689/original.jpg,http://creativecommons.org/licenses/by-nc/4.0/,Gerhard Zotz,1542,2048
6133228257_2.jpg,Wigandia urens,6133228257,https://inaturalist-open-data.s3.amazonaws.com/photos/611312712/original.jpg,http://creativecommons.org/licenses/by-nc/4.0/,Gerhard Zotz,1542,2048
6163295557_0.jpg,Wigandia urens,6163295557,https://inaturalist-open-data.s3.amazonaws.com/photos/613180402/original.jpg,http://creativecommons.org/licenses/by-nc/4.0/,Deneb Ortigosa,946,2048
6159561459_3.jpg,Wigandia urens,6159561459,https://inaturalist-open-data.s3.amazonaws.com/photos/614711184/original.jpg,http://creativecommons.org/licenses/by/4.0/,Erick Vélez Sánchez,1536,2048
6163295557_1.jpg,Wigandia urens,6163295557,https://inaturalist-open-data.s3.amazonaws.com/photos/613180412/original.jpg,http://creativecommons.org/licenses/by-nc/4.0/,Deneb Ortigosa,946,2048
6159561459_2.jpg,Wigandia urens,6159561459,https://inaturalist-open-data.s3.amazonaws.com/photos/614711167/original.jpg,http://creativecommons.org/licenses/by/4.0/,Erick Vélez Sánchez,2048,1536
6171063158_3.jpg,Wigandia urens,6171063158,https://inaturalist-open-data.s3.amazonaws.com/photos/618635237/original.jpg,http://creativecommons.org/licenses/by-nc/4.0/,hola_lola,2048,1910
6171063158_2.jpg,Wigandia urens,6171063158,https://inaturalist-open-data.s3.amazonaws.com/photos/618635226/original.jpg,http://creativecommons.org/licenses/by-nc/4.0/,hola_lola,1536,2048
6171063158_0.jpg,Wigandia urens,6171063158,https://inaturalist-open-data.s3.amazonaws.com/photos/618635198/original.jpg,http://creativecommons.org/licenses/by-nc/4.0/,hola_lola,2048,1709
6170866525_0.jpg,Wigandia urens,6170866525,https://inaturalist-open-data.s3.amazonaws.com/photos/618635065/original.jpg,http://creativecommons.org/licenses/by-nc/4.0/,hola_lola,1536,2048
6170866525_2.jpg,Wigandia urens,6170866525,https://inaturalist-open-data.s3.amazonaws.com/photos/618635088/original.jpg,http://creativecommons.org/licenses/by-nc/4.0/,hola_lola,1536,2048
6170866525_1.jpg,Wigandia urens,6170866525,https://inaturalist-open-data.s3.amazonaws.com/photos/618635074/original.jpg,http://creativecommons.org/licenses/by-nc/4.0/,hola_lola,2012,2048
6170866525_3.jpg,Wigandia urens,6170866525,https://inaturalist-open-data.s3.amazonaws.com/photos/618635096/original.jpg,http://creativecommons.org/licenses/by-nc/4.0/,hola_lola,1536,2048
6171063158_1.jpg,Wigandia urens,6171063158,https://inaturalist-open-data.s3.amazonaws.com/photos/618635216/original.jpg,http://creativecommons.org/licenses/by-nc/4.0/,hola_lola,2021,2048
6171141709_0.jpg,Wigandia urens,6171141709,https://inaturalist-open-data.s3.amazonaws.com/photos/619642356/original.jpg,http://creativecommons.org/licenses/by-nc/4.0/,Yunueth Luria Cruz,1536,2048
6178804521_0.jpg,Wigandia urens,6178804521,https://inaturalist-open-data.s3.amazonaws.com/photos/623266241/original.jpg,http://creativecommons.org/licenses/by-nc/4.0/,Efraín Octavio Aguilar Pérez,1536,2048
6184801260_0.jpg,Wigandia urens,6184801260,https://inaturalist-open-data.s3.amazonaws.com/photos/608041066/original.jpg,http://creativecommons.org/licenses/by-nc/4.0/,CarinaCR,1600,1200
6184801260_1.jpg,Wigandia urens,6184801260,https://inaturalist-open-data.s3.amazonaws.com/photos/608041086/original.jpg,http://creativecommons.org/licenses/by-nc/4.0/,CarinaCR,1600,1200
6184801260_2.jpg,Wigandia urens,6184801260,https://inaturalist-open-data.s3.amazonaws.com/photos/608041098/original.jpg,http://creativecommons.org/licenses/by-nc/4.0/,CarinaCR,1600,1200
6185489433_0.jpg,Wigandia urens,6185489433,https://inaturalist-open-data.s3.amazonaws.com/photos/623289348/original.jpg,http://creativecommons.org/licenses/by-nc/4.0/,Efraín Octavio Aguilar Pérez,1536,2048
6179090382_0.jpg,Wigandia urens,6179090382,https://inaturalist-open-data.s3.amazonaws.com/photos/625196003/original.jpg,http://creativecommons.org/licenses/by-nc/4.0/,amandaccox,1536,2048
6184801260_3.jpg,Wigandia urens,6184801260,https://inaturalist-open-data.s3.amazonaws.com/photos/608041113/original.jpg,http://creativecommons.org/licenses/by-nc/4.0/,CarinaCR,1600,1200
6185764069_1.jpg,Wigandia urens,6185764069,https://inaturalist-open-data.s3.amazonaws.com/photos/608011587/original.jpg,http://creativecommons.org/licenses/by-nc/4.0/,chavivis_he,2048,1153
6185764069_0.jpg,Wigandia urens,6185764069,https://inaturalist-open-data.s3.amazonaws.com/photos/608011563/original.jpg,http://creativecommons.org/licenses/by-nc/4.0/,chavivis_he,2048,1153
6130165324_1.jpg,Solanum nigrescens,6130165324,https://inaturalist-open-data.s3.amazonaws.com/photos/604844679/original.jpg,http://creativecommons.org/licenses/by-nc/4.0/,Pablo Alejandro Montero Herrera,1536,2048
5938614598_0.jpg,Solanum nigrescens,5938614598,https://inaturalist-open-data.s3.amazonaws.com/photos/604676318/original.jpg,http://creativecommons.org/licenses/by-nc/4.0/,Hugo Sun,1536,2048
6129908317_2.jpg,Solanum nigrescens,6129908317,https://inaturalist-open-data.s3.amazonaws.com/photos/606797016/original.jpg,http://creativecommons.org/licenses/by-nc/4.0/,晚昼,1536,2048
6129824667_2.jpg,Solanum nigrescens,6129824667,https://inaturalist-open-data.s3.amazonaws.com/photos/607488450/original.jpg,http://creativecommons.org/licenses/by-nc/4.0/,Andrea Mayen,1536,2048
6129908317_3.jpg,Solanum nigrescens,6129908317,https://inaturalist-open-data.s3.amazonaws.com/photos/606797030/original.jpg,http://creativecommons.org/licenses/by-nc/4.0/,晚昼,1536,2048
6129908317_0.jpg,Solanum nigrescens,6129908317,https://inaturalist-open-data.s3.amazonaws.com/photos/606796981/original.jpg,http://creativecommons.org/licenses/by-nc/4.0/,晚昼,1536,2048
6130165324_2.jpg,Solanum nigrescens,6130165324,https://inaturalist-open-data.s3.amazonaws.com/photos/604844698/original.jpg,http://creativecommons.org/licenses/by-nc/4.0/,Pablo Alejandro Montero Herrera,1536,2048
6129824667_1.jpg,Solanum nigrescens,6129824667,https://inaturalist-open-data.s3.amazonaws.com/photos/607488245/original.jpg,http://creativecommons.org/licenses/by-nc/4.0/,Andrea Mayen,1536,2048
6130165324_3.jpg,Solanum nigrescens,6130165324,https://inaturalist-open-data.s3.amazonaws.com/photos/604844716/original.jpg,http://creativecommons.org/licenses/by-nc/4.0/,Pablo Alejandro Montero Herrera,1536,2048
6129824667_0.jpg,Solanum nigrescens,6129824667,https://inaturalist-open-data.s3.amazonaws.com/photos/607488162/original.jpg,http://creativecommons.org/licenses/by-nc/4.0/,Andrea Mayen,1536,2048
6130165324_0.jpg,Solanum nigrescens,6130165324,https://inaturalist-open-data.s3.amazonaws.com/photos/604844655/original.jpg,http://creativecommons.org/licenses/by-nc/4.0/,Pablo Alejandro Montero Herrera,1536,2048
6130165324_6.jpg,Solanum nigrescens,6130165324,https://inaturalist-open-data.s3.amazonaws.com/photos/604844772/original.jpg,http://creativecommons.org/licenses/by-nc/4.0/,Pablo Alejandro Montero Herrera,1536,2048
6129908317_1.jpg,Solanum nigrescens,6129908317,https://inaturalist-open-data.s3.amazonaws.com/photos/606796995/original.jpg,http://creativecommons.org/licenses/by-nc/4.0/,晚昼,1536,2048
6130165324_5.jpg,Solanum nigrescens,6130165324,https://inaturalist-open-data.s3.amazonaws.com/photos/604844760/original.jpg,http://creativecommons.org/licenses/by-nc/4.0/,Pablo Alejandro Montero Herrera,1536,2048
6130165324_7.jpg,Solanum nigrescens,6130165324,https://inaturalist-open-data.s3.amazonaws.com/photos/604844790/original.jpg,http://creativecommons.org/licenses/by-nc/4.0/,Pablo Alejandro Montero Herrera,1536,2048
6130165324_4.jpg,Solanum nigrescens,6130165324,https://inaturalist-open-data.s3.amazonaws.com/photos/604844744/original.jpg,http://creativecommons.org/licenses/by-nc/4.0/,Pablo Alejandro Montero Herrera,1536,2048
6130669005_0.jpg,Solanum nigrescens,6130669005,https://inaturalist-open-data.s3.amazonaws.com/photos/610819818/original.jpg,http://creativecommons.org/licenses/by-nc/4.0/,jzelada,946,2048
6130669005_1.jpg,Solanum nigrescens,6130669005,https://inaturalist-open-data.s3.amazonaws.com/photos/610819836/original.jpg,http://creativecommons.org/licenses/by-nc/4.0/,jzelada,946,2048
6147361768_0.jpg,Solanum nigrescens,6147361768,https://inaturalist-open-data.s3.amazonaws.com/photos/612536088/original.jpg,http://creativecommons.org/licenses/by-nc/4.0/,Mónica y Mario,1930,1986
6147361768_2.jpg,Solanum nigrescens,6147361768,https://inaturalist-open-data.s3.amazonaws.com/photos/612536130/original.jpg,http://creativecommons.org/licenses/by-nc/4.0/,Mónica y Mario,1536,2048
6147361768_3.jpg,Solanum nigrescens,6147361768,https://inaturalist-open-data.s3.amazonaws.com/photos/612536149/original.jpg,http://creativecommons.org/licenses/by-nc/4.0/,Mónica y Mario,1536,2048
6147361768_1.jpg,Solanum nigrescens,6147361768,https://inaturalist-open-data.s3.amazonaws.com/photos/612536109/original.jpg,http://creativecommons.org/licenses/by-nc/4.0/,Mónica y Mario,1536,2048
6147361768_5.jpg,Solanum nigrescens,6147361768,https://inaturalist-open-data.s3.amazonaws.com/photos/612536203/original.jpg,http://creativecommons.org/licenses/by-nc/4.0/,Mónica y Mario,1536,2048
6131489289_0.jpg,Solanum nigrescens,6131489289,https://inaturalist-open-data.s3.amazonaws.com/photos/610329584/original.jpg,http://creativecommons.org/licenses/by-nc/4.0/,German Cuali Valdez,1536,2048
6147361767_0.jpg,Solanum nigrescens,6147361767,https://inaturalist-open-data.s3.amazonaws.com/photos/612498600/original.jpg,http://creativecommons.org/licenses/by/4.0/,Nicolás Baresch Uribe,1536,2048
6147361768_4.jpg,Solanum nigrescens,6147361768,https://inaturalist-open-data.s3.amazonaws.com/photos/612536174/original.jpg,http://creativecommons.org/licenses/by-nc/4.0/,Mónica y Mario,1536,2048
6147361768_6.jpg,Solanum nigrescens,6147361768,https://inaturalist-open-data.s3.amazonaws.com/photos/612536223/original.jpg,http://creativecommons.org/licenses/by-nc/4.0/,Mónica y Mario,1634,2048
6147361768_7.jpg,Solanum nigrescens,6147361768,https://inaturalist-open-data.s3.amazonaws.com/photos/612536266/original.jpg,http://creativecommons.org/licenses/by-nc/4.0/,Mónica y Mario,1536,2048
6147361768_8.jpg,Solanum nigrescens,6147361768,https://inaturalist-open-data.s3.amazonaws.com/photos/612536296/original.jpg,http://creativecommons.org/licenses/by-nc/4.0/,Mónica y Mario,1536,2048
6147361767_1.jpg,Solanum nigrescens,6147361767,https://inaturalist-open-data.s3.amazonaws.com/photos/612498638/original.jpg,http://creativecommons.org/licenses/by/4.0/,Nicolás Baresch Uribe,1536,2048
6147361767_2.jpg,Solanum nigrescens,6147361767,https://inaturalist-open-data.s3.amazonaws.com/photos/612498670/original.jpg,http://creativecommons.org/licenses/by/4.0/,Nicolás Baresch Uribe,1536,2048
6451505304_0.jpg,Solanum nigrescens,6451505304,https://inaturalist-open-data.s3.amazonaws.com/photos/616880918/original.jpg,http://creativecommons.org/licenses/by-nc/4.0/,connieyoungstrom,1536,2048
6162932985_0.jpg,Solanum nigrescens,6162932985,https://inaturalist-open-data.s3.amazonaws.com/photos/617327898/original.jpg,http://creativecommons.org/licenses/by-nc/4.0/,Fundacion ProAves,1542,2048
6184807533_0.jpg,Solanum nigrescens,6184807533,https://inaturalist-open-data.s3.amazonaws.com/photos/622696029/original.jpg,http://creativecommons.org/licenses/by-nc/4.0/,Nate Hartley,1542,2048
6162932985_1.jpg,Solanum nigrescens,6162932985,https://inaturalist-open-data.s3.amazonaws.com/photos/617327914/original.jpg,http://creativecommons.org/licenses/by-nc/4.0/,Fundacion ProAves,1542,2048
6184827740_0.jpg,Solanum nigrescens,6184827740,https://inaturalist-open-data.s3.amazonaws.com/photos/626823958/original.jpg,http://creativecommons.org/licenses/by-nc/4.0/,pozaricaalnatural,2048,1536
6184807533_1.jpg,Solanum nigrescens,6184807533,https://inaturalist-open-data.s3.amazonaws.com/photos/622696050/original.jpg,http://creativecommons.org/licenses/by-nc/4.0/,Nate Hartley,1542,2048
6162932985_2.jpg,Solanum nigrescens,6162932985,https://inaturalist-open-data.s3.amazonaws.com/photos/617327934/original.jpg,http://creativecommons.org/licenses/by-nc/4.0/,Fundacion ProAves,1542,2048
6184827740_1.jpg,Solanum nigrescens,6184827740,https://inaturalist-open-data.s3.amazonaws.com/photos/626823979/original.jpg,http://creativecommons.org/licenses/by-nc/4.0/,pozaricaalnatural,2048,1536
6178767054_0.jpg,Solanum nigrescens,6178767054,https://inaturalist-open-data.s3.amazonaws.com/photos/613655987/original.jpg,http://creativecommons.org/licenses/by-nc/4.0/,giomillan,1542,2048
6159242273_0.jpg,Solanum nigrescens,6159242273,https://inaturalist-open-data.s3.amazonaws.com/photos/613223292/original.jpg,http://creativecommons.org/licenses/by-nc/4.0/,aura españa,1536,2048
6184827740_3.jpg,Solanum nigrescens,6184827740,https://inaturalist-open-data.s3.amazonaws.com/photos/626824020/original.jpg,http://creativecommons.org/licenses/by-nc/4.0/,pozaricaalnatural,1536,2048
6184827740_5.jpg,Solanum nigrescens,6184827740,https://inaturalist-open-data.s3.amazonaws.com/photos/626824277/original.jpg,http://creativecommons.org/licenses/by-nc/4.0/,pozaricaalnatural,2048,1536
6184827740_2.jpg,Solanum nigrescens,6184827740,https://inaturalist-open-data.s3.amazonaws.com/photos/626824004/original.jpg,http://creativecommons.org/licenses/by-nc/4.0/,pozaricaalnatural,2048,1536
6184827740_6.jpg,Solanum nigrescens,6184827740,https://inaturalist-open-data.s3.amazonaws.com/photos/626824423/original.jpg,http://creativecommons.org/licenses/by-nc/4.0/,pozaricaalnatural,2048,1536
6185023476_1.jpg,Solanum nigrescens,6185023476,https://inaturalist-open-data.s3.amazonaws.com/photos/628125428/original.jpg,http://creativecommons.org/licenses/by-nc/4.0/,Dayana Ochoa,945,2048
6185023476_2.jpg,Solanum nigrescens,6185023476,https://inaturalist-open-data.s3.amazonaws.com/photos/628125502/original.jpg,http://creativecommons.org/licenses/by-nc/4.0/,Dayana Ochoa,945,2048
6185023476_0.jpg,Solanum nigrescens,6185023476,https://inaturalist-open-data.s3.amazonaws.com/photos/628125388/original.jpg,http://creativecommons.org/licenses/by-nc/4.0/,Dayana Ochoa,945,2048
6184827740_4.jpg,Solanum nigrescens,6184827740,https://inaturalist-open-data.s3.amazonaws.com/photos/626824043/original.jpg,http://creativecommons.org/licenses/by-nc/4.0/,pozaricaalnatural,2048,1536
6184827740_7.jpg,Solanum nigrescens,6184827740,https://inaturalist-open-data.s3.amazonaws.com/photos/626824451/original.jpg,http://creativecommons.org/licenses/by-nc/4.0/,pozaricaalnatural,2048,1536
6184995660_0.jpg,Solanum nigrescens,6184995660,https://inaturalist-open-data.s3.amazonaws.com/photos/627419556/original.jpg,http://creativecommons.org/licenses/by/4.0/,Juan Cruzado Cortés,1536,2048
6185870115_1.jpg,Solanum nigrescens,6185870115,https://inaturalist-open-data.s3.amazonaws.com/photos/628881820/original.jpg,http://creativecommons.org/licenses/by-nc/4.0/,C P,829,1618
6185106071_0.jpg,Solanum nigrescens,6185106071,https://inaturalist-open-data.s3.amazonaws.com/photos/627984860/original.jpg,http://creativecommons.org/licenses/by-nc/4.0/,Jaime Enrique,1536,2048
6185839827_0.jpg,Solanum nigrescens,6185839827,https://inaturalist-open-data.s3.amazonaws.com/photos/622742142/original.jpg,http://creativecommons.org/licenses/by-nc/4.0/,Nate Hartley,1542,2048
6185106071_5.jpg,Solanum nigrescens,6185106071,https://inaturalist-open-data.s3.amazonaws.com/photos/627984925/original.jpg,http://creativecommons.org/licenses/by-nc/4.0/,Jaime Enrique,1536,2048
6185106071_4.jpg,Solanum nigrescens,6185106071,https://inaturalist-open-data.s3.amazonaws.com/photos/627984909/original.jpg,http://creativecommons.org/licenses/by-nc/4.0/,Jaime Enrique,1536,2048
6185839827_1.jpg,Solanum nigrescens,6185839827,https://inaturalist-open-data.s3.amazonaws.com/photos/622742143/original.jpg,http://creativecommons.org/licenses/by-nc/4.0/,Nate Hartley,1542,2048
6185106071_3.jpg,Solanum nigrescens,6185106071,https://inaturalist-open-data.s3.amazonaws.com/photos/627984890/original.jpg,http://creativecommons.org/licenses/by-nc/4.0/,Jaime Enrique,1536,2048
6185106071_2.jpg,Solanum nigrescens,6185106071,https://inaturalist-open-data.s3.amazonaws.com/photos/627984879/original.jpg,http://creativecommons.org/licenses/by-nc/4.0/,Jaime Enrique,1536,2048
6185106071_1.jpg,Solanum nigrescens,6185106071,https://inaturalist-open-data.s3.amazonaws.com/photos/627984870/original.jpg,http://creativecommons.org/licenses/by-nc/4.0/,Jaime Enrique,1536,2048
6188099485_0.jpg,Solanum nigrescens,6188099485,https://inaturalist-open-data.s3.amazonaws.com/photos/631191332/original.jpg,http://creativecommons.org/licenses/by-nc/4.0/,Marcelo Alí Martínez-Guerra,2048,1537
6188099485_3.jpg,Solanum nigrescens,6188099485,https://inaturalist-open-data.s3.amazonaws.com/photos/631191525/original.jpg,http://creativecommons.org/licenses/by-nc/4.0/,Marcelo Alí Martínez-Guerra,2048,1537
6188099485_4.jpg,Solanum nigrescens,6188099485,https://inaturalist-open-data.s3.amazonaws.com/photos/631191585/original.jpg,http://creativecommons.org/licenses/by-nc/4.0/,Marcelo Alí Martínez-Guerra,2048,1537
6188099485_2.jpg,Solanum nigrescens,6188099485,https://inaturalist-open-data.s3.amazonaws.com/photos/631191473/original.jpg,http://creativecommons.org/licenses/by-nc/4.0/,Marcelo Alí Martínez-Guerra,2048,1537
6188099485_6.jpg,Solanum nigrescens,6188099485,https://inaturalist-open-data.s3.amazonaws.com/photos/631191781/original.jpg,http://creativecommons.org/licenses/by-nc/4.0/,Marcelo Alí Martínez-Guerra,1537,2048
6188099485_5.jpg,Solanum nigrescens,6188099485,https://inaturalist-open-data.s3.amazonaws.com/photos/631191690/original.jpg,http://creativecommons.org/licenses/by-nc/4.0/,Marcelo Alí Martínez-Guerra,2048,1537
6188099485_1.jpg,Solanum nigrescens,6188099485,https://inaturalist-open-data.s3.amazonaws.com/photos/631191398/original.jpg,http://creativecommons.org/licenses/by-nc/4.0/,Marcelo Alí Martínez-Guerra,2048,1537
6188099485_7.jpg,Solanum nigrescens,6188099485,https://inaturalist-open-data.s3.amazonaws.com/photos/631191898/original.jpg,http://creativecommons.org/licenses/by-nc/4.0/,Marcelo Alí Martínez-Guerra,2048,1537
6188247684_0.jpg,Solanum nigrescens,6188247684,https://inaturalist-open-data.s3.amazonaws.com/photos/629849660/original.jpg,http://creativecommons.org/licenses/by-nc/4.0/,mdelapuente,1536,2048
6188480032_3.jpg,Solanum nigrescens,6188480032,https://inaturalist-open-data.s3.amazonaws.com/photos/632875098/original.jpg,http://creativecommons.org/licenses/by-nc/4.0/,Allyse,2048,946
6188480032_1.jpg,Solanum nigrescens,6188480032,https://inaturalist-open-data.s3.amazonaws.com/photos/632875022/original.jpg,http://creativecommons.org/licenses/by-nc/4.0/,Allyse,2048,946
6234357947_0.jpg,Solanum nigrescens,6234357947,https://inaturalist-open-data.s3.amazonaws.com/photos/641546552/original.jpg,http://creativecommons.org/licenses/by-nc/4.0/,Amy Narváez,1536,2048
6185870115_0.jpg,Solanum nigrescens,6185870115,https://inaturalist-open-data.s3.amazonaws.com/photos/628882064/original.jpg,http://creativecommons.org/licenses/by-nc/4.0/,C P,1536,2048
6188527748_0.jpg,Solanum nigrescens,6188527748,https://inaturalist-open-data.s3.amazonaws.com/photos/630857177/original.jpg,http://creativecommons.org/licenses/by-nc/4.0/,Lena Zappia,1536,2048
6234357947_1.jpg,Solanum nigrescens,6234357947,https://inaturalist-open-data.s3.amazonaws.com/photos/641546615/original.jpg,http://creativecommons.org/licenses/by-nc/4.0/,Amy Narváez,1536,2048
6188480032_0.jpg,Solanum nigrescens,6188480032,https://inaturalist-open-data.s3.amazonaws.com/photos/632874992/original.jpg,http://creativecommons.org/licenses/by-nc/4.0/,Allyse,2048,946
6188480032_2.jpg,Solanum nigrescens,6188480032,https://inaturalist-open-data.s3.amazonaws.com/photos/632875064/original.jpg,http://creativecommons.org/licenses/by-nc/4.0/,Allyse,2048,946
6234211517_0.jpg,Solanum nigrescens,6234211517,https://inaturalist-open-data.s3.amazonaws.com/photos/644711523/original.jpg,http://creativecommons.org/licenses/by-nc/4.0/,adalidleo0710,1600,1200
6234696655_0.jpg,Solanum nigrescens,6234696655,https://inaturalist-open-data.s3.amazonaws.com/photos/644711525/original.jpg,http://creativecommons.org/licenses/by-nc/4.0/,adalidleo0710,1600,1200
6234291702_0.jpg,Solanum nigrescens,6234291702,https://inaturalist-open-data.s3.amazonaws.com/photos/647299774/original.jpg,http://creativecommons.org/licenses/by-nc/4.0/,Nathan Zárate,1536,2048
6234354972_1.jpg,Solanum nigrescens,6234354972,https://inaturalist-open-data.s3.amazonaws.com/photos/644521949/original.jpg,http://creativecommons.org/licenses/by-nc/4.0/,Mariel,2048,1152
6234354972_0.jpg,Solanum nigrescens,6234354972,https://inaturalist-open-data.s3.amazonaws.com/photos/644521917/original.jpg,http://creativecommons.org/licenses/by-nc/4.0/,Mariel,1152,2048
6234579976_0.jpg,Solanum nigrescens,6234579976,https://inaturalist-open-data.s3.amazonaws.com/photos/645448834/original.jpg,http://creativecommons.org/licenses/by-nc/4.0/,Alberto González-Gallina,2048,1536
6234254841_0.jpg,Solanum nigrescens,6234254841,https://inaturalist-open-data.s3.amazonaws.com/photos/642516758/original.jpg,http://creativecommons.org/licenses/by-nc/4.0/,gmmeshelter,1536,2048
6234639765_0.jpg,Solanum nigrescens,6234639765,https://inaturalist-open-data.s3.amazonaws.com/photos/647548044/original.jpg,http://creativecommons.org/licenses/by-nc/4.0/,Amalia Estrada,1274,2048
6234386358_0.jpg,Solanum nigrescens,6234386358,https://inaturalist-open-data.s3.amazonaws.com/photos/645712630/original.jpg,http://creativecommons.org/licenses/by-nc/4.0/,mornelasc,1152,2048
6235030577_2.jpg,Solanum nigrescens,6235030577,https://inaturalist-open-data.s3.amazonaws.com/photos/648117081/original.jpg,http://creativecommons.org/licenses/by-nc/4.0/,Jenifer Alexia Cruz Flores,946,2048
6234762623_2.jpg,Solanum nigrescens,6234762623,https://inaturalist-open-data.s3.amazonaws.com/photos/647605690/original.jpg,http://creativecommons.org/licenses/by-nc/4.0/,Hanji Eduardo Alegría Ovando,2048,1371
6234762623_1.jpg,Solanum nigrescens,6234762623,https://inaturalist-open-data.s3.amazonaws.com/photos/647604847/original.jpg,http://creativecommons.org/licenses/by-nc/4.0/,Hanji Eduardo Alegría Ovando,2048,1371
6235030577_1.jpg,Solanum nigrescens,6235030577,https://inaturalist-open-data.s3.amazonaws.com/photos/648116567/original.jpg,http://creativecommons.org/licenses/by-nc/4.0/,Jenifer Alexia Cruz Flores,946,2048
6234977699_0.jpg,Solanum nigrescens,6234977699,https://inaturalist-open-data.s3.amazonaws.com/photos/647261223/original.jpg,http://creativecommons.org/licenses/by-nc/4.0/,Emily Gisselle Quintero,921,2048
6234762623_0.jpg,Solanum nigrescens,6234762623,https://inaturalist-open-data.s3.amazonaws.com/photos/647604860/original.jpg,http://creativecommons.org/licenses/by-nc/4.0/,Hanji Eduardo Alegría Ovando,2048,1371
6234907999_1.jpg,Solanum nigrescens,6234907999,https://inaturalist-open-data.s3.amazonaws.com/photos/645715712/original.jpg,http://creativecommons.org/licenses/by-nc/4.0/,elizabeth_eh,1536,2048
6235030577_0.jpg,Solanum nigrescens,6235030577,https://inaturalist-open-data.s3.amazonaws.com/photos/648116476/original.jpg,http://creativecommons.org/licenses/by-nc/4.0/,Jenifer Alexia Cruz Flores,946,2048
6235101505_0.jpg,Solanum nigrescens,6235101505,https://inaturalist-open-data.s3.amazonaws.com/photos/646024649/original.jpg,http://creativecommons.org/licenses/by/4.0/,Hugo Juárez,1152,2048
6235101505_1.jpg,Solanum nigrescens,6235101505,https://inaturalist-open-data.s3.amazonaws.com/photos/646024709/original.jpg,http://creativecommons.org/licenses/by/4.0/,Hugo Juárez,900,1600
6235679830_0.jpg,Solanum nigrescens,6235679830,https://inaturalist-open-data.s3.amazonaws.com/photos/642478560/original.jpg,http://creativecommons.org/licenses/by-nc/4.0/,mikejordan,1536,2048
6234906776_0.jpg,Solanum nigrescens,6234906776,https://inaturalist-open-data.s3.amazonaws.com/photos/647257823/original.jpg,http://creativecommons.org/licenses/by-nc/4.0/,mornelasc,2048,1152
6235101505_2.jpg,Solanum nigrescens,6235101505,https://inaturalist-open-data.s3.amazonaws.com/photos/646024775/original.jpg,http://creativecommons.org/licenses/by/4.0/,Hugo Juárez,900,1600
6235613534_0.jpg,Solanum nigrescens,6235613534,https://inaturalist-open-data.s3.amazonaws.com/photos/647310452/original.jpg,http://creativecommons.org/licenses/by-nc/4.0/,Amalia Estrada,1666,2048
6234907999_0.jpg,Solanum nigrescens,6234907999,https://inaturalist-open-data.s3.amazonaws.com/photos/645715631/original.jpg,http://creativecommons.org/licenses/by-nc/4.0/,elizabeth_eh,1536,2048
6235981717_0.jpg,Solanum nigrescens,6235981717,https://inaturalist-open-data.s3.amazonaws.com/photos/644711522/original.jpg,http://creativecommons.org/licenses/by-nc/4.0/,adalidleo0710,1600,1200
6235811525_0.jpg,Solanum nigrescens,6235811525,https://inaturalist-open-data.s3.amazonaws.com/photos/647387981/original.jpg,http://creativecommons.org/licenses/by-nc/4.0/,Carlos Gonzalez Villalobos,2048,1365
6236129186_1.jpg,Solanum nigrescens,6236129186,https://inaturalist-open-data.s3.amazonaws.com/photos/647387237/original.jpg,http://creativecommons.org/licenses/by-nc/4.0/,Carlos Gonzalez Villalobos,1365,2048
6236129186_0.jpg,Solanum nigrescens,6236129186,https://inaturalist-open-data.s3.amazonaws.com/photos/647387229/original.jpg,http://creativecommons.org/licenses/by-nc/4.0/,Carlos Gonzalez Villalobos,2048,1365
6236137585_0.jpg,Solanum nigrescens,6236137585,https://inaturalist-open-data.s3.amazonaws.com/photos/646188694/original.jpg,http://creativecommons.org/licenses/by-nc/4.0/,Amalia Estrada,1298,2048
6235899675_1.jpg,Solanum nigrescens,6235899675,https://inaturalist-open-data.s3.amazonaws.com/photos/647351558/original.jpg,http://creativecommons.org/licenses/by-nc/4.0/,Diego Carlos AS,1536,2048
6236246963_0.jpg,Solanum nigrescens,6236246963,https://inaturalist-open-data.s3.amazonaws.com/photos/645855218/original.jpg,http://creativecommons.org/licenses/by-nc/4.0/,Carlos,2048,1536
6235908747_0.jpg,Solanum nigrescens,6235908747,https://inaturalist-open-data.s3.amazonaws.com/photos/647545336/original.jpg,http://creativecommons.org/licenses/by-nc/4.0/,Eduardo,1536,2048
6235908747_1.jpg,Solanum nigrescens,6235908747,https://inaturalist-open-data.s3.amazonaws.com/photos/647545354/original.jpg,http://creativecommons.org/licenses/by-nc/4.0/,Eduardo,1536,2048
6235899675_0.jpg,Solanum nigrescens,6235899675,https://inaturalist-open-data.s3.amazonaws.com/photos/647351438/original.jpg,http://creativecommons.org/licenses/by-nc/4.0/,Diego Carlos AS,1536,2048
6236439924_0.jpg,Solanum nigrescens,6236439924,https://inaturalist-open-data.s3.amazonaws.com/photos/647545378/original.jpg,http://creativecommons.org/licenses/by-nc/4.0/,Amalia Estrada,1305,2048
6236246963_1.jpg,Solanum nigrescens,6236246963,https://inaturalist-open-data.s3.amazonaws.com/photos/645855302/original.jpg,http://creativecommons.org/licenses/by-nc/4.0/,Carlos,2048,1536
6251562368_3.jpg,Solanum nigrescens,6251562368,https://inaturalist-open-data.s3.amazonaws.com/photos/651716100/original.jpg,http://creativecommons.org/licenses/by/4.0/,Rafaella Cevallos Larrea,1536,2048
6251562368_0.jpg,Solanum nigrescens,6251562368,https://inaturalist-open-data.s3.amazonaws.com/photos/651716010/original.jpg,http://creativecommons.org/licenses/by/4.0/,Rafaella Cevallos Larrea,1536,2048
6251935229_1.jpg,Solanum nigrescens,6251935229,https://inaturalist-open-data.s3.amazonaws.com/photos/650297842/original.jpg,http://creativecommons.org/licenses/by-nc/4.0/,Anayeli GE,1542,2048
6251546788_1.jpg,Solanum nigrescens,6251546788,https://inaturalist-open-data.s3.amazonaws.com/photos/651913803/original.jpg,http://creativecommons.org/licenses/by-nc/4.0/,Nao,1536,2048
6251562368_2.jpg,Solanum nigrescens,6251562368,https://inaturalist-open-data.s3.amazonaws.com/photos/651716072/original.jpg,http://creativecommons.org/licenses/by/4.0/,Rafaella Cevallos Larrea,1536,2048
6251562368_1.jpg,Solanum nigrescens,6251562368,https://inaturalist-open-data.s3.amazonaws.com/photos/651716038/original.jpg,http://creativecommons.org/licenses/by/4.0/,Rafaella Cevallos Larrea,1536,2048
6251546788_2.jpg,Solanum nigrescens,6251546788,https://inaturalist-open-data.s3.amazonaws.com/photos/651913831/original.jpg,http://creativecommons.org/licenses/by-nc/4.0/,Nao,2048,1536
6251935229_2.jpg,Solanum nigrescens,6251935229,https://inaturalist-open-data.s3.amazonaws.com/photos/650297889/original.jpg,http://creativecommons.org/licenses/by-nc/4.0/,Anayeli GE,1542,2048
6251935229_0.jpg,Solanum nigrescens,6251935229,https://inaturalist-open-data.s3.amazonaws.com/photos/650297766/original.jpg,http://creativecommons.org/licenses/by-nc/4.0/,Anayeli GE,1542,2048
6251546788_0.jpg,Solanum nigrescens,6251546788,https://inaturalist-open-data.s3.amazonaws.com/photos/651913769/original.jpg,http://creativecommons.org/licenses/by-nc/4.0/,Nao,1536,2048
6252032749_0.jpg,Solanum nigrescens,6252032749,https://inaturalist-open-data.s3.amazonaws.com/photos/651187141/original.jpg,http://creativecommons.org/licenses/by-nc/4.0/,dioney_tellez,1536,2048
6252353548_0.jpg,Solanum nigrescens,6252353548,https://inaturalist-open-data.s3.amazonaws.com/photos/648841106/original.jpg,http://creativecommons.org/licenses/by-nc/4.0/,Pável Pérez,1536,2048
6252340705_0.jpg,Solanum nigrescens,6252340705,https://inaturalist-open-data.s3.amazonaws.com/photos/648754176/original.jpg,http://creativecommons.org/licenses/by-nc/4.0/,Fernando Rodriguez Gallardo,945,2048
6252411226_1.jpg,Solanum nigrescens,6252411226,https://inaturalist-open-data.s3.amazonaws.com/photos/648750712/original.jpg,http://creativecommons.org/licenses/by-nc-sa/4.0/,nihaib,1536,2048
6252411226_0.jpg,Solanum nigrescens,6252411226,https://inaturalist-open-data.s3.amazonaws.com/photos/648750571/original.jpg,http://creativecommons.org/licenses/by-nc-sa/4.0/,nihaib,1536,2048
6253043501_0.jpg,Solanum nigrescens,6253043501,https://inaturalist-open-data.s3.amazonaws.com/photos/649178405/original.jpg,http://creativecommons.org/licenses/by-nc/4.0/,Carlos Gonzalez Villalobos,1152,2048
6252411226_2.jpg,Solanum nigrescens,6252411226,https://inaturalist-open-data.s3.amazonaws.com/photos/648750798/original.jpg,http://creativecommons.org/licenses/by-nc-sa/4.0/,nihaib,1536,2048
6253164566_1.jpg,Solanum nigrescens,6253164566,https://inaturalist-open-data.s3.amazonaws.com/photos/649558382/original.jpg,http://creativecommons.org/licenses/by-nc/4.0/,dioney_tellez,1536,2048
6273298084_1.jpg,Solanum nigrescens,6273298084,https://inaturalist-open-data.s3.amazonaws.com/photos/657482702/original.jpg,http://creativecommons.org/licenses/by-nc/4.0/,Erick Jesús Anaya-Gutiérrez,1152,2048
6273298084_0.jpg,Solanum nigrescens,6273298084,https://inaturalist-open-data.s3.amazonaws.com/photos/657482607/original.jpg,http://creativecommons.org/licenses/by-nc/4.0/,Erick Jesús Anaya-Gutiérrez,1152,2048
6273288446_1.jpg,Solanum nigrescens,6273288446,https://inaturalist-open-data.s3.amazonaws.com/photos/654515524/original.jpg,http://creativecommons.org/licenses/by-nc/4.0/,Mariana Bermudez Lira,945,2048
6273288446_0.jpg,Solanum nigrescens,6273288446,https://inaturalist-open-data.s3.amazonaws.com/photos/654515496/original.jpg,http://creativecommons.org/licenses/by-nc/4.0/,Mariana Bermudez Lira,945,2048
6253164566_0.jpg,Solanum nigrescens,6253164566,https://inaturalist-open-data.s3.amazonaws.com/photos/649558319/original.jpg,http://creativecommons.org/licenses/by-nc/4.0/,dioney_tellez,1536,2048
6253299141_0.jpg,Solanum nigrescens,6253299141,https://inaturalist-open-data.s3.amazonaws.com/photos/648833450/original.jpg,http://creativecommons.org/licenses/by-nc/4.0/,Yian Pablo Zarate Valdez,2048,2048
6273298084_2.jpg,Solanum nigrescens,6273298084,https://inaturalist-open-data.s3.amazonaws.com/photos/657482881/original.jpg,http://creativecommons.org/licenses/by-nc/4.0/,Erick Jesús Anaya-Gutiérrez,1152,2048
6273334960_0.jpg,Solanum nigrescens,6273334960,https://inaturalist-open-data.s3.amazonaws.com/photos/649892897/original.jpg,http://creativecommons.org/licenses/by-nc/4.0/,kak_satelite,2048,2048
6273309416_0.jpg,Solanum nigrescens,6273309416,https://inaturalist-open-data.s3.amazonaws.com/photos/657040041/original.jpg,http://creativecommons.org/licenses/by-nc/4.0/,Erick Jesús Anaya-Gutiérrez,1152,2048
6253111169_0.jpg,Solanum nigrescens,6253111169,https://inaturalist-open-data.s3.amazonaws.com/photos/649033698/original.jpg,http://creativecommons.org/licenses/by-nc/4.0/,Monteros 2026,1600,720
6253251876_0.jpg,Solanum nigrescens,6253251876,https://inaturalist-open-data.s3.amazonaws.com/photos/649818497/original.jpg,http://creativecommons.org/licenses/by-nc/4.0/,annieliveoak,1804,2048
6273309416_1.jpg,Solanum nigrescens,6273309416,https://inaturalist-open-data.s3.amazonaws.com/photos/657040083/original.jpg,http://creativecommons.org/licenses/by-nc/4.0/,Erick Jesús Anaya-Gutiérrez,1152,2048
6273309416_2.jpg,Solanum nigrescens,6273309416,https://inaturalist-open-data.s3.amazonaws.com/photos/657040719/original.jpg,http://creativecommons.org/licenses/by-nc/4.0/,Erick Jesús Anaya-Gutiérrez,1152,2048
5938201893_0.jpg,Solanum rostratum,5938201893,https://inaturalist-open-data.s3.amazonaws.com/photos/605544323/original.jpg,http://creativecommons.org/licenses/by-nc/4.0/,Chris Bentley,2048,1536
5938156747_0.jpg,Solanum rostratum,5938156747,https://inaturalist-open-data.s3.amazonaws.com/photos/605385947/original.jpg,http://creativecommons.org/publicdomain/zero/1.0/,sonoresmore,969,2048
6129920145_1.jpg,Solanum rostratum,6129920145,https://inaturalist-open-data.s3.amazonaws.com/photos/607056375/original.jpg,http://creativecommons.org/licenses/by-nc/4.0/,Nao,2048,1536
5938452126_0.jpg,Solanum rostratum,5938452126,https://inaturalist-open-data.s3.amazonaws.com/photos/605496603/original.jpg,http://creativecommons.org/licenses/by-nc/4.0/,Devin Krieger,1152,2048
6129920145_0.jpg,Solanum rostratum,6129920145,https://inaturalist-open-data.s3.amazonaws.com/photos/607056343/original.jpg,http://creativecommons.org/licenses/by-nc/4.0/,Nao,2048,1536
5938633305_0.jpg,Solanum rostratum,5938633305,https://inaturalist-open-data.s3.amazonaws.com/photos/604901616/original.jpg,http://creativecommons.org/licenses/by/4.0/,CH Hemphill,1152,2048
5938373556_2.jpg,Solanum rostratum,5938373556,https://inaturalist-open-data.s3.amazonaws.com/photos/604902577/original.jpg,http://creativecommons.org/licenses/by-nc/4.0/,cassieloup,1536,2048
5938570132_0.jpg,Solanum rostratum,5938570132,https://inaturalist-open-data.s3.amazonaws.com/photos/605374179/original.jpg,http://creativecommons.org/licenses/by-nc/4.0/,Sonia Irigoyen,2048,1152
5938373556_0.jpg,Solanum rostratum,5938373556,https://inaturalist-open-data.s3.amazonaws.com/photos/604902598/original.jpg,http://creativecommons.org/licenses/by-nc/4.0/,cassieloup,1536,2048
5938373556_1.jpg,Solanum rostratum,5938373556,https://inaturalist-open-data.s3.amazonaws.com/photos/604902591/original.jpg,http://creativecommons.org/licenses/by-nc/4.0/,cassieloup,1536,2048
6129920145_2.jpg,Solanum rostratum,6129920145,https://inaturalist-open-data.s3.amazonaws.com/photos/607056401/original.jpg,http://creativecommons.org/licenses/by-nc/4.0/,Nao,2048,1536
6130002636_0.jpg,Solanum rostratum,6130002636,https://inaturalist-open-data.s3.amazonaws.com/photos/606781041/original.jpg,http://creativecommons.org/licenses/by-nc/4.0/,Deneb Ortigosa,1536,2048
6130002636_1.jpg,Solanum rostratum,6130002636,https://inaturalist-open-data.s3.amazonaws.com/photos/606781110/original.jpg,http://creativecommons.org/licenses/by-nc/4.0/,Deneb Ortigosa,1536,2048
6130002636_2.jpg,Solanum rostratum,6130002636,https://inaturalist-open-data.s3.amazonaws.com/photos/606781267/original.jpg,http://creativecommons.org/licenses/by-nc/4.0/,Deneb Ortigosa,1536,2048
6130028231_0.jpg,Solanum rostratum,6130028231,https://inaturalist-open-data.s3.amazonaws.com/photos/606985685/original.jpg,http://creativecommons.org/licenses/by-nc/4.0/,ED,2048,1536
6130324493_0.jpg,Solanum rostratum,6130324493,https://inaturalist-open-data.s3.amazonaws.com/photos/606960261/original.jpg,http://creativecommons.org/licenses/by-nc/4.0/,talia_tzar,946,2048
6130545627_3.jpg,Solanum rostratum,6130545627,https://inaturalist-open-data.s3.amazonaws.com/photos/606679410/original.jpg,http://creativecommons.org/licenses/by-nc/4.0/,realtomato_,2048,1536
6130450678_0.jpg,Solanum rostratum,6130450678,https://inaturalist-open-data.s3.amazonaws.com/photos/608977597/original.jpg,http://creativecommons.org/licenses/by-nc/4.0/,CarinaCR,1536,2048
6130324493_1.jpg,Solanum rostratum,6130324493,https://inaturalist-open-data.s3.amazonaws.com/photos/606960272/original.jpg,http://creativecommons.org/licenses/by-nc/4.0/,talia_tzar,946,2048
6130438521_0.jpg,Solanum rostratum,6130438521,https://inaturalist-open-data.s3.amazonaws.com/photos/606448255/original.jpg,http://creativecommons.org/licenses/by-nc/4.0/,naturalist159280,2048,1536
6130005749_0.jpg,Solanum rostratum,6130005749,https://inaturalist-open-data.s3.amazonaws.com/photos/609732093/original.jpg,http://creativecommons.org/licenses/by/4.0/,Stephanie Tran,1536,2048
6130545627_2.jpg,Solanum rostratum,6130545627,https://inaturalist-open-data.s3.amazonaws.com/photos/606679384/original.jpg,http://creativecommons.org/licenses/by-nc/4.0/,realtomato_,2048,1536
6130545627_0.jpg,Solanum rostratum,6130545627,https://inaturalist-open-data.s3.amazonaws.com/photos/606679451/original.jpg,http://creativecommons.org/licenses/by-nc/4.0/,realtomato_,1536,2048
6130545627_1.jpg,Solanum rostratum,6130545627,https://inaturalist-open-data.s3.amazonaws.com/photos/606679374/original.jpg,http://creativecommons.org/licenses/by-nc/4.0/,realtomato_,1536,2048
6130741000_0.jpg,Solanum rostratum,6130741000,https://inaturalist-open-data.s3.amazonaws.com/photos/607168145/original.jpg,http://creativecommons.org/licenses/by-nc/4.0/,D Burke,2048,1536
6130866818_0.jpg,Solanum rostratum,6130866818,https://inaturalist-open-data.s3.amazonaws.com/photos/607801277/original.jpg,http://creativecommons.org/licenses/by-nc/4.0/,Jean-Marc Vanel,1536,2048
6131620780_2.jpg,Solanum rostratum,6131620780,https://inaturalist-open-data.s3.amazonaws.com/photos/608284284/original.jpg,http://creativecommons.org/licenses/by-nc/4.0/,Kevin Meza,2048,1536
6133212767_0.jpg,Solanum rostratum,6133212767,https://inaturalist-open-data.s3.amazonaws.com/photos/612778231/original.jpg,http://creativecommons.org/licenses/by-nc/4.0/,txnaturewatch,1536,2048
6131620780_1.jpg,Solanum rostratum,6131620780,https://inaturalist-open-data.s3.amazonaws.com/photos/608284274/original.jpg,http://creativecommons.org/licenses/by-nc/4.0/,Kevin Meza,2048,1536
6147378622_2.jpg,Solanum rostratum,6147378622,https://inaturalist-open-data.s3.amazonaws.com/photos/613754416/original.jpg,http://creativecommons.org/licenses/by-nc/4.0/,Arián Isaac Malagón Coronado,2048,1536
6131620780_0.jpg,Solanum rostratum,6131620780,https://inaturalist-open-data.s3.amazonaws.com/photos/608284257/original.jpg,http://creativecommons.org/licenses/by-nc/4.0/,Kevin Meza,2048,1536
6147378622_1.jpg,Solanum rostratum,6147378622,https://inaturalist-open-data.s3.amazonaws.com/photos/613754392/original.jpg,http://creativecommons.org/licenses/by-nc/4.0/,Arián Isaac Malagón Coronado,2048,1536
6133212767_1.jpg,Solanum rostratum,6133212767,https://inaturalist-open-data.s3.amazonaws.com/photos/612778218/original.jpg,http://creativecommons.org/licenses/by-nc/4.0/,txnaturewatch,2048,1536
6131203238_0.jpg,Solanum rostratum,6131203238,https://inaturalist-open-data.s3.amazonaws.com/photos/605944135/original.jpg,http://creativecommons.org/licenses/by-nc/4.0/,Raúl Moreno Jordán,1536,2048
6147378622_0.jpg,Solanum rostratum,6147378622,https://inaturalist-open-data.s3.amazonaws.com/photos/613754362/original.jpg,http://creativecommons.org/licenses/by-nc/4.0/,Arián Isaac Malagón Coronado,2048,1536
6133265327_0.jpg,Solanum rostratum,6133265327,https://inaturalist-open-data.s3.amazonaws.com/photos/608968411/original.jpg,http://creativecommons.org/licenses/by/4.0/,Jeff Birek,1536,2048
6147378622_3.jpg,Solanum rostratum,6147378622,https://inaturalist-open-data.s3.amazonaws.com/photos/613754448/original.jpg,http://creativecommons.org/licenses/by-nc/4.0/,Arián Isaac Malagón Coronado,2048,1536
6178437457_0.jpg,Solanum rostratum,6178437457,https://inaturalist-open-data.s3.amazonaws.com/photos/610405733/original.jpg,http://creativecommons.org/licenses/by/4.0/,Norma Piedra,2048,1365
6159254275_0.jpg,Solanum rostratum,6159254275,https://inaturalist-open-data.s3.amazonaws.com/photos/605197122/original.jpg,http://creativecommons.org/licenses/by-nc/4.0/,nacho_cheeze,1536,2048
6159659936_0.jpg,Solanum rostratum,6159659936,https://inaturalist-open-data.s3.amazonaws.com/photos/605197976/original.jpg,http://creativecommons.org/licenses/by-nc/4.0/,nacho_cheeze,1536,2048
6147378622_4.jpg,Solanum rostratum,6147378622,https://inaturalist-open-data.s3.amazonaws.com/photos/613754477/original.jpg,http://creativecommons.org/licenses/by-nc/4.0/,Arián Isaac Malagón Coronado,1536,2048
6178437457_1.jpg,Solanum rostratum,6178437457,https://inaturalist-open-data.s3.amazonaws.com/photos/610405734/original.jpg,http://creativecommons.org/licenses/by/4.0/,Norma Piedra,2048,1365
6147635454_1.jpg,Solanum rostratum,6147635454,https://inaturalist-open-data.s3.amazonaws.com/photos/613425120/original.jpg,http://creativecommons.org/licenses/by-nc/4.0/,mpeters,1536,2048
6147304899_1.jpg,Solanum rostratum,6147304899,https://inaturalist-open-data.s3.amazonaws.com/photos/613988549/original.jpg,http://creativecommons.org/licenses/by-nc/4.0/,theodoredistel,1536,2048
6147304899_0.jpg,Solanum rostratum,6147304899,https://inaturalist-open-data.s3.amazonaws.com/photos/613988503/original.jpg,http://creativecommons.org/licenses/by-nc/4.0/,theodoredistel,1536,2048
6147634746_1.jpg,Solanum rostratum,6147634746,https://inaturalist-open-data.s3.amazonaws.com/photos/614474346/original.jpg,http://creativecommons.org/licenses/by-nc/4.0/,smartinbiologist,1536,2048
6147635454_2.jpg,Solanum rostratum,6147635454,https://inaturalist-open-data.s3.amazonaws.com/photos/613425137/original.jpg,http://creativecommons.org/licenses/by-nc/4.0/,mpeters,1536,2048
6147634746_0.jpg,Solanum rostratum,6147634746,https://inaturalist-open-data.s3.amazonaws.com/photos/614474332/original.jpg,http://creativecommons.org/licenses/by-nc/4.0/,smartinbiologist,1536,2048
6147635454_0.jpg,Solanum rostratum,6147635454,https://inaturalist-open-data.s3.amazonaws.com/photos/613425162/original.jpg,http://creativecommons.org/licenses/by-nc/4.0/,mpeters,1536,2048
6159215040_0.jpg,Solanum rostratum,6159215040,https://inaturalist-open-data.s3.amazonaws.com/photos/613921698/original.jpg,http://creativecommons.org/licenses/by/4.0/,CH Hemphill,1152,2048
6133216601_1.jpg,Solanum rostratum,6133216601,https://inaturalist-open-data.s3.amazonaws.com/photos/612557412/original.jpg,http://creativecommons.org/licenses/by-nc/4.0/,Anne B.,1536,2048
6159234360_2.jpg,Solanum rostratum,6159234360,https://inaturalist-open-data.s3.amazonaws.com/photos/614832469/original.jpg,http://creativecommons.org/licenses/by-nc/4.0/,dirtbagbotany,922,2048
6159234360_1.jpg,Solanum rostratum,6159234360,https://inaturalist-open-data.s3.amazonaws.com/photos/614832452/original.jpg,http://creativecommons.org/licenses/by-nc/4.0/,dirtbagbotany,922,2048
6133216601_0.jpg,Solanum rostratum,6133216601,https://inaturalist-open-data.s3.amazonaws.com/photos/612557409/original.jpg,http://creativecommons.org/licenses/by-nc/4.0/,Anne B.,1536,2048
6159234360_0.jpg,Solanum rostratum,6159234360,https://inaturalist-open-data.s3.amazonaws.com/photos/614832431/original.jpg,http://creativecommons.org/licenses/by-nc/4.0/,dirtbagbotany,922,2048
6159329769_0.jpg,Solanum rostratum,6159329769,https://inaturalist-open-data.s3.amazonaws.com/photos/614830700/original.jpg,http://creativecommons.org/licenses/by-nc/4.0/,kodiak20,1536,2048
6159329613_0.jpg,Solanum rostratum,6159329613,https://inaturalist-open-data.s3.amazonaws.com/photos/614086138/original.jpg,http://creativecommons.org/licenses/by/4.0/,Ricardo Betancourt Sánchez,1536,2048
6159329613_1.jpg,Solanum rostratum,6159329613,https://inaturalist-open-data.s3.amazonaws.com/photos/614086140/original.jpg,http://creativecommons.org/licenses/by/4.0/,Ricardo Betancourt Sánchez,1536,2048
6162929182_0.jpg,Solanum rostratum,6162929182,https://inaturalist-open-data.s3.amazonaws.com/photos/617626238/original.jpg,http://creativecommons.org/licenses/by-nc/4.0/,Miguel Francisco Enriquez Galaz,1536,2048
6159562073_0.jpg,Solanum rostratum,6159562073,https://inaturalist-open-data.s3.amazonaws.com/photos/614347274/original.jpg,http://creativecommons.org/licenses/by-nc/4.0/,tonacayotl,2048,1536
6159578013_1.jpg,Solanum rostratum,6159578013,https://inaturalist-open-data.s3.amazonaws.com/photos/615065442/original.jpg,http://creativecommons.org/licenses/by-nc/4.0/,Caden Carlson,1536,2048
6159660004_1.jpg,Solanum rostratum,6159660004,https://inaturalist-open-data.s3.amazonaws.com/photos/614348450/original.jpg,http://creativecommons.org/licenses/by-nc/4.0/,adrián desentis flores,1536,2048
6159562073_1.jpg,Solanum rostratum,6159562073,https://inaturalist-open-data.s3.amazonaws.com/photos/614347271/original.jpg,http://creativecommons.org/licenses/by-nc/4.0/,tonacayotl,2048,1536
6159660004_0.jpg,Solanum rostratum,6159660004,https://inaturalist-open-data.s3.amazonaws.com/photos/614348436/original.jpg,http://creativecommons.org/licenses/by-nc/4.0/,adrián desentis flores,1536,2048
6162929182_1.jpg,Solanum rostratum,6162929182,https://inaturalist-open-data.s3.amazonaws.com/photos/617626247/original.jpg,http://creativecommons.org/licenses/by-nc/4.0/,Miguel Francisco Enriquez Galaz,1536,2048
6159578013_0.jpg,Solanum rostratum,6159578013,https://inaturalist-open-data.s3.amazonaws.com/photos/615065484/original.jpg,http://creativecommons.org/licenses/by-nc/4.0/,Caden Carlson,1536,2048
6162929182_2.jpg,Solanum rostratum,6162929182,https://inaturalist-open-data.s3.amazonaws.com/photos/617626256/original.jpg,http://creativecommons.org/licenses/by-nc/4.0/,Miguel Francisco Enriquez Galaz,1536,2048
6162880969_1.jpg,Solanum rostratum,6162880969,https://inaturalist-open-data.s3.amazonaws.com/photos/617502578/original.jpg,http://creativecommons.org/licenses/by-nc/4.0/,Redsable,1536,2048
6162880969_0.jpg,Solanum rostratum,6162880969,https://inaturalist-open-data.s3.amazonaws.com/photos/617502173/original.jpg,http://creativecommons.org/licenses/by-nc/4.0/,Redsable,1536,2048
6162880969_2.jpg,Solanum rostratum,6162880969,https://inaturalist-open-data.s3.amazonaws.com/photos/617502591/original.jpg,http://creativecommons.org/licenses/by-nc/4.0/,Redsable,1536,2048
6170927039_0.jpg,Solanum rostratum,6170927039,https://inaturalist-open-data.s3.amazonaws.com/photos/618772547/original.jpg,http://creativecommons.org/licenses/by-nc/4.0/,Jami,1536,2048
6171001153_0.jpg,Solanum rostratum,6171001153,https://inaturalist-open-data.s3.amazonaws.com/photos/618797176/original.jpg,http://creativecommons.org/licenses/by-nc/4.0/,Cyndie Segovia,922,2048
6171001153_1.jpg,Solanum rostratum,6171001153,https://inaturalist-open-data.s3.amazonaws.com/photos/618797200/original.jpg,http://creativecommons.org/licenses/by-nc/4.0/,Cyndie Segovia,922,2048
6163093234_0.jpg,Solanum rostratum,6163093234,https://inaturalist-open-data.s3.amazonaws.com/photos/617296556/original.jpg,http://creativecommons.org/licenses/by-nc/4.0/,Jerry Hamby,1536,2048
6171030445_1.jpg,Solanum rostratum,6171030445,https://inaturalist-open-data.s3.amazonaws.com/photos/618805383/original.jpg,http://creativecommons.org/licenses/by-nc/4.0/,luisibarra22,1536,2048
6171288334_0.jpg,Solanum rostratum,6171288334,https://inaturalist-open-data.s3.amazonaws.com/photos/618984002/original.jpg,http://creativecommons.org/licenses/by-nc/4.0/,twinseeks,2048,1536
6171030445_2.jpg,Solanum rostratum,6171030445,https://inaturalist-open-data.s3.amazonaws.com/photos/618805667/original.jpg,http://creativecommons.org/licenses/by-nc/4.0/,luisibarra22,1536,2048
6398798738_0.jpg,Solanum rostratum,6398798738,https://inaturalist-open-data.s3.amazonaws.com/photos/618723346/original.jpg,http://creativecommons.org/licenses/by-nc/4.0/,Milli Vedder,1152,2048
6185530311_1.jpg,Solanum rostratum,6185530311,https://inaturalist-open-data.s3.amazonaws.com/photos/628744672/original.jpg,http://creativecommons.org/licenses/by-nc/4.0/,arayelli,1153,2048
6185530311_3.jpg,Solanum rostratum,6185530311,https://inaturalist-open-data.s3.amazonaws.com/photos/628744705/original.jpg,http://creativecommons.org/licenses/by-nc/4.0/,arayelli,1153,2048
6185530311_2.jpg,Solanum rostratum,6185530311,https://inaturalist-open-data.s3.amazonaws.com/photos/628744689/original.jpg,http://creativecommons.org/licenses/by-nc/4.0/,arayelli,1153,2048
6185530311_0.jpg,Solanum rostratum,6185530311,https://inaturalist-open-data.s3.amazonaws.com/photos/628744656/original.jpg,http://creativecommons.org/licenses/by-nc/4.0/,arayelli,1153,2048
6171030445_0.jpg,Solanum rostratum,6171030445,https://inaturalist-open-data.s3.amazonaws.com/photos/618805290/original.jpg,http://creativecommons.org/licenses/by-nc/4.0/,luisibarra22,1536,2048
6171171946_0.jpg,Solanum rostratum,6171171946,https://inaturalist-open-data.s3.amazonaws.com/photos/618805285/original.jpg,http://creativecommons.org/licenses/by-nc/4.0/,Jerry Hamby,1152,2048
6398798738_2.jpg,Solanum rostratum,6398798738,https://inaturalist-open-data.s3.amazonaws.com/photos/618723350/original.jpg,http://creativecommons.org/licenses/by-nc/4.0/,Milli Vedder,1536,2048
6398798738_1.jpg,Solanum rostratum,6398798738,https://inaturalist-open-data.s3.amazonaws.com/photos/618723351/original.jpg,http://creativecommons.org/licenses/by-nc/4.0/,Milli Vedder,1536,2048
6178669449_0.jpg,Solanum rostratum,6178669449,https://inaturalist-open-data.s3.amazonaws.com/photos/624300308/original.jpg,http://creativecommons.org/licenses/by-nc/4.0/,lenajurik,1152,2048
6184809631_3.jpg,Solanum rostratum,6184809631,https://inaturalist-open-data.s3.amazonaws.com/photos/628249657/original.jpg,http://creativecommons.org/licenses/by-nc/4.0/,rigz,1536,2048
6179116564_1.jpg,Solanum rostratum,6179116564,https://inaturalist-open-data.s3.amazonaws.com/photos/624294316/original.jpg,http://creativecommons.org/licenses/by-nc/4.0/,Jeff Calhoun,2048,1943
6184809631_0.jpg,Solanum rostratum,6184809631,https://inaturalist-open-data.s3.amazonaws.com/photos/628249666/original.jpg,http://creativecommons.org/licenses/by-nc/4.0/,rigz,1536,2048
6184809631_2.jpg,Solanum rostratum,6184809631,https://inaturalist-open-data.s3.amazonaws.com/photos/628249663/original.jpg,http://creativecommons.org/licenses/by-nc/4.0/,rigz,1536,2048
6184809631_4.jpg,Solanum rostratum,6184809631,https://inaturalist-open-data.s3.amazonaws.com/photos/628249674/original.jpg,http://creativecommons.org/licenses/by-nc/4.0/,rigz,1536,2048
6179116564_0.jpg,Solanum rostratum,6179116564,https://inaturalist-open-data.s3.amazonaws.com/photos/624294278/original.jpg,http://creativecommons.org/licenses/by-nc/4.0/,Jeff Calhoun,1536,2048
6184809631_5.jpg,Solanum rostratum,6184809631,https://inaturalist-open-data.s3.amazonaws.com/photos/628249687/original.jpg,http://creativecommons.org/licenses/by-nc/4.0/,rigz,1536,2048
6184809631_1.jpg,Solanum rostratum,6184809631,https://inaturalist-open-data.s3.amazonaws.com/photos/628249672/original.jpg,http://creativecommons.org/licenses/by-nc/4.0/,rigz,2048,1536
6188287491_0.jpg,Solanum rostratum,6188287491,https://inaturalist-open-data.s3.amazonaws.com/photos/634215291/original.jpg,http://creativecommons.org/licenses/by-nc/4.0/,David Valenzuela,1536,2048
6185133317_0.jpg,Solanum rostratum,6185133317,https://inaturalist-open-data.s3.amazonaws.com/photos/626428376/original.jpg,http://creativecommons.org/licenses/by-nc/4.0/,Valarie A.,1536,2048
6185471954_1.jpg,Solanum rostratum,6185471954,https://inaturalist-open-data.s3.amazonaws.com/photos/626060963/original.jpg,http://creativecommons.org/licenses/by-nc/4.0/,jnap55,1536,2048
6185471954_0.jpg,Solanum rostratum,6185471954,https://inaturalist-open-data.s3.amazonaws.com/photos/626060848/original.jpg,http://creativecommons.org/licenses/by-nc/4.0/,jnap55,1536,2048
6188241069_1.jpg,Solanum rostratum,6188241069,https://inaturalist-open-data.s3.amazonaws.com/photos/634453719/original.jpg,http://creativecommons.org/licenses/by/4.0/,Liliana Ramírez-Freire,1536,2048
6188241069_0.jpg,Solanum rostratum,6188241069,https://inaturalist-open-data.s3.amazonaws.com/photos/634453687/original.jpg,http://creativecommons.org/licenses/by/4.0/,Liliana Ramírez-Freire,1536,2048
6188216113_0.jpg,Solanum rostratum,6188216113,https://inaturalist-open-data.s3.amazonaws.com/photos/631197656/original.jpg,http://creativecommons.org/licenses/by-nc-sa/4.0/,Jean H.,2048,2041
6184884283_0.jpg,Solanum rostratum,6184884283,https://inaturalist-open-data.s3.amazonaws.com/photos/627122931/original.jpg,http://creativecommons.org/licenses/by-nc/4.0/,cindyvigil4,1536,2048
6185666442_0.jpg,Solanum rostratum,6185666442,https://inaturalist-open-data.s3.amazonaws.com/photos/630702130/original.jpg,http://creativecommons.org/licenses/by-nc/4.0/,lenajurik,1152,2048
6195280585_1.jpg,Solanum rostratum,6195280585,https://inaturalist-open-data.s3.amazonaws.com/photos/635392107/original.jpg,http://creativecommons.org/licenses/by-nc/4.0/,Carlos G Velazco-Macias,2048,1536
6195280585_0.jpg,Solanum rostratum,6195280585,https://inaturalist-open-data.s3.amazonaws.com/photos/635392003/original.jpg,http://creativecommons.org/licenses/by-nc/4.0/,Carlos G Velazco-Macias,2048,1536
6184884283_1.jpg,Solanum rostratum,6184884283,https://inaturalist-open-data.s3.amazonaws.com/photos/627122867/original.jpg,http://creativecommons.org/licenses/by-nc/4.0/,cindyvigil4,1536,2048
5938032418_0.jpg,Ricinus communis,5938032418,https://inaturalist-open-data.s3.amazonaws.com/photos/604623089/original.jpg,http://creativecommons.org/licenses/by/4.0/,Raúl A. Ruiz M.,2048,1150
5938032672_0.jpg,Ricinus communis,5938032672,https://inaturalist-open-data.s3.amazonaws.com/photos/605238683/original.jpg,http://creativecommons.org/publicdomain/zero/1.0/,insiderelic,1151,2048
5938032672_1.jpg,Ricinus communis,5938032672,https://inaturalist-open-data.s3.amazonaws.com/photos/605238720/original.jpg,http://creativecommons.org/publicdomain/zero/1.0/,insiderelic,1151,2048
5938036069_0.jpg,Ricinus communis,5938036069,https://inaturalist-open-data.s3.amazonaws.com/photos/605260002/original.jpg,http://creativecommons.org/licenses/by-nc/4.0/,"Mike Quinn, San Marcos",1152,2048
5938080463_3.jpg,Ricinus communis,5938080463,https://inaturalist-open-data.s3.amazonaws.com/photos/605538048/original.jpg,http://creativecommons.org/licenses/by-sa/4.0/,Pablo F. Domínguez,2048,1536
5938032418_1.jpg,Ricinus communis,5938032418,https://inaturalist-open-data.s3.amazonaws.com/photos/604623111/original.jpg,http://creativecommons.org/licenses/by/4.0/,Raúl A. Ruiz M.,2048,1150
5938080463_0.jpg,Ricinus communis,5938080463,https://inaturalist-open-data.s3.amazonaws.com/photos/605537877/original.jpg,http://creativecommons.org/licenses/by-sa/4.0/,Pablo F. Domínguez,1536,2048
5938080463_2.jpg,Ricinus communis,5938080463,https://inaturalist-open-data.s3.amazonaws.com/photos/605537978/original.jpg,http://creativecommons.org/licenses/by-sa/4.0/,Pablo F. Domínguez,1536,2048
5938080463_1.jpg,Ricinus communis,5938080463,https://inaturalist-open-data.s3.amazonaws.com/photos/605537937/original.jpg,http://creativecommons.org/licenses/by-sa/4.0/,Pablo F. Domínguez,1536,2048
5938108996_0.jpg,Ricinus communis,5938108996,https://inaturalist-open-data.s3.amazonaws.com/photos/604673649/original.jpg,http://creativecommons.org/licenses/by-nc/4.0/,Jeff McIntyre,900,768
5938094086_1.jpg,Ricinus communis,5938094086,https://inaturalist-open-data.s3.amazonaws.com/photos/605077597/original.jpg,http://creativecommons.org/publicdomain/zero/1.0/,Johannes,1536,2048
5938094086_0.jpg,Ricinus communis,5938094086,https://inaturalist-open-data.s3.amazonaws.com/photos/605077612/original.jpg,http://creativecommons.org/publicdomain/zero/1.0/,Johannes,1536,2048
5938109456_0.jpg,Ricinus communis,5938109456,https://inaturalist-open-data.s3.amazonaws.com/photos/604620878/original.jpg,http://creativecommons.org/licenses/by-nc/4.0/,brennanstokkermans,1152,2048
5938101450_0.jpg,Ricinus communis,5938101450,https://inaturalist-open-data.s3.amazonaws.com/photos/605088104/original.jpg,http://creativecommons.org/licenses/by-nc/4.0/,Heidi H.,1536,2048
5938135194_0.jpg,Ricinus communis,5938135194,https://inaturalist-open-data.s3.amazonaws.com/photos/605145100/original.jpg,http://creativecommons.org/licenses/by-nc/4.0/,ocampo,2048,1536
5938117534_0.jpg,Ricinus communis,5938117534,https://inaturalist-open-data.s3.amazonaws.com/photos/605549115/original.jpg,http://creativecommons.org/licenses/by/4.0/,nasua,2048,897
5938117534_1.jpg,Ricinus communis,5938117534,https://inaturalist-open-data.s3.amazonaws.com/photos/605549139/original.jpg,http://creativecommons.org/licenses/by/4.0/,nasua,897,2048
5938113357_2.jpg,Ricinus communis,5938113357,https://inaturalist-open-data.s3.amazonaws.com/photos/605017938/original.jpg,http://creativecommons.org/publicdomain/zero/1.0/,insiderelic,1108,1970
5938110608_0.jpg,Ricinus communis,5938110608,https://inaturalist-open-data.s3.amazonaws.com/photos/605571194/original.jpg,http://creativecommons.org/licenses/by-nc/4.0/,Mauricio,1536,2048
5938146177_0.jpg,Ricinus communis,5938146177,https://inaturalist-open-data.s3.amazonaws.com/photos/605673695/original.jpg,http://creativecommons.org/licenses/by-nc/4.0/,wschmidtmann,2048,1153
5938146177_1.jpg,Ricinus communis,5938146177,https://inaturalist-open-data.s3.amazonaws.com/photos/605673724/original.jpg,http://creativecommons.org/licenses/by-nc/4.0/,wschmidtmann,2048,1153
5938117534_2.jpg,Ricinus communis,5938117534,https://inaturalist-open-data.s3.amazonaws.com/photos/607318202/original.jpg,http://creativecommons.org/licenses/by/4.0/,nasua,1536,2048
5938146177_2.jpg,Ricinus communis,5938146177,https://inaturalist-open-data.s3.amazonaws.com/photos/605673743/original.jpg,http://creativecommons.org/licenses/by-nc/4.0/,wschmidtmann,2048,1153
5938113357_0.jpg,Ricinus communis,5938113357,https://inaturalist-open-data.s3.amazonaws.com/photos/605017902/original.jpg,http://creativecommons.org/publicdomain/zero/1.0/,insiderelic,1151,2048
5938151019_1.jpg,Ricinus communis,5938151019,https://inaturalist-open-data.s3.amazonaws.com/photos/604552917/original.jpg,http://creativecommons.org/licenses/by-nc/4.0/,swabbie,1536,2048
5938151019_0.jpg,Ricinus communis,5938151019,https://inaturalist-open-data.s3.amazonaws.com/photos/604552895/original.jpg,http://creativecommons.org/licenses/by-nc/4.0/,swabbie,1536,2048
5938150094_0.jpg,Ricinus communis,5938150094,https://inaturalist-open-data.s3.amazonaws.com/photos/604614777/original.jpg,http://creativecommons.org/licenses/by-nc/4.0/,ohkaterina,1536,2048
5938154822_0.jpg,Ricinus communis,5938154822,https://inaturalist-open-data.s3.amazonaws.com/photos/605417818/original.jpg,http://creativecommons.org/licenses/by-nc/4.0/,ramchop,1536,2048
5938113357_1.jpg,Ricinus communis,5938113357,https://inaturalist-open-data.s3.amazonaws.com/photos/605017921/original.jpg,http://creativecommons.org/publicdomain/zero/1.0/,insiderelic,1151,2048
5938150094_2.jpg,Ricinus communis,5938150094,https://inaturalist-open-data.s3.amazonaws.com/photos/604614785/original.jpg,http://creativecommons.org/licenses/by-nc/4.0/,ohkaterina,1536,2048
5938151019_2.jpg,Ricinus communis,5938151019,https://inaturalist-open-data.s3.amazonaws.com/photos/604552948/original.jpg,http://creativecommons.org/licenses/by-nc/4.0/,swabbie,1536,2048
5938150094_1.jpg,Ricinus communis,5938150094,https://inaturalist-open-data.s3.amazonaws.com/photos/604614745/original.jpg,http://creativecommons.org/licenses/by-nc/4.0/,ohkaterina,1536,2048
5938167095_0.jpg,Ricinus communis,5938167095,https://inaturalist-open-data.s3.amazonaws.com/photos/605303042/original.jpg,http://creativecommons.org/licenses/by-nc/4.0/,azizi msese,921,2048
5938165636_0.jpg,Ricinus communis,5938165636,https://inaturalist-open-data.s3.amazonaws.com/photos/605469927/original.jpg,http://creativecommons.org/licenses/by-nc/4.0/,Sonja Deneve,1536,2048
5938173501_0.jpg,Ricinus communis,5938173501,https://inaturalist-open-data.s3.amazonaws.com/photos/605362217/original.jpg,http://creativecommons.org/licenses/by-nc/4.0/,Bill Pranty,2048,2048
5938181650_1.jpg,Ricinus communis,5938181650,https://inaturalist-open-data.s3.amazonaws.com/photos/607724720/original.jpg,http://creativecommons.org/licenses/by/4.0/,Miriam Sachs Martin,1536,2048
5938165636_1.jpg,Ricinus communis,5938165636,https://inaturalist-open-data.s3.amazonaws.com/photos/605469976/original.jpg,http://creativecommons.org/licenses/by-nc/4.0/,Sonja Deneve,1536,2048
5938155950_0.jpg,Ricinus communis,5938155950,https://inaturalist-open-data.s3.amazonaws.com/photos/605723135/original.jpg,http://creativecommons.org/licenses/by-nc/4.0/,Adid Jimenez,2048,1536
5938181650_0.jpg,Ricinus communis,5938181650,https://inaturalist-open-data.s3.amazonaws.com/photos/604888202/original.jpg,http://creativecommons.org/licenses/by/4.0/,Miriam Sachs Martin,1536,2048
5938155950_1.jpg,Ricinus communis,5938155950,https://inaturalist-open-data.s3.amazonaws.com/photos/605723136/original.jpg,http://creativecommons.org/licenses/by-nc/4.0/,Adid Jimenez,2048,1536
5938155313_0.jpg,Ricinus communis,5938155313,https://inaturalist-open-data.s3.amazonaws.com/photos/605384646/original.jpg,http://creativecommons.org/licenses/by-nc/4.0/,carhervid,1536,2048
5938175533_0.jpg,Ricinus communis,5938175533,https://inaturalist-open-data.s3.amazonaws.com/photos/605704593/original.jpg,http://creativecommons.org/licenses/by-nc/4.0/,Pridurok,1536,2048
5938186907_0.jpg,Ricinus communis,5938186907,https://inaturalist-open-data.s3.amazonaws.com/photos/605372633/original.jpg,http://creativecommons.org/licenses/by-nc/4.0/,karla_arce,1536,2048
5938194894_0.jpg,Ricinus communis,5938194894,https://inaturalist-open-data.s3.amazonaws.com/photos/604796565/original.jpg,http://creativecommons.org/licenses/by-nc/4.0/,Thilanka and Nimali,1153,2048
5938194879_2.jpg,Ricinus communis,5938194879,https://inaturalist-open-data.s3.amazonaws.com/photos/604650501/original.jpg,http://creativecommons.org/licenses/by-nc/4.0/,jaylinz,1536,2048
5938194879_0.jpg,Ricinus communis,5938194879,https://inaturalist-open-data.s3.amazonaws.com/photos/604650439/original.jpg,http://creativecommons.org/licenses/by-nc/4.0/,jaylinz,1536,2048
5938202062_0.jpg,Ricinus communis,5938202062,https://inaturalist-open-data.s3.amazonaws.com/photos/605632753/original.jpg,http://creativecommons.org/licenses/by-nc/4.0/,Asmita Ranapaheli,1525,2048
5938195005_2.jpg,Ricinus communis,5938195005,https://inaturalist-open-data.s3.amazonaws.com/photos/605338680/original.jpg,http://creativecommons.org/licenses/by-nc/4.0/,Zongezile Nongalo,1536,2048
5938194879_1.jpg,Ricinus communis,5938194879,https://inaturalist-open-data.s3.amazonaws.com/photos/604650467/original.jpg,http://creativecommons.org/licenses/by-nc/4.0/,jaylinz,1536,2048
5938195582_0.jpg,Ricinus communis,5938195582,https://inaturalist-open-data.s3.amazonaws.com/photos/605470927/original.jpg,http://creativecommons.org/licenses/by-nc/4.0/,James K. Wetterer,1536,2048
5938195005_1.jpg,Ricinus communis,5938195005,https://inaturalist-open-data.s3.amazonaws.com/photos/605338656/original.jpg,http://creativecommons.org/licenses/by-nc/4.0/,Zongezile Nongalo,1536,2048
5938195005_0.jpg,Ricinus communis,5938195005,https://inaturalist-open-data.s3.amazonaws.com/photos/605338641/original.jpg,http://creativecommons.org/licenses/by-nc/4.0/,Zongezile Nongalo,1536,2048
5938228449_0.jpg,Ricinus communis,5938228449,https://inaturalist-open-data.s3.amazonaws.com/photos/605259143/original.jpg,http://creativecommons.org/licenses/by/4.0/,haemanthus,1536,2048
5938229232_0.jpg,Ricinus communis,5938229232,https://inaturalist-open-data.s3.amazonaws.com/photos/604311521/original.jpg,http://creativecommons.org/publicdomain/zero/1.0/,insiderelic,1152,2048
5938229232_1.jpg,Ricinus communis,5938229232,https://inaturalist-open-data.s3.amazonaws.com/photos/604311547/original.jpg,http://creativecommons.org/publicdomain/zero/1.0/,insiderelic,1152,2048
5938229232_2.jpg,Ricinus communis,5938229232,https://inaturalist-open-data.s3.amazonaws.com/photos/604311573/original.jpg,http://creativecommons.org/publicdomain/zero/1.0/,insiderelic,1151,2048
5938231628_0.jpg,Ricinus communis,5938231628,https://inaturalist-open-data.s3.amazonaws.com/photos/605735797/original.jpg,http://creativecommons.org/licenses/by-nc/4.0/,Luca Chiavassa,1356,2048
5938229232_3.jpg,Ricinus communis,5938229232,https://inaturalist-open-data.s3.amazonaws.com/photos/604311605/original.jpg,http://creativecommons.org/publicdomain/zero/1.0/,insiderelic,1151,2048
5938248995_0.jpg,Ricinus communis,5938248995,https://inaturalist-open-data.s3.amazonaws.com/photos/605584627/original.jpg,http://creativecommons.org/licenses/by-nc/4.0/,Jon McIntyre,2048,1365
5938257590_0.jpg,Ricinus communis,5938257590,https://inaturalist-open-data.s3.amazonaws.com/photos/605534318/original.jpg,http://creativecommons.org/licenses/by/4.0/,filipeprates,1638,2048
5938246572_1.jpg,Ricinus communis,5938246572,https://inaturalist-open-data.s3.amazonaws.com/photos/604553244/original.jpg,http://creativecommons.org/licenses/by-nc/4.0/,prisstrevi,1536,2048
5938248722_0.jpg,Ricinus communis,5938248722,https://inaturalist-open-data.s3.amazonaws.com/photos/605541487/original.jpg,http://creativecommons.org/licenses/by-nc/4.0/,Tanner Redd,1536,2048
5938248777_0.jpg,Ricinus communis,5938248777,https://inaturalist-open-data.s3.amazonaws.com/photos/605673330/original.jpg,http://creativecommons.org/licenses/by-nc/4.0/,dbrenhouse,2048,1536
5938246572_0.jpg,Ricinus communis,5938246572,https://inaturalist-open-data.s3.amazonaws.com/photos/604553217/original.jpg,http://creativecommons.org/licenses/by-nc/4.0/,prisstrevi,1536,2048
5938248722_1.jpg,Ricinus communis,5938248722,https://inaturalist-open-data.s3.amazonaws.com/photos/605541501/original.jpg,http://creativecommons.org/licenses/by-nc/4.0/,Tanner Redd,1536,2048
5938260498_2.jpg,Ricinus communis,5938260498,https://inaturalist-open-data.s3.amazonaws.com/photos/604570574/original.jpg,http://creativecommons.org/licenses/by-nc/4.0/,frankwife,1536,2048
5938260498_0.jpg,Ricinus communis,5938260498,https://inaturalist-open-data.s3.amazonaws.com/photos/604570585/original.jpg,http://creativecommons.org/licenses/by-nc/4.0/,frankwife,1536,2048
5938260498_1.jpg,Ricinus communis,5938260498,https://inaturalist-open-data.s3.amazonaws.com/photos/604570575/original.jpg,http://creativecommons.org/licenses/by-nc/4.0/,frankwife,1536,2048
5938241961_0.jpg,Ricinus communis,5938241961,https://inaturalist-open-data.s3.amazonaws.com/photos/605362244/original.jpg,http://creativecommons.org/licenses/by-nc/4.0/,Bill Pranty,2048,2048
5938231887_0.jpg,Ricinus communis,5938231887,https://inaturalist-open-data.s3.amazonaws.com/photos/605665634/original.jpg,http://creativecommons.org/licenses/by-nc/4.0/,cheeseville,1536,2048
5938280069_0.jpg,Ricinus communis,5938280069,https://inaturalist-open-data.s3.amazonaws.com/photos/604839809/original.jpg,http://creativecommons.org/licenses/by-nc/4.0/,elah2212,947,2048
5938261791_1.jpg,Ricinus communis,5938261791,https://inaturalist-open-data.s3.amazonaws.com/photos/604527951/original.jpg,http://creativecommons.org/licenses/by/4.0/,Jonathan Juan Chancasana Villacorta,1536,2048
5938261791_2.jpg,Ricinus communis,5938261791,https://inaturalist-open-data.s3.amazonaws.com/photos/604527992/original.jpg,http://creativecommons.org/licenses/by/4.0/,Jonathan Juan Chancasana Villacorta,1536,2048
5938261791_3.jpg,Ricinus communis,5938261791,https://inaturalist-open-data.s3.amazonaws.com/photos/604528039/original.jpg,http://creativecommons.org/licenses/by/4.0/,Jonathan Juan Chancasana Villacorta,1536,2048
5938261791_0.jpg,Ricinus communis,5938261791,https://inaturalist-open-data.s3.amazonaws.com/photos/604527915/original.jpg,http://creativecommons.org/licenses/by/4.0/,Jonathan Juan Chancasana Villacorta,1536,2048
5938309940_1.jpg,Ricinus communis,5938309940,https://inaturalist-open-data.s3.amazonaws.com/photos/605253706/original.jpg,http://creativecommons.org/licenses/by-nc/4.0/,Ms.Mockingbird,1536,2048
5938321618_0.jpg,Ricinus communis,5938321618,https://inaturalist-open-data.s3.amazonaws.com/photos/605174907/original.jpg,http://creativecommons.org/licenses/by-nc-sa/4.0/,davidenrique,2048,1551
5938309940_0.jpg,Ricinus communis,5938309940,https://inaturalist-open-data.s3.amazonaws.com/photos/605253709/original.jpg,http://creativecommons.org/licenses/by-nc/4.0/,Ms.Mockingbird,1536,2048
5938321618_1.jpg,Ricinus communis,5938321618,https://inaturalist-open-data.s3.amazonaws.com/photos/605174917/original.jpg,http://creativecommons.org/licenses/by-nc-sa/4.0/,davidenrique,2048,1551
5938290942_0.jpg,Ricinus communis,5938290942,https://inaturalist-open-data.s3.amazonaws.com/photos/604488145/original.jpg,http://creativecommons.org/licenses/by-nc/4.0/,Bart Wursten,1536,2048
5938338070_0.jpg,Ricinus communis,5938338070,https://inaturalist-open-data.s3.amazonaws.com/photos/604935390/original.jpg,http://creativecommons.org/publicdomain/zero/1.0/,insiderelic,1151,2048
5938338070_1.jpg,Ricinus communis,5938338070,https://inaturalist-open-data.s3.amazonaws.com/photos/604935418/original.jpg,http://creativecommons.org/publicdomain/zero/1.0/,insiderelic,1152,2048
5938271002_0.jpg,Ricinus communis,5938271002,https://inaturalist-open-data.s3.amazonaws.com/photos/604701334/original.jpg,http://creativecommons.org/licenses/by-nc/4.0/,Alighafthaan 2702,1536,2048
5938350564_3.jpg,Ricinus communis,5938350564,https://inaturalist-open-data.s3.amazonaws.com/photos/604548328/original.jpg,http://creativecommons.org/licenses/by-nc/4.0/,Flashberry,2048,2048
5938350564_1.jpg,Ricinus communis,5938350564,https://inaturalist-open-data.s3.amazonaws.com/photos/604548185/original.jpg,http://creativecommons.org/licenses/by-nc/4.0/,Flashberry,2048,2048
5938350564_0.jpg,Ricinus communis,5938350564,https://inaturalist-open-data.s3.amazonaws.com/photos/604547854/original.jpg,http://creativecommons.org/licenses/by-nc/4.0/,Flashberry,2048,2048
5938350564_2.jpg,Ricinus communis,5938350564,https://inaturalist-open-data.s3.amazonaws.com/photos/604548290/original.jpg,http://creativecommons.org/licenses/by-nc/4.0/,Flashberry,2048,2048
5938309940_2.jpg,Ricinus communis,5938309940,https://inaturalist-open-data.s3.amazonaws.com/photos/605253708/original.jpg,http://creativecommons.org/licenses/by-nc/4.0/,Ms.Mockingbird,2048,1536
5938350564_4.jpg,Ricinus communis,5938350564,https://inaturalist-open-data.s3.amazonaws.com/photos/604548370/original.jpg,http://creativecommons.org/licenses/by-nc/4.0/,Flashberry,2048,2048
5938350564_5.jpg,Ricinus communis,5938350564,https://inaturalist-open-data.s3.amazonaws.com/photos/604548393/original.jpg,http://creativecommons.org/licenses/by-nc/4.0/,Flashberry,2048,2048
5938363250_0.jpg,Ricinus communis,5938363250,https://inaturalist-open-data.s3.amazonaws.com/photos/605221674/original.jpg,http://creativecommons.org/licenses/by-nc/4.0/,Donald Fraser,1152,2048
5938363250_1.jpg,Ricinus communis,5938363250,https://inaturalist-open-data.s3.amazonaws.com/photos/605221718/original.jpg,http://creativecommons.org/licenses/by-nc/4.0/,Donald Fraser,1152,2048
5938354728_0.jpg,Ricinus communis,5938354728,https://inaturalist-open-data.s3.amazonaws.com/photos/604987260/original.jpg,http://creativecommons.org/licenses/by-nc/4.0/,Bipasha David,1891,2048
5938401631_0.jpg,Ricinus communis,5938401631,https://inaturalist-open-data.s3.amazonaws.com/photos/605174946/original.jpg,http://creativecommons.org/licenses/by-nc-sa/4.0/,davidenrique,2048,1520
5938401132_0.jpg,Ricinus communis,5938401132,https://inaturalist-open-data.s3.amazonaws.com/photos/604748238/original.jpg,http://creativecommons.org/licenses/by/4.0/,Gordon Cocks,1152,2048
5938386071_2.jpg,Ricinus communis,5938386071,https://inaturalist-open-data.s3.amazonaws.com/photos/604866967/original.jpg,http://creativecommons.org/licenses/by/4.0/,Cody Hinchliff,2048,1536
5938377791_0.jpg,Ricinus communis,5938377791,https://inaturalist-open-data.s3.amazonaws.com/photos/605091109/original.jpg,http://creativecommons.org/publicdomain/zero/1.0/,Johannes,2048,1536
5938386071_0.jpg,Ricinus communis,5938386071,https://inaturalist-open-data.s3.amazonaws.com/photos/604866976/original.jpg,http://creativecommons.org/licenses/by/4.0/,Cody Hinchliff,1536,2048
5938386071_1.jpg,Ricinus communis,5938386071,https://inaturalist-open-data.s3.amazonaws.com/photos/604866979/original.jpg,http://creativecommons.org/licenses/by/4.0/,Cody Hinchliff,2048,1536
5938386071_3.jpg,Ricinus communis,5938386071,https://inaturalist-open-data.s3.amazonaws.com/photos/604866971/original.jpg,http://creativecommons.org/licenses/by/4.0/,Cody Hinchliff,1536,2048
5938361803_0.jpg,Ricinus communis,5938361803,https://inaturalist-open-data.s3.amazonaws.com/photos/605469895/original.jpg,http://creativecommons.org/licenses/by-nc/4.0/,Sam Rickert,1536,2048
5938405248_0.jpg,Ricinus communis,5938405248,https://inaturalist-open-data.s3.amazonaws.com/photos/604506085/original.jpg,http://creativecommons.org/licenses/by-nc/4.0/,Bart Wursten,1536,2048
5938361803_1.jpg,Ricinus communis,5938361803,https://inaturalist-open-data.s3.amazonaws.com/photos/605469893/original.jpg,http://creativecommons.org/licenses/by-nc/4.0/,Sam Rickert,1536,2048
5938377791_1.jpg,Ricinus communis,5938377791,https://inaturalist-open-data.s3.amazonaws.com/photos/605091105/original.jpg,http://creativecommons.org/publicdomain/zero/1.0/,Johannes,2048,1536
6131362801_1.jpg,Jatropha curcas,6131362801,https://inaturalist-open-data.s3.amazonaws.com/photos/609745502/original.jpg,http://creativecommons.org/licenses/by-nc/4.0/,Matthias Feuersenger,2048,1536
6131362801_0.jpg,Jatropha curcas,6131362801,https://inaturalist-open-data.s3.amazonaws.com/photos/609745496/original.jpg,http://creativecommons.org/licenses/by-nc/4.0/,Matthias Feuersenger,2048,1536
6131690339_0.jpg,Jatropha curcas,6131690339,https://inaturalist-open-data.s3.amazonaws.com/photos/607433125/original.jpg,http://creativecommons.org/licenses/by-nc/4.0/,Andrianiaina Angelo,2048,1536
6131690339_2.jpg,Jatropha curcas,6131690339,https://inaturalist-open-data.s3.amazonaws.com/photos/607433139/original.jpg,http://creativecommons.org/licenses/by-nc/4.0/,Andrianiaina Angelo,2048,1536
6131690339_1.jpg,Jatropha curcas,6131690339,https://inaturalist-open-data.s3.amazonaws.com/photos/607432944/original.jpg,http://creativecommons.org/licenses/by-nc/4.0/,Andrianiaina Angelo,2048,1536
6234406633_0.jpg,Jatropha curcas,6234406633,https://inaturalist-open-data.s3.amazonaws.com/photos/611112590/original.jpg,http://creativecommons.org/licenses/by-nc/4.0/,James Michael Paguio,450,400
6131362801_2.jpg,Jatropha curcas,6131362801,https://inaturalist-open-data.s3.amazonaws.com/photos/609745511/original.jpg,http://creativecommons.org/licenses/by-nc/4.0/,Matthias Feuersenger,2048,1536
6131444838_0.jpg,Jatropha curcas,6131444838,https://inaturalist-open-data.s3.amazonaws.com/photos/610664060/original.jpg,http://creativecommons.org/licenses/by-nc/4.0/,debbiehardyman,1536,2048
6130820605_0.jpg,Jatropha curcas,6130820605,https://inaturalist-open-data.s3.amazonaws.com/photos/610664155/original.jpg,http://creativecommons.org/licenses/by-nc/4.0/,debbiehardyman,2048,1536
6131055611_0.jpg,Jatropha curcas,6131055611,https://inaturalist-open-data.s3.amazonaws.com/photos/607266396/original.jpg,http://creativecommons.org/licenses/by-nc/4.0/,suchada13,1152,2048
6130406470_0.jpg,Jatropha curcas,6130406470,https://inaturalist-open-data.s3.amazonaws.com/photos/607833642/original.jpg,http://creativecommons.org/licenses/by-nc/4.0/,Meihva Ang,1152,2048
6236398865_0.jpg,Jatropha curcas,6236398865,https://inaturalist-open-data.s3.amazonaws.com/photos/607789408/original.jpg,http://creativecommons.org/licenses/by-nc/4.0/,aifox,1152,2048
6163057024_1.jpg,Jatropha curcas,6163057024,https://inaturalist-open-data.s3.amazonaws.com/photos/617331159/original.jpg,http://creativecommons.org/licenses/by-nc/4.0/,thomas_j,2048,1365
6163057024_0.jpg,Jatropha curcas,6163057024,https://inaturalist-open-data.s3.amazonaws.com/photos/617331131/original.jpg,http://creativecommons.org/licenses/by-nc/4.0/,thomas_j,2048,1365
6235597011_0.jpg,Jatropha curcas,6235597011,https://inaturalist-open-data.s3.amazonaws.com/photos/616849571/original.jpg,http://creativecommons.org/licenses/by-nc/4.0/,Dina Fransiska,960,1280
6159139762_1.jpg,Jatropha curcas,6159139762,https://inaturalist-open-data.s3.amazonaws.com/photos/614908902/original.jpg,http://creativecommons.org/licenses/by-nc/4.0/,kateri8,1536,2048
6159139762_0.jpg,Jatropha curcas,6159139762,https://inaturalist-open-data.s3.amazonaws.com/photos/614908860/original.jpg,http://creativecommons.org/licenses/by-nc/4.0/,kateri8,1536,2048
6235387813_0.jpg,Jatropha curcas,6235387813,https://inaturalist-open-data.s3.amazonaws.com/photos/619490859/original.jpg,http://creativecommons.org/licenses/by-nc/4.0/,Back Family,1536,2048
6235597011_1.jpg,Jatropha curcas,6235597011,https://inaturalist-open-data.s3.amazonaws.com/photos/616849574/original.jpg,http://creativecommons.org/licenses/by-nc/4.0/,Dina Fransiska,1536,2048
6179309194_0.jpg,Jatropha curcas,6179309194,https://inaturalist-open-data.s3.amazonaws.com/photos/616367338/original.jpg,http://creativecommons.org/licenses/by-nc/4.0/,Aay Hariyani,1536,2048
6163057024_2.jpg,Jatropha curcas,6163057024,https://inaturalist-open-data.s3.amazonaws.com/photos/617331156/original.jpg,http://creativecommons.org/licenses/by-nc/4.0/,thomas_j,2048,1365
6236553858_0.jpg,Jatropha curcas,6236553858,https://inaturalist-open-data.s3.amazonaws.com/photos/615530447/original.jpg,http://creativecommons.org/licenses/by-nc/4.0/,Davinson Feria,1536,2048
6147656934_0.jpg,Jatropha curcas,6147656934,https://inaturalist-open-data.s3.amazonaws.com/photos/613657002/original.jpg,http://creativecommons.org/licenses/by-nc/4.0/,Abdulmajid Abubakar,1536,2048
6236553858_2.jpg,Jatropha curcas,6236553858,https://inaturalist-open-data.s3.amazonaws.com/photos/615530756/original.jpg,http://creativecommons.org/licenses/by-nc/4.0/,Davinson Feria,1536,2048
6178669086_0.jpg,Jatropha curcas,6178669086,https://inaturalist-open-data.s3.amazonaws.com/photos/623038566/original.jpg,http://creativecommons.org/licenses/by/4.0/,Julia Palmer,1536,2048
6178669086_1.jpg,Jatropha curcas,6178669086,https://inaturalist-open-data.s3.amazonaws.com/photos/623038596/original.jpg,http://creativecommons.org/licenses/by/4.0/,Julia Palmer,1536,2048
6236553858_1.jpg,Jatropha curcas,6236553858,https://inaturalist-open-data.s3.amazonaws.com/photos/615530577/original.jpg,http://creativecommons.org/licenses/by-nc/4.0/,Davinson Feria,1536,2048
6236553858_3.jpg,Jatropha curcas,6236553858,https://inaturalist-open-data.s3.amazonaws.com/photos/615530871/original.jpg,http://creativecommons.org/licenses/by-nc/4.0/,Davinson Feria,1536,2048
6236553858_4.jpg,Jatropha curcas,6236553858,https://inaturalist-open-data.s3.amazonaws.com/photos/615530927/original.jpg,http://creativecommons.org/licenses/by-nc/4.0/,Davinson Feria,1536,2048
6236180662_0.jpg,Jatropha curcas,6236180662,https://inaturalist-open-data.s3.amazonaws.com/photos/641362849/original.jpg,http://creativecommons.org/licenses/by-nc/4.0/,arya_aralaguppe,963,1280
6188094145_0.jpg,Jatropha curcas,6188094145,https://inaturalist-open-data.s3.amazonaws.com/photos/634386883/original.jpg,http://creativecommons.org/licenses/by-nc/4.0/,Isaac Martinez Costas,1536,2048
6188094145_2.jpg,Jatropha curcas,6188094145,https://inaturalist-open-data.s3.amazonaws.com/photos/634387032/original.jpg,http://creativecommons.org/licenses/by-nc/4.0/,Isaac Martinez Costas,1536,2048
6188094145_1.jpg,Jatropha curcas,6188094145,https://inaturalist-open-data.s3.amazonaws.com/photos/634386730/original.jpg,http://creativecommons.org/licenses/by-nc/4.0/,Isaac Martinez Costas,1536,2048
6236180662_1.jpg,Jatropha curcas,6236180662,https://inaturalist-open-data.s3.amazonaws.com/photos/641363222/original.jpg,http://creativecommons.org/licenses/by-nc/4.0/,arya_aralaguppe,960,1280
6188094145_3.jpg,Jatropha curcas,6188094145,https://inaturalist-open-data.s3.amazonaws.com/photos/634387473/original.jpg,http://creativecommons.org/licenses/by-nc/4.0/,Isaac Martinez Costas,1536,2048
6235508483_0.jpg,Jatropha curcas,6235508483,https://inaturalist-open-data.s3.amazonaws.com/photos/646119338/original.jpg,http://creativecommons.org/licenses/by-nc/4.0/,vasensuli,1542,2048
6195982104_0.jpg,Jatropha curcas,6195982104,https://inaturalist-open-data.s3.amazonaws.com/photos/636347910/original.jpg,http://creativecommons.org/licenses/by-nc/4.0/,Elavarasan M,2048,1542
6235823268_0.jpg,Jatropha curcas,6235823268,https://inaturalist-open-data.s3.amazonaws.com/photos/643255469/original.jpg,http://creativecommons.org/licenses/by-nc/4.0/,Sudipta Kr Rabha,1152,2048
6236326096_0.jpg,Jatropha curcas,6236326096,https://inaturalist-open-data.s3.amazonaws.com/photos/648560869/original.jpg,http://creativecommons.org/licenses/by-nc/4.0/,Bikash Kumar Sahoo,2048,1537
6236326096_1.jpg,Jatropha curcas,6236326096,https://inaturalist-open-data.s3.amazonaws.com/photos/648977173/original.jpg,http://creativecommons.org/licenses/by-nc/4.0/,Bikash Kumar Sahoo,2048,1537
6422923504_0.jpg,Jatropha curcas,6422923504,https://inaturalist-open-data.s3.amazonaws.com/photos/655430265/original.jpg,http://creativecommons.org/licenses/by-nc/4.0/,Abhinash,1152,2048
6234277908_0.jpg,Jatropha curcas,6234277908,https://inaturalist-open-data.s3.amazonaws.com/photos/646583949/original.jpg,http://creativecommons.org/licenses/by-nc/4.0/,prameena,1496,2048
6236326096_2.jpg,Jatropha curcas,6236326096,https://inaturalist-open-data.s3.amazonaws.com/photos/643475341/original.jpg,http://creativecommons.org/licenses/by-nc/4.0/,Bikash Kumar Sahoo,1536,2048
6236326096_3.jpg,Jatropha curcas,6236326096,https://inaturalist-open-data.s3.amazonaws.com/photos/643475413/original.jpg,http://creativecommons.org/licenses/by-nc/4.0/,Bikash Kumar Sahoo,1536,2048
6252771580_0.jpg,Jatropha curcas,6252771580,https://inaturalist-open-data.s3.amazonaws.com/photos/647888135/original.jpg,http://creativecommons.org/licenses/by-nc/4.0/,abhigandhi,945,1633
6252771580_3.jpg,Jatropha curcas,6252771580,https://inaturalist-open-data.s3.amazonaws.com/photos/647888397/original.jpg,http://creativecommons.org/licenses/by-nc/4.0/,abhigandhi,938,1311
6252771580_1.jpg,Jatropha curcas,6252771580,https://inaturalist-open-data.s3.amazonaws.com/photos/647888229/original.jpg,http://creativecommons.org/licenses/by-nc/4.0/,abhigandhi,945,1633
6236545587_0.jpg,Jatropha curcas,6236545587,https://inaturalist-open-data.s3.amazonaws.com/photos/643386899/original.jpg,http://creativecommons.org/licenses/by-nc/4.0/,garlice99,2048,1577
6252771580_2.jpg,Jatropha curcas,6252771580,https://inaturalist-open-data.s3.amazonaws.com/photos/647888319/original.jpg,http://creativecommons.org/licenses/by-nc/4.0/,abhigandhi,945,2048
6252771580_4.jpg,Jatropha curcas,6252771580,https://inaturalist-open-data.s3.amazonaws.com/photos/647888485/original.jpg,http://creativecommons.org/licenses/by-nc/4.0/,abhigandhi,945,2048
6274037963_1.jpg,Jatropha curcas,6274037963,https://inaturalist-open-data.s3.amazonaws.com/photos/654304043/original.jpg,http://creativecommons.org/licenses/by-nc/4.0/,N.Bello,1536,2048
6274037963_0.jpg,Jatropha curcas,6274037963,https://inaturalist-open-data.s3.amazonaws.com/photos/654297660/original.jpg,http://creativecommons.org/licenses/by-nc/4.0/,N.Bello,1536,2048
6273514104_0.jpg,Jatropha curcas,6273514104,https://inaturalist-open-data.s3.amazonaws.com/photos/649987083/original.jpg,http://creativecommons.org/licenses/by-nc/4.0/,Marco Polo amarillas vargas,1638,2048
6252403671_0.jpg,Jatropha curcas,6252403671,https://inaturalist-open-data.s3.amazonaws.com/photos/651340622/original.jpg,http://creativecommons.org/licenses/by-nc/4.0/,Sanika Venu,960,2048
6422065831_0.jpg,Jatropha curcas,6422065831,https://inaturalist-open-data.s3.amazonaws.com/photos/677527288/original.jpg,http://creativecommons.org/licenses/by-nc-sa/4.0/,Rob Palmer,1600,1200
6422136918_0.jpg,Jatropha curcas,6422136918,https://inaturalist-open-data.s3.amazonaws.com/photos/647568963/original.jpg,http://creativecommons.org/licenses/by-nc/4.0/,Rovelyn,1536,2048
6422461534_0.jpg,Jatropha curcas,6422461534,https://inaturalist-open-data.s3.amazonaws.com/photos/657166921/original.jpg,http://creativecommons.org/licenses/by/4.0/,Paulmathi Vinod,1537,2048
6422136918_1.jpg,Jatropha curcas,6422136918,https://inaturalist-open-data.s3.amazonaws.com/photos/647569081/original.jpg,http://creativecommons.org/licenses/by-nc/4.0/,Rovelyn,1536,2048
6273886815_1.jpg,Jatropha curcas,6273886815,https://inaturalist-open-data.s3.amazonaws.com/photos/654490035/original.jpg,http://creativecommons.org/licenses/by-nc/4.0/,ginet_10,1536,2048
6273799355_1.jpg,Jatropha curcas,6273799355,https://inaturalist-open-data.s3.amazonaws.com/photos/654484299/original.jpg,http://creativecommons.org/licenses/by-nc/4.0/,ginet_10,1536,2048
6273302390_0.jpg,Jatropha curcas,6273302390,https://inaturalist-open-data.s3.amazonaws.com/photos/651885993/original.jpg,http://creativecommons.org/licenses/by-nc/4.0/,nomarys_carrion,1536,2048
6273886815_0.jpg,Jatropha curcas,6273886815,https://inaturalist-open-data.s3.amazonaws.com/photos/654487783/original.jpg,http://creativecommons.org/licenses/by-nc/4.0/,ginet_10,1536,2048
6273799355_0.jpg,Jatropha curcas,6273799355,https://inaturalist-open-data.s3.amazonaws.com/photos/654484229/original.jpg,http://creativecommons.org/licenses/by-nc/4.0/,ginet_10,1536,2048
6320339576_2.jpg,Jatropha curcas,6320339576,https://inaturalist-open-data.s3.amazonaws.com/photos/654238835/original.jpg,http://creativecommons.org/licenses/by-nc/4.0/,Finca Gaia,1536,2048
6320339576_0.jpg,Jatropha curcas,6320339576,https://inaturalist-open-data.s3.amazonaws.com/photos/654238637/original.jpg,http://creativecommons.org/licenses/by-nc/4.0/,Finca Gaia,1536,2048
6320339576_1.jpg,Jatropha curcas,6320339576,https://inaturalist-open-data.s3.amazonaws.com/photos/654238710/original.jpg,http://creativecommons.org/licenses/by-nc/4.0/,Finca Gaia,1536,2048
6422530502_0.jpg,Jatropha curcas,6422530502,https://inaturalist-open-data.s3.amazonaws.com/photos/646542403/original.jpg,http://creativecommons.org/licenses/by-nc/4.0/,prameena,1300,2048
6252644823_0.jpg,Jatropha curcas,6252644823,https://inaturalist-open-data.s3.amazonaws.com/photos/653483565/original.jpg,http://creativecommons.org/licenses/by-nc/4.0/,Mohamad Fitri,1152,2048
6334027630_0.jpg,Jatropha curcas,6334027630,https://inaturalist-open-data.s3.amazonaws.com/photos/664982661/original.jpg,http://creativecommons.org/licenses/by-nc/4.0/,Chirelle Vidélé HOUNGBO,1542,2048
6320339576_3.jpg,Jatropha curcas,6320339576,https://inaturalist-open-data.s3.amazonaws.com/photos/654238937/original.jpg,http://creativecommons.org/licenses/by-nc/4.0/,Finca Gaia,1536,2048
6334877860_0.jpg,Jatropha curcas,6334877860,https://inaturalist-open-data.s3.amazonaws.com/photos/654297477/original.jpg,http://creativecommons.org/licenses/by-nc/4.0/,Douni kolsé Rakhis,1536,2048
6353198495_0.jpg,Jatropha curcas,6353198495,https://inaturalist-open-data.s3.amazonaws.com/photos/660887291/original.jpg,http://creativecommons.org/licenses/by-nc/4.0/,zatavi,946,2048
6353198495_1.jpg,Jatropha curcas,6353198495,https://inaturalist-open-data.s3.amazonaws.com/photos/660887347/original.jpg,http://creativecommons.org/licenses/by-nc/4.0/,zatavi,946,2048
6352903387_2.jpg,Jatropha curcas,6352903387,https://inaturalist-open-data.s3.amazonaws.com/photos/659979484/original.jpg,http://creativecommons.org/licenses/by-nc/4.0/,流蘇,1536,2048
6353198495_4.jpg,Jatropha curcas,6353198495,https://inaturalist-open-data.s3.amazonaws.com/photos/660887520/original.jpg,http://creativecommons.org/licenses/by-nc/4.0/,zatavi,946,2048
6353198495_2.jpg,Jatropha curcas,6353198495,https://inaturalist-open-data.s3.amazonaws.com/photos/660887399/original.jpg,http://creativecommons.org/licenses/by-nc/4.0/,zatavi,946,2048
6352903387_0.jpg,Jatropha curcas,6352903387,https://inaturalist-open-data.s3.amazonaws.com/photos/659979417/original.jpg,http://creativecommons.org/licenses/by-nc/4.0/,流蘇,1536,2048
6353198495_3.jpg,Jatropha curcas,6353198495,https://inaturalist-open-data.s3.amazonaws.com/photos/660887475/original.jpg,http://creativecommons.org/licenses/by-nc/4.0/,zatavi,946,2048
6352903387_3.jpg,Jatropha curcas,6352903387,https://inaturalist-open-data.s3.amazonaws.com/photos/659979512/original.jpg,http://creativecommons.org/licenses/by-nc/4.0/,流蘇,1536,2048
6353198495_5.jpg,Jatropha curcas,6353198495,https://inaturalist-open-data.s3.amazonaws.com/photos/660887571/original.jpg,http://creativecommons.org/licenses/by-nc/4.0/,zatavi,946,2048
6353181842_0.jpg,Jatropha curcas,6353181842,https://inaturalist-open-data.s3.amazonaws.com/photos/669417028/original.jpg,http://creativecommons.org/licenses/by-nc/4.0/,Bidyut jyoti Konwar,1542,2048
6353198495_6.jpg,Jatropha curcas,6353198495,https://inaturalist-open-data.s3.amazonaws.com/photos/660887643/original.jpg,http://creativecommons.org/licenses/by-nc/4.0/,zatavi,946,2048
6352903387_1.jpg,Jatropha curcas,6352903387,https://inaturalist-open-data.s3.amazonaws.com/photos/659979455/original.jpg,http://creativecommons.org/licenses/by-nc/4.0/,流蘇,1536,2048
6422062309_0.jpg,Jatropha curcas,6422062309,https://inaturalist-open-data.s3.amazonaws.com/photos/668240883/original.jpg,http://creativecommons.org/licenses/by-nc/4.0/,niharmajhi,2048,1536
6422062309_3.jpg,Jatropha curcas,6422062309,https://inaturalist-open-data.s3.amazonaws.com/photos/668240997/original.jpg,http://creativecommons.org/licenses/by-nc/4.0/,niharmajhi,1536,2048
6422062309_4.jpg,Jatropha curcas,6422062309,https://inaturalist-open-data.s3.amazonaws.com/photos/668241026/original.jpg,http://creativecommons.org/licenses/by-nc/4.0/,niharmajhi,1536,2048
6422062309_2.jpg,Jatropha curcas,6422062309,https://inaturalist-open-data.s3.amazonaws.com/photos/668240970/original.jpg,http://creativecommons.org/licenses/by-nc/4.0/,niharmajhi,1536,2048
6422062309_1.jpg,Jatropha curcas,6422062309,https://inaturalist-open-data.s3.amazonaws.com/photos/668240946/original.jpg,http://creativecommons.org/licenses/by-nc/4.0/,niharmajhi,1536,2048
6422062309_5.jpg,Jatropha curcas,6422062309,https://inaturalist-open-data.s3.amazonaws.com/photos/668241060/original.jpg,http://creativecommons.org/licenses/by-nc/4.0/,niharmajhi,1536,2048
6422724702_0.jpg,Jatropha curcas,6422724702,https://inaturalist-open-data.s3.amazonaws.com/photos/665520410/original.jpg,http://creativecommons.org/licenses/by-nc/4.0/,Jazmin Nolasco,720,1280
6422524617_0.jpg,Jatropha curcas,6422524617,https://inaturalist-open-data.s3.amazonaws.com/photos/670027619/original.jpg,http://creativecommons.org/licenses/by-nc/4.0/,Elavarasan M,2048,1542
6422513365_1.jpg,Jatropha curcas,6422513365,https://inaturalist-open-data.s3.amazonaws.com/photos/667641303/original.jpg,http://creativecommons.org/licenses/by-nc/4.0/,妖,1536,2048
6422513365_0.jpg,Jatropha curcas,6422513365,https://inaturalist-open-data.s3.amazonaws.com/photos/667641267/original.jpg,http://creativecommons.org/licenses/by-nc/4.0/,妖,1536,2048
6422895548_0.jpg,Jatropha curcas,6422895548,https://inaturalist-open-data.s3.amazonaws.com/photos/654838853/original.jpg,http://creativecommons.org/licenses/by-nc/4.0/,Pravin Kawale,1536,2048
6441674433_1.jpg,Jatropha curcas,6441674433,https://inaturalist-open-data.s3.amazonaws.com/photos/671511904/original.jpg,http://creativecommons.org/licenses/by-nc/4.0/,Luke Smith,1536,2048
6422969341_0.jpg,Jatropha curcas,6422969341,https://inaturalist-open-data.s3.amazonaws.com/photos/677490173/original.jpg,http://creativecommons.org/licenses/by-nc/4.0/,Paul Antony Mangaly,1536,2048
6398577358_0.jpg,Jatropha curcas,6398577358,https://inaturalist-open-data.s3.amazonaws.com/photos/675169226/original.jpg,http://creativecommons.org/licenses/by-nc/4.0/,Shikhar Kaushik,1536,2048
6399394676_0.jpg,Jatropha curcas,6399394676,https://inaturalist-open-data.s3.amazonaws.com/photos/673458829/original.jpg,http://creativecommons.org/licenses/by-nc/4.0/,Claire Dallies,1536,2048
6422966440_0.jpg,Jatropha curcas,6422966440,https://inaturalist-open-data.s3.amazonaws.com/photos/654646692/original.jpg,http://creativecommons.org/licenses/by-nc/4.0/,jerifawahid,1536,2048
6398577358_2.jpg,Jatropha curcas,6398577358,https://inaturalist-open-data.s3.amazonaws.com/photos/675169353/original.jpg,http://creativecommons.org/licenses/by-nc/4.0/,Shikhar Kaushik,1536,2048
6422969341_1.jpg,Jatropha curcas,6422969341,https://inaturalist-open-data.s3.amazonaws.com/photos/677490183/original.jpg,http://creativecommons.org/licenses/by-nc/4.0/,Paul Antony Mangaly,1536,2048
6398577358_1.jpg,Jatropha curcas,6398577358,https://inaturalist-open-data.s3.amazonaws.com/photos/675169312/original.jpg,http://creativecommons.org/licenses/by-nc/4.0/,Shikhar Kaushik,1536,2048
6413021175_0.jpg,Jatropha curcas,6413021175,https://inaturalist-open-data.s3.amazonaws.com/photos/677554759/original.jpg,http://creativecommons.org/licenses/by-nc/4.0/,naturalistchu,2048,1536
6413021175_1.jpg,Jatropha curcas,6413021175,https://inaturalist-open-data.s3.amazonaws.com/photos/677554768/original.jpg,http://creativecommons.org/licenses/by-nc/4.0/,naturalistchu,1536,2048
6413021175_2.jpg,Jatropha curcas,6413021175,https://inaturalist-open-data.s3.amazonaws.com/photos/677554781/original.jpg,http://creativecommons.org/licenses/by-nc/4.0/,naturalistchu,1542,2048
6441674433_0.jpg,Jatropha curcas,6441674433,https://inaturalist-open-data.s3.amazonaws.com/photos/671511975/original.jpg,http://creativecommons.org/licenses/by-nc/4.0/,Luke Smith,1536,2048
6422157651_1.jpg,Jatropha curcas,6422157651,https://inaturalist-open-data.s3.amazonaws.com/photos/670917967/original.jpg,http://creativecommons.org/licenses/by-nc/4.0/,Shara Khariya,960,2048
6413021175_4.jpg,Jatropha curcas,6413021175,https://inaturalist-open-data.s3.amazonaws.com/photos/677554777/original.jpg,http://creativecommons.org/licenses/by-nc/4.0/,naturalistchu,1536,2048
6413021175_3.jpg,Jatropha curcas,6413021175,https://inaturalist-open-data.s3.amazonaws.com/photos/677554785/original.jpg,http://creativecommons.org/licenses/by-nc/4.0/,naturalistchu,1542,2048
6413021175_5.jpg,Jatropha curcas,6413021175,https://inaturalist-open-data.s3.amazonaws.com/photos/677554720/original.jpg,http://creativecommons.org/licenses/by-nc/4.0/,naturalistchu,2048,1536
6422157651_0.jpg,Jatropha curcas,6422157651,https://inaturalist-open-data.s3.amazonaws.com/photos/670917921/original.jpg,http://creativecommons.org/licenses/by-nc/4.0/,Shara Khariya,960,2048
6422219108_2.jpg,Jatropha curcas,6422219108,https://inaturalist-open-data.s3.amazonaws.com/photos/671481186/original.jpg,http://creativecommons.org/licenses/by-nc/4.0/,justine bosangit,1542,2048
6422219108_1.jpg,Jatropha curcas,6422219108,https://inaturalist-open-data.s3.amazonaws.com/photos/671480860/original.jpg,http://creativecommons.org/licenses/by-nc/4.0/,justine bosangit,1542,2048
6422219108_0.jpg,Jatropha curcas,6422219108,https://inaturalist-open-data.s3.amazonaws.com/photos/671480680/original.jpg,http://creativecommons.org/licenses/by-nc/4.0/,justine bosangit,1542,2048
6422219108_3.jpg,Jatropha curcas,6422219108,https://inaturalist-open-data.s3.amazonaws.com/photos/671529793/original.jpg,http://creativecommons.org/licenses/by-nc/4.0/,justine bosangit,1542,2048
6440966879_1.jpg,Jatropha curcas,6440966879,https://inaturalist-open-data.s3.amazonaws.com/photos/696087397/original.jpg,http://creativecommons.org/licenses/by-nc/4.0/,James K. Wetterer,1536,2048
6422617036_0.jpg,Jatropha curcas,6422617036,https://inaturalist-open-data.s3.amazonaws.com/photos/678287010/original.jpg,http://creativecommons.org/licenses/by-nc/4.0/,David Pangaribuan,1152,2048
6423015681_0.jpg,Jatropha curcas,6423015681,https://inaturalist-open-data.s3.amazonaws.com/photos/681286731/original.jpg,http://creativecommons.org/licenses/by-nc/4.0/,S Yashas,1542,2048
6423054440_0.jpg,Jatropha curcas,6423054440,https://inaturalist-open-data.s3.amazonaws.com/photos/681562392/original.jpg,http://creativecommons.org/licenses/by-nc/4.0/,Knip1102,1536,2048
6451764504_1.jpg,Jatropha curcas,6451764504,https://inaturalist-open-data.s3.amazonaws.com/photos/690472680/original.jpg,http://creativecommons.org/licenses/by-nc/4.0/,Omar Monzon Carmona,2048,1536
6422862759_0.jpg,Jatropha curcas,6422862759,https://inaturalist-open-data.s3.amazonaws.com/photos/678366618/original.jpg,http://creativecommons.org/licenses/by-nc/4.0/,Sergio geneticus,1536,2048
6422862759_1.jpg,Jatropha curcas,6422862759,https://inaturalist-open-data.s3.amazonaws.com/photos/678366669/original.jpg,http://creativecommons.org/licenses/by-nc/4.0/,Sergio geneticus,1536,2048
6440966879_2.jpg,Jatropha curcas,6440966879,https://inaturalist-open-data.s3.amazonaws.com/photos/696087435/original.jpg,http://creativecommons.org/licenses/by-nc/4.0/,James K. Wetterer,1536,2048
6422862759_2.jpg,Jatropha curcas,6422862759,https://inaturalist-open-data.s3.amazonaws.com/photos/678366746/original.jpg,http://creativecommons.org/licenses/by-nc/4.0/,Sergio geneticus,1536,2048
6451764504_0.jpg,Jatropha curcas,6451764504,https://inaturalist-open-data.s3.amazonaws.com/photos/690472640/original.jpg,http://creativecommons.org/licenses/by-nc/4.0/,Omar Monzon Carmona,2048,1536
6441033633_0.jpg,Jatropha curcas,6441033633,https://inaturalist-open-data.s3.amazonaws.com/photos/695813736/original.jpg,http://creativecommons.org/licenses/by-nc/4.0/,paastignamb-ong,1152,2048
6441033633_1.jpg,Jatropha curcas,6441033633,https://inaturalist-open-data.s3.amazonaws.com/photos/695813870/original.jpg,http://creativecommons.org/licenses/by-nc/4.0/,paastignamb-ong,1152,2048
6440966879_0.jpg,Jatropha curcas,6440966879,https://inaturalist-open-data.s3.amazonaws.com/photos/696087349/original.jpg,http://creativecommons.org/licenses/by-nc/4.0/,James K. Wetterer,1536,2048
6441091394_0.jpg,Jatropha curcas,6441091394,https://inaturalist-open-data.s3.amazonaws.com/photos/697174323/original.jpg,http://creativecommons.org/licenses/by-nc/4.0/,Carlos Méndez Inocencio,1542,2048
6441091394_1.jpg,Jatropha curcas,6441091394,https://inaturalist-open-data.s3.amazonaws.com/photos/697174324/original.jpg,http://creativecommons.org/licenses/by-nc/4.0/,Carlos Méndez Inocencio,2048,1542
6480431434_0.jpg,Jatropha curcas,6480431434,https://inaturalist-open-data.s3.amazonaws.com/photos/704392066/original.jpg,http://creativecommons.org/licenses/by-nc/4.0/,Marco Polo amarillas vargas,2048,1962
6451500910_0.jpg,Jatropha curcas,6451500910,https://inaturalist-open-data.s3.amazonaws.com/photos/697553090/original.jpg,http://creativecommons.org/licenses/by-nc/4.0/,Aditya Lad,1536,2048
6469689665_0.jpg,Jatropha curcas,6469689665,https://inaturalist-open-data.s3.amazonaws.com/photos/702656648/original.jpg,http://creativecommons.org/licenses/by-nc/4.0/,Cilifatou IMOURANA,1536,2048
6452579693_0.jpg,Jatropha curcas,6452579693,https://inaturalist-open-data.s3.amazonaws.com/photos/698703866/original.jpg,http://creativecommons.org/licenses/by-nc/4.0/,Vivek Patel,1536,2048
6452611040_0.jpg,Jatropha curcas,6452611040,https://inaturalist-open-data.s3.amazonaws.com/photos/701576776/original.jpg,http://creativecommons.org/licenses/by-nc/4.0/,Cilifatou IMOURANA,1536,2048
6441406810_0.jpg,Jatropha curcas,6441406810,https://inaturalist-open-data.s3.amazonaws.com/photos/695568077/original.jpg,http://creativecommons.org/publicdomain/zero/1.0/,Alan Weakley,1536,2048
6481350449_0.jpg,Jatropha curcas,6481350449,https://inaturalist-open-data.s3.amazonaws.com/photos/708487951/original.jpg,http://creativecommons.org/licenses/by-nc/4.0/,Keila Noemi,1542,2048
6451748002_0.jpg,Jatropha curcas,6451748002,https://inaturalist-open-data.s3.amazonaws.com/photos/697666205/original.jpg,http://creativecommons.org/licenses/by-nc/4.0/,Musa Muhammad,1536,2048
5036925886_0.jpg,Jatropha curcas,5036925886,https://inaturalist-open-data.s3.amazonaws.com/photos/463591930/original.jpg,http://creativecommons.org/licenses/by-nc/4.0/,Rocky Reviko,2048,1536
5037147733_2.jpg,Jatropha curcas,5037147733,https://inaturalist-open-data.s3.amazonaws.com/photos/463447310/original.jpg,http://creativecommons.org/licenses/by-nc/4.0/,casalasofia,1536,2048
5037147733_0.jpg,Jatropha curcas,5037147733,https://inaturalist-open-data.s3.amazonaws.com/photos/463447285/original.jpg,http://creativecommons.org/licenses/by-nc/4.0/,casalasofia,1536,2048
5037147733_3.jpg,Jatropha curcas,5037147733,https://inaturalist-open-data.s3.amazonaws.com/photos/463447338/original.jpg,http://creativecommons.org/licenses/by-nc/4.0/,casalasofia,1536,2048
5037147733_1.jpg,Jatropha curcas,5037147733,https://inaturalist-open-data.s3.amazonaws.com/photos/463447302/original.jpg,http://creativecommons.org/licenses/by-nc/4.0/,casalasofia,1536,2048
5037004355_0.jpg,Jatropha curcas,5037004355,https://inaturalist-open-data.s3.amazonaws.com/photos/463136027/original.jpg,http://creativecommons.org/licenses/by-nc/4.0/,Marco Polo amarillas vargas,1538,2048
6480036704_0.jpg,Jatropha curcas,6480036704,https://inaturalist-open-data.s3.amazonaws.com/photos/712332415/original.jpg,http://creativecommons.org/licenses/by-nc/4.0/,Marco Polo amarillas vargas,1638,2048
6480638026_1.jpg,Jatropha curcas,6480638026,https://inaturalist-open-data.s3.amazonaws.com/photos/708893596/original.jpg,http://creativecommons.org/licenses/by-nc/4.0/,Sulaiman Inuwa Muhammad,1536,2048
6480638026_2.jpg,Jatropha curcas,6480638026,https://inaturalist-open-data.s3.amazonaws.com/photos/708893635/original.jpg,http://creativecommons.org/licenses/by-nc/4.0/,Sulaiman Inuwa Muhammad,1152,2048
5037147733_4.jpg,Jatropha curcas,5037147733,https://inaturalist-open-data.s3.amazonaws.com/photos/463447358/original.jpg,http://creativecommons.org/licenses/by-nc/4.0/,casalasofia,1536,2048
5037147733_5.jpg,Jatropha curcas,5037147733,https://inaturalist-open-data.s3.amazonaws.com/photos/463447380/original.jpg,http://creativecommons.org/licenses/by-nc/4.0/,casalasofia,1536,2048
5062891277_0.jpg,Jatropha curcas,5062891277,https://inaturalist-open-data.s3.amazonaws.com/photos/461184220/original.jpg,http://creativecommons.org/licenses/by-nc/4.0/,Ntsakisi Masia,1536,2048
5037147733_6.jpg,Jatropha curcas,5037147733,https://inaturalist-open-data.s3.amazonaws.com/photos/463447404/original.jpg,http://creativecommons.org/licenses/by-nc/4.0/,casalasofia,1536,2048
5062891277_1.jpg,Jatropha curcas,5062891277,https://inaturalist-open-data.s3.amazonaws.com/photos/461184243/original.jpg,http://creativecommons.org/licenses/by-nc/4.0/,Ntsakisi Masia,1536,2048
5062891277_2.jpg,Jatropha curcas,5062891277,https://inaturalist-open-data.s3.amazonaws.com/photos/461184257/original.jpg,http://creativecommons.org/licenses/by-nc/4.0/,Ntsakisi Masia,1536,2048
5062891277_3.jpg,Jatropha curcas,5062891277,https://inaturalist-open-data.s3.amazonaws.com/photos/461184277/original.jpg,http://creativecommons.org/licenses/by-nc/4.0/,Ntsakisi Masia,1536,2048
5063010718_0.jpg,Jatropha curcas,5063010718,https://inaturalist-open-data.s3.amazonaws.com/photos/464113585/original.jpg,http://creativecommons.org/licenses/by-nc/4.0/,brock,2048,1536
5063221831_0.jpg,Jatropha curcas,5063221831,https://inaturalist-open-data.s3.amazonaws.com/photos/465155601/original.jpeg,http://creativecommons.org/licenses/by-nc/4.0/,Mashudu,1536,2048
5063221831_2.jpg,Jatropha curcas,5063221831,https://inaturalist-open-data.s3.amazonaws.com/photos/465155633/original.jpeg,http://creativecommons.org/licenses/by-nc/4.0/,Mashudu,1536,2048
6480638026_0.jpg,Jatropha curcas,6480638026,https://inaturalist-open-data.s3.amazonaws.com/photos/708892755/original.jpg,http://creativecommons.org/licenses/by-nc/4.0/,Sulaiman Inuwa Muhammad,1536,2048
5063221831_1.jpg,Jatropha curcas,5063221831,https://inaturalist-open-data.s3.amazonaws.com/photos/465155620/original.jpeg,http://creativecommons.org/licenses/by-nc/4.0/,Mashudu,1536,2048
5938067730_0.jpg,Phytolacca icosandra,5938067730,https://inaturalist-open-data.s3.amazonaws.com/photos/605133148/original.jpg,http://creativecommons.org/licenses/by/4.0/,Arnim Littek,1536,2048
5938067730_2.jpg,Phytolacca icosandra,5938067730,https://inaturalist-open-data.s3.amazonaws.com/photos/605133184/original.jpg,http://creativecommons.org/licenses/by/4.0/,Arnim Littek,1536,2048
5938180265_0.jpg,Phytolacca icosandra,5938180265,https://inaturalist-open-data.s3.amazonaws.com/photos/604986613/original.jpg,http://creativecommons.org/licenses/by-nc/4.0/,Daniel,2048,1365
5938703684_0.jpg,Phytolacca icosandra,5938703684,https://inaturalist-open-data.s3.amazonaws.com/photos/605728389/original.jpg,http://creativecommons.org/licenses/by-nc/4.0/,Arman,1536,2048
5938081124_0.jpg,Phytolacca icosandra,5938081124,https://inaturalist-open-data.s3.amazonaws.com/photos/604466669/original.jpg,http://creativecommons.org/licenses/by-nc/4.0/,flofang,1536,2048
5938067730_1.jpg,Phytolacca icosandra,5938067730,https://inaturalist-open-data.s3.amazonaws.com/photos/605133183/original.jpg,http://creativecommons.org/licenses/by/4.0/,Arnim Littek,2048,1536
5938703684_2.jpg,Phytolacca icosandra,5938703684,https://inaturalist-open-data.s3.amazonaws.com/photos/605728387/original.jpg,http://creativecommons.org/licenses/by-nc/4.0/,Arman,1536,2048
5938703684_3.jpg,Phytolacca icosandra,5938703684,https://inaturalist-open-data.s3.amazonaws.com/photos/605728390/original.jpg,http://creativecommons.org/licenses/by-nc/4.0/,Arman,1536,2048
6129824182_0.jpg,Phytolacca icosandra,6129824182,https://inaturalist-open-data.s3.amazonaws.com/photos/608758300/original.jpg,http://creativecommons.org/licenses/by-nc/4.0/,Elwood,1152,2048
6129839105_0.jpg,Phytolacca icosandra,6129839105,https://inaturalist-open-data.s3.amazonaws.com/photos/610620089/original.jpg,http://creativecommons.org/licenses/by-nc/4.0/,Henriëtte Kieser,1536,2048
5938493461_2.jpg,Phytolacca icosandra,5938493461,https://inaturalist-open-data.s3.amazonaws.com/photos/605229560/original.jpg,http://creativecommons.org/licenses/by-nc/4.0/,raderj,1536,2048
5938703684_4.jpg,Phytolacca icosandra,5938703684,https://inaturalist-open-data.s3.amazonaws.com/photos/605728391/original.jpg,http://creativecommons.org/licenses/by-nc/4.0/,Arman,1536,2048
5938703684_1.jpg,Phytolacca icosandra,5938703684,https://inaturalist-open-data.s3.amazonaws.com/photos/605728388/original.jpg,http://creativecommons.org/licenses/by-nc/4.0/,Arman,1536,2048
5938493461_1.jpg,Phytolacca icosandra,5938493461,https://inaturalist-open-data.s3.amazonaws.com/photos/605229552/original.jpg,http://creativecommons.org/licenses/by-nc/4.0/,raderj,1536,2048
6129839105_1.jpg,Phytolacca icosandra,6129839105,https://inaturalist-open-data.s3.amazonaws.com/photos/610620098/original.jpg,http://creativecommons.org/licenses/by-nc/4.0/,Henriëtte Kieser,1536,2048
5938493461_0.jpg,Phytolacca icosandra,5938493461,https://inaturalist-open-data.s3.amazonaws.com/photos/605229550/original.jpg,http://creativecommons.org/licenses/by-nc/4.0/,raderj,1536,2048
6129868210_0.jpg,Phytolacca icosandra,6129868210,https://inaturalist-open-data.s3.amazonaws.com/photos/607098072/original.jpg,http://creativecommons.org/licenses/by/4.0/,Martin Hannan-Jones,1152,2048
5938703684_5.jpg,Phytolacca icosandra,5938703684,https://inaturalist-open-data.s3.amazonaws.com/photos/605728392/original.jpg,http://creativecommons.org/licenses/by-nc/4.0/,Arman,1536,2048
6130229068_0.jpg,Phytolacca icosandra,6130229068,https://inaturalist-open-data.s3.amazonaws.com/photos/609326072/original.jpg,http://creativecommons.org/publicdomain/zero/1.0/,Harry Rose,2048,1536
6129994725_0.jpg,Phytolacca icosandra,6129994725,https://inaturalist-open-data.s3.amazonaws.com/photos/609965844/original.jpg,http://creativecommons.org/licenses/by-nc/4.0/,James Parham,2048,1536
6130144228_2.jpg,Phytolacca icosandra,6130144228,https://inaturalist-open-data.s3.amazonaws.com/photos/608432380/original.jpg,http://creativecommons.org/licenses/by-nc/4.0/,campbellnotjames,1536,2048
6129983962_0.jpg,Phytolacca icosandra,6129983962,https://inaturalist-open-data.s3.amazonaws.com/photos/608490075/original.jpg,http://creativecommons.org/licenses/by-nc/4.0/,Owen Kemp,1536,2048
6130144228_1.jpg,Phytolacca icosandra,6130144228,https://inaturalist-open-data.s3.amazonaws.com/photos/608431656/original.jpg,http://creativecommons.org/licenses/by-nc/4.0/,campbellnotjames,1536,2048
6129931362_1.jpg,Phytolacca icosandra,6129931362,https://inaturalist-open-data.s3.amazonaws.com/photos/608295628/original.jpg,http://creativecommons.org/licenses/by-nc/4.0/,Max,1536,2048
6129924721_0.jpg,Phytolacca icosandra,6129924721,https://inaturalist-open-data.s3.amazonaws.com/photos/610707106/original.jpg,http://creativecommons.org/licenses/by-nc/4.0/,Vincent Egan,1536,2048
6129983962_1.jpg,Phytolacca icosandra,6129983962,https://inaturalist-open-data.s3.amazonaws.com/photos/608490107/original.jpg,http://creativecommons.org/licenses/by-nc/4.0/,Owen Kemp,1536,2048
6130229068_1.jpg,Phytolacca icosandra,6130229068,https://inaturalist-open-data.s3.amazonaws.com/photos/609326037/original.jpg,http://creativecommons.org/publicdomain/zero/1.0/,Harry Rose,2048,1536
6130241217_1.jpg,Phytolacca icosandra,6130241217,https://inaturalist-open-data.s3.amazonaws.com/photos/609880292/original.jpg,http://creativecommons.org/licenses/by/4.0/,Martin Hannan-Jones,1536,2048
6129931362_0.jpg,Phytolacca icosandra,6129931362,https://inaturalist-open-data.s3.amazonaws.com/photos/608267965/original.jpg,http://creativecommons.org/licenses/by-nc/4.0/,Max,1536,2048
6130144228_0.jpg,Phytolacca icosandra,6130144228,https://inaturalist-open-data.s3.amazonaws.com/photos/608431624/original.jpg,http://creativecommons.org/licenses/by-nc/4.0/,campbellnotjames,1536,2048
6130241217_0.jpg,Phytolacca icosandra,6130241217,https://inaturalist-open-data.s3.amazonaws.com/photos/609880285/original.jpg,http://creativecommons.org/licenses/by/4.0/,Martin Hannan-Jones,1536,2048
6130241217_2.jpg,Phytolacca icosandra,6130241217,https://inaturalist-open-data.s3.amazonaws.com/photos/609880293/original.jpg,http://creativecommons.org/licenses/by/4.0/,Martin Hannan-Jones,1536,2048
6130352779_0.jpg,Phytolacca icosandra,6130352779,https://inaturalist-open-data.s3.amazonaws.com/photos/605760917/original.jpg,http://creativecommons.org/licenses/by-nc/4.0/,alff,1536,2048
6130393010_1.jpg,Phytolacca icosandra,6130393010,https://inaturalist-open-data.s3.amazonaws.com/photos/610357118/original.jpg,http://creativecommons.org/licenses/by-nc/4.0/,Martin Bennett,2048,1536
6130405224_1.jpg,Phytolacca icosandra,6130405224,https://inaturalist-open-data.s3.amazonaws.com/photos/610828774/original.jpg,http://creativecommons.org/licenses/by-nc/4.0/,CarinaCR,1536,2048
6130405224_2.jpg,Phytolacca icosandra,6130405224,https://inaturalist-open-data.s3.amazonaws.com/photos/610828793/original.jpg,http://creativecommons.org/licenses/by-nc/4.0/,CarinaCR,1536,2048
6130393010_0.jpg,Phytolacca icosandra,6130393010,https://inaturalist-open-data.s3.amazonaws.com/photos/610357110/original.jpg,http://creativecommons.org/licenses/by-nc/4.0/,Martin Bennett,2048,1536
6130469095_1.jpg,Phytolacca icosandra,6130469095,https://inaturalist-open-data.s3.amazonaws.com/photos/606567729/original.jpg,http://creativecommons.org/licenses/by-nc/4.0/,Mariel,1536,2048
6130415698_0.jpg,Phytolacca icosandra,6130415698,https://inaturalist-open-data.s3.amazonaws.com/photos/610732390/original.jpg,http://creativecommons.org/licenses/by-nc/4.0/,Mackenzie Goldthwait,1536,2048
6130469095_0.jpg,Phytolacca icosandra,6130469095,https://inaturalist-open-data.s3.amazonaws.com/photos/606567739/original.jpg,http://creativecommons.org/licenses/by-nc/4.0/,Mariel,1536,2048
6130587836_1.jpg,Phytolacca icosandra,6130587836,https://inaturalist-open-data.s3.amazonaws.com/photos/607234415/original.jpg,http://creativecommons.org/licenses/by-nc/4.0/,carolwest,1536,2048
6130405224_0.jpg,Phytolacca icosandra,6130405224,https://inaturalist-open-data.s3.amazonaws.com/photos/610828752/original.jpg,http://creativecommons.org/licenses/by-nc/4.0/,CarinaCR,1536,2048
6130587836_0.jpg,Phytolacca icosandra,6130587836,https://inaturalist-open-data.s3.amazonaws.com/photos/607234381/original.jpg,http://creativecommons.org/licenses/by-nc/4.0/,carolwest,1536,2048
6130469095_2.jpg,Phytolacca icosandra,6130469095,https://inaturalist-open-data.s3.amazonaws.com/photos/606567753/original.jpg,http://creativecommons.org/licenses/by-nc/4.0/,Mariel,1536,2048
6130631369_0.jpg,Phytolacca icosandra,6130631369,https://inaturalist-open-data.s3.amazonaws.com/photos/609404272/original.jpg,http://creativecommons.org/licenses/by-nc/4.0/,Lachlan Walker,1537,2048
6130587836_2.jpg,Phytolacca icosandra,6130587836,https://inaturalist-open-data.s3.amazonaws.com/photos/607234451/original.jpg,http://creativecommons.org/licenses/by-nc/4.0/,carolwest,1536,2048
6130631369_3.jpg,Phytolacca icosandra,6130631369,https://inaturalist-open-data.s3.amazonaws.com/photos/609404321/original.jpg,http://creativecommons.org/licenses/by-nc/4.0/,Lachlan Walker,1537,2048
6130631369_2.jpg,Phytolacca icosandra,6130631369,https://inaturalist-open-data.s3.amazonaws.com/photos/609404309/original.jpg,http://creativecommons.org/licenses/by-nc/4.0/,Lachlan Walker,1537,2048
6130631369_1.jpg,Phytolacca icosandra,6130631369,https://inaturalist-open-data.s3.amazonaws.com/photos/609404293/original.jpg,http://creativecommons.org/licenses/by-nc/4.0/,Lachlan Walker,1537,2048
6130792164_0.jpg,Phytolacca icosandra,6130792164,https://inaturalist-open-data.s3.amazonaws.com/photos/608289561/original.jpg,http://creativecommons.org/licenses/by-nc/4.0/,Chrissie Painting,1152,2048
6130684048_0.jpg,Phytolacca icosandra,6130684048,https://inaturalist-open-data.s3.amazonaws.com/photos/609560823/original.jpg,http://creativecommons.org/licenses/by-nc/4.0/,leticiaeras,1152,2048
6130792164_1.jpg,Phytolacca icosandra,6130792164,https://inaturalist-open-data.s3.amazonaws.com/photos/608289579/original.jpg,http://creativecommons.org/licenses/by-nc/4.0/,Chrissie Painting,1152,2048
6130792164_2.jpg,Phytolacca icosandra,6130792164,https://inaturalist-open-data.s3.amazonaws.com/photos/608289597/original.jpg,http://creativecommons.org/licenses/by-nc/4.0/,Chrissie Painting,1152,2048
6130809512_0.jpg,Phytolacca icosandra,6130809512,https://inaturalist-open-data.s3.amazonaws.com/photos/605891852/original.jpg,http://creativecommons.org/licenses/by-nc/4.0/,Albert Kang,1536,2048
6130809512_1.jpg,Phytolacca icosandra,6130809512,https://inaturalist-open-data.s3.amazonaws.com/photos/605891869/original.jpg,http://creativecommons.org/licenses/by-nc/4.0/,Albert Kang,1536,2048
6130809512_2.jpg,Phytolacca icosandra,6130809512,https://inaturalist-open-data.s3.amazonaws.com/photos/605891879/original.jpg,http://creativecommons.org/licenses/by-nc/4.0/,Albert Kang,1536,2048
6130831165_1.jpg,Phytolacca icosandra,6130831165,https://inaturalist-open-data.s3.amazonaws.com/photos/605834761/original.jpg,http://creativecommons.org/licenses/by-nc/4.0/,Sam Rickert,1536,2048
6130831165_3.jpg,Phytolacca icosandra,6130831165,https://inaturalist-open-data.s3.amazonaws.com/photos/605834758/original.jpg,http://creativecommons.org/licenses/by-nc/4.0/,Sam Rickert,1536,2048
6130967091_0.jpg,Phytolacca icosandra,6130967091,https://inaturalist-open-data.s3.amazonaws.com/photos/609435255/original.jpg,http://creativecommons.org/licenses/by-nc/4.0/,pq2025,1152,2048
6130861693_0.jpg,Phytolacca icosandra,6130861693,https://inaturalist-open-data.s3.amazonaws.com/photos/609731714/original.jpg,http://creativecommons.org/licenses/by-nc/4.0/,kotp,1152,2048
6130992575_0.jpg,Phytolacca icosandra,6130992575,https://inaturalist-open-data.s3.amazonaws.com/photos/607404437/original.jpg,http://creativecommons.org/licenses/by-nc/4.0/,kateboersma,1536,2048
6130831165_2.jpg,Phytolacca icosandra,6130831165,https://inaturalist-open-data.s3.amazonaws.com/photos/605834766/original.jpg,http://creativecommons.org/licenses/by-nc/4.0/,Sam Rickert,1536,2048
6130831165_0.jpg,Phytolacca icosandra,6130831165,https://inaturalist-open-data.s3.amazonaws.com/photos/605834748/original.jpg,http://creativecommons.org/licenses/by-nc/4.0/,Sam Rickert,1536,2048
6130992575_1.jpg,Phytolacca icosandra,6130992575,https://inaturalist-open-data.s3.amazonaws.com/photos/607404446/original.jpg,http://creativecommons.org/licenses/by-nc/4.0/,kateboersma,1536,2048
6130971533_1.jpg,Phytolacca icosandra,6130971533,https://inaturalist-open-data.s3.amazonaws.com/photos/606331426/original.jpg,http://creativecommons.org/licenses/by-nc/4.0/,Sam Rickert,1536,2048
6130992575_2.jpg,Phytolacca icosandra,6130992575,https://inaturalist-open-data.s3.amazonaws.com/photos/607404467/original.jpg,http://creativecommons.org/licenses/by-nc/4.0/,kateboersma,1536,2048
6130971533_2.jpg,Phytolacca icosandra,6130971533,https://inaturalist-open-data.s3.amazonaws.com/photos/606331422/original.jpg,http://creativecommons.org/licenses/by-nc/4.0/,Sam Rickert,1536,2048
6130971533_0.jpg,Phytolacca icosandra,6130971533,https://inaturalist-open-data.s3.amazonaws.com/photos/606331430/original.jpg,http://creativecommons.org/licenses/by-nc/4.0/,Sam Rickert,1536,2048
6130992575_3.jpg,Phytolacca icosandra,6130992575,https://inaturalist-open-data.s3.amazonaws.com/photos/607404479/original.jpg,http://creativecommons.org/licenses/by-nc/4.0/,kateboersma,1536,2048
6131001420_3.jpg,Phytolacca icosandra,6131001420,https://inaturalist-open-data.s3.amazonaws.com/photos/608529331/original.jpg,http://creativecommons.org/licenses/by-nc/4.0/,Anna Arft,1536,2048
6131001420_1.jpg,Phytolacca icosandra,6131001420,https://inaturalist-open-data.s3.amazonaws.com/photos/608529323/original.jpg,http://creativecommons.org/licenses/by-nc/4.0/,Anna Arft,1536,2048
6131085001_0.jpg,Phytolacca icosandra,6131085001,https://inaturalist-open-data.s3.amazonaws.com/photos/610631853/original.jpg,http://creativecommons.org/licenses/by/4.0/,Martin Hannan-Jones,1536,2048
6131085001_2.jpg,Phytolacca icosandra,6131085001,https://inaturalist-open-data.s3.amazonaws.com/photos/610631889/original.jpg,http://creativecommons.org/licenses/by/4.0/,Martin Hannan-Jones,1536,2048
6131085001_1.jpg,Phytolacca icosandra,6131085001,https://inaturalist-open-data.s3.amazonaws.com/photos/610631867/original.jpg,http://creativecommons.org/licenses/by/4.0/,Martin Hannan-Jones,1536,2048
6131001420_2.jpg,Phytolacca icosandra,6131001420,https://inaturalist-open-data.s3.amazonaws.com/photos/608529320/original.jpg,http://creativecommons.org/licenses/by-nc/4.0/,Anna Arft,1536,2048
6131001420_0.jpg,Phytolacca icosandra,6131001420,https://inaturalist-open-data.s3.amazonaws.com/photos/608529332/original.jpg,http://creativecommons.org/licenses/by-nc/4.0/,Anna Arft,1536,2048
6131001420_4.jpg,Phytolacca icosandra,6131001420,https://inaturalist-open-data.s3.amazonaws.com/photos/608529316/original.jpg,http://creativecommons.org/licenses/by-nc/4.0/,Anna Arft,1536,2048
6131209557_0.jpg,Phytolacca icosandra,6131209557,https://inaturalist-open-data.s3.amazonaws.com/photos/609111062/original.jpg,http://creativecommons.org/licenses/by-nc/4.0/,roaming_eye,2048,1365
6131209557_3.jpg,Phytolacca icosandra,6131209557,https://inaturalist-open-data.s3.amazonaws.com/photos/609111119/original.jpg,http://creativecommons.org/licenses/by-nc/4.0/,roaming_eye,1365,2048
6131209557_2.jpg,Phytolacca icosandra,6131209557,https://inaturalist-open-data.s3.amazonaws.com/photos/609111094/original.jpg,http://creativecommons.org/licenses/by-nc/4.0/,roaming_eye,2048,1365
6131209557_1.jpg,Phytolacca icosandra,6131209557,https://inaturalist-open-data.s3.amazonaws.com/photos/609111107/original.jpg,http://creativecommons.org/licenses/by-nc/4.0/,roaming_eye,2048,1365
6131108670_0.jpg,Phytolacca icosandra,6131108670,https://inaturalist-open-data.s3.amazonaws.com/photos/605890643/original.jpg,http://creativecommons.org/licenses/by-nc/4.0/,Albert Kang,1536,2048
6131148645_1.jpg,Phytolacca icosandra,6131148645,https://inaturalist-open-data.s3.amazonaws.com/photos/606103912/original.jpg,http://creativecommons.org/licenses/by/4.0/,Martin Hannan-Jones,1536,2048
6131148645_0.jpg,Phytolacca icosandra,6131148645,https://inaturalist-open-data.s3.amazonaws.com/photos/606103916/original.jpg,http://creativecommons.org/licenses/by/4.0/,Martin Hannan-Jones,1536,2048
6131108670_1.jpg,Phytolacca icosandra,6131108670,https://inaturalist-open-data.s3.amazonaws.com/photos/605890661/original.jpg,http://creativecommons.org/licenses/by-nc/4.0/,Albert Kang,1536,2048
6131111033_0.jpg,Phytolacca icosandra,6131111033,https://inaturalist-open-data.s3.amazonaws.com/photos/605842644/original.jpg,http://creativecommons.org/licenses/by-nc/4.0/,Eugene Hahndiek,2048,1536
6131209557_4.jpg,Phytolacca icosandra,6131209557,https://inaturalist-open-data.s3.amazonaws.com/photos/609111146/original.jpg,http://creativecommons.org/licenses/by-nc/4.0/,roaming_eye,1536,2048
6131126968_0.jpg,Phytolacca icosandra,6131126968,https://inaturalist-open-data.s3.amazonaws.com/photos/608628128/original.jpg,http://creativecommons.org/licenses/by-nc/4.0/,Mark Brown,1536,2048
6131217725_1.jpg,Phytolacca icosandra,6131217725,https://inaturalist-open-data.s3.amazonaws.com/photos/607422037/original.jpg,http://creativecommons.org/licenses/by-nc/4.0/,amahita,2048,1542
6131217725_0.jpg,Phytolacca icosandra,6131217725,https://inaturalist-open-data.s3.amazonaws.com/photos/607422036/original.jpg,http://creativecommons.org/licenses/by-nc/4.0/,amahita,2048,1542
6131209557_5.jpg,Phytolacca icosandra,6131209557,https://inaturalist-open-data.s3.amazonaws.com/photos/609111187/original.jpg,http://creativecommons.org/licenses/by-nc/4.0/,roaming_eye,1536,2048
6131209557_6.jpg,Phytolacca icosandra,6131209557,https://inaturalist-open-data.s3.amazonaws.com/photos/609111212/original.jpg,http://creativecommons.org/licenses/by-nc/4.0/,roaming_eye,1536,2048
6131231771_0.jpg,Phytolacca icosandra,6131231771,https://inaturalist-open-data.s3.amazonaws.com/photos/609415753/original.jpg,http://creativecommons.org/licenses/by-nc/4.0/,omalanthus,1536,2048
6131231771_1.jpg,Phytolacca icosandra,6131231771,https://inaturalist-open-data.s3.amazonaws.com/photos/609415783/original.jpg,http://creativecommons.org/licenses/by-nc/4.0/,omalanthus,1536,2048
6131231771_2.jpg,Phytolacca icosandra,6131231771,https://inaturalist-open-data.s3.amazonaws.com/photos/609415824/original.jpg,http://creativecommons.org/licenses/by-nc/4.0/,omalanthus,1536,2048
6131261887_0.jpg,Phytolacca icosandra,6131261887,https://inaturalist-open-data.s3.amazonaws.com/photos/608460460/original.jpg,http://creativecommons.org/licenses/by-nc/4.0/,jmacnee,1536,2048
6131261887_1.jpg,Phytolacca icosandra,6131261887,https://inaturalist-open-data.s3.amazonaws.com/photos/608460485/original.jpg,http://creativecommons.org/licenses/by-nc/4.0/,jmacnee,1536,2048
6131440383_2.jpg,Phytolacca icosandra,6131440383,https://inaturalist-open-data.s3.amazonaws.com/photos/607120147/original.jpg,http://creativecommons.org/licenses/by/4.0/,Mike Bowie,1536,2048
6131440383_0.jpg,Phytolacca icosandra,6131440383,https://inaturalist-open-data.s3.amazonaws.com/photos/607120093/original.jpg,http://creativecommons.org/licenses/by/4.0/,Mike Bowie,1536,2048
6131272053_0.jpg,Phytolacca icosandra,6131272053,https://inaturalist-open-data.s3.amazonaws.com/photos/611033644/original.jpg,http://creativecommons.org/licenses/by-nc/4.0/,chavivis_he,2048,1153
6131400147_2.jpg,Phytolacca icosandra,6131400147,https://inaturalist-open-data.s3.amazonaws.com/photos/610322486/original.jpg,http://creativecommons.org/licenses/by-nc/4.0/,Styv De Jesús Calva,1536,2048
6131379870_1.jpg,Phytolacca icosandra,6131379870,https://inaturalist-open-data.s3.amazonaws.com/photos/607578456/original.jpg,http://creativecommons.org/licenses/by-nc/4.0/,Joolz Robertson,1536,2048
6131440383_1.jpg,Phytolacca icosandra,6131440383,https://inaturalist-open-data.s3.amazonaws.com/photos/607120115/original.jpg,http://creativecommons.org/licenses/by/4.0/,Mike Bowie,1536,2048
6131263212_0.jpg,Phytolacca icosandra,6131263212,https://inaturalist-open-data.s3.amazonaws.com/photos/609398076/original.jpg,http://creativecommons.org/licenses/by-sa/4.0/,Tony Rebelo,2048,1368
6131400147_0.jpg,Phytolacca icosandra,6131400147,https://inaturalist-open-data.s3.amazonaws.com/photos/610322047/original.jpg,http://creativecommons.org/licenses/by-nc/4.0/,Styv De Jesús Calva,1536,2048
6131565544_1.jpg,Phytolacca icosandra,6131565544,https://inaturalist-open-data.s3.amazonaws.com/photos/605841798/original.jpg,http://creativecommons.org/licenses/by-nc/4.0/,Eugene Hahndiek,2048,1536
6131565544_2.jpg,Phytolacca icosandra,6131565544,https://inaturalist-open-data.s3.amazonaws.com/photos/605841870/original.jpg,http://creativecommons.org/licenses/by-nc/4.0/,Eugene Hahndiek,2048,1536
6131379870_0.jpg,Phytolacca icosandra,6131379870,https://inaturalist-open-data.s3.amazonaws.com/photos/607577614/original.jpg,http://creativecommons.org/licenses/by-nc/4.0/,Joolz Robertson,1536,2048
6131470729_0.jpg,Phytolacca icosandra,6131470729,https://inaturalist-open-data.s3.amazonaws.com/photos/610329903/original.jpg,http://creativecommons.org/licenses/by-nc/4.0/,Stephen Csurhes,2048,1152
6131565544_0.jpg,Phytolacca icosandra,6131565544,https://inaturalist-open-data.s3.amazonaws.com/photos/605841704/original.jpg,http://creativecommons.org/licenses/by-nc/4.0/,Eugene Hahndiek,2048,1536
6131400147_1.jpg,Phytolacca icosandra,6131400147,https://inaturalist-open-data.s3.amazonaws.com/photos/610322456/original.jpg,http://creativecommons.org/licenses/by-nc/4.0/,Styv De Jesús Calva,1536,2048
6131595951_0.jpg,Phytolacca icosandra,6131595951,https://inaturalist-open-data.s3.amazonaws.com/photos/609604438/original.jpg,http://creativecommons.org/licenses/by-nc/4.0/,PeterCopping,2048,1536
6131595951_1.jpg,Phytolacca icosandra,6131595951,https://inaturalist-open-data.s3.amazonaws.com/photos/609604450/original.jpg,http://creativecommons.org/licenses/by-nc/4.0/,PeterCopping,1536,2048
6130264500_0.jpg,Euphorbia tanquahuete,6130264500,https://inaturalist-open-data.s3.amazonaws.com/photos/606012356/original.jpg,http://creativecommons.org/licenses/by-nc/4.0/,Rafael Gallegos Araiza,2048,1365
6130264500_1.jpg,Euphorbia tanquahuete,6130264500,https://inaturalist-open-data.s3.amazonaws.com/photos/606012600/original.jpg,http://creativecommons.org/licenses/by-nc/4.0/,Rafael Gallegos Araiza,2048,1365
6159204266_0.jpg,Euphorbia tanquahuete,6159204266,https://inaturalist-open-data.s3.amazonaws.com/photos/615486803/original.jpg,http://creativecommons.org/licenses/by-nc/4.0/,Roberto,924,2048
6159168454_0.jpg,Euphorbia tanquahuete,6159168454,https://inaturalist-open-data.s3.amazonaws.com/photos/615357841/original.jpg,http://creativecommons.org/licenses/by-nc/4.0/,Roberto,2048,1375
6131333844_0.jpg,Euphorbia tanquahuete,6131333844,https://inaturalist-open-data.s3.amazonaws.com/photos/604914239/original.jpg,http://creativecommons.org/licenses/by-nc/4.0/,Maximiliano Campos,1153,2048
6130977827_0.jpg,Euphorbia tanquahuete,6130977827,https://inaturalist-open-data.s3.amazonaws.com/photos/609134794/original.jpg,http://creativecommons.org/licenses/by-nc/4.0/,Andrés C.S.,1152,2048
6131333844_1.jpg,Euphorbia tanquahuete,6131333844,https://inaturalist-open-data.s3.amazonaws.com/photos/604914267/original.jpg,http://creativecommons.org/licenses/by-nc/4.0/,Maximiliano Campos,1153,2048
6130977827_1.jpg,Euphorbia tanquahuete,6130977827,https://inaturalist-open-data.s3.amazonaws.com/photos/609134805/original.jpg,http://creativecommons.org/licenses/by-nc/4.0/,Andrés C.S.,1152,2048
6131333844_2.jpg,Euphorbia tanquahuete,6131333844,https://inaturalist-open-data.s3.amazonaws.com/photos/604914297/original.jpg,http://creativecommons.org/licenses/by-nc/4.0/,Maximiliano Campos,1153,2048
6179069739_1.jpg,Euphorbia tanquahuete,6179069739,https://inaturalist-open-data.s3.amazonaws.com/photos/616577279/original.jpg,http://creativecommons.org/licenses/by-nc/4.0/,Maximiliano Campos,1153,2048
6179069739_0.jpg,Euphorbia tanquahuete,6179069739,https://inaturalist-open-data.s3.amazonaws.com/photos/616577259/original.jpg,http://creativecommons.org/licenses/by-nc/4.0/,Maximiliano Campos,1153,2048
6179069739_2.jpg,Euphorbia tanquahuete,6179069739,https://inaturalist-open-data.s3.amazonaws.com/photos/616577292/original.jpg,http://creativecommons.org/licenses/by-nc/4.0/,Maximiliano Campos,1153,2048
6130977827_2.jpg,Euphorbia tanquahuete,6130977827,https://inaturalist-open-data.s3.amazonaws.com/photos/609134818/original.jpg,http://creativecommons.org/licenses/by-nc/4.0/,Andrés C.S.,1536,2048
6187994272_0.jpg,Euphorbia tanquahuete,6187994272,https://inaturalist-open-data.s3.amazonaws.com/photos/624018851/original.jpg,http://creativecommons.org/licenses/by-nc/4.0/,juanyiii,1536,2048
6185636899_4.jpg,Euphorbia tanquahuete,6185636899,https://inaturalist-open-data.s3.amazonaws.com/photos/614312642/original.jpg,http://creativecommons.org/licenses/by-nc/4.0/,Rodrigo Guillermo Diaz Enriquez,1536,2048
6185636899_2.jpg,Euphorbia tanquahuete,6185636899,https://inaturalist-open-data.s3.amazonaws.com/photos/614312538/original.jpg,http://creativecommons.org/licenses/by-nc/4.0/,Rodrigo Guillermo Diaz Enriquez,1536,2048
6185636899_3.jpg,Euphorbia tanquahuete,6185636899,https://inaturalist-open-data.s3.amazonaws.com/photos/614312562/original.jpg,http://creativecommons.org/licenses/by-nc/4.0/,Rodrigo Guillermo Diaz Enriquez,1536,2048
6185636899_0.jpg,Euphorbia tanquahuete,6185636899,https://inaturalist-open-data.s3.amazonaws.com/photos/614271591/original.jpg,http://creativecommons.org/licenses/by-nc/4.0/,Rodrigo Guillermo Diaz Enriquez,1536,2048
6185636899_1.jpg,Euphorbia tanquahuete,6185636899,https://inaturalist-open-data.s3.amazonaws.com/photos/614271715/original.jpg,http://creativecommons.org/licenses/by-nc/4.0/,Rodrigo Guillermo Diaz Enriquez,1536,2048
6179275923_0.jpg,Euphorbia tanquahuete,6179275923,https://inaturalist-open-data.s3.amazonaws.com/photos/621333795/original.jpg,http://creativecommons.org/licenses/by-nc/4.0/,Roberto,924,2048
6188159724_0.jpg,Euphorbia tanquahuete,6188159724,https://inaturalist-open-data.s3.amazonaws.com/photos/630994093/original.jpg,http://creativecommons.org/licenses/by-nc/4.0/,isabel_soria,1153,2048
6178549709_0.jpg,Euphorbia tanquahuete,6178549709,https://inaturalist-open-data.s3.amazonaws.com/photos/621620259/original.jpg,http://creativecommons.org/licenses/by-nc/4.0/,Roberto,924,2048
6234170599_0.jpg,Euphorbia tanquahuete,6234170599,https://inaturalist-open-data.s3.amazonaws.com/photos/641199407/original.jpg,http://creativecommons.org/licenses/by-nc/4.0/,Maximiliano Campos,2048,1155
6234170599_1.jpg,Euphorbia tanquahuete,6234170599,https://inaturalist-open-data.s3.amazonaws.com/photos/641199454/original.jpg,http://creativecommons.org/licenses/by-nc/4.0/,Maximiliano Campos,2048,1155
6184960007_0.jpg,Euphorbia tanquahuete,6184960007,https://inaturalist-open-data.s3.amazonaws.com/photos/627244904/original.jpg,http://creativecommons.org/licenses/by-nc/4.0/,José Arturo Morales Tirado,1536,2048
6234170599_2.jpg,Euphorbia tanquahuete,6234170599,https://inaturalist-open-data.s3.amazonaws.com/photos/641199479/original.jpg,http://creativecommons.org/licenses/by-nc/4.0/,Maximiliano Campos,2048,1155
6235000856_1.jpg,Euphorbia tanquahuete,6235000856,https://inaturalist-open-data.s3.amazonaws.com/photos/642217438/original.jpg,http://creativecommons.org/licenses/by/4.0/,Erick Vélez Sánchez,1536,2048
6235000856_0.jpg,Euphorbia tanquahuete,6235000856,https://inaturalist-open-data.s3.amazonaws.com/photos/642217403/original.jpg,http://creativecommons.org/licenses/by/4.0/,Erick Vélez Sánchez,2048,1536
6235000856_2.jpg,Euphorbia tanquahuete,6235000856,https://inaturalist-open-data.s3.amazonaws.com/photos/642217481/original.jpg,http://creativecommons.org/licenses/by/4.0/,Erick Vélez Sánchez,1536,2048
6235792464_0.jpg,Euphorbia tanquahuete,6235792464,https://inaturalist-open-data.s3.amazonaws.com/photos/642217903/original.jpg,http://creativecommons.org/licenses/by/4.0/,Erick Vélez Sánchez,1536,2048
6235792464_1.jpg,Euphorbia tanquahuete,6235792464,https://inaturalist-open-data.s3.amazonaws.com/photos/642217934/original.jpg,http://creativecommons.org/licenses/by/4.0/,Erick Vélez Sánchez,1536,2048
6235792464_2.jpg,Euphorbia tanquahuete,6235792464,https://inaturalist-open-data.s3.amazonaws.com/photos/642217960/original.jpg,http://creativecommons.org/licenses/by/4.0/,Erick Vélez Sánchez,1536,2048
6235792464_5.jpg,Euphorbia tanquahuete,6235792464,https://inaturalist-open-data.s3.amazonaws.com/photos/642218674/original.jpg,http://creativecommons.org/licenses/by/4.0/,Erick Vélez Sánchez,1536,2048
6235792464_4.jpg,Euphorbia tanquahuete,6235792464,https://inaturalist-open-data.s3.amazonaws.com/photos/642218008/original.jpg,http://creativecommons.org/licenses/by/4.0/,Erick Vélez Sánchez,1536,2048
6236054465_1.jpg,Euphorbia tanquahuete,6236054465,https://inaturalist-open-data.s3.amazonaws.com/photos/642217837/original.jpg,http://creativecommons.org/licenses/by/4.0/,Erick Vélez Sánchez,1536,2048
6236054465_2.jpg,Euphorbia tanquahuete,6236054465,https://inaturalist-open-data.s3.amazonaws.com/photos/642217855/original.jpg,http://creativecommons.org/licenses/by/4.0/,Erick Vélez Sánchez,1536,2048
6236054465_3.jpg,Euphorbia tanquahuete,6236054465,https://inaturalist-open-data.s3.amazonaws.com/photos/642217875/original.jpg,http://creativecommons.org/licenses/by/4.0/,Erick Vélez Sánchez,1536,2048
6235792464_3.jpg,Euphorbia tanquahuete,6235792464,https://inaturalist-open-data.s3.amazonaws.com/photos/642217989/original.jpg,http://creativecommons.org/licenses/by/4.0/,Erick Vélez Sánchez,1536,2048
6236054465_0.jpg,Euphorbia tanquahuete,6236054465,https://inaturalist-open-data.s3.amazonaws.com/photos/642217778/original.jpg,http://creativecommons.org/licenses/by/4.0/,Erick Vélez Sánchez,1536,2048
6253185403_0.jpg,Euphorbia tanquahuete,6253185403,https://inaturalist-open-data.s3.amazonaws.com/photos/652132357/original.jpg,http://creativecommons.org/licenses/by-sa/4.0/,Oscar Alejandro Morales Juárez,1024,768
6321120474_1.jpg,Euphorbia tanquahuete,6321120474,https://inaturalist-open-data.s3.amazonaws.com/photos/650386768/original.jpg,http://creativecommons.org/licenses/by-nc/4.0/,José Juan Nolasco González,1152,2048
6333896064_1.jpg,Euphorbia tanquahuete,6333896064,https://inaturalist-open-data.s3.amazonaws.com/photos/666122815/original.jpg,http://creativecommons.org/licenses/by-nc/4.0/,andreamagana,1536,2048
6333896064_2.jpg,Euphorbia tanquahuete,6333896064,https://inaturalist-open-data.s3.amazonaws.com/photos/666122847/original.jpg,http://creativecommons.org/licenses/by-nc/4.0/,andreamagana,1536,2048
6253010167_0.jpg,Euphorbia tanquahuete,6253010167,https://inaturalist-open-data.s3.amazonaws.com/photos/652133159/original.jpg,http://creativecommons.org/licenses/by-sa/4.0/,Oscar Alejandro Morales Juárez,2048,1536
6320943431_0.jpg,Euphorbia tanquahuete,6320943431,https://inaturalist-open-data.s3.amazonaws.com/photos/659929296/original.jpg,http://creativecommons.org/licenses/by-nc/4.0/,Ignacio Torres-García,2048,1536
6320943431_1.jpg,Euphorbia tanquahuete,6320943431,https://inaturalist-open-data.s3.amazonaws.com/photos/659929309/original.jpg,http://creativecommons.org/licenses/by-nc/4.0/,Ignacio Torres-García,2048,1536
6320943431_2.jpg,Euphorbia tanquahuete,6320943431,https://inaturalist-open-data.s3.amazonaws.com/photos/659929323/original.jpg,http://creativecommons.org/licenses/by-nc/4.0/,Ignacio Torres-García,2048,1536
6321120474_0.jpg,Euphorbia tanquahuete,6321120474,https://inaturalist-open-data.s3.amazonaws.com/photos/650386710/original.jpg,http://creativecommons.org/licenses/by-nc/4.0/,José Juan Nolasco González,1152,2048
6333896064_0.jpg,Euphorbia tanquahuete,6333896064,https://inaturalist-open-data.s3.amazonaws.com/photos/666122767/original.jpg,http://creativecommons.org/licenses/by-nc/4.0/,andreamagana,1536,2048
6333896064_4.jpg,Euphorbia tanquahuete,6333896064,https://inaturalist-open-data.s3.amazonaws.com/photos/666122935/original.jpg,http://creativecommons.org/licenses/by-nc/4.0/,andreamagana,1536,2048
6333896064_5.jpg,Euphorbia tanquahuete,6333896064,https://inaturalist-open-data.s3.amazonaws.com/photos/666122982/original.jpg,http://creativecommons.org/licenses/by-nc/4.0/,andreamagana,1536,2048
6334893954_3.jpg,Euphorbia tanquahuete,6334893954,https://inaturalist-open-data.s3.amazonaws.com/photos/663321900/original.jpg,http://creativecommons.org/licenses/by-nc/4.0/,vmcpoki123 ramon,1536,2048
6334893954_1.jpg,Euphorbia tanquahuete,6334893954,https://inaturalist-open-data.s3.amazonaws.com/photos/663321818/original.jpg,http://creativecommons.org/licenses/by-nc/4.0/,vmcpoki123 ramon,1536,2048
6334893954_0.jpg,Euphorbia tanquahuete,6334893954,https://inaturalist-open-data.s3.amazonaws.com/photos/663321773/original.jpg,http://creativecommons.org/licenses/by-nc/4.0/,vmcpoki123 ramon,1536,2048
6431691582_0.jpg,Euphorbia tanquahuete,6431691582,https://inaturalist-open-data.s3.amazonaws.com/photos/689304137/original.jpg,http://creativecommons.org/licenses/by-nc/4.0/,instituto_corazon_de_la_tierra,720,720
6423167946_1.jpg,Euphorbia tanquahuete,6423167946,https://inaturalist-open-data.s3.amazonaws.com/photos/685317952/original.jpg,http://creativecommons.org/licenses/by-nc/4.0/,Pablo Carrillo-Reyes,1536,2048
6334893954_4.jpg,Euphorbia tanquahuete,6334893954,https://inaturalist-open-data.s3.amazonaws.com/photos/663321942/original.jpg,http://creativecommons.org/licenses/by-nc/4.0/,vmcpoki123 ramon,1536,2048
6334893954_2.jpg,Euphorbia tanquahuete,6334893954,https://inaturalist-open-data.s3.amazonaws.com/photos/663321859/original.jpg,http://creativecommons.org/licenses/by-nc/4.0/,vmcpoki123 ramon,1536,2048
6431691582_1.jpg,Euphorbia tanquahuete,6431691582,https://inaturalist-open-data.s3.amazonaws.com/photos/689304299/original.jpg,http://creativecommons.org/licenses/by-nc/4.0/,instituto_corazon_de_la_tierra,2048,2048
6423167946_2.jpg,Euphorbia tanquahuete,6423167946,https://inaturalist-open-data.s3.amazonaws.com/photos/685317982/original.jpg,http://creativecommons.org/licenses/by-nc/4.0/,Pablo Carrillo-Reyes,1536,2048
6423167946_0.jpg,Euphorbia tanquahuete,6423167946,https://inaturalist-open-data.s3.amazonaws.com/photos/685317918/original.jpg,http://creativecommons.org/licenses/by-nc/4.0/,Pablo Carrillo-Reyes,1536,2048
6431691582_2.jpg,Euphorbia tanquahuete,6431691582,https://inaturalist-open-data.s3.amazonaws.com/photos/689304290/original.jpg,http://creativecommons.org/licenses/by-nc/4.0/,instituto_corazon_de_la_tierra,2048,2048
6431691582_4.jpg,Euphorbia tanquahuete,6431691582,https://inaturalist-open-data.s3.amazonaws.com/photos/689304368/original.jpg,http://creativecommons.org/licenses/by-nc/4.0/,instituto_corazon_de_la_tierra,2048,2048
6431691582_3.jpg,Euphorbia tanquahuete,6431691582,https://inaturalist-open-data.s3.amazonaws.com/photos/689304350/original.jpg,http://creativecommons.org/licenses/by-nc/4.0/,instituto_corazon_de_la_tierra,2048,2048
6333896064_3.jpg,Euphorbia tanquahuete,6333896064,https://inaturalist-open-data.s3.amazonaws.com/photos/666122890/original.jpg,http://creativecommons.org/licenses/by-nc/4.0/,andreamagana,1536,2048
5087114858_0.jpg,Euphorbia tanquahuete,5087114858,https://inaturalist-open-data.s3.amazonaws.com/photos/465388367/original.jpeg,http://creativecommons.org/licenses/by-nc/4.0/,Luis Rojas Abarca,585,1040
5140651965_2.jpg,Euphorbia tanquahuete,5140651965,https://inaturalist-open-data.s3.amazonaws.com/photos/494165948/original.jpeg,http://creativecommons.org/licenses/by-nc/4.0/,Luis Angel,2048,1536
5140651965_3.jpg,Euphorbia tanquahuete,5140651965,https://inaturalist-open-data.s3.amazonaws.com/photos/494165875/original.jpeg,http://creativecommons.org/licenses/by-nc/4.0/,Luis Angel,2048,1536
5140651965_0.jpg,Euphorbia tanquahuete,5140651965,https://inaturalist-open-data.s3.amazonaws.com/photos/494165141/original.jpeg,http://creativecommons.org/licenses/by-nc/4.0/,Luis Angel,2048,1536
5140651965_1.jpg,Euphorbia tanquahuete,5140651965,https://inaturalist-open-data.s3.amazonaws.com/photos/494165959/original.jpeg,http://creativecommons.org/licenses/by-nc/4.0/,Luis Angel,2048,1536
5069771178_0.jpg,Euphorbia tanquahuete,5069771178,https://inaturalist-open-data.s3.amazonaws.com/photos/465624106/original.jpeg,http://creativecommons.org/licenses/by-nc/4.0/,Ignacio Torres-García,2048,1536
5069766160_1.jpg,Euphorbia tanquahuete,5069766160,https://inaturalist-open-data.s3.amazonaws.com/photos/465624305/original.jpeg,http://creativecommons.org/licenses/by-nc/4.0/,Ignacio Torres-García,2048,1536
5140651965_4.jpg,Euphorbia tanquahuete,5140651965,https://inaturalist-open-data.s3.amazonaws.com/photos/494165232/original.jpeg,http://creativecommons.org/licenses/by-nc/4.0/,Luis Angel,2048,1536
5140654825_0.jpg,Euphorbia tanquahuete,5140654825,https://inaturalist-open-data.s3.amazonaws.com/photos/494243057/original.jpeg,http://creativecommons.org/licenses/by-nc/4.0/,Luis Angel,525,551
5069766160_0.jpg,Euphorbia tanquahuete,5069766160,https://inaturalist-open-data.s3.amazonaws.com/photos/465624289/original.jpeg,http://creativecommons.org/licenses/by-nc/4.0/,Ignacio Torres-García,2048,1536
5140651965_6.jpg,Euphorbia tanquahuete,5140651965,https://inaturalist-open-data.s3.amazonaws.com/photos/494165863/original.jpeg,http://creativecommons.org/licenses/by-nc/4.0/,Luis Angel,2048,1536
5069771178_1.jpg,Euphorbia tanquahuete,5069771178,https://inaturalist-open-data.s3.amazonaws.com/photos/465624122/original.jpeg,http://creativecommons.org/licenses/by-nc/4.0/,Ignacio Torres-García,1536,2048
5140651965_5.jpg,Euphorbia tanquahuete,5140651965,https://inaturalist-open-data.s3.amazonaws.com/photos/494166024/original.jpeg,http://creativecommons.org/licenses/by-nc/4.0/,Luis Angel,2048,1536
5153692645_0.jpg,Euphorbia tanquahuete,5153692645,https://inaturalist-open-data.s3.amazonaws.com/photos/494165784/original.jpeg,http://creativecommons.org/licenses/by-nc/4.0/,Luis Angel,2048,1536
5069864152_0.jpg,Euphorbia tanquahuete,5069864152,https://inaturalist-open-data.s3.amazonaws.com/photos/465623626/original.jpeg,http://creativecommons.org/licenses/by-nc/4.0/,Ignacio Torres-García,2048,1536
5897430212_0.jpg,Euphorbia tanquahuete,5897430212,https://inaturalist-open-data.s3.amazonaws.com/photos/492915026/original.jpg,http://creativecommons.org/licenses/by-sa/4.0/,Oscar Alejandro Morales Juárez,1536,2048
5897355880_0.jpg,Euphorbia tanquahuete,5897355880,https://inaturalist-open-data.s3.amazonaws.com/photos/522024839/original.jpg,http://creativecommons.org/licenses/by-nc/4.0/,Juan Carlos Rgz. Vega,1536,2048
5293047168_0.jpg,Euphorbia tanquahuete,5293047168,https://inaturalist-open-data.s3.amazonaws.com/photos/551850071/original.jpg,http://creativecommons.org/licenses/by-nc/4.0/,nachosaldaña,1536,2048
5199282714_0.jpg,Euphorbia tanquahuete,5199282714,https://inaturalist-open-data.s3.amazonaws.com/photos/522017351/original.jpg,http://creativecommons.org/licenses/by-nc/4.0/,Juan Carlos Rgz. Vega,1536,2048
5759567333_0.jpg,Euphorbia tanquahuete,5759567333,https://inaturalist-open-data.s3.amazonaws.com/photos/555779679/original.jpg,http://creativecommons.org/licenses/by-nc/4.0/,Víctor Isaac Soriano,1536,2048
5897278873_0.jpg,Euphorbia tanquahuete,5897278873,https://inaturalist-open-data.s3.amazonaws.com/photos/522023848/original.jpg,http://creativecommons.org/licenses/by-nc/4.0/,Juan Carlos Rgz. Vega,1536,2048
5897577314_0.jpg,Euphorbia tanquahuete,5897577314,https://inaturalist-open-data.s3.amazonaws.com/photos/492915337/original.jpg,http://creativecommons.org/licenses/by-sa/4.0/,Oscar Alejandro Morales Juárez,1536,2048
5897855416_0.jpg,Euphorbia tanquahuete,5897855416,https://inaturalist-open-data.s3.amazonaws.com/photos/522023412/original.jpg,http://creativecommons.org/licenses/by-nc/4.0/,Juan Carlos Rgz. Vega,1536,2048
5198927959_0.jpg,Euphorbia tanquahuete,5198927959,https://inaturalist-open-data.s3.amazonaws.com/photos/519843651/original.jpg,http://creativecommons.org/licenses/by/4.0/,Ricardo Betancourt Sánchez,2048,2048
5897477515_1.jpg,Euphorbia tanquahuete,5897477515,https://inaturalist-open-data.s3.amazonaws.com/photos/564884249/original.jpg,http://creativecommons.org/licenses/by-nc/4.0/,Andrés Arredondo,1531,2048
5897477515_2.jpg,Euphorbia tanquahuete,5897477515,https://inaturalist-open-data.s3.amazonaws.com/photos/564884265/original.jpg,http://creativecommons.org/licenses/by-nc/4.0/,Andrés Arredondo,1531,2048
5897477515_0.jpg,Euphorbia tanquahuete,5897477515,https://inaturalist-open-data.s3.amazonaws.com/photos/564884228/original.jpg,http://creativecommons.org/licenses/by-nc/4.0/,Andrés Arredondo,2048,1531
5897477515_5.jpg,Euphorbia tanquahuete,5897477515,https://inaturalist-open-data.s3.amazonaws.com/photos/564884322/original.jpg,http://creativecommons.org/licenses/by-nc/4.0/,Andrés Arredondo,1531,2048
5897477515_4.jpg,Euphorbia tanquahuete,5897477515,https://inaturalist-open-data.s3.amazonaws.com/photos/564884304/original.jpg,http://creativecommons.org/licenses/by-nc/4.0/,Andrés Arredondo,1531,2048
5897477515_3.jpg,Euphorbia tanquahuete,5897477515,https://inaturalist-open-data.s3.amazonaws.com/photos/564884281/original.jpg,http://creativecommons.org/licenses/by-nc/4.0/,Andrés Arredondo,2048,1531
5897477515_6.jpg,Euphorbia tanquahuete,5897477515,https://inaturalist-open-data.s3.amazonaws.com/photos/564884342/original.jpg,http://creativecommons.org/licenses/by-nc/4.0/,Andrés Arredondo,1531,2048
5897639389_1.jpg,Euphorbia tanquahuete,5897639389,https://inaturalist-open-data.s3.amazonaws.com/photos/571100986/original.jpg,http://creativecommons.org/licenses/by-nc/4.0/,Efraín Octavio Aguilar Pérez,2048,1365
5897639389_0.jpg,Euphorbia tanquahuete,5897639389,https://inaturalist-open-data.s3.amazonaws.com/photos/571100924/original.jpg,http://creativecommons.org/licenses/by-nc/4.0/,Efraín Octavio Aguilar Pérez,2048,1365
5897477515_7.jpg,Euphorbia tanquahuete,5897477515,https://inaturalist-open-data.s3.amazonaws.com/photos/564884354/original.jpg,http://creativecommons.org/licenses/by-nc/4.0/,Andrés Arredondo,1531,2048
5897683902_1.jpg,Euphorbia tanquahuete,5897683902,https://inaturalist-open-data.s3.amazonaws.com/photos/571099764/original.jpg,http://creativecommons.org/licenses/by-nc/4.0/,Efraín Octavio Aguilar Pérez,2048,1365
5897683902_4.jpg,Euphorbia tanquahuete,5897683902,https://inaturalist-open-data.s3.amazonaws.com/photos/571105176/original.jpg,http://creativecommons.org/licenses/by-nc/4.0/,Efraín Octavio Aguilar Pérez,2048,1365
5897683902_3.jpg,Euphorbia tanquahuete,5897683902,https://inaturalist-open-data.s3.amazonaws.com/photos/571105174/original.jpg,http://creativecommons.org/licenses/by-nc/4.0/,Efraín Octavio Aguilar Pérez,2048,1365
5897683902_2.jpg,Euphorbia tanquahuete,5897683902,https://inaturalist-open-data.s3.amazonaws.com/photos/571099907/original.jpg,http://creativecommons.org/licenses/by-nc/4.0/,Efraín Octavio Aguilar Pérez,2048,1365
5897683902_0.jpg,Euphorbia tanquahuete,5897683902,https://inaturalist-open-data.s3.amazonaws.com/photos/571099712/original.jpg,http://creativecommons.org/licenses/by-nc/4.0/,Efraín Octavio Aguilar Pérez,2048,1365
5897683902_5.jpg,Euphorbia tanquahuete,5897683902,https://inaturalist-open-data.s3.amazonaws.com/photos/571105181/original.jpg,http://creativecommons.org/licenses/by-nc/4.0/,Efraín Octavio Aguilar Pérez,2048,1365
5897683902_6.jpg,Euphorbia tanquahuete,5897683902,https://inaturalist-open-data.s3.amazonaws.com/photos/571105195/original.jpg,http://creativecommons.org/licenses/by-nc/4.0/,Efraín Octavio Aguilar Pérez,2048,1365
5897897901_0.jpg,Euphorbia tanquahuete,5897897901,https://inaturalist-open-data.s3.amazonaws.com/photos/564885300/original.jpg,http://creativecommons.org/licenses/by-nc/4.0/,Andrés Arredondo,1531,2048
5828481910_0.jpg,Euphorbia tanquahuete,5828481910,https://inaturalist-open-data.s3.amazonaws.com/photos/563470531/original.jpg,http://creativecommons.org/licenses/by-sa/4.0/,Oscar Alejandro Morales Juárez,2048,1723
5897897901_1.jpg,Euphorbia tanquahuete,5897897901,https://inaturalist-open-data.s3.amazonaws.com/photos/564885318/original.jpg,http://creativecommons.org/licenses/by-nc/4.0/,Andrés Arredondo,1531,2048
5844442346_1.jpg,Euphorbia tanquahuete,5844442346,https://inaturalist-open-data.s3.amazonaws.com/photos/577553247/original.jpg,http://creativecommons.org/licenses/by-nc-sa/4.0/,Mane Navarrete,1536,2048
5938529894_0.jpg,Euphorbia tanquahuete,5938529894,https://inaturalist-open-data.s3.amazonaws.com/photos/603851328/original.jpg,http://creativecommons.org/licenses/by-nc/4.0/,Rafael Gallegos Araiza,2048,1365
5844442346_0.jpg,Euphorbia tanquahuete,5844442346,https://inaturalist-open-data.s3.amazonaws.com/photos/577553184/original.jpg,http://creativecommons.org/licenses/by-nc-sa/4.0/,Mane Navarrete,1536,2048
5844442346_2.jpg,Euphorbia tanquahuete,5844442346,https://inaturalist-open-data.s3.amazonaws.com/photos/577553281/original.jpg,http://creativecommons.org/licenses/by-nc-sa/4.0/,Mane Navarrete,1536,2048
5897897901_2.jpg,Euphorbia tanquahuete,5897897901,https://inaturalist-open-data.s3.amazonaws.com/photos/564885335/original.jpg,http://creativecommons.org/licenses/by-nc/4.0/,Andrés Arredondo,1531,2048
5844442346_5.jpg,Euphorbia tanquahuete,5844442346,https://inaturalist-open-data.s3.amazonaws.com/photos/577553434/original.jpg,http://creativecommons.org/licenses/by-nc-sa/4.0/,Mane Navarrete,1536,2048
5938529894_1.jpg,Euphorbia tanquahuete,5938529894,https://inaturalist-open-data.s3.amazonaws.com/photos/603851552/original.jpg,http://creativecommons.org/licenses/by-nc/4.0/,Rafael Gallegos Araiza,2048,1365
5844442346_3.jpg,Euphorbia tanquahuete,5844442346,https://inaturalist-open-data.s3.amazonaws.com/photos/577553325/original.jpg,http://creativecommons.org/licenses/by-nc-sa/4.0/,Mane Navarrete,1536,2048
5897897901_3.jpg,Euphorbia tanquahuete,5897897901,https://inaturalist-open-data.s3.amazonaws.com/photos/564885361/original.jpg,http://creativecommons.org/licenses/by-nc/4.0/,Andrés Arredondo,1531,2048
4846823559_0.jpg,Euphorbia tanquahuete,4846823559,https://inaturalist-open-data.s3.amazonaws.com/photos/361430050/original.jpg,http://creativecommons.org/licenses/by-nc/4.0/,mariellea,1536,2048
5844442346_4.jpg,Euphorbia tanquahuete,5844442346,https://inaturalist-open-data.s3.amazonaws.com/photos/577553357/original.jpg,http://creativecommons.org/licenses/by-nc-sa/4.0/,Mane Navarrete,1536,2048
5938284579_0.jpg,Plumeria rubra,5938284579,https://inaturalist-open-data.s3.amazonaws.com/photos/605006431/original.jpg,http://creativecommons.org/licenses/by-nc/4.0/,Carlos Nava muñoz,1536,2048
6130276371_0.jpg,Plumeria rubra,6130276371,https://inaturalist-open-data.s3.amazonaws.com/photos/610718043/original.jpg,http://creativecommons.org/licenses/by-nc/4.0/,ronaldo_alves1,2048,2048
6129819284_0.jpg,Plumeria rubra,6129819284,https://inaturalist-open-data.s3.amazonaws.com/photos/605808253/original.jpg,http://creativecommons.org/publicdomain/zero/1.0/,Steven Smethurst,1542,2048
6130272891_0.jpg,Plumeria rubra,6130272891,https://inaturalist-open-data.s3.amazonaws.com/photos/610068822/original.jpg,http://creativecommons.org/licenses/by-nc/4.0/,"Jenn Yost, PhD",1536,2048
6130272891_1.jpg,Plumeria rubra,6130272891,https://inaturalist-open-data.s3.amazonaws.com/photos/610068810/original.jpg,http://creativecommons.org/licenses/by-nc/4.0/,"Jenn Yost, PhD",1536,2048
5938180353_0.jpg,Plumeria rubra,5938180353,https://inaturalist-open-data.s3.amazonaws.com/photos/604949024/original.jpg,http://creativecommons.org/licenses/by-nc/4.0/,mogans,2048,1536
6129815778_0.jpg,Plumeria rubra,6129815778,https://inaturalist-open-data.s3.amazonaws.com/photos/606982625/original.jpg,http://creativecommons.org/licenses/by-nc/4.0/,m,1536,2048
6129862073_0.jpg,Plumeria rubra,6129862073,https://inaturalist-open-data.s3.amazonaws.com/photos/609200946/original.jpg,http://creativecommons.org/licenses/by-nc/4.0/,cammac725,2048,1536
6129815778_1.jpg,Plumeria rubra,6129815778,https://inaturalist-open-data.s3.amazonaws.com/photos/606982649/original.jpg,http://creativecommons.org/licenses/by-nc/4.0/,m,1536,2048
6130284296_0.jpg,Plumeria rubra,6130284296,https://inaturalist-open-data.s3.amazonaws.com/photos/610431588/original.jpg,http://creativecommons.org/licenses/by-nc/4.0/,Tania Yañez Aguilar,1536,2048
6130284296_1.jpg,Plumeria rubra,6130284296,https://inaturalist-open-data.s3.amazonaws.com/photos/610431616/original.jpg,http://creativecommons.org/licenses/by-nc/4.0/,Tania Yañez Aguilar,1536,2048
6130284296_4.jpg,Plumeria rubra,6130284296,https://inaturalist-open-data.s3.amazonaws.com/photos/610431681/original.jpg,http://creativecommons.org/licenses/by-nc/4.0/,Tania Yañez Aguilar,1536,2048
6130284296_2.jpg,Plumeria rubra,6130284296,https://inaturalist-open-data.s3.amazonaws.com/photos/610431648/original.jpg,http://creativecommons.org/licenses/by-nc/4.0/,Tania Yañez Aguilar,1536,2048
6130284296_3.jpg,Plumeria rubra,6130284296,https://inaturalist-open-data.s3.amazonaws.com/photos/610431666/original.jpg,http://creativecommons.org/licenses/by-nc/4.0/,Tania Yañez Aguilar,1536,2048
6130800078_0.jpg,Plumeria rubra,6130800078,https://inaturalist-open-data.s3.amazonaws.com/photos/610339016/original.jpg,http://creativecommons.org/licenses/by-nc/4.0/,Marco Polo amarillas vargas,1638,2048
6130690727_1.jpg,Plumeria rubra,6130690727,https://inaturalist-open-data.s3.amazonaws.com/photos/609821996/original.jpg,http://creativecommons.org/licenses/by-nc/4.0/,Cami Pawlak,1536,2048
6130690727_0.jpg,Plumeria rubra,6130690727,https://inaturalist-open-data.s3.amazonaws.com/photos/609821973/original.jpg,http://creativecommons.org/licenses/by-nc/4.0/,Cami Pawlak,1536,2048
6131008135_0.jpg,Plumeria rubra,6131008135,https://inaturalist-open-data.s3.amazonaws.com/photos/608566936/original.jpg,http://creativecommons.org/licenses/by-nc/4.0/,Ulfi Faizah,2048,1536
6130690727_3.jpg,Plumeria rubra,6130690727,https://inaturalist-open-data.s3.amazonaws.com/photos/609822038/original.jpg,http://creativecommons.org/licenses/by-nc/4.0/,Cami Pawlak,1536,2048
6130690727_2.jpg,Plumeria rubra,6130690727,https://inaturalist-open-data.s3.amazonaws.com/photos/609822019/original.jpg,http://creativecommons.org/licenses/by-nc/4.0/,Cami Pawlak,1536,2048
6130534842_0.jpg,Plumeria rubra,6130534842,https://inaturalist-open-data.s3.amazonaws.com/photos/606014797/original.jpg,http://creativecommons.org/licenses/by-nc/4.0/,Dr. Justin Burdine,2048,1536
6130951600_0.jpg,Plumeria rubra,6130951600,https://inaturalist-open-data.s3.amazonaws.com/photos/605175592/original.jpg,http://creativecommons.org/licenses/by-nc/4.0/,Manu Fréchette,1152,2048
6131008135_1.jpg,Plumeria rubra,6131008135,https://inaturalist-open-data.s3.amazonaws.com/photos/608566956/original.jpg,http://creativecommons.org/licenses/by-nc/4.0/,Ulfi Faizah,2048,1536
6131308556_0.jpg,Plumeria rubra,6131308556,https://inaturalist-open-data.s3.amazonaws.com/photos/609278679/original.jpg,http://creativecommons.org/licenses/by-nc/4.0/,Rojas Ávila Areli Verónica,1536,2048
6131316871_0.jpg,Plumeria rubra,6131316871,https://inaturalist-open-data.s3.amazonaws.com/photos/606637105/original.jpg,http://creativecommons.org/licenses/by-nc/4.0/,Ana Carla Bastos,1536,2048
6130465061_0.jpg,Plumeria rubra,6130465061,https://inaturalist-open-data.s3.amazonaws.com/photos/605797521/original.jpg,http://creativecommons.org/licenses/by/4.0/,Ricardo Betancourt Sánchez,1536,2048
6130465061_1.jpg,Plumeria rubra,6130465061,https://inaturalist-open-data.s3.amazonaws.com/photos/605797523/original.jpg,http://creativecommons.org/licenses/by/4.0/,Ricardo Betancourt Sánchez,1536,2048
6131625836_0.jpg,Plumeria rubra,6131625836,https://inaturalist-open-data.s3.amazonaws.com/photos/609860509/original.jpg,http://creativecommons.org/licenses/by-nc/4.0/,Michael G. Simpson,1536,2048
6133048897_0.jpg,Plumeria rubra,6133048897,https://inaturalist-open-data.s3.amazonaws.com/photos/611420451/original.jpg,http://creativecommons.org/licenses/by/4.0/,nasua,2048,1536
6131470529_0.jpg,Plumeria rubra,6131470529,https://inaturalist-open-data.s3.amazonaws.com/photos/609322008/original.jpg,http://creativecommons.org/licenses/by-nc/4.0/,nlhughes,2048,1536
6133202474_0.jpg,Plumeria rubra,6133202474,https://inaturalist-open-data.s3.amazonaws.com/photos/610592480/original.jpg,http://creativecommons.org/licenses/by-nc/4.0/,Juan Carlos Mendez Parra,1536,2048
6133202474_1.jpg,Plumeria rubra,6133202474,https://inaturalist-open-data.s3.amazonaws.com/photos/610592537/original.jpg,http://creativecommons.org/licenses/by-nc/4.0/,Juan Carlos Mendez Parra,1536,2048
6133048897_2.jpg,Plumeria rubra,6133048897,https://inaturalist-open-data.s3.amazonaws.com/photos/611420463/original.jpg,http://creativecommons.org/licenses/by/4.0/,nasua,1536,2048
6131641048_0.jpg,Plumeria rubra,6131641048,https://inaturalist-open-data.s3.amazonaws.com/photos/605908636/original.jpg,http://creativecommons.org/licenses/by-nc/4.0/,Harley Slade,1536,2048
6133048897_1.jpg,Plumeria rubra,6133048897,https://inaturalist-open-data.s3.amazonaws.com/photos/611420460/original.jpg,http://creativecommons.org/licenses/by/4.0/,nasua,2048,1536
6133061977_0.jpg,Plumeria rubra,6133061977,https://inaturalist-open-data.s3.amazonaws.com/photos/609448832/original.jpg,http://creativecommons.org/licenses/by-nc/4.0/,Hrishikesh Kelkar,1536,2048
6131330924_0.jpg,Plumeria rubra,6131330924,https://inaturalist-open-data.s3.amazonaws.com/photos/610923718/original.jpg,http://creativecommons.org/licenses/by-nc/4.0/,aloysius56,1152,2048
6133230159_0.jpg,Plumeria rubra,6133230159,https://inaturalist-open-data.s3.amazonaws.com/photos/609190434/original.jpg,http://creativecommons.org/licenses/by-nc/4.0/,Hrishikesh Kelkar,1536,2048
6133544050_3.jpg,Plumeria rubra,6133544050,https://inaturalist-open-data.s3.amazonaws.com/photos/610815050/original.jpg,http://creativecommons.org/licenses/by-nc/4.0/,Scott F Smith,2048,1233
6133544050_4.jpg,Plumeria rubra,6133544050,https://inaturalist-open-data.s3.amazonaws.com/photos/610815057/original.jpg,http://creativecommons.org/licenses/by-nc/4.0/,Scott F Smith,2048,1119
6133544050_2.jpg,Plumeria rubra,6133544050,https://inaturalist-open-data.s3.amazonaws.com/photos/610815046/original.jpg,http://creativecommons.org/licenses/by-nc/4.0/,Scott F Smith,2048,1066
6133386365_1.jpg,Plumeria rubra,6133386365,https://inaturalist-open-data.s3.amazonaws.com/photos/607814859/original.jpg,http://creativecommons.org/licenses/by-nc/4.0/,JERICO OMAR GONZALEZ DE JESUS,960,1280
6133544050_0.jpg,Plumeria rubra,6133544050,https://inaturalist-open-data.s3.amazonaws.com/photos/610815027/original.jpg,http://creativecommons.org/licenses/by-nc/4.0/,Scott F Smith,2048,1799
6133386365_0.jpg,Plumeria rubra,6133386365,https://inaturalist-open-data.s3.amazonaws.com/photos/607814754/original.jpg,http://creativecommons.org/licenses/by-nc/4.0/,JERICO OMAR GONZALEZ DE JESUS,960,1280
6133544050_1.jpg,Plumeria rubra,6133544050,https://inaturalist-open-data.s3.amazonaws.com/photos/610815031/original.jpg,http://creativecommons.org/licenses/by-nc/4.0/,Scott F Smith,2048,1630
6133344311_0.jpg,Plumeria rubra,6133344311,https://inaturalist-open-data.s3.amazonaws.com/photos/612181402/original.jpg,http://creativecommons.org/licenses/by/4.0/,Pavel Smirnov,922,2048
6133395997_0.jpg,Plumeria rubra,6133395997,https://inaturalist-open-data.s3.amazonaws.com/photos/611878648/original.jpg,http://creativecommons.org/licenses/by-nc/4.0/,Omar Monzon Carmona,2048,1536
6133395997_1.jpg,Plumeria rubra,6133395997,https://inaturalist-open-data.s3.amazonaws.com/photos/611878637/original.jpg,http://creativecommons.org/licenses/by-nc/4.0/,Omar Monzon Carmona,2048,1536
6133544050_5.jpg,Plumeria rubra,6133544050,https://inaturalist-open-data.s3.amazonaws.com/photos/610815071/original.jpg,http://creativecommons.org/licenses/by-nc/4.0/,Scott F Smith,2048,1829
6159353249_0.jpg,Plumeria rubra,6159353249,https://inaturalist-open-data.s3.amazonaws.com/photos/615333611/original.jpg,http://creativecommons.org/licenses/by-nc/4.0/,quadra_deborah,2048,1536
6179143619_0.jpg,Plumeria rubra,6179143619,https://inaturalist-open-data.s3.amazonaws.com/photos/622676955/original.jpg,http://creativecommons.org/licenses/by-nc/4.0/,White jaguar,2048,1362
6179143619_2.jpg,Plumeria rubra,6179143619,https://inaturalist-open-data.s3.amazonaws.com/photos/622676973/original.jpg,http://creativecommons.org/licenses/by-nc/4.0/,White jaguar,1362,2048
6179143619_1.jpg,Plumeria rubra,6179143619,https://inaturalist-open-data.s3.amazonaws.com/photos/622676962/original.jpg,http://creativecommons.org/licenses/by-nc/4.0/,White jaguar,2048,1362
6170858401_0.jpg,Plumeria rubra,6170858401,https://inaturalist-open-data.s3.amazonaws.com/photos/618953411/original.jpg,http://creativecommons.org/licenses/by-nc/4.0/,Juliana Marques Porto,1152,2048
6159554791_0.jpg,Plumeria rubra,6159554791,https://inaturalist-open-data.s3.amazonaws.com/photos/614184452/original.jpg,http://creativecommons.org/licenses/by-nc/4.0/,Susan Lodge,1152,2048
6179317039_0.jpg,Plumeria rubra,6179317039,https://inaturalist-open-data.s3.amazonaws.com/photos/622676652/original.jpg,http://creativecommons.org/licenses/by-nc/4.0/,White jaguar,2048,1362
6179317039_1.jpg,Plumeria rubra,6179317039,https://inaturalist-open-data.s3.amazonaws.com/photos/622676660/original.jpg,http://creativecommons.org/licenses/by-nc/4.0/,White jaguar,1362,2048
6195636880_0.jpg,Plumeria rubra,6195636880,https://inaturalist-open-data.s3.amazonaws.com/photos/634417515/original.jpg,http://creativecommons.org/licenses/by-nc/4.0/,Efraín Octavio Aguilar Pérez,2048,1365
6195554066_0.jpg,Plumeria rubra,6195554066,https://inaturalist-open-data.s3.amazonaws.com/photos/634474265/original.jpg,http://creativecommons.org/licenses/by-nc/4.0/,Efraín Octavio Aguilar Pérez,2048,1365
6422133549_0.jpg,Plumeria rubra,6422133549,https://inaturalist-open-data.s3.amazonaws.com/photos/609772681/original.jpg,http://creativecommons.org/publicdomain/zero/1.0/,Hugo Saulino,1536,2048
6441341860_0.jpg,Plumeria rubra,6441341860,https://inaturalist-open-data.s3.amazonaws.com/photos/619618162/original.jpg,http://creativecommons.org/licenses/by-nc/4.0/,DanDan Lopez,1536,2048
6179146052_0.jpg,Plumeria rubra,6179146052,https://inaturalist-open-data.s3.amazonaws.com/photos/621910678/original.jpg,http://creativecommons.org/licenses/by-nc/4.0/,alyssaordas,1536,2048
6334499466_0.jpg,Plumeria rubra,6334499466,https://inaturalist-open-data.s3.amazonaws.com/photos/640606034/original.jpg,http://creativecommons.org/licenses/by-nc/4.0/,Christopher Eckert,1152,2048
6430898001_0.jpg,Plumeria rubra,6430898001,https://inaturalist-open-data.s3.amazonaws.com/photos/689666495/original.jpg,http://creativecommons.org/licenses/by-nc/4.0/,isaakinho03,1536,2048
6133309734_0.jpg,Plumeria rubra,6133309734,https://inaturalist-open-data.s3.amazonaws.com/photos/612718843/original.jpg,http://creativecommons.org/licenses/by-nc/4.0/,Diego G Puente Miranda,1536,2048
6480354692_2.jpg,Plumeria rubra,6480354692,https://inaturalist-open-data.s3.amazonaws.com/photos/608940145/original.jpg,http://creativecommons.org/licenses/by-nc/4.0/,rickgj21,1536,2048
6480354692_0.jpg,Plumeria rubra,6480354692,https://inaturalist-open-data.s3.amazonaws.com/photos/608940111/original.jpg,http://creativecommons.org/licenses/by-nc/4.0/,rickgj21,2048,1496
6480354692_1.jpg,Plumeria rubra,6480354692,https://inaturalist-open-data.s3.amazonaws.com/photos/608940126/original.jpg,http://creativecommons.org/licenses/by-nc/4.0/,rickgj21,2048,1421
6147581077_1.jpg,Plumeria rubra,6147581077,https://inaturalist-open-data.s3.amazonaws.com/photos/613087023/original.jpg,http://creativecommons.org/licenses/by-nc/4.0/,bicyclherbe,2048,1536
6479205014_0.jpg,Plumeria rubra,6479205014,https://inaturalist-open-data.s3.amazonaws.com/photos/710279261/original.jpg,http://creativecommons.org/licenses/by-nc/4.0/,Glorimar Bones,1536,2048
6480191839_0.jpg,Plumeria rubra,6480191839,https://inaturalist-open-data.s3.amazonaws.com/photos/609781970/original.jpg,http://creativecommons.org/publicdomain/zero/1.0/,Sinaloa Silvestre,1536,2048
6147224578_0.jpg,Plumeria rubra,6147224578,https://inaturalist-open-data.s3.amazonaws.com/photos/613034580/original.jpg,http://creativecommons.org/licenses/by-nc/4.0/,nirajagarwal,1152,2048
6480191839_1.jpg,Plumeria rubra,6480191839,https://inaturalist-open-data.s3.amazonaws.com/photos/609781988/original.jpg,http://creativecommons.org/publicdomain/zero/1.0/,Sinaloa Silvestre,1536,2048
6147581077_2.jpg,Plumeria rubra,6147581077,https://inaturalist-open-data.s3.amazonaws.com/photos/613087048/original.jpg,http://creativecommons.org/licenses/by-nc/4.0/,bicyclherbe,2048,1536
6147581077_3.jpg,Plumeria rubra,6147581077,https://inaturalist-open-data.s3.amazonaws.com/photos/613087077/original.jpg,http://creativecommons.org/licenses/by-nc/4.0/,bicyclherbe,2048,1536
6159142246_1.jpg,Plumeria rubra,6159142246,https://inaturalist-open-data.s3.amazonaws.com/photos/612972272/original.jpg,http://creativecommons.org/licenses/by-nc/4.0/,Nhering Daniel Ortiz Lobo,1440,1080
6159142246_0.jpg,Plumeria rubra,6159142246,https://inaturalist-open-data.s3.amazonaws.com/photos/612972253/original.jpg,http://creativecommons.org/licenses/by-nc/4.0/,Nhering Daniel Ortiz Lobo,1440,1080
6147581077_0.jpg,Plumeria rubra,6147581077,https://inaturalist-open-data.s3.amazonaws.com/photos/613086988/original.jpg,http://creativecommons.org/licenses/by-nc/4.0/,bicyclherbe,1536,2048
6159142246_2.jpg,Plumeria rubra,6159142246,https://inaturalist-open-data.s3.amazonaws.com/photos/612972294/original.jpg,http://creativecommons.org/licenses/by-nc/4.0/,Nhering Daniel Ortiz Lobo,1440,1080
6147708450_0.jpg,Plumeria rubra,6147708450,https://inaturalist-open-data.s3.amazonaws.com/photos/613921511/original.jpg,http://creativecommons.org/licenses/by-nc/4.0/,Angelo Guilherme,1536,2048
6159364447_0.jpg,Plumeria rubra,6159364447,https://inaturalist-open-data.s3.amazonaws.com/photos/616245779/original.jpg,http://creativecommons.org/licenses/by-nc/4.0/,Isai Olalde Estrada,2048,1365
6159314843_0.jpg,Plumeria rubra,6159314843,https://inaturalist-open-data.s3.amazonaws.com/photos/616049164/original.jpg,http://creativecommons.org/licenses/by-nc/4.0/,joeltrueblood73,1536,2048
6159364447_1.jpg,Plumeria rubra,6159364447,https://inaturalist-open-data.s3.amazonaws.com/photos/616245819/original.jpg,http://creativecommons.org/licenses/by-nc/4.0/,Isai Olalde Estrada,2048,1365
6159305351_0.jpg,Plumeria rubra,6159305351,https://inaturalist-open-data.s3.amazonaws.com/photos/616401367/original.jpg,http://creativecommons.org/licenses/by-nc/4.0/,PRAC VALLES,2048,1365
6159207863_0.jpg,Plumeria rubra,6159207863,https://inaturalist-open-data.s3.amazonaws.com/photos/615450480/original.jpg,http://creativecommons.org/licenses/by-nc/4.0/,Dylan J,1542,2048
6159150104_0.jpg,Plumeria rubra,6159150104,https://inaturalist-open-data.s3.amazonaws.com/photos/615600630/original.jpg,http://creativecommons.org/licenses/by-nc/4.0/,vamb97,1152,2048
6159293001_0.jpg,Plumeria rubra,6159293001,https://inaturalist-open-data.s3.amazonaws.com/photos/615139734/original.jpg,http://creativecommons.org/licenses/by-nc/4.0/,Eamon Corbett,1536,2048
6159229059_1.jpg,Plumeria rubra,6159229059,https://inaturalist-open-data.s3.amazonaws.com/photos/614641757/original.jpg,http://creativecommons.org/licenses/by/4.0/,MarvalPhotography19,1536,2048
6159229059_2.jpg,Plumeria rubra,6159229059,https://inaturalist-open-data.s3.amazonaws.com/photos/614641770/original.jpg,http://creativecommons.org/licenses/by/4.0/,MarvalPhotography19,1536,2048
6159229059_0.jpg,Plumeria rubra,6159229059,https://inaturalist-open-data.s3.amazonaws.com/photos/614641750/original.jpg,http://creativecommons.org/licenses/by/4.0/,MarvalPhotography19,2048,1536
6159392779_0.jpg,Plumeria rubra,6159392779,https://inaturalist-open-data.s3.amazonaws.com/photos/615346762/original.jpg,http://creativecommons.org/licenses/by-nc/4.0/,asaisa,1152,2048
6159398697_1.jpg,Plumeria rubra,6159398697,https://inaturalist-open-data.s3.amazonaws.com/photos/613807480/original.jpg,http://creativecommons.org/licenses/by-nc/4.0/,Seleni Oliva,1536,2048
6159398697_0.jpg,Plumeria rubra,6159398697,https://inaturalist-open-data.s3.amazonaws.com/photos/613807486/original.jpg,http://creativecommons.org/licenses/by-nc/4.0/,Seleni Oliva,1536,2048
6159398697_2.jpg,Plumeria rubra,6159398697,https://inaturalist-open-data.s3.amazonaws.com/photos/613807498/original.jpg,http://creativecommons.org/licenses/by-nc/4.0/,Seleni Oliva,1536,2048
6159398697_4.jpg,Plumeria rubra,6159398697,https://inaturalist-open-data.s3.amazonaws.com/photos/613807527/original.jpg,http://creativecommons.org/licenses/by-nc/4.0/,Seleni Oliva,1536,2048
6159396918_2.jpg,Plumeria rubra,6159396918,https://inaturalist-open-data.s3.amazonaws.com/photos/621274046/original.jpg,http://creativecommons.org/licenses/by/4.0/,Norma Piedra,2048,1365
6159398697_6.jpg,Plumeria rubra,6159398697,https://inaturalist-open-data.s3.amazonaws.com/photos/613807562/original.jpg,http://creativecommons.org/licenses/by-nc/4.0/,Seleni Oliva,1536,2048
6159396918_1.jpg,Plumeria rubra,6159396918,https://inaturalist-open-data.s3.amazonaws.com/photos/621274040/original.jpg,http://creativecommons.org/licenses/by/4.0/,Norma Piedra,2048,1365
6159398697_5.jpg,Plumeria rubra,6159398697,https://inaturalist-open-data.s3.amazonaws.com/photos/613807548/original.jpg,http://creativecommons.org/licenses/by-nc/4.0/,Seleni Oliva,1536,2048
6159398697_3.jpg,Plumeria rubra,6159398697,https://inaturalist-open-data.s3.amazonaws.com/photos/613807512/original.jpg,http://creativecommons.org/licenses/by-nc/4.0/,Seleni Oliva,1536,2048
6159396918_0.jpg,Plumeria rubra,6159396918,https://inaturalist-open-data.s3.amazonaws.com/photos/615877491/original.jpg,http://creativecommons.org/licenses/by/4.0/,Norma Piedra,1536,2048
6159407303_0.jpg,Plumeria rubra,6159407303,https://inaturalist-open-data.s3.amazonaws.com/photos/616338863/original.jpg,http://creativecommons.org/licenses/by-nc/4.0/,Diyan Syaqi,1200,1600
6159452499_3.jpg,Plumeria rubra,6159452499,https://inaturalist-open-data.s3.amazonaws.com/photos/615098646/original.jpg,http://creativecommons.org/licenses/by/4.0/,fmunoz,2048,1536
6159452499_1.jpg,Plumeria rubra,6159452499,https://inaturalist-open-data.s3.amazonaws.com/photos/615098616/original.jpg,http://creativecommons.org/licenses/by/4.0/,fmunoz,1542,2048
6159511318_0.jpg,Plumeria rubra,6159511318,https://inaturalist-open-data.s3.amazonaws.com/photos/615346751/original.jpg,http://creativecommons.org/licenses/by-nc/4.0/,asaisa,1152,2048
6159483507_0.jpg,Plumeria rubra,6159483507,https://inaturalist-open-data.s3.amazonaws.com/photos/616318264/original.jpg,http://creativecommons.org/licenses/by-nc/4.0/,nurul hidayah,1152,2048
6159452499_2.jpg,Plumeria rubra,6159452499,https://inaturalist-open-data.s3.amazonaws.com/photos/615098634/original.jpg,http://creativecommons.org/licenses/by/4.0/,fmunoz,1542,2048
6159539168_0.jpg,Plumeria rubra,6159539168,https://inaturalist-open-data.s3.amazonaws.com/photos/615754737/original.jpg,http://creativecommons.org/licenses/by-nc/4.0/,Asher Warkentin,1536,2048
6159452499_0.jpg,Plumeria rubra,6159452499,https://inaturalist-open-data.s3.amazonaws.com/photos/615098602/original.jpg,http://creativecommons.org/licenses/by/4.0/,fmunoz,1542,2048
6159423677_0.jpg,Plumeria rubra,6159423677,https://inaturalist-open-data.s3.amazonaws.com/photos/616007720/original.jpg,http://creativecommons.org/licenses/by-nc/4.0/,ai khona,1536,2048
6159539168_1.jpg,Plumeria rubra,6159539168,https://inaturalist-open-data.s3.amazonaws.com/photos/615754786/original.jpg,http://creativecommons.org/licenses/by-nc/4.0/,Asher Warkentin,1536,2048
6159423677_1.jpg,Plumeria rubra,6159423677,https://inaturalist-open-data.s3.amazonaws.com/photos/616007743/original.jpg,http://creativecommons.org/licenses/by-nc/4.0/,ai khona,2048,2048
6431693430_0.jpg,Tagetes lucida,6431693430,https://inaturalist-open-data.s3.amazonaws.com/photos/606296814/original.jpg,http://creativecommons.org/licenses/by-nc/4.0/,Jeff McIntyre,779,768
6251914993_0.jpg,Tagetes lucida,6251914993,https://inaturalist-open-data.s3.amazonaws.com/photos/648909272/original.jpg,http://creativecommons.org/licenses/by-nc/4.0/,luisfuentes,1024,768
6274162781_0.jpg,Tagetes lucida,6274162781,https://inaturalist-open-data.s3.amazonaws.com/photos/656368799/original.jpg,http://creativecommons.org/licenses/by-sa/4.0/,Oscar Alejandro Morales Juárez,1536,2048
6352328847_0.jpg,Tagetes lucida,6352328847,https://inaturalist-open-data.s3.amazonaws.com/photos/667835122/original.jpg,http://creativecommons.org/licenses/by-nc/4.0/,Juan David Hidalgo Sánchez,2048,1536
6185421756_0.jpg,Tagetes lucida,6185421756,https://inaturalist-open-data.s3.amazonaws.com/photos/630169852/original.jpg,http://creativecommons.org/licenses/by-nc/4.0/,Manuel Gutiérrez Alvarado,2048,1217
6236163026_0.jpg,Tagetes lucida,6236163026,https://inaturalist-open-data.s3.amazonaws.com/photos/645884683/original.jpg,http://creativecommons.org/licenses/by-nc/4.0/,Bodo Nuñez Oberg,2048,2048
6352328847_2.jpg,Tagetes lucida,6352328847,https://inaturalist-open-data.s3.amazonaws.com/photos/667835356/original.jpg,http://creativecommons.org/licenses/by-nc/4.0/,Juan David Hidalgo Sánchez,2048,1536
6353254830_0.jpg,Tagetes lucida,6353254830,https://inaturalist-open-data.s3.amazonaws.com/photos/664786095/original.jpg,http://creativecommons.org/licenses/by-nc/4.0/,Laura Carbonneau,1536,2048
6352328847_1.jpg,Tagetes lucida,6352328847,https://inaturalist-open-data.s3.amazonaws.com/photos/667835212/original.jpg,http://creativecommons.org/licenses/by-nc/4.0/,Juan David Hidalgo Sánchez,2048,1536
6352328847_3.jpg,Tagetes lucida,6352328847,https://inaturalist-open-data.s3.amazonaws.com/photos/667835500/original.jpg,http://creativecommons.org/licenses/by-nc/4.0/,Juan David Hidalgo Sánchez,2048,1536
6398740053_0.jpg,Tagetes lucida,6398740053,https://inaturalist-open-data.s3.amazonaws.com/photos/674043221/original.jpg,http://creativecommons.org/licenses/by-nc/4.0/,ltdlld85,1536,2048
6398758331_0.jpg,Tagetes lucida,6398758331,https://inaturalist-open-data.s3.amazonaws.com/photos/676115042/original.jpg,http://creativecommons.org/licenses/by-nc/4.0/,Oswaldo ZZ,1536,2048
6398758331_6.jpg,Tagetes lucida,6398758331,https://inaturalist-open-data.s3.amazonaws.com/photos/676115106/original.jpg,http://creativecommons.org/licenses/by-nc/4.0/,Oswaldo ZZ,1536,2048
6398758331_2.jpg,Tagetes lucida,6398758331,https://inaturalist-open-data.s3.amazonaws.com/photos/676115040/original.jpg,http://creativecommons.org/licenses/by-nc/4.0/,Oswaldo ZZ,2048,1536
6398758331_1.jpg,Tagetes lucida,6398758331,https://inaturalist-open-data.s3.amazonaws.com/photos/676115037/original.jpg,http://creativecommons.org/licenses/by-nc/4.0/,Oswaldo ZZ,2048,1536
6398758331_5.jpg,Tagetes lucida,6398758331,https://inaturalist-open-data.s3.amazonaws.com/photos/676115080/original.jpg,http://creativecommons.org/licenses/by-nc/4.0/,Oswaldo ZZ,1536,2048
6398758331_4.jpg,Tagetes lucida,6398758331,https://inaturalist-open-data.s3.amazonaws.com/photos/676115078/original.jpg,http://creativecommons.org/licenses/by-nc/4.0/,Oswaldo ZZ,1536,2048
6423124018_0.jpg,Tagetes lucida,6423124018,https://inaturalist-open-data.s3.amazonaws.com/photos/687492333/original.jpg,http://creativecommons.org/licenses/by-sa/4.0/,Oscar Alejandro Morales Juárez,2048,1536
6431819889_0.jpg,Tagetes lucida,6431819889,https://inaturalist-open-data.s3.amazonaws.com/photos/692768447/original.jpg,http://creativecommons.org/licenses/by-nc/4.0/,E. Tadeo Hernández Almanza,1536,2048
6398758331_3.jpg,Tagetes lucida,6398758331,https://inaturalist-open-data.s3.amazonaws.com/photos/676115081/original.jpg,http://creativecommons.org/licenses/by-nc/4.0/,Oswaldo ZZ,2048,1536
6400508676_0.jpg,Tagetes lucida,6400508676,https://inaturalist-open-data.s3.amazonaws.com/photos/672473342/original.jpg,http://creativecommons.org/licenses/by-nc/4.0/,Antonio Pérez Zárate,1536,2048
6431819889_2.jpg,Tagetes lucida,6431819889,https://inaturalist-open-data.s3.amazonaws.com/photos/692768771/original.jpg,http://creativecommons.org/licenses/by-nc/4.0/,E. Tadeo Hernández Almanza,1536,2048
6431819889_1.jpg,Tagetes lucida,6431819889,https://inaturalist-open-data.s3.amazonaws.com/photos/692768731/original.jpg,http://creativecommons.org/licenses/by-nc/4.0/,E. Tadeo Hernández Almanza,1536,2048
6452074491_3.jpg,Tagetes lucida,6452074491,https://inaturalist-open-data.s3.amazonaws.com/photos/695854166/original.jpg,http://creativecommons.org/licenses/by-nc/4.0/,Verónica T P,1542,2048
6451703933_0.jpg,Tagetes lucida,6451703933,https://inaturalist-open-data.s3.amazonaws.com/photos/696104065/original.jpg,http://creativecommons.org/licenses/by-nc/4.0/,Antonio Pérez Zárate,1536,2048
6452074491_1.jpg,Tagetes lucida,6452074491,https://inaturalist-open-data.s3.amazonaws.com/photos/695854060/original.jpg,http://creativecommons.org/licenses/by-nc/4.0/,Verónica T P,1542,2048
6452074491_2.jpg,Tagetes lucida,6452074491,https://inaturalist-open-data.s3.amazonaws.com/photos/695854100/original.jpg,http://creativecommons.org/licenses/by-nc/4.0/,Verónica T P,1542,2048
6452074491_0.jpg,Tagetes lucida,6452074491,https://inaturalist-open-data.s3.amazonaws.com/photos/695854002/original.jpg,http://creativecommons.org/licenses/by-nc/4.0/,Verónica T P,1542,2048
6441708782_0.jpg,Tagetes lucida,6441708782,https://inaturalist-open-data.s3.amazonaws.com/photos/693319233/original.jpg,http://creativecommons.org/licenses/by-nc/4.0/,Anuar López,2048,1638
6452362957_0.jpg,Tagetes lucida,6452362957,https://inaturalist-open-data.s3.amazonaws.com/photos/698165553/original.jpg,http://creativecommons.org/licenses/by-nc/4.0/,Emanuel Aguilar Velazco,1152,2048
6413009428_0.jpg,Dahlia coccinea,6413009428,https://inaturalist-open-data.s3.amazonaws.com/photos/641993444/original.jpg,http://creativecommons.org/licenses/by-nc/4.0/,Lindolfo Souto,1551,1109
6133382936_0.jpg,Dahlia coccinea,6133382936,https://inaturalist-open-data.s3.amazonaws.com/photos/611965801/original.jpg,http://creativecommons.org/licenses/by-nc-nd/4.0/,Jorge Ramos-Luna,1536,2048
6400512743_0.jpg,Dahlia coccinea,6400512743,https://inaturalist-open-data.s3.amazonaws.com/photos/643858915/original.jpg,http://creativecommons.org/licenses/by-nc/4.0/,David Ricardo Osorio Meléndez,1542,2048
6335007899_0.jpg,Dahlia coccinea,6335007899,https://inaturalist-open-data.s3.amazonaws.com/photos/664206767/original.jpg,http://creativecommons.org/licenses/by-nc/4.0/,tonjimenez,1560,2048
6398655819_0.jpg,Dahlia coccinea,6398655819,https://inaturalist-open-data.s3.amazonaws.com/photos/615582574/original.jpg,http://creativecommons.org/licenses/by-nc/4.0/,Luis,985,2048
6184963986_0.jpg,Dahlia coccinea,6184963986,https://inaturalist-open-data.s3.amazonaws.com/photos/626168760/original.jpg,http://creativecommons.org/licenses/by/4.0/,Brandon Corder,1536,2048
6413903035_0.jpg,Dahlia coccinea,6413903035,https://inaturalist-open-data.s3.amazonaws.com/photos/634641277/original.jpg,http://creativecommons.org/licenses/by-nc/4.0/,Robin,1536,2048
6133382936_1.jpg,Dahlia coccinea,6133382936,https://inaturalist-open-data.s3.amazonaws.com/photos/611965835/original.jpg,http://creativecommons.org/licenses/by-nc-nd/4.0/,Jorge Ramos-Luna,1536,2048
6398949539_0.jpg,Dahlia coccinea,6398949539,https://inaturalist-open-data.s3.amazonaws.com/photos/626336716/original.jpg,http://creativecommons.org/licenses/by/4.0/,Brandon Corder,1536,2048
6413077580_2.jpg,Dahlia coccinea,6413077580,https://inaturalist-open-data.s3.amazonaws.com/photos/678499644/original.jpg,http://creativecommons.org/licenses/by-nc/4.0/,liz_garciap,1536,2048
6413077580_1.jpg,Dahlia coccinea,6413077580,https://inaturalist-open-data.s3.amazonaws.com/photos/678499475/original.jpg,http://creativecommons.org/licenses/by-nc/4.0/,liz_garciap,1536,2048
6413077580_0.jpg,Dahlia coccinea,6413077580,https://inaturalist-open-data.s3.amazonaws.com/photos/678499412/original.jpg,http://creativecommons.org/licenses/by-nc/4.0/,liz_garciap,1536,2048
6400605199_0.jpg,Dahlia coccinea,6400605199,https://inaturalist-open-data.s3.amazonaws.com/photos/670450223/original.jpg,http://creativecommons.org/licenses/by-nc/4.0/,luisfuentes,2048,1536
6412959997_3.jpg,Dahlia coccinea,6412959997,https://inaturalist-open-data.s3.amazonaws.com/photos/680653472/original.jpg,http://creativecommons.org/licenses/by/4.0/,Erick Vélez Sánchez,1536,2048
6412959997_0.jpg,Dahlia coccinea,6412959997,https://inaturalist-open-data.s3.amazonaws.com/photos/680653308/original.jpg,http://creativecommons.org/licenses/by/4.0/,Erick Vélez Sánchez,1536,2048
6412959997_2.jpg,Dahlia coccinea,6412959997,https://inaturalist-open-data.s3.amazonaws.com/photos/680653413/original.jpg,http://creativecommons.org/licenses/by/4.0/,Erick Vélez Sánchez,1536,2048
6412959997_1.jpg,Dahlia coccinea,6412959997,https://inaturalist-open-data.s3.amazonaws.com/photos/680653369/original.jpg,http://creativecommons.org/licenses/by/4.0/,Erick Vélez Sánchez,1536,2048
6413077580_3.jpg,Dahlia coccinea,6413077580,https://inaturalist-open-data.s3.amazonaws.com/photos/678499736/original.jpg,http://creativecommons.org/licenses/by-nc/4.0/,liz_garciap,1536,2048
6400916511_0.jpg,Dahlia coccinea,6400916511,https://inaturalist-open-data.s3.amazonaws.com/photos/675420902/original.jpg,http://creativecommons.org/licenses/by-nc/4.0/,carhervid,1536,2048
6413077580_4.jpg,Dahlia coccinea,6413077580,https://inaturalist-open-data.s3.amazonaws.com/photos/678499797/original.jpg,http://creativecommons.org/licenses/by-nc/4.0/,liz_garciap,1536,2048
6412959997_4.jpg,Dahlia coccinea,6412959997,https://inaturalist-open-data.s3.amazonaws.com/photos/680653520/original.jpg,http://creativecommons.org/licenses/by/4.0/,Erick Vélez Sánchez,1536,2048
6413077580_5.jpg,Dahlia coccinea,6413077580,https://inaturalist-open-data.s3.amazonaws.com/photos/678499887/original.jpg,http://creativecommons.org/licenses/by-nc/4.0/,liz_garciap,1536,2048
6413822508_0.jpg,Dahlia coccinea,6413822508,https://inaturalist-open-data.s3.amazonaws.com/photos/680667026/original.jpg,http://creativecommons.org/licenses/by/4.0/,Erick Vélez Sánchez,1536,2048
6413717470_0.jpg,Dahlia coccinea,6413717470,https://inaturalist-open-data.s3.amazonaws.com/photos/680659709/original.jpg,http://creativecommons.org/licenses/by/4.0/,Erick Vélez Sánchez,1536,2048
6413822508_1.jpg,Dahlia coccinea,6413822508,https://inaturalist-open-data.s3.amazonaws.com/photos/680668102/original.jpg,http://creativecommons.org/licenses/by/4.0/,Erick Vélez Sánchez,1536,2048
6413899349_0.jpg,Dahlia coccinea,6413899349,https://inaturalist-open-data.s3.amazonaws.com/photos/678777523/original.jpg,http://creativecommons.org/licenses/by-nc/4.0/,OmarDS,1536,2048
6413822508_2.jpg,Dahlia coccinea,6413822508,https://inaturalist-open-data.s3.amazonaws.com/photos/680668149/original.jpg,http://creativecommons.org/licenses/by/4.0/,Erick Vélez Sánchez,1536,2048
6413899349_1.jpg,Dahlia coccinea,6413899349,https://inaturalist-open-data.s3.amazonaws.com/photos/678777555/original.jpg,http://creativecommons.org/licenses/by-nc/4.0/,OmarDS,1536,2048
6422311059_1.jpg,Dahlia coccinea,6422311059,https://inaturalist-open-data.s3.amazonaws.com/photos/687948298/original.jpg,http://creativecommons.org/licenses/by-nc/4.0/,liz_garciap,1536,2048
6413899349_3.jpg,Dahlia coccinea,6413899349,https://inaturalist-open-data.s3.amazonaws.com/photos/678777591/original.jpg,http://creativecommons.org/licenses/by-nc/4.0/,OmarDS,1536,2048
6422311059_2.jpg,Dahlia coccinea,6422311059,https://inaturalist-open-data.s3.amazonaws.com/photos/687948448/original.jpg,http://creativecommons.org/licenses/by-nc/4.0/,liz_garciap,1536,2048
6422311059_5.jpg,Dahlia coccinea,6422311059,https://inaturalist-open-data.s3.amazonaws.com/photos/687948989/original.jpg,http://creativecommons.org/licenses/by-nc/4.0/,liz_garciap,1536,2048
6422311059_3.jpg,Dahlia coccinea,6422311059,https://inaturalist-open-data.s3.amazonaws.com/photos/687948669/original.jpg,http://creativecommons.org/licenses/by-nc/4.0/,liz_garciap,1536,2048
6422311059_0.jpg,Dahlia coccinea,6422311059,https://inaturalist-open-data.s3.amazonaws.com/photos/687948172/original.jpg,http://creativecommons.org/licenses/by-nc/4.0/,liz_garciap,1536,2048
6413899349_2.jpg,Dahlia coccinea,6413899349,https://inaturalist-open-data.s3.amazonaws.com/photos/678777573/original.jpg,http://creativecommons.org/licenses/by-nc/4.0/,OmarDS,1536,2048
6422311059_4.jpg,Dahlia coccinea,6422311059,https://inaturalist-open-data.s3.amazonaws.com/photos/687948930/original.jpg,http://creativecommons.org/licenses/by-nc/4.0/,liz_garciap,1536,2048
6422311059_6.jpg,Dahlia coccinea,6422311059,https://inaturalist-open-data.s3.amazonaws.com/photos/687949081/original.jpg,http://creativecommons.org/licenses/by-nc/4.0/,liz_garciap,1536,2048
6130532855_0.jpg,Cosmos bipinnatus,6130532855,https://inaturalist-open-data.s3.amazonaws.com/photos/610787139/original.jpg,http://creativecommons.org/licenses/by-nc/4.0/,Maryse,1365,2048
6130532855_1.jpg,Cosmos bipinnatus,6130532855,https://inaturalist-open-data.s3.amazonaws.com/photos/610787153/original.jpg,http://creativecommons.org/licenses/by-nc/4.0/,Maryse,2048,1747
6130388201_0.jpg,Cosmos bipinnatus,6130388201,https://inaturalist-open-data.s3.amazonaws.com/photos/610220566/original.jpg,http://creativecommons.org/licenses/by-nc/4.0/,Omar Jiménez Hernández,2048,1536
6130242707_0.jpg,Cosmos bipinnatus,6130242707,https://inaturalist-open-data.s3.amazonaws.com/photos/606641266/original.jpg,http://creativecommons.org/licenses/by-nc/4.0/,Pao Herrera Rocha,1536,2048
6130484409_3.jpg,Cosmos bipinnatus,6130484409,https://inaturalist-open-data.s3.amazonaws.com/photos/608505840/original.jpg,http://creativecommons.org/licenses/by-nc/4.0/,Elsa Cabrera,1536,2048
6130484409_0.jpg,Cosmos bipinnatus,6130484409,https://inaturalist-open-data.s3.amazonaws.com/photos/608505805/original.jpg,http://creativecommons.org/licenses/by-nc/4.0/,Elsa Cabrera,1536,2048
6130484409_2.jpg,Cosmos bipinnatus,6130484409,https://inaturalist-open-data.s3.amazonaws.com/photos/608505833/original.jpg,http://creativecommons.org/licenses/by-nc/4.0/,Elsa Cabrera,1536,2048
6129900397_0.jpg,Cosmos bipinnatus,6129900397,https://inaturalist-open-data.s3.amazonaws.com/photos/605808069/original.jpg,http://creativecommons.org/licenses/by-nc/4.0/,anelschoombee,1152,2048
6130803078_0.jpg,Cosmos bipinnatus,6130803078,https://inaturalist-open-data.s3.amazonaws.com/photos/608707388/original.jpg,http://creativecommons.org/licenses/by-nc/4.0/,abel04,1536,2048
6130484409_1.jpg,Cosmos bipinnatus,6130484409,https://inaturalist-open-data.s3.amazonaws.com/photos/608505818/original.jpg,http://creativecommons.org/licenses/by-nc/4.0/,Elsa Cabrera,1536,2048
6130057478_0.jpg,Cosmos bipinnatus,6130057478,https://inaturalist-open-data.s3.amazonaws.com/photos/608251948/original.jpg,http://creativecommons.org/licenses/by-nc/4.0/,Hope Hespenheide,1536,2048
6130803078_3.jpg,Cosmos bipinnatus,6130803078,https://inaturalist-open-data.s3.amazonaws.com/photos/608707403/original.jpg,http://creativecommons.org/licenses/by-nc/4.0/,abel04,1536,2048
6130803078_2.jpg,Cosmos bipinnatus,6130803078,https://inaturalist-open-data.s3.amazonaws.com/photos/608707398/original.jpg,http://creativecommons.org/licenses/by-nc/4.0/,abel04,1536,2048
6130829707_0.jpg,Cosmos bipinnatus,6130829707,https://inaturalist-open-data.s3.amazonaws.com/photos/607760010/original.jpg,http://creativecommons.org/licenses/by-nc/4.0/,alexhanrahan1,1152,2048
6130803078_1.jpg,Cosmos bipinnatus,6130803078,https://inaturalist-open-data.s3.amazonaws.com/photos/608707406/original.jpg,http://creativecommons.org/licenses/by-nc/4.0/,abel04,1536,2048
6131382210_0.jpg,Cosmos bipinnatus,6131382210,https://inaturalist-open-data.s3.amazonaws.com/photos/607152625/original.jpg,http://creativecommons.org/licenses/by-nc/4.0/,vivi1874,2048,1152
6131433717_0.jpg,Cosmos bipinnatus,6131433717,https://inaturalist-open-data.s3.amazonaws.com/photos/607290957/original.jpg,http://creativecommons.org/licenses/by-nc/4.0/,CarinaCR,1600,1200
6131339680_0.jpg,Cosmos bipinnatus,6131339680,https://inaturalist-open-data.s3.amazonaws.com/photos/607152658/original.jpg,http://creativecommons.org/licenses/by-nc/4.0/,vivi1874,2048,1152
6131065874_0.jpg,Cosmos bipinnatus,6131065874,https://inaturalist-open-data.s3.amazonaws.com/photos/609629381/original.jpg,http://creativecommons.org/licenses/by-nc/4.0/,Vincent Egan,1536,2048
6130838576_0.jpg,Cosmos bipinnatus,6130838576,https://inaturalist-open-data.s3.amazonaws.com/photos/610244820/original.jpg,http://creativecommons.org/licenses/by-nc/4.0/,Omar Jiménez Hernández,1536,2048
6131103946_0.jpg,Cosmos bipinnatus,6131103946,https://inaturalist-open-data.s3.amazonaws.com/photos/607248494/original.jpg,http://creativecommons.org/licenses/by-nc/4.0/,Sizwe Ntshangase,1536,2048
6130963641_0.jpg,Cosmos bipinnatus,6130963641,https://inaturalist-open-data.s3.amazonaws.com/photos/607749315/original.jpg,http://creativecommons.org/licenses/by-nc/4.0/,altakameel,1536,2048
6131065874_1.jpg,Cosmos bipinnatus,6131065874,https://inaturalist-open-data.s3.amazonaws.com/photos/609629398/original.jpg,http://creativecommons.org/licenses/by-nc/4.0/,Vincent Egan,1536,2048
6131103946_2.jpg,Cosmos bipinnatus,6131103946,https://inaturalist-open-data.s3.amazonaws.com/photos/607250034/original.jpg,http://creativecommons.org/licenses/by-nc/4.0/,Sizwe Ntshangase,1536,2048
6131103946_1.jpg,Cosmos bipinnatus,6131103946,https://inaturalist-open-data.s3.amazonaws.com/photos/607249986/original.jpg,http://creativecommons.org/licenses/by-nc/4.0/,Sizwe Ntshangase,1536,2048
6131454557_0.jpg,Cosmos bipinnatus,6131454557,https://inaturalist-open-data.s3.amazonaws.com/photos/604789583/original.jpg,http://creativecommons.org/licenses/by-nc/4.0/,tonacayotl,1536,2048
6133094230_0.jpg,Cosmos bipinnatus,6133094230,https://inaturalist-open-data.s3.amazonaws.com/photos/612047708/original.jpg,http://creativecommons.org/licenses/by-nc/4.0/,Adid Jimenez,2048,1536
6133024559_2.jpg,Cosmos bipinnatus,6133024559,https://inaturalist-open-data.s3.amazonaws.com/photos/612082037/original.jpg,http://creativecommons.org/licenses/by-nc/4.0/,Karla Ladrón de Guevara Barcenas,1536,2048
6133195775_0.jpg,Cosmos bipinnatus,6133195775,https://inaturalist-open-data.s3.amazonaws.com/photos/612712800/original.jpg,http://creativecommons.org/licenses/by-nc/4.0/,Nick Helme,1366,2048
6133159353_0.jpg,Cosmos bipinnatus,6133159353,https://inaturalist-open-data.s3.amazonaws.com/photos/612251830/original.jpg,http://creativecommons.org/licenses/by-nc/4.0/,Rachel,2048,1152
6133024559_4.jpg,Cosmos bipinnatus,6133024559,https://inaturalist-open-data.s3.amazonaws.com/photos/612082067/original.jpg,http://creativecommons.org/licenses/by-nc/4.0/,Karla Ladrón de Guevara Barcenas,1536,2048
6133024559_3.jpg,Cosmos bipinnatus,6133024559,https://inaturalist-open-data.s3.amazonaws.com/photos/612082048/original.jpg,http://creativecommons.org/licenses/by-nc/4.0/,Karla Ladrón de Guevara Barcenas,1536,2048
6131552984_0.jpg,Cosmos bipinnatus,6131552984,https://inaturalist-open-data.s3.amazonaws.com/photos/609628724/original.jpg,http://creativecommons.org/licenses/by-nc/4.0/,Vincent Egan,1648,2048
6133024559_1.jpg,Cosmos bipinnatus,6133024559,https://inaturalist-open-data.s3.amazonaws.com/photos/612082025/original.jpg,http://creativecommons.org/licenses/by-nc/4.0/,Karla Ladrón de Guevara Barcenas,1536,2048
6133024559_0.jpg,Cosmos bipinnatus,6133024559,https://inaturalist-open-data.s3.amazonaws.com/photos/612082012/original.jpg,http://creativecommons.org/licenses/by-nc/4.0/,Karla Ladrón de Guevara Barcenas,1536,2048
6131552984_1.jpg,Cosmos bipinnatus,6131552984,https://inaturalist-open-data.s3.amazonaws.com/photos/609628746/original.jpg,http://creativecommons.org/licenses/by-nc/4.0/,Vincent Egan,1356,2048
6133219654_0.jpg,Cosmos bipinnatus,6133219654,https://inaturalist-open-data.s3.amazonaws.com/photos/612645044/original.jpg,http://creativecommons.org/licenses/by-nc/4.0/,arayelli,1153,2048
6133219654_1.jpg,Cosmos bipinnatus,6133219654,https://inaturalist-open-data.s3.amazonaws.com/photos/612645066/original.jpg,http://creativecommons.org/licenses/by-nc/4.0/,arayelli,1153,2048
6133315196_0.jpg,Cosmos bipinnatus,6133315196,https://inaturalist-open-data.s3.amazonaws.com/photos/607807013/original.jpg,http://creativecommons.org/licenses/by-nc/4.0/,javaro,2048,1365
6133219654_2.jpg,Cosmos bipinnatus,6133219654,https://inaturalist-open-data.s3.amazonaws.com/photos/612645143/original.jpg,http://creativecommons.org/licenses/by-nc/4.0/,arayelli,1090,2048
6133322324_0.jpg,Cosmos bipinnatus,6133322324,https://inaturalist-open-data.s3.amazonaws.com/photos/611485774/original.jpg,http://creativecommons.org/licenses/by-nc/4.0/,Susie Jensen,1638,2048
5938321012_0.jpg,Zinnia peruviana,5938321012,https://inaturalist-open-data.s3.amazonaws.com/photos/604628083/original.jpg,http://creativecommons.org/licenses/by-nc/4.0/,Franco Ochoa,945,2048
5938496617_0.jpg,Zinnia peruviana,5938496617,https://inaturalist-open-data.s3.amazonaws.com/photos/604725724/original.jpg,http://creativecommons.org/licenses/by-nc/4.0/,altagray,2048,1365
5938246996_0.jpg,Zinnia peruviana,5938246996,https://inaturalist-open-data.s3.amazonaws.com/photos/605164642/original.jpg,http://creativecommons.org/licenses/by-nc/4.0/,Sandra_S_,2048,1536
5938260446_0.jpg,Zinnia peruviana,5938260446,https://inaturalist-open-data.s3.amazonaws.com/photos/604488864/original.jpg,http://creativecommons.org/licenses/by-nc/4.0/,Bart Wursten,2048,1536
5938246996_1.jpg,Zinnia peruviana,5938246996,https://inaturalist-open-data.s3.amazonaws.com/photos/605164764/original.jpg,http://creativecommons.org/licenses/by-nc/4.0/,Sandra_S_,1536,2048
5938151295_0.jpg,Zinnia peruviana,5938151295,https://inaturalist-open-data.s3.amazonaws.com/photos/604958725/original.jpg,http://creativecommons.org/licenses/by-nc/4.0/,canisdingo,1536,2048
5938349054_0.jpg,Zinnia peruviana,5938349054,https://inaturalist-open-data.s3.amazonaws.com/photos/604729119/original.jpg,http://creativecommons.org/licenses/by-nc/4.0/,Salmaan Ahmad,2048,2048
5938114221_0.jpg,Zinnia peruviana,5938114221,https://inaturalist-open-data.s3.amazonaws.com/photos/604397982/original.jpg,http://creativecommons.org/licenses/by-nc/4.0/,travellingthabo,1536,2048
5938413690_0.jpg,Zinnia peruviana,5938413690,https://inaturalist-open-data.s3.amazonaws.com/photos/604401348/original.jpg,http://creativecommons.org/licenses/by-nc/4.0/,robburrett,1914,2048
6129926675_0.jpg,Zinnia peruviana,6129926675,https://inaturalist-open-data.s3.amazonaws.com/photos/609950681/original.jpg,http://creativecommons.org/licenses/by-nc/4.0/,Marc Cronje,1536,2048
6129908456_1.jpg,Zinnia peruviana,6129908456,https://inaturalist-open-data.s3.amazonaws.com/photos/607403991/original.jpg,http://creativecommons.org/licenses/by-nc/4.0/,laurenforster,960,1280
6130034228_2.jpg,Zinnia peruviana,6130034228,https://inaturalist-open-data.s3.amazonaws.com/photos/606028601/original.jpg,http://creativecommons.org/licenses/by-nc/4.0/,Christian,1536,2048
6129974047_0.jpg,Zinnia peruviana,6129974047,https://inaturalist-open-data.s3.amazonaws.com/photos/609898254/original.jpg,http://creativecommons.org/licenses/by-nc/4.0/,Terry Rheeder,1152,2048
6129908456_0.jpg,Zinnia peruviana,6129908456,https://inaturalist-open-data.s3.amazonaws.com/photos/607403996/original.jpg,http://creativecommons.org/licenses/by-nc/4.0/,laurenforster,960,1280
6130034228_1.jpg,Zinnia peruviana,6130034228,https://inaturalist-open-data.s3.amazonaws.com/photos/606028577/original.jpg,http://creativecommons.org/licenses/by-nc/4.0/,Christian,1536,2048
5938634897_0.jpg,Zinnia peruviana,5938634897,https://inaturalist-open-data.s3.amazonaws.com/photos/604696712/original.jpg,http://creativecommons.org/licenses/by-nc/4.0/,Bart Wursten,2048,1536
5938553750_0.jpg,Zinnia peruviana,5938553750,https://inaturalist-open-data.s3.amazonaws.com/photos/604544436/original.jpg,http://creativecommons.org/licenses/by-nc/4.0/,Bart Wursten,2048,1536
6130034228_0.jpg,Zinnia peruviana,6130034228,https://inaturalist-open-data.s3.amazonaws.com/photos/606028548/original.jpg,http://creativecommons.org/licenses/by-nc/4.0/,Christian,1536,2048
6130113520_1.jpg,Zinnia peruviana,6130113520,https://inaturalist-open-data.s3.amazonaws.com/photos/606836874/original.jpg,http://creativecommons.org/licenses/by/4.0/,Martin Hannan-Jones,1536,2048
6130113520_0.jpg,Zinnia peruviana,6130113520,https://inaturalist-open-data.s3.amazonaws.com/photos/606836855/original.jpg,http://creativecommons.org/licenses/by/4.0/,Martin Hannan-Jones,1536,2048
5938564725_0.jpg,Zinnia peruviana,5938564725,https://inaturalist-open-data.s3.amazonaws.com/photos/605593948/original.jpg,http://creativecommons.org/licenses/by-nc/4.0/,bstewart_australia,1152,2048
6130242711_0.jpg,Zinnia peruviana,6130242711,https://inaturalist-open-data.s3.amazonaws.com/photos/606637437/original.jpg,http://creativecommons.org/licenses/by-nc-sa/4.0/,Rob Palmer,900,1200
6130235488_0.jpg,Zinnia peruviana,6130235488,https://inaturalist-open-data.s3.amazonaws.com/photos/610302472/original.jpg,http://creativecommons.org/licenses/by-nc/4.0/,lachlan_harriman,1536,2048
6130235488_1.jpg,Zinnia peruviana,6130235488,https://inaturalist-open-data.s3.amazonaws.com/photos/610302477/original.jpg,http://creativecommons.org/licenses/by-nc/4.0/,lachlan_harriman,1536,2048
6130384530_0.jpg,Zinnia peruviana,6130384530,https://inaturalist-open-data.s3.amazonaws.com/photos/608640829/original.jpg,http://creativecommons.org/licenses/by-nc/4.0/,Terry Rheeder,1152,2048
6130304972_0.jpg,Zinnia peruviana,6130304972,https://inaturalist-open-data.s3.amazonaws.com/photos/607455690/original.jpg,http://creativecommons.org/licenses/by-nc/4.0/,kokoreva46452,2048,1536
6130143307_0.jpg,Zinnia peruviana,6130143307,https://inaturalist-open-data.s3.amazonaws.com/photos/605764302/original.jpg,http://creativecommons.org/licenses/by-nc/4.0/,secto1,1536,2048
6130235025_0.jpg,Zinnia peruviana,6130235025,https://inaturalist-open-data.s3.amazonaws.com/photos/610571291/original.jpg,http://creativecommons.org/licenses/by-nc/4.0/,naniki,1152,2048
6130517388_0.jpg,Zinnia peruviana,6130517388,https://inaturalist-open-data.s3.amazonaws.com/photos/607078756/original.jpg,http://creativecommons.org/licenses/by-nc/4.0/,beetle_weetle,1152,2048
6130271477_0.jpg,Zinnia peruviana,6130271477,https://inaturalist-open-data.s3.amazonaws.com/photos/606687530/original.jpg,http://creativecommons.org/licenses/by-nc/4.0/,Bart Wursten,1536,2048
6234550525_0.jpg,Montanoa tomentosa,6234550525,https://inaturalist-open-data.s3.amazonaws.com/photos/646807922/original.jpg,http://creativecommons.org/licenses/by-nc/4.0/,patriciaquintanilla,1536,2048
6234358122_0.jpg,Montanoa tomentosa,6234358122,https://inaturalist-open-data.s3.amazonaws.com/photos/646656160/original.jpg,http://creativecommons.org/licenses/by-nc/4.0/,patriciaquintanilla,1536,2048
6185218560_0.jpg,Montanoa tomentosa,6185218560,https://inaturalist-open-data.s3.amazonaws.com/photos/626714824/original.jpg,http://creativecommons.org/licenses/by/4.0/,Brandon Corder,1536,2048
6234544613_0.jpg,Montanoa tomentosa,6234544613,https://inaturalist-open-data.s3.amazonaws.com/photos/645767114/original.jpg,http://creativecommons.org/licenses/by-nc/4.0/,Amalia Estrada,1288,1719
6195571702_0.jpg,Montanoa tomentosa,6195571702,https://inaturalist-open-data.s3.amazonaws.com/photos/635853228/original.jpg,http://creativecommons.org/licenses/by/4.0/,Erick Vélez Sánchez,1536,2048
6195571702_3.jpg,Montanoa tomentosa,6195571702,https://inaturalist-open-data.s3.amazonaws.com/photos/635854183/original.jpg,http://creativecommons.org/licenses/by/4.0/,Erick Vélez Sánchez,1536,2048
6195571702_2.jpg,Montanoa tomentosa,6195571702,https://inaturalist-open-data.s3.amazonaws.com/photos/635854155/original.jpg,http://creativecommons.org/licenses/by/4.0/,Erick Vélez Sánchez,1536,2048
6195571702_1.jpg,Montanoa tomentosa,6195571702,https://inaturalist-open-data.s3.amazonaws.com/photos/635853383/original.jpg,http://creativecommons.org/licenses/by/4.0/,Erick Vélez Sánchez,1536,2048
6185434697_0.jpg,Montanoa tomentosa,6185434697,https://inaturalist-open-data.s3.amazonaws.com/photos/626174789/original.jpg,http://creativecommons.org/licenses/by/4.0/,Brandon Corder,1536,2048
6184929874_0.jpg,Montanoa tomentosa,6184929874,https://inaturalist-open-data.s3.amazonaws.com/photos/626173216/original.jpg,http://creativecommons.org/licenses/by/4.0/,Brandon Corder,1536,2048
6234622549_0.jpg,Montanoa tomentosa,6234622549,https://inaturalist-open-data.s3.amazonaws.com/photos/646810571/original.jpg,http://creativecommons.org/licenses/by-nc/4.0/,mornelasc,1152,2048
6234798024_0.jpg,Montanoa tomentosa,6234798024,https://inaturalist-open-data.s3.amazonaws.com/photos/647273179/original.jpg,http://creativecommons.org/licenses/by-nc/4.0/,Amalia Estrada,1227,2048
6235807303_0.jpg,Montanoa tomentosa,6235807303,https://inaturalist-open-data.s3.amazonaws.com/photos/644318744/original.jpg,http://creativecommons.org/licenses/by-nc/4.0/,Arturo,1536,2048
6235693273_0.jpg,Montanoa tomentosa,6235693273,https://inaturalist-open-data.s3.amazonaws.com/photos/644674431/original.jpg,http://creativecommons.org/licenses/by-nc/4.0/,Carlos Gonzalez Villalobos,2048,1365
6235209021_0.jpg,Montanoa tomentosa,6235209021,https://inaturalist-open-data.s3.amazonaws.com/photos/646074296/original.jpg,http://creativecommons.org/licenses/by-nc/4.0/,Amalia Estrada,1307,2048
6235779654_0.jpg,Montanoa tomentosa,6235779654,https://inaturalist-open-data.s3.amazonaws.com/photos/646870495/original.jpg,http://creativecommons.org/licenses/by-nc/4.0/,ana_canton,1536,2048
6251484102_1.jpg,Montanoa tomentosa,6251484102,https://inaturalist-open-data.s3.amazonaws.com/photos/650212798/original.jpg,http://creativecommons.org/licenses/by-nc/4.0/,José Rodolfo Cid Beziez,1360,2048
6236411707_0.jpg,Montanoa tomentosa,6236411707,https://inaturalist-open-data.s3.amazonaws.com/photos/644469171/original.jpg,http://creativecommons.org/licenses/by-nc/4.0/,Eduardo,1536,2048
6251629908_0.jpg,Montanoa tomentosa,6251629908,https://inaturalist-open-data.s3.amazonaws.com/photos/649369432/original.jpg,http://creativecommons.org/licenses/by-nc/4.0/,Eduardo,1536,2048
6236411707_1.jpg,Montanoa tomentosa,6236411707,https://inaturalist-open-data.s3.amazonaws.com/photos/644469346/original.jpg,http://creativecommons.org/licenses/by-nc/4.0/,Eduardo,1536,2048
6251484102_0.jpg,Montanoa tomentosa,6251484102,https://inaturalist-open-data.s3.amazonaws.com/photos/650213326/original.jpg,http://creativecommons.org/licenses/by-nc/4.0/,José Rodolfo Cid Beziez,1360,2048
6251629908_1.jpg,Montanoa tomentosa,6251629908,https://inaturalist-open-data.s3.amazonaws.com/photos/649369486/original.jpg,http://creativecommons.org/licenses/by-nc/4.0/,Eduardo,1536,2048
6251629908_2.jpg,Montanoa tomentosa,6251629908,https://inaturalist-open-data.s3.amazonaws.com/photos/649369524/original.jpg,http://creativecommons.org/licenses/by-nc/4.0/,Eduardo,1536,2048
6274287846_0.jpg,Montanoa tomentosa,6274287846,https://inaturalist-open-data.s3.amazonaws.com/photos/650858520/original.jpg,http://creativecommons.org/licenses/by-nc/4.0/,Anayeli GE,2048,1536
6251803542_0.jpg,Montanoa tomentosa,6251803542,https://inaturalist-open-data.s3.amazonaws.com/photos/651818134/original.jpg,http://creativecommons.org/licenses/by-nc/4.0/,Kelly Tolentino,2048,1365
6320532579_0.jpg,Montanoa tomentosa,6320532579,https://inaturalist-open-data.s3.amazonaws.com/photos/649524856/original.jpg,http://creativecommons.org/licenses/by-nc/4.0/,Estefani De Leon Siller,2048,1536
6320409939_0.jpg,Montanoa tomentosa,6320409939,https://inaturalist-open-data.s3.amazonaws.com/photos/649528667/original.jpg,http://creativecommons.org/licenses/by-nc/4.0/,Estefani De Leon Siller,1536,2048
6253331392_0.jpg,Montanoa tomentosa,6253331392,https://inaturalist-open-data.s3.amazonaws.com/photos/648106782/original.jpg,http://creativecommons.org/licenses/by-nc/4.0/,Carmen Guerrero,1152,2048
6252138465_0.jpg,Montanoa tomentosa,6252138465,https://inaturalist-open-data.s3.amazonaws.com/photos/649678127/original.jpg,http://creativecommons.org/licenses/by-nc/4.0/,CarinaCR,1536,2048
6252817790_0.jpg,Montanoa tomentosa,6252817790,https://inaturalist-open-data.s3.amazonaws.com/photos/651135841/original.jpg,http://creativecommons.org/licenses/by-nc/4.0/,Nao,1536,2048
6252817790_1.jpg,Montanoa tomentosa,6252817790,https://inaturalist-open-data.s3.amazonaws.com/photos/651135882/original.jpg,http://creativecommons.org/licenses/by-nc/4.0/,Nao,1536,2048
6252138465_2.jpg,Montanoa tomentosa,6252138465,https://inaturalist-open-data.s3.amazonaws.com/photos/649678241/original.jpg,http://creativecommons.org/licenses/by-nc/4.0/,CarinaCR,1536,2048
6252138465_1.jpg,Montanoa tomentosa,6252138465,https://inaturalist-open-data.s3.amazonaws.com/photos/649678183/original.jpg,http://creativecommons.org/licenses/by-nc/4.0/,CarinaCR,1536,2048
6320811742_0.jpg,Montanoa tomentosa,6320811742,https://inaturalist-open-data.s3.amazonaws.com/photos/645156651/original.jpg,http://creativecommons.org/licenses/by-nc/4.0/,Tute Mendoza,1152,2048
6334093965_1.jpg,Montanoa tomentosa,6334093965,https://inaturalist-open-data.s3.amazonaws.com/photos/665899915/original.jpg,http://creativecommons.org/licenses/by-nc/4.0/,Alondra Fragoso,1536,2048
6400234720_1.jpg,Montanoa tomentosa,6400234720,https://inaturalist-open-data.s3.amazonaws.com/photos/674085739/original.jpg,http://creativecommons.org/licenses/by-nc/4.0/,Efraín Octavio Aguilar Pérez,1536,2048
5062978061_0.jpg,Montanoa tomentosa,5062978061,https://inaturalist-open-data.s3.amazonaws.com/photos/463842545/original.jpg,http://creativecommons.org/licenses/by-nc/4.0/,Luis Humberto Vicente-Rivera,2048,1542
6334093965_0.jpg,Montanoa tomentosa,6334093965,https://inaturalist-open-data.s3.amazonaws.com/photos/665899846/original.jpg,http://creativecommons.org/licenses/by-nc/4.0/,Alondra Fragoso,1536,2048
6400234720_0.jpg,Montanoa tomentosa,6400234720,https://inaturalist-open-data.s3.amazonaws.com/photos/674085696/original.jpg,http://creativecommons.org/licenses/by-nc/4.0/,Efraín Octavio Aguilar Pérez,1536,2048
6413984320_0.jpg,Montanoa tomentosa,6413984320,https://inaturalist-open-data.s3.amazonaws.com/photos/683080982/original.jpg,http://creativecommons.org/licenses/by-nc/4.0/,Nao,1536,2048
6399913121_1.jpg,Montanoa tomentosa,6399913121,https://inaturalist-open-data.s3.amazonaws.com/photos/679339879/original.jpg,http://creativecommons.org/licenses/by-nc/4.0/,Nao,1536,2048
6399913121_0.jpg,Montanoa tomentosa,6399913121,https://inaturalist-open-data.s3.amazonaws.com/photos/679339841/original.jpg,http://creativecommons.org/licenses/by-nc/4.0/,Nao,1536,2048
6334093965_2.jpg,Montanoa tomentosa,6334093965,https://inaturalist-open-data.s3.amazonaws.com/photos/665900033/original.jpg,http://creativecommons.org/licenses/by-nc/4.0/,Alondra Fragoso,1536,2048
5062978061_1.jpg,Montanoa tomentosa,5062978061,https://inaturalist-open-data.s3.amazonaws.com/photos/463842525/original.jpg,http://creativecommons.org/licenses/by-nc/4.0/,Luis Humberto Vicente-Rivera,2048,1542
5062978061_2.jpg,Montanoa tomentosa,5062978061,https://inaturalist-open-data.s3.amazonaws.com/photos/463842552/original.jpg,http://creativecommons.org/licenses/by-nc/4.0/,Luis Humberto Vicente-Rivera,2048,1542
6413984320_1.jpg,Montanoa tomentosa,6413984320,https://inaturalist-open-data.s3.amazonaws.com/photos/683081040/original.jpg,http://creativecommons.org/licenses/by-nc/4.0/,Nao,1536,2048
5087290523_0.jpg,Montanoa tomentosa,5087290523,https://inaturalist-open-data.s3.amazonaws.com/photos/473226052/original.jpeg,http://creativecommons.org/licenses/by-nc/4.0/,Guillermo Pérez-Negrón,1152,2048
5087461533_2.jpg,Montanoa tomentosa,5087461533,https://inaturalist-open-data.s3.amazonaws.com/photos/474233299/original.jpeg,http://creativecommons.org/licenses/by-nc/4.0/,Sarahí Díaz-Mota,2048,1536
5087461533_0.jpg,Montanoa tomentosa,5087461533,https://inaturalist-open-data.s3.amazonaws.com/photos/474233247/original.jpeg,http://creativecommons.org/licenses/by-nc/4.0/,Sarahí Díaz-Mota,2048,1536
5087461533_4.jpg,Montanoa tomentosa,5087461533,https://inaturalist-open-data.s3.amazonaws.com/photos/474233340/original.jpeg,http://creativecommons.org/licenses/by-nc/4.0/,Sarahí Díaz-Mota,2048,1536
5104520263_0.jpg,Montanoa tomentosa,5104520263,https://inaturalist-open-data.s3.amazonaws.com/photos/478432398/original.jpg,http://creativecommons.org/licenses/by-nc/4.0/,Diego Cordero,2048,1238
5104520263_1.jpg,Montanoa tomentosa,5104520263,https://inaturalist-open-data.s3.amazonaws.com/photos/478432459/original.jpg,http://creativecommons.org/licenses/by-nc/4.0/,Diego Cordero,2048,1291
5087461533_3.jpg,Montanoa tomentosa,5087461533,https://inaturalist-open-data.s3.amazonaws.com/photos/474233319/original.jpeg,http://creativecommons.org/licenses/by-nc/4.0/,Sarahí Díaz-Mota,2048,1536
5087461533_1.jpg,Montanoa tomentosa,5087461533,https://inaturalist-open-data.s3.amazonaws.com/photos/474233273/original.jpeg,http://creativecommons.org/licenses/by-nc/4.0/,Sarahí Díaz-Mota,2048,1536
5104520263_2.jpg,Montanoa tomentosa,5104520263,https://inaturalist-open-data.s3.amazonaws.com/photos/478432473/original.jpg,http://creativecommons.org/licenses/by-nc/4.0/,Diego Cordero,2048,1359
5133810022_2.jpg,Montanoa tomentosa,5133810022,https://inaturalist-open-data.s3.amazonaws.com/photos/486467244/original.jpeg,http://creativecommons.org/licenses/by-nc/4.0/,Cristy,1536,2048
5134787508_2.jpg,Montanoa tomentosa,5134787508,https://inaturalist-open-data.s3.amazonaws.com/photos/489313355/original.jpeg,http://creativecommons.org/licenses/by-nc-nd/4.0/,María Magdalena García Juárez,1536,2048
5134787508_1.jpg,Montanoa tomentosa,5134787508,https://inaturalist-open-data.s3.amazonaws.com/photos/489313330/original.jpeg,http://creativecommons.org/licenses/by-nc-nd/4.0/,María Magdalena García Juárez,1536,2048
5133810022_1.jpg,Montanoa tomentosa,5133810022,https://inaturalist-open-data.s3.amazonaws.com/photos/486467223/original.jpeg,http://creativecommons.org/licenses/by-nc/4.0/,Cristy,1536,2048
5134787508_0.jpg,Montanoa tomentosa,5134787508,https://inaturalist-open-data.s3.amazonaws.com/photos/489313310/original.jpeg,http://creativecommons.org/licenses/by-nc-nd/4.0/,María Magdalena García Juárez,1536,2048
5134398686_2.jpg,Montanoa tomentosa,5134398686,https://inaturalist-open-data.s3.amazonaws.com/photos/483282413/original.jpeg,http://creativecommons.org/licenses/by-nc/4.0/,Nao,1536,2048
5134398686_0.jpg,Montanoa tomentosa,5134398686,https://inaturalist-open-data.s3.amazonaws.com/photos/483282287/original.jpeg,http://creativecommons.org/licenses/by-nc/4.0/,Nao,1536,2048
5133810022_0.jpg,Montanoa tomentosa,5133810022,https://inaturalist-open-data.s3.amazonaws.com/photos/486467188/original.jpeg,http://creativecommons.org/licenses/by-nc/4.0/,Cristy,1536,2048
5134398686_1.jpg,Montanoa tomentosa,5134398686,https://inaturalist-open-data.s3.amazonaws.com/photos/483282381/original.jpeg,http://creativecommons.org/licenses/by-nc/4.0/,Nao,1536,2048
5134398686_3.jpg,Montanoa tomentosa,5134398686,https://inaturalist-open-data.s3.amazonaws.com/photos/483282435/original.jpeg,http://creativecommons.org/licenses/by-nc/4.0/,Nao,1536,2048
5134787508_3.jpg,Montanoa tomentosa,5134787508,https://inaturalist-open-data.s3.amazonaws.com/photos/489313378/original.jpeg,http://creativecommons.org/licenses/by-nc-nd/4.0/,María Magdalena García Juárez,1536,2048
5140532320_0.jpg,Montanoa tomentosa,5140532320,https://inaturalist-open-data.s3.amazonaws.com/photos/493124035/original.jpeg,http://creativecommons.org/licenses/by-nc/4.0/,Esteban buendias,1536,2048
5140523569_0.jpg,Montanoa tomentosa,5140523569,https://inaturalist-open-data.s3.amazonaws.com/photos/493213156/original.jpg,http://creativecommons.org/licenses/by-nc/4.0/,Miguel Hernandez Alva,1536,2048
5140532320_1.jpg,Montanoa tomentosa,5140532320,https://inaturalist-open-data.s3.amazonaws.com/photos/493124159/original.jpeg,http://creativecommons.org/licenses/by-nc/4.0/,Esteban buendias,1536,2048
5140650783_1.jpg,Montanoa tomentosa,5140650783,https://inaturalist-open-data.s3.amazonaws.com/photos/493263280/original.jpeg,http://creativecommons.org/licenses/by-nc/4.0/,Heidy Romero,1152,2048
5140650783_0.jpg,Montanoa tomentosa,5140650783,https://inaturalist-open-data.s3.amazonaws.com/photos/493263203/original.jpeg,http://creativecommons.org/licenses/by-nc/4.0/,Heidy Romero,1152,2048
5140754318_0.jpg,Montanoa tomentosa,5140754318,https://inaturalist-open-data.s3.amazonaws.com/photos/494357118/original.jpeg,http://creativecommons.org/licenses/by-nc/4.0/,Heidy Romero,1152,2048
5140754318_2.jpg,Montanoa tomentosa,5140754318,https://inaturalist-open-data.s3.amazonaws.com/photos/494358139/original.jpeg,http://creativecommons.org/licenses/by-nc/4.0/,Heidy Romero,1152,2048
5140650783_2.jpg,Montanoa tomentosa,5140650783,https://inaturalist-open-data.s3.amazonaws.com/photos/493263352/original.jpeg,http://creativecommons.org/licenses/by-nc/4.0/,Heidy Romero,1152,2048
5140754318_1.jpg,Montanoa tomentosa,5140754318,https://inaturalist-open-data.s3.amazonaws.com/photos/494357227/original.jpeg,http://creativecommons.org/licenses/by-nc/4.0/,Heidy Romero,1152,2048
5140754318_3.jpg,Montanoa tomentosa,5140754318,https://inaturalist-open-data.s3.amazonaws.com/photos/494358236/original.jpeg,http://creativecommons.org/licenses/by-nc/4.0/,Heidy Romero,1152,2048
5141001463_0.jpg,Montanoa tomentosa,5141001463,https://inaturalist-open-data.s3.amazonaws.com/photos/495392155/original.jpeg,http://creativecommons.org/licenses/by-nc/4.0/,Rosario A. Cristóbal,1536,2048
5141001463_1.jpg,Montanoa tomentosa,5141001463,https://inaturalist-open-data.s3.amazonaws.com/photos/495392350/original.jpeg,http://creativecommons.org/licenses/by-nc/4.0/,Rosario A. Cristóbal,1536,2048
5141001463_2.jpg,Montanoa tomentosa,5141001463,https://inaturalist-open-data.s3.amazonaws.com/photos/495392532/original.jpeg,http://creativecommons.org/licenses/by-nc/4.0/,Rosario A. Cristóbal,1536,2048
5153179301_1.jpg,Montanoa tomentosa,5153179301,https://inaturalist-open-data.s3.amazonaws.com/photos/491966064/original.jpeg,http://creativecommons.org/licenses/by-nc/4.0/,Estefani De Leon Siller,2048,1536
5154421954_1.jpg,Montanoa tomentosa,5154421954,https://inaturalist-open-data.s3.amazonaws.com/photos/497733834/original.jpg,http://creativecommons.org/licenses/by-nc/4.0/,Efraín Octavio Aguilar Pérez,1536,2048
5153179301_0.jpg,Montanoa tomentosa,5153179301,https://inaturalist-open-data.s3.amazonaws.com/photos/491966066/original.jpeg,http://creativecommons.org/licenses/by-nc/4.0/,Estefani De Leon Siller,2048,1536
5153582183_0.jpg,Montanoa tomentosa,5153582183,https://inaturalist-open-data.s3.amazonaws.com/photos/498896764/original.jpeg,http://creativecommons.org/licenses/by-nc/4.0/,Erick Jesús Anaya-Gutiérrez,2048,2048
6413527478_0.jpg,Montanoa tomentosa,6413527478,https://inaturalist-open-data.s3.amazonaws.com/photos/496864787/original.jpeg,http://creativecommons.org/licenses/by-nc/4.0/,Nao,1536,2048
5230820021_0.jpg,Montanoa tomentosa,5230820021,https://inaturalist-open-data.s3.amazonaws.com/photos/533552314/original.jpg,http://creativecommons.org/licenses/by-nc-nd/4.0/,María Magdalena García Juárez,1536,2048
6413527478_1.jpg,Montanoa tomentosa,6413527478,https://inaturalist-open-data.s3.amazonaws.com/photos/496864867/original.jpeg,http://creativecommons.org/licenses/by-nc/4.0/,Nao,1536,2048
5153582183_1.jpg,Montanoa tomentosa,5153582183,https://inaturalist-open-data.s3.amazonaws.com/photos/498896807/original.jpeg,http://creativecommons.org/licenses/by-nc/4.0/,Erick Jesús Anaya-Gutiérrez,2048,2048
5154079808_0.jpg,Montanoa tomentosa,5154079808,https://inaturalist-open-data.s3.amazonaws.com/photos/497742195/original.jpg,http://creativecommons.org/licenses/by-nc/4.0/,Efraín Octavio Aguilar Pérez,1536,2048
5154421954_0.jpg,Montanoa tomentosa,5154421954,https://inaturalist-open-data.s3.amazonaws.com/photos/497733866/original.jpg,http://creativecommons.org/licenses/by-nc/4.0/,Efraín Octavio Aguilar Pérez,1536,2048
5230820021_1.jpg,Montanoa tomentosa,5230820021,https://inaturalist-open-data.s3.amazonaws.com/photos/533552349/original.jpg,http://creativecommons.org/licenses/by-nc-nd/4.0/,María Magdalena García Juárez,1536,2048
5230820021_2.jpg,Montanoa tomentosa,5230820021,https://inaturalist-open-data.s3.amazonaws.com/photos/533552387/original.jpg,http://creativecommons.org/licenses/by-nc-nd/4.0/,María Magdalena García Juárez,1536,2048
5760475571_0.jpg,Montanoa tomentosa,5760475571,https://inaturalist-open-data.s3.amazonaws.com/photos/557347549/original.jpg,http://creativecommons.org/licenses/by-nc/4.0/,Mariel,1152,2048
5760445868_0.jpg,Montanoa tomentosa,5760445868,https://inaturalist-open-data.s3.amazonaws.com/photos/555328675/original.jpg,http://creativecommons.org/licenses/by-nc/4.0/,Amalia Estrada,1560,2048
5230820021_3.jpg,Montanoa tomentosa,5230820021,https://inaturalist-open-data.s3.amazonaws.com/photos/533552425/original.jpg,http://creativecommons.org/licenses/by-nc-nd/4.0/,María Magdalena García Juárez,1536,2048
5230820021_4.jpg,Montanoa tomentosa,5230820021,https://inaturalist-open-data.s3.amazonaws.com/photos/533552466/original.jpg,http://creativecommons.org/licenses/by-nc-nd/4.0/,María Magdalena García Juárez,1536,2048
5760475571_1.jpg,Montanoa tomentosa,5760475571,https://inaturalist-open-data.s3.amazonaws.com/photos/557347585/original.jpg,http://creativecommons.org/licenses/by-nc/4.0/,Mariel,1152,2048
5828601757_0.jpg,Montanoa tomentosa,5828601757,https://inaturalist-open-data.s3.amazonaws.com/photos/564791724/original.jpg,http://creativecommons.org/licenses/by-nc/4.0/,Amalia Estrada,1782,2048
5837817620_0.jpg,Montanoa tomentosa,5837817620,https://inaturalist-open-data.s3.amazonaws.com/photos/574385032/original.jpg,http://creativecommons.org/licenses/by/4.0/,Jordi Martínez Martínez,1536,2048
5827667099_0.jpg,Montanoa tomentosa,5827667099,https://inaturalist-open-data.s3.amazonaws.com/photos/565602828/original.jpg,http://creativecommons.org/licenses/by-nc/4.0/,Nao,1536,2048
5837976082_2.jpg,Montanoa tomentosa,5837976082,https://inaturalist-open-data.s3.amazonaws.com/photos/571655445/original.jpg,http://creativecommons.org/licenses/by-nc/4.0/,Sarahí Díaz-Mota,1536,2048
5837976082_3.jpg,Montanoa tomentosa,5837976082,https://inaturalist-open-data.s3.amazonaws.com/photos/571655472/original.jpg,http://creativecommons.org/licenses/by-nc/4.0/,Sarahí Díaz-Mota,1536,2048
5827667099_1.jpg,Montanoa tomentosa,5827667099,https://inaturalist-open-data.s3.amazonaws.com/photos/565602849/original.jpg,http://creativecommons.org/licenses/by-nc/4.0/,Nao,1536,2048
5827667099_2.jpg,Montanoa tomentosa,5827667099,https://inaturalist-open-data.s3.amazonaws.com/photos/565602866/original.jpg,http://creativecommons.org/licenses/by-nc/4.0/,Nao,2048,1536
5837976082_0.jpg,Montanoa tomentosa,5837976082,https://inaturalist-open-data.s3.amazonaws.com/photos/571655382/original.jpg,http://creativecommons.org/licenses/by-nc/4.0/,Sarahí Díaz-Mota,1536,2048
5837976082_1.jpg,Montanoa tomentosa,5837976082,https://inaturalist-open-data.s3.amazonaws.com/photos/571655420/original.jpg,http://creativecommons.org/licenses/by-nc/4.0/,Sarahí Díaz-Mota,1536,2048
5837817620_1.jpg,Montanoa tomentosa,5837817620,https://inaturalist-open-data.s3.amazonaws.com/photos/574385066/original.jpg,http://creativecommons.org/licenses/by/4.0/,Jordi Martínez Martínez,1536,2048
5840017762_1.jpg,Montanoa tomentosa,5840017762,https://inaturalist-open-data.s3.amazonaws.com/photos/576221631/original.jpg,http://creativecommons.org/licenses/by-nc/4.0/,mvz-juangonzalezromero,1536,2048
5840017762_3.jpg,Montanoa tomentosa,5840017762,https://inaturalist-open-data.s3.amazonaws.com/photos/576221672/original.jpg,http://creativecommons.org/licenses/by-nc/4.0/,mvz-juangonzalezromero,1536,2048
5840017762_4.jpg,Montanoa tomentosa,5840017762,https://inaturalist-open-data.s3.amazonaws.com/photos/576221657/original.jpg,http://creativecommons.org/licenses/by-nc/4.0/,mvz-juangonzalezromero,1536,2048
5840017762_6.jpg,Montanoa tomentosa,5840017762,https://inaturalist-open-data.s3.amazonaws.com/photos/576221684/original.jpg,http://creativecommons.org/licenses/by-nc/4.0/,mvz-juangonzalezromero,1536,2048
5840017762_5.jpg,Montanoa tomentosa,5840017762,https://inaturalist-open-data.s3.amazonaws.com/photos/576221666/original.jpg,http://creativecommons.org/licenses/by-nc/4.0/,mvz-juangonzalezromero,1536,2048
5840017762_2.jpg,Montanoa tomentosa,5840017762,https://inaturalist-open-data.s3.amazonaws.com/photos/576221642/original.jpg,http://creativecommons.org/licenses/by-nc/4.0/,mvz-juangonzalezromero,1536,2048
5840017762_7.jpg,Montanoa tomentosa,5840017762,https://inaturalist-open-data.s3.amazonaws.com/photos/576221720/original.jpg,http://creativecommons.org/licenses/by-nc/4.0/,mvz-juangonzalezromero,1536,2048
5840017762_0.jpg,Montanoa tomentosa,5840017762,https://inaturalist-open-data.s3.amazonaws.com/photos/576221623/original.jpg,http://creativecommons.org/licenses/by-nc/4.0/,mvz-juangonzalezromero,1536,2048
5840017762_9.jpg,Montanoa tomentosa,5840017762,https://inaturalist-open-data.s3.amazonaws.com/photos/576221718/original.jpg,http://creativecommons.org/licenses/by-nc/4.0/,mvz-juangonzalezromero,1536,2048
5840017762_8.jpg,Montanoa tomentosa,5840017762,https://inaturalist-open-data.s3.amazonaws.com/photos/576221705/original.jpg,http://creativecommons.org/licenses/by-nc/4.0/,mvz-juangonzalezromero,1536,2048
5840017762_10.jpg,Montanoa tomentosa,5840017762,https://inaturalist-open-data.s3.amazonaws.com/photos/576220826/original.jpg,http://creativecommons.org/licenses/by-nc/4.0/,mvz-juangonzalezromero,1536,2048
5840017762_11.jpg,Montanoa tomentosa,5840017762,https://inaturalist-open-data.s3.amazonaws.com/photos/576220701/original.jpg,http://creativecommons.org/licenses/by-nc/4.0/,mvz-juangonzalezromero,1536,2048
5840017762_15.jpg,Montanoa tomentosa,5840017762,https://inaturalist-open-data.s3.amazonaws.com/photos/576220764/original.jpg,http://creativecommons.org/licenses/by-nc/4.0/,mvz-juangonzalezromero,1536,2048
5840017762_14.jpg,Montanoa tomentosa,5840017762,https://inaturalist-open-data.s3.amazonaws.com/photos/576220747/original.jpg,http://creativecommons.org/licenses/by-nc/4.0/,mvz-juangonzalezromero,1536,2048
5840017762_16.jpg,Montanoa tomentosa,5840017762,https://inaturalist-open-data.s3.amazonaws.com/photos/576220814/original.jpg,http://creativecommons.org/licenses/by-nc/4.0/,mvz-juangonzalezromero,1536,2048
5840017762_12.jpg,Montanoa tomentosa,5840017762,https://inaturalist-open-data.s3.amazonaws.com/photos/576220711/original.jpg,http://creativecommons.org/licenses/by-nc/4.0/,mvz-juangonzalezromero,1536,2048
5840017762_13.jpg,Montanoa tomentosa,5840017762,https://inaturalist-open-data.s3.amazonaws.com/photos/576220729/original.jpg,http://creativecommons.org/licenses/by-nc/4.0/,mvz-juangonzalezromero,1536,2048
5840017762_17.jpg,Montanoa tomentosa,5840017762,https://inaturalist-open-data.s3.amazonaws.com/photos/576221613/original.jpg,http://creativecommons.org/licenses/by-nc/4.0/,mvz-juangonzalezromero,1536,2048
5840017762_18.jpg,Montanoa tomentosa,5840017762,https://inaturalist-open-data.s3.amazonaws.com/photos/576221738/original.jpg,http://creativecommons.org/licenses/by-nc/4.0/,mvz-juangonzalezromero,1536,2048
5840017762_19.jpg,Montanoa tomentosa,5840017762,https://inaturalist-open-data.s3.amazonaws.com/photos/576221766/original.jpg,http://creativecommons.org/licenses/by-nc/4.0/,mvz-juangonzalezromero,1536,2048
5839803786_0.jpg,Montanoa tomentosa,5839803786,https://inaturalist-open-data.s3.amazonaws.com/photos/575733954/original.jpg,http://creativecommons.org/licenses/by-nc/4.0/,fotografo_sergio_erick_2024,946,2048
5839803786_1.jpg,Montanoa tomentosa,5839803786,https://inaturalist-open-data.s3.amazonaws.com/photos/575734020/original.jpg,http://creativecommons.org/licenses/by-nc/4.0/,fotografo_sergio_erick_2024,946,2048
5839803786_2.jpg,Montanoa tomentosa,5839803786,https://inaturalist-open-data.s3.amazonaws.com/photos/575734071/original.jpg,http://creativecommons.org/licenses/by-nc/4.0/,fotografo_sergio_erick_2024,946,2048
5839803786_3.jpg,Montanoa tomentosa,5839803786,https://inaturalist-open-data.s3.amazonaws.com/photos/575734113/original.jpg,http://creativecommons.org/licenses/by-nc/4.0/,fotografo_sergio_erick_2024,946,2048
5839806183_1.jpg,Montanoa tomentosa,5839806183,https://inaturalist-open-data.s3.amazonaws.com/photos/576637327/original.jpg,http://creativecommons.org/licenses/by-nc/4.0/,Mariel,1152,2048
5839806183_2.jpg,Montanoa tomentosa,5839806183,https://inaturalist-open-data.s3.amazonaws.com/photos/576637371/original.jpg,http://creativecommons.org/licenses/by-nc/4.0/,Mariel,1152,2048
5839806183_0.jpg,Montanoa tomentosa,5839806183,https://inaturalist-open-data.s3.amazonaws.com/photos/576637284/original.jpg,http://creativecommons.org/licenses/by-nc/4.0/,Mariel,1152,2048
5839806183_3.jpg,Montanoa tomentosa,5839806183,https://inaturalist-open-data.s3.amazonaws.com/photos/576637394/original.jpg,http://creativecommons.org/licenses/by-nc/4.0/,Mariel,1152,2048
5839826921_1.jpg,Montanoa tomentosa,5839826921,https://inaturalist-open-data.s3.amazonaws.com/photos/575927383/original.jpg,http://creativecommons.org/licenses/by-nc/4.0/,viri_ramirez,1536,2048
5839826921_0.jpg,Montanoa tomentosa,5839826921,https://inaturalist-open-data.s3.amazonaws.com/photos/575927348/original.jpg,http://creativecommons.org/licenses/by-nc/4.0/,viri_ramirez,1536,2048
5839899879_0.jpg,Montanoa tomentosa,5839899879,https://inaturalist-open-data.s3.amazonaws.com/photos/576503091/original.jpg,http://creativecommons.org/licenses/by-nc/4.0/,Jessica M. Rupit,900,1600
5839899879_1.jpg,Montanoa tomentosa,5839899879,https://inaturalist-open-data.s3.amazonaws.com/photos/576503159/original.jpg,http://creativecommons.org/licenses/by-nc/4.0/,Jessica M. Rupit,1152,2048
5840012583_0.jpg,Montanoa tomentosa,5840012583,https://inaturalist-open-data.s3.amazonaws.com/photos/576610535/original.jpg,http://creativecommons.org/licenses/by-nc/4.0/,Amalia Estrada,1039,2048
5840083237_1.jpg,Montanoa tomentosa,5840083237,https://inaturalist-open-data.s3.amazonaws.com/photos/577036327/original.jpg,http://creativecommons.org/licenses/by-nc/4.0/,damian005,900,1600
5840048416_0.jpg,Montanoa tomentosa,5840048416,https://inaturalist-open-data.s3.amazonaws.com/photos/577093149/original.jpg,http://creativecommons.org/licenses/by-nc/4.0/,Nao,1536,2048
5839961333_0.jpg,Montanoa tomentosa,5839961333,https://inaturalist-open-data.s3.amazonaws.com/photos/576642232/original.jpg,http://creativecommons.org/licenses/by-nc/4.0/,Amalia Estrada,1856,1879
5840083237_0.jpg,Montanoa tomentosa,5840083237,https://inaturalist-open-data.s3.amazonaws.com/photos/576000185/original.jpg,http://creativecommons.org/licenses/by-nc/4.0/,damian005,1152,2048
5839995109_1.jpg,Montanoa tomentosa,5839995109,https://inaturalist-open-data.s3.amazonaws.com/photos/575964929/original.jpg,http://creativecommons.org/licenses/by-nc/4.0/,Carlos Gonzalez Villalobos,1536,2048
5839995109_0.jpg,Montanoa tomentosa,5839995109,https://inaturalist-open-data.s3.amazonaws.com/photos/575964867/original.jpg,http://creativecommons.org/licenses/by-nc/4.0/,Carlos Gonzalez Villalobos,1536,2048
5840088150_0.jpg,Montanoa tomentosa,5840088150,https://inaturalist-open-data.s3.amazonaws.com/photos/576104957/original.jpg,http://creativecommons.org/licenses/by-nc/4.0/,Eduardo,1536,2048
5840048416_1.jpg,Montanoa tomentosa,5840048416,https://inaturalist-open-data.s3.amazonaws.com/photos/577093174/original.jpg,http://creativecommons.org/licenses/by-nc/4.0/,Nao,1536,2048
5840088150_1.jpg,Montanoa tomentosa,5840088150,https://inaturalist-open-data.s3.amazonaws.com/photos/576105063/original.jpg,http://creativecommons.org/licenses/by-nc/4.0/,Eduardo,1536,2048
5840089560_0.jpg,Montanoa tomentosa,5840089560,https://inaturalist-open-data.s3.amazonaws.com/photos/576596639/original.jpg,http://creativecommons.org/licenses/by-nc/4.0/,Amalia Estrada,1210,2048
5938285569_0.jpg,Baccharis salicifolia,5938285569,https://inaturalist-open-data.s3.amazonaws.com/photos/605312344/original.jpg,http://creativecommons.org/licenses/by-nc/4.0/,smfang,1536,2048
5938431642_0.jpg,Baccharis salicifolia,5938431642,https://inaturalist-open-data.s3.amazonaws.com/photos/604906387/original.jpg,http://creativecommons.org/licenses/by/4.0/,Cricket Raspet,1536,2048
5938464888_0.jpg,Baccharis salicifolia,5938464888,https://inaturalist-open-data.s3.amazonaws.com/photos/605324026/original.jpg,http://creativecommons.org/licenses/by-nc/4.0/,Ari,1536,2048
5938464888_2.jpg,Baccharis salicifolia,5938464888,https://inaturalist-open-data.s3.amazonaws.com/photos/605324065/original.jpg,http://creativecommons.org/licenses/by-nc/4.0/,Ari,1536,2048
5938464888_1.jpg,Baccharis salicifolia,5938464888,https://inaturalist-open-data.s3.amazonaws.com/photos/605324043/original.jpg,http://creativecommons.org/licenses/by-nc/4.0/,Ari,1536,2048
5938464888_3.jpg,Baccharis salicifolia,5938464888,https://inaturalist-open-data.s3.amazonaws.com/photos/605324223/original.jpg,http://creativecommons.org/licenses/by-nc/4.0/,Ari,1536,2048
5938133040_0.jpg,Baccharis salicifolia,5938133040,https://inaturalist-open-data.s3.amazonaws.com/photos/605552970/original.jpg,http://creativecommons.org/licenses/by-nc/4.0/,Jeff Steele,1536,2048
5938151060_0.jpg,Baccharis salicifolia,5938151060,https://inaturalist-open-data.s3.amazonaws.com/photos/604617776/original.jpg,http://creativecommons.org/licenses/by-nc/4.0/,HK nature boy,1536,2048
5938185524_0.jpg,Baccharis salicifolia,5938185524,https://inaturalist-open-data.s3.amazonaws.com/photos/604532510/original.jpg,http://creativecommons.org/licenses/by-nc/4.0/,C Rella,1152,2048
5938599962_0.jpg,Baccharis salicifolia,5938599962,https://inaturalist-open-data.s3.amazonaws.com/photos/605491729/original.jpg,http://creativecommons.org/licenses/by-nc/4.0/,r-ento,2048,1152
5938464888_4.jpg,Baccharis salicifolia,5938464888,https://inaturalist-open-data.s3.amazonaws.com/photos/605324240/original.jpg,http://creativecommons.org/licenses/by-nc/4.0/,Ari,1536,2048
5938599962_2.jpg,Baccharis salicifolia,5938599962,https://inaturalist-open-data.s3.amazonaws.com/photos/605491825/original.jpg,http://creativecommons.org/licenses/by-nc/4.0/,r-ento,2048,1152
5938157215_0.jpg,Baccharis salicifolia,5938157215,https://inaturalist-open-data.s3.amazonaws.com/photos/605553005/original.jpg,http://creativecommons.org/licenses/by-nc/4.0/,Jeff Steele,1536,2048
5938599962_1.jpg,Baccharis salicifolia,5938599962,https://inaturalist-open-data.s3.amazonaws.com/photos/605491772/original.jpg,http://creativecommons.org/licenses/by-nc/4.0/,r-ento,2048,1152
6129831444_1.jpg,Baccharis salicifolia,6129831444,https://inaturalist-open-data.s3.amazonaws.com/photos/605992103/original.jpg,http://creativecommons.org/licenses/by-nc/4.0/,SWoodward,1536,2048
6129831444_5.jpg,Baccharis salicifolia,6129831444,https://inaturalist-open-data.s3.amazonaws.com/photos/605992151/original.jpg,http://creativecommons.org/licenses/by-nc/4.0/,SWoodward,2048,1536
6129831444_0.jpg,Baccharis salicifolia,6129831444,https://inaturalist-open-data.s3.amazonaws.com/photos/605992086/original.jpg,http://creativecommons.org/licenses/by-nc/4.0/,SWoodward,1536,2048
6129831444_4.jpg,Baccharis salicifolia,6129831444,https://inaturalist-open-data.s3.amazonaws.com/photos/605992145/original.jpg,http://creativecommons.org/licenses/by-nc/4.0/,SWoodward,2048,1536
6129831444_3.jpg,Baccharis salicifolia,6129831444,https://inaturalist-open-data.s3.amazonaws.com/photos/605992133/original.jpg,http://creativecommons.org/licenses/by-nc/4.0/,SWoodward,2048,1536
6129831444_2.jpg,Baccharis salicifolia,6129831444,https://inaturalist-open-data.s3.amazonaws.com/photos/605992120/original.jpg,http://creativecommons.org/licenses/by-nc/4.0/,SWoodward,2048,1536
6129838642_0.jpg,Baccharis salicifolia,6129838642,https://inaturalist-open-data.s3.amazonaws.com/photos/610072631/original.jpg,http://creativecommons.org/licenses/by-nc/4.0/,Un Árbol Más,1542,2048
6129831444_6.jpg,Baccharis salicifolia,6129831444,https://inaturalist-open-data.s3.amazonaws.com/photos/605992162/original.jpg,http://creativecommons.org/licenses/by-nc/4.0/,SWoodward,1536,2048
5938600098_0.jpg,Baccharis salicifolia,5938600098,https://inaturalist-open-data.s3.amazonaws.com/photos/605746900/original.jpg,http://creativecommons.org/licenses/by-nc/4.0/,demello1,2048,2048
6129838642_1.jpg,Baccharis salicifolia,6129838642,https://inaturalist-open-data.s3.amazonaws.com/photos/610072652/original.jpg,http://creativecommons.org/licenses/by-nc/4.0/,Un Árbol Más,1542,2048
6129838642_2.jpg,Baccharis salicifolia,6129838642,https://inaturalist-open-data.s3.amazonaws.com/photos/610072670/original.jpg,http://creativecommons.org/licenses/by-nc/4.0/,Un Árbol Más,1542,2048
5938618629_0.jpg,Baccharis salicifolia,5938618629,https://inaturalist-open-data.s3.amazonaws.com/photos/605464805/original.jpg,http://creativecommons.org/licenses/by-nc/4.0/,Jeff Steele,1536,2048
6129849177_0.jpg,Baccharis salicifolia,6129849177,https://inaturalist-open-data.s3.amazonaws.com/photos/610336594/original.jpg,http://creativecommons.org/licenses/by-nc/4.0/,susanbar,1536,2048
6129849177_1.jpg,Baccharis salicifolia,6129849177,https://inaturalist-open-data.s3.amazonaws.com/photos/610336614/original.jpg,http://creativecommons.org/licenses/by-nc/4.0/,susanbar,1536,2048
6129883069_1.jpg,Baccharis salicifolia,6129883069,https://inaturalist-open-data.s3.amazonaws.com/photos/609972072/original.jpg,http://creativecommons.org/licenses/by/4.0/,L. Reid,1152,2048
6129883069_2.jpg,Baccharis salicifolia,6129883069,https://inaturalist-open-data.s3.amazonaws.com/photos/609972098/original.jpg,http://creativecommons.org/licenses/by/4.0/,L. Reid,2048,1152
6129883069_0.jpg,Baccharis salicifolia,6129883069,https://inaturalist-open-data.s3.amazonaws.com/photos/609972058/original.jpg,http://creativecommons.org/licenses/by/4.0/,L. Reid,1152,2048
6129902642_0.jpg,Baccharis salicifolia,6129902642,https://inaturalist-open-data.s3.amazonaws.com/photos/608735741/original.jpg,http://creativecommons.org/licenses/by-nc/4.0/,Amalia Estrada,1259,2048
6129900429_1.jpg,Baccharis salicifolia,6129900429,https://inaturalist-open-data.s3.amazonaws.com/photos/605953110/original.jpg,http://creativecommons.org/licenses/by-nc/4.0/,mueggli,2048,2048
6129900429_2.jpg,Baccharis salicifolia,6129900429,https://inaturalist-open-data.s3.amazonaws.com/photos/605953117/original.jpg,http://creativecommons.org/licenses/by-nc/4.0/,mueggli,2048,2048
6129900429_0.jpg,Baccharis salicifolia,6129900429,https://inaturalist-open-data.s3.amazonaws.com/photos/605953096/original.jpg,http://creativecommons.org/licenses/by-nc/4.0/,mueggli,2048,2048
5938110643_0.jpg,Dodonaea viscosa,5938110643,https://inaturalist-open-data.s3.amazonaws.com/photos/605629706/original.jpg,http://creativecommons.org/licenses/by-nc/4.0/,liushengyu,1536,2048
5938122667_0.jpg,Dodonaea viscosa,5938122667,https://inaturalist-open-data.s3.amazonaws.com/photos/604394914/original.jpg,http://creativecommons.org/licenses/by-nc/4.0/,Archer Lamason,1536,2048
5938162795_0.jpg,Dodonaea viscosa,5938162795,https://inaturalist-open-data.s3.amazonaws.com/photos/605632980/original.jpg,http://creativecommons.org/licenses/by-nc/4.0/,liushengyu,1536,2048
5938154756_0.jpg,Dodonaea viscosa,5938154756,https://inaturalist-open-data.s3.amazonaws.com/photos/605609410/original.jpg,http://creativecommons.org/licenses/by-sa/4.0/,Christopher Stephens,2048,1365
5938114377_0.jpg,Dodonaea viscosa,5938114377,https://inaturalist-open-data.s3.amazonaws.com/photos/604858196/original.jpg,http://creativecommons.org/licenses/by-nc/4.0/,posnerk,1542,2048
5938067694_0.jpg,Dodonaea viscosa,5938067694,https://inaturalist-open-data.s3.amazonaws.com/photos/605041113/original.jpg,http://creativecommons.org/licenses/by-nc/4.0/,Tondra Jo,1152,2048
5938082527_0.jpg,Dodonaea viscosa,5938082527,https://inaturalist-open-data.s3.amazonaws.com/photos/604273484/original.jpg,http://creativecommons.org/licenses/by-nc/4.0/,UreweraWhio,1152,2048
5938155532_0.jpg,Dodonaea viscosa,5938155532,https://inaturalist-open-data.s3.amazonaws.com/photos/605122521/original.jpg,http://creativecommons.org/licenses/by-nc/4.0/,ecojimmy,1152,2048
5938185061_6.jpg,Dodonaea viscosa,5938185061,https://inaturalist-open-data.s3.amazonaws.com/photos/605015383/original.jpg,http://creativecommons.org/licenses/by-nc/4.0/,debcolville,1536,2048
5938185061_4.jpg,Dodonaea viscosa,5938185061,https://inaturalist-open-data.s3.amazonaws.com/photos/605015354/original.jpg,http://creativecommons.org/licenses/by-nc/4.0/,debcolville,1536,2048
5938185061_3.jpg,Dodonaea viscosa,5938185061,https://inaturalist-open-data.s3.amazonaws.com/photos/605015329/original.jpg,http://creativecommons.org/licenses/by-nc/4.0/,debcolville,1536,2048
5938185061_9.jpg,Dodonaea viscosa,5938185061,https://inaturalist-open-data.s3.amazonaws.com/photos/605015456/original.jpg,http://creativecommons.org/licenses/by-nc/4.0/,debcolville,1536,2048
5938185061_5.jpg,Dodonaea viscosa,5938185061,https://inaturalist-open-data.s3.amazonaws.com/photos/605015369/original.jpg,http://creativecommons.org/licenses/by-nc/4.0/,debcolville,1536,2048
5938185061_7.jpg,Dodonaea viscosa,5938185061,https://inaturalist-open-data.s3.amazonaws.com/photos/605015410/original.jpg,http://creativecommons.org/licenses/by-nc/4.0/,debcolville,1536,2048
5938185061_8.jpg,Dodonaea viscosa,5938185061,https://inaturalist-open-data.s3.amazonaws.com/photos/605015434/original.jpg,http://creativecommons.org/licenses/by-nc/4.0/,debcolville,1536,2048
5938185061_0.jpg,Dodonaea viscosa,5938185061,https://inaturalist-open-data.s3.amazonaws.com/photos/605015235/original.jpg,http://creativecommons.org/licenses/by-nc/4.0/,debcolville,1536,2048
5938185061_2.jpg,Dodonaea viscosa,5938185061,https://inaturalist-open-data.s3.amazonaws.com/photos/605015312/original.jpg,http://creativecommons.org/licenses/by-nc/4.0/,debcolville,1536,2048
5938185061_1.jpg,Dodonaea viscosa,5938185061,https://inaturalist-open-data.s3.amazonaws.com/photos/605015277/original.jpg,http://creativecommons.org/licenses/by-nc/4.0/,debcolville,1536,2048
5938186397_0.jpg,Dodonaea viscosa,5938186397,https://inaturalist-open-data.s3.amazonaws.com/photos/604963387/original.jpg,http://creativecommons.org/licenses/by-nc/4.0/,davidsando,2048,1269
5938185061_10.jpg,Dodonaea viscosa,5938185061,https://inaturalist-open-data.s3.amazonaws.com/photos/605015484/original.jpg,http://creativecommons.org/licenses/by-nc/4.0/,debcolville,1536,2048
5938185061_11.jpg,Dodonaea viscosa,5938185061,https://inaturalist-open-data.s3.amazonaws.com/photos/605015503/original.jpg,http://creativecommons.org/licenses/by-nc/4.0/,debcolville,1536,2048
5938185061_12.jpg,Dodonaea viscosa,5938185061,https://inaturalist-open-data.s3.amazonaws.com/photos/605015522/original.jpg,http://creativecommons.org/licenses/by-nc/4.0/,debcolville,1536,2048
5938185061_13.jpg,Dodonaea viscosa,5938185061,https://inaturalist-open-data.s3.amazonaws.com/photos/605015548/original.jpg,http://creativecommons.org/licenses/by-nc/4.0/,debcolville,1536,2048
5938186397_1.jpg,Dodonaea viscosa,5938186397,https://inaturalist-open-data.s3.amazonaws.com/photos/604963515/original.jpg,http://creativecommons.org/licenses/by-nc/4.0/,davidsando,1956,2048
5938253901_0.jpg,Dodonaea viscosa,5938253901,https://inaturalist-open-data.s3.amazonaws.com/photos/605461024/original.jpg,http://creativecommons.org/licenses/by-nc/4.0/,Quilitic Grupo Ambiental,921,2048
5938253901_2.jpg,Dodonaea viscosa,5938253901,https://inaturalist-open-data.s3.amazonaws.com/photos/605461096/original.jpg,http://creativecommons.org/licenses/by-nc/4.0/,Quilitic Grupo Ambiental,921,2048
5938245408_0.jpg,Dodonaea viscosa,5938245408,https://inaturalist-open-data.s3.amazonaws.com/photos/605629477/original.jpg,http://creativecommons.org/licenses/by-nc/4.0/,liushengyu,1536,2048
5938253901_1.jpg,Dodonaea viscosa,5938253901,https://inaturalist-open-data.s3.amazonaws.com/photos/605461072/original.jpg,http://creativecommons.org/licenses/by-nc/4.0/,Quilitic Grupo Ambiental,921,2048
5938260539_0.jpg,Dodonaea viscosa,5938260539,https://inaturalist-open-data.s3.amazonaws.com/photos/604680692/original.jpg,http://creativecommons.org/licenses/by/4.0/,Damien Wallace,2048,1542
5938356460_0.jpg,Dodonaea viscosa,5938356460,https://inaturalist-open-data.s3.amazonaws.com/photos/604397473/original.jpg,http://creativecommons.org/licenses/by-nc/4.0/,davidsando,2048,1536
5938336647_0.jpg,Dodonaea viscosa,5938336647,https://inaturalist-open-data.s3.amazonaws.com/photos/604408196/original.jpg,http://creativecommons.org/licenses/by-nc/4.0/,Wilhelm Joshua Tan,2048,1536
5938323475_0.jpg,Dodonaea viscosa,5938323475,https://inaturalist-open-data.s3.amazonaws.com/photos/604509568/original.jpg,http://creativecommons.org/licenses/by-nc/4.0/,Annemarie OConnell,1152,2048
5938410217_1.jpg,Dodonaea viscosa,5938410217,https://inaturalist-open-data.s3.amazonaws.com/photos/605546823/original.jpg,http://creativecommons.org/licenses/by-nc/4.0/,jakeletman,1536,2048
5938410217_3.jpg,Dodonaea viscosa,5938410217,https://inaturalist-open-data.s3.amazonaws.com/photos/605546874/original.jpg,http://creativecommons.org/licenses/by-nc/4.0/,jakeletman,1536,2048
5938447469_0.jpg,Dodonaea viscosa,5938447469,https://inaturalist-open-data.s3.amazonaws.com/photos/604540961/original.jpg,http://creativecommons.org/licenses/by-nc/4.0/,Thomas Abeli,1536,2048
5938387687_0.jpg,Dodonaea viscosa,5938387687,https://inaturalist-open-data.s3.amazonaws.com/photos/605521696/original.jpg,http://creativecommons.org/licenses/by-nc/4.0/,Emily R. Garcia,1536,2048
5938444262_0.jpg,Dodonaea viscosa,5938444262,https://inaturalist-open-data.s3.amazonaws.com/photos/604346241/original.jpg,http://creativecommons.org/licenses/by-nc/4.0/,lichenostomus,1536,2048
5938410217_2.jpg,Dodonaea viscosa,5938410217,https://inaturalist-open-data.s3.amazonaws.com/photos/605546850/original.jpg,http://creativecommons.org/licenses/by-nc/4.0/,jakeletman,1536,2048
5938410217_0.jpg,Dodonaea viscosa,5938410217,https://inaturalist-open-data.s3.amazonaws.com/photos/605546777/original.jpg,http://creativecommons.org/licenses/by-nc/4.0/,jakeletman,1536,2048
5938447469_1.jpg,Dodonaea viscosa,5938447469,https://inaturalist-open-data.s3.amazonaws.com/photos/604541028/original.jpg,http://creativecommons.org/licenses/by-nc/4.0/,Thomas Abeli,1536,2048
5938473050_0.jpg,Dodonaea viscosa,5938473050,https://inaturalist-open-data.s3.amazonaws.com/photos/605998180/original.jpg,http://creativecommons.org/licenses/by/4.0/,Cobi Calyx,1542,2048
5938447469_2.jpg,Dodonaea viscosa,5938447469,https://inaturalist-open-data.s3.amazonaws.com/photos/604541125/original.jpg,http://creativecommons.org/licenses/by-nc/4.0/,Thomas Abeli,1536,2048
5938418052_0.jpg,Dodonaea viscosa,5938418052,https://inaturalist-open-data.s3.amazonaws.com/photos/605285962/original.jpg,http://creativecommons.org/publicdomain/zero/1.0/,Brett Robinson,1536,2048
5938473050_2.jpg,Dodonaea viscosa,5938473050,https://inaturalist-open-data.s3.amazonaws.com/photos/605998247/original.jpg,http://creativecommons.org/licenses/by/4.0/,Cobi Calyx,2048,1542
5938480643_0.jpg,Dodonaea viscosa,5938480643,https://inaturalist-open-data.s3.amazonaws.com/photos/605643262/original.jpg,http://creativecommons.org/licenses/by-nc/4.0/,liushengyu,1536,2048
5938473050_1.jpg,Dodonaea viscosa,5938473050,https://inaturalist-open-data.s3.amazonaws.com/photos/605998216/original.jpg,http://creativecommons.org/licenses/by/4.0/,Cobi Calyx,2048,1542
5938367618_0.jpg,Dodonaea viscosa,5938367618,https://inaturalist-open-data.s3.amazonaws.com/photos/604758313/original.jpg,http://creativecommons.org/licenses/by-nc/4.0/,Marie,1536,2048
5938208588_0.jpg,Datura stramonium,5938208588,https://inaturalist-open-data.s3.amazonaws.com/photos/605065582/original.jpg,http://creativecommons.org/licenses/by-nc/4.0/,Peter M Martin,2048,1365
5938210446_0.jpg,Datura stramonium,5938210446,https://inaturalist-open-data.s3.amazonaws.com/photos/605668244/original.jpg,http://creativecommons.org/licenses/by-nc/4.0/,Finlay F. K. Thorpe,1532,2048
5938043706_0.jpg,Datura stramonium,5938043706,https://inaturalist-open-data.s3.amazonaws.com/photos/604517015/original.jpg,http://creativecommons.org/licenses/by-nc/4.0/,Mattia Martelli,1536,2048
5938043706_2.jpg,Datura stramonium,5938043706,https://inaturalist-open-data.s3.amazonaws.com/photos/604517055/original.jpg,http://creativecommons.org/licenses/by-nc/4.0/,Mattia Martelli,1536,2048
5938131252_0.jpg,Datura stramonium,5938131252,https://inaturalist-open-data.s3.amazonaws.com/photos/605463276/original.jpg,http://creativecommons.org/licenses/by-nc/4.0/,juliemayn,1152,2048
5938058516_0.jpg,Datura stramonium,5938058516,https://inaturalist-open-data.s3.amazonaws.com/photos/604849682/original.jpg,http://creativecommons.org/licenses/by-nc-nd/4.0/,Octavio Pérez-Martínez,2048,1536
5938043706_1.jpg,Datura stramonium,5938043706,https://inaturalist-open-data.s3.amazonaws.com/photos/604517030/original.jpg,http://creativecommons.org/licenses/by-nc/4.0/,Mattia Martelli,1536,2048
5938185943_0.jpg,Datura stramonium,5938185943,https://inaturalist-open-data.s3.amazonaws.com/photos/605304656/original.jpg,http://creativecommons.org/licenses/by-nc/4.0/,עידו זך-אורון,1536,2048
5938224292_0.jpg,Datura stramonium,5938224292,https://inaturalist-open-data.s3.amazonaws.com/photos/605326203/original.jpg,http://creativecommons.org/licenses/by-nc/4.0/,Clem Bicknell,1537,2048
5938210446_1.jpg,Datura stramonium,5938210446,https://inaturalist-open-data.s3.amazonaws.com/photos/605668268/original.jpg,http://creativecommons.org/licenses/by-nc/4.0/,Finlay F. K. Thorpe,1532,2048
5938147488_0.jpg,Datura stramonium,5938147488,https://inaturalist-open-data.s3.amazonaws.com/photos/604826983/original.jpg,http://creativecommons.org/licenses/by-nc/4.0/,sanjabee,1152,2048
5938313919_0.jpg,Datura stramonium,5938313919,https://inaturalist-open-data.s3.amazonaws.com/photos/605628213/original.jpg,http://creativecommons.org/licenses/by-nc/4.0/,Julia,2048,1365
5938233325_0.jpg,Datura stramonium,5938233325,https://inaturalist-open-data.s3.amazonaws.com/photos/604870295/original.jpg,http://creativecommons.org/licenses/by-nc/4.0/,downgoesigby,1536,2048
5938264692_0.jpg,Datura stramonium,5938264692,https://inaturalist-open-data.s3.amazonaws.com/photos/604849802/original.jpg,http://creativecommons.org/licenses/by-nc/4.0/,pixbob,1536,2048
5938264692_1.jpg,Datura stramonium,5938264692,https://inaturalist-open-data.s3.amazonaws.com/photos/604849827/original.jpg,http://creativecommons.org/licenses/by-nc/4.0/,pixbob,1536,2048
5938438180_2.jpg,Datura stramonium,5938438180,https://inaturalist-open-data.s3.amazonaws.com/photos/605594149/original.jpg,http://creativecommons.org/licenses/by/4.0/,Carl Ramirez,2048,1536
5938272034_0.jpg,Datura stramonium,5938272034,https://inaturalist-open-data.s3.amazonaws.com/photos/605710481/original.jpg,http://creativecommons.org/licenses/by-nc/4.0/,kerose13,1536,2048
5938438180_1.jpg,Datura stramonium,5938438180,https://inaturalist-open-data.s3.amazonaws.com/photos/605594136/original.jpg,http://creativecommons.org/licenses/by/4.0/,Carl Ramirez,2048,1536
5938248013_0.jpg,Datura stramonium,5938248013,https://inaturalist-open-data.s3.amazonaws.com/photos/604467022/original.jpg,http://creativecommons.org/licenses/by-nc/4.0/,adrianamocas,1536,2048
5938470779_1.jpg,Datura stramonium,5938470779,https://inaturalist-open-data.s3.amazonaws.com/photos/605545236/original.jpg,http://creativecommons.org/licenses/by-nc/4.0/,carlosvaldesz,1536,2048
5938470779_0.jpg,Datura stramonium,5938470779,https://inaturalist-open-data.s3.amazonaws.com/photos/605545231/original.jpg,http://creativecommons.org/licenses/by-nc/4.0/,carlosvaldesz,1536,2048
5938438180_0.jpg,Datura stramonium,5938438180,https://inaturalist-open-data.s3.amazonaws.com/photos/605594120/original.jpg,http://creativecommons.org/licenses/by/4.0/,Carl Ramirez,1536,2048
5938385787_0.jpg,Datura stramonium,5938385787,https://inaturalist-open-data.s3.amazonaws.com/photos/605370194/original.jpg,http://creativecommons.org/licenses/by-nc/4.0/,Benjamin Schedl,1536,2048
5938470779_2.jpg,Datura stramonium,5938470779,https://inaturalist-open-data.s3.amazonaws.com/photos/605545217/original.jpg,http://creativecommons.org/licenses/by-nc/4.0/,carlosvaldesz,1536,2048
5938625736_2.jpg,Datura stramonium,5938625736,https://inaturalist-open-data.s3.amazonaws.com/photos/605682694/original.jpg,http://creativecommons.org/licenses/by-nc/4.0/,wolff christiane,2048,1365
5938625736_1.jpg,Datura stramonium,5938625736,https://inaturalist-open-data.s3.amazonaws.com/photos/605682669/original.jpg,http://creativecommons.org/licenses/by-nc/4.0/,wolff christiane,2048,1365
5938625736_0.jpg,Datura stramonium,5938625736,https://inaturalist-open-data.s3.amazonaws.com/photos/605682447/original.jpg,http://creativecommons.org/licenses/by-nc/4.0/,wolff christiane,2048,1365
5938545518_1.jpg,Datura stramonium,5938545518,https://inaturalist-open-data.s3.amazonaws.com/photos/604550979/original.jpg,http://creativecommons.org/licenses/by-nc/4.0/,ALYSON VIVATTANAPA,1536,2048
5938625736_4.jpg,Datura stramonium,5938625736,https://inaturalist-open-data.s3.amazonaws.com/photos/605682708/original.jpg,http://creativecommons.org/licenses/by-nc/4.0/,wolff christiane,2048,1365
5938545518_0.jpg,Datura stramonium,5938545518,https://inaturalist-open-data.s3.amazonaws.com/photos/604550939/original.jpg,http://creativecommons.org/licenses/by-nc/4.0/,ALYSON VIVATTANAPA,1536,2048
5938580733_0.jpg,Datura stramonium,5938580733,https://inaturalist-open-data.s3.amazonaws.com/photos/605142839/original.jpg,http://creativecommons.org/licenses/by-nc/4.0/,SWALLOW,2048,1365
5938625736_3.jpg,Datura stramonium,5938625736,https://inaturalist-open-data.s3.amazonaws.com/photos/605682629/original.jpg,http://creativecommons.org/licenses/by-nc/4.0/,wolff christiane,2048,1365
5938692811_0.jpg,Datura stramonium,5938692811,https://inaturalist-open-data.s3.amazonaws.com/photos/636557102/original.jpg,http://creativecommons.org/licenses/by-nc/4.0/,Theresa Luskin,1536,2048
5938492110_0.jpg,Datura stramonium,5938492110,https://inaturalist-open-data.s3.amazonaws.com/photos/605587310/original.jpg,http://creativecommons.org/licenses/by-nc/4.0/,Adam Grubb,2048,1536
5938488114_0.jpg,Datura stramonium,5938488114,https://inaturalist-open-data.s3.amazonaws.com/photos/605597547/original.jpg,http://creativecommons.org/licenses/by-nc/4.0/,lorenzodotti,1638,2048
5938625736_5.jpg,Datura stramonium,5938625736,https://inaturalist-open-data.s3.amazonaws.com/photos/605682379/original.jpg,http://creativecommons.org/licenses/by-nc/4.0/,wolff christiane,1536,2048
5938698573_0.jpg,Datura stramonium,5938698573,https://inaturalist-open-data.s3.amazonaws.com/photos/604505843/original.jpg,http://creativecommons.org/licenses/by-nc/4.0/,Bart Wursten,2048,1536
5938638101_0.jpg,Datura stramonium,5938638101,https://inaturalist-open-data.s3.amazonaws.com/photos/605454629/original.jpg,http://creativecommons.org/licenses/by-nc/4.0/,Scott Edie,1152,2048
5938698573_2.jpg,Datura stramonium,5938698573,https://inaturalist-open-data.s3.amazonaws.com/photos/604506007/original.jpg,http://creativecommons.org/licenses/by-nc/4.0/,Bart Wursten,2048,1536
5938698573_1.jpg,Datura stramonium,5938698573,https://inaturalist-open-data.s3.amazonaws.com/photos/604505938/original.jpg,http://creativecommons.org/licenses/by-nc/4.0/,Bart Wursten,2048,1536
6129835425_0.jpg,Datura stramonium,6129835425,https://inaturalist-open-data.s3.amazonaws.com/photos/606709588/original.jpg,http://creativecommons.org/licenses/by-nc/4.0/,Ava,1536,2048
6129845123_0.jpg,Datura stramonium,6129845123,https://inaturalist-open-data.s3.amazonaws.com/photos/605980503/original.jpg,http://creativecommons.org/licenses/by-nc/4.0/,triloba,1536,2048
6129835425_1.jpg,Datura stramonium,6129835425,https://inaturalist-open-data.s3.amazonaws.com/photos/606709599/original.jpg,http://creativecommons.org/licenses/by-nc/4.0/,Ava,1536,2048
6129845123_1.jpg,Datura stramonium,6129845123,https://inaturalist-open-data.s3.amazonaws.com/photos/605980526/original.jpg,http://creativecommons.org/licenses/by-nc/4.0/,triloba,1536,2048
6129845123_2.jpg,Datura stramonium,6129845123,https://inaturalist-open-data.s3.amazonaws.com/photos/605980543/original.jpg,http://creativecommons.org/licenses/by-nc/4.0/,triloba,1536,2048
6129861917_0.jpg,Datura stramonium,6129861917,https://inaturalist-open-data.s3.amazonaws.com/photos/607503124/original.jpg,http://creativecommons.org/licenses/by-nc/4.0/,migr,923,2048
6129915137_1.jpg,Datura stramonium,6129915137,https://inaturalist-open-data.s3.amazonaws.com/photos/605980608/original.jpg,http://creativecommons.org/licenses/by-nc/4.0/,Bora Çelen,1152,2048
6129926261_0.jpg,Datura stramonium,6129926261,https://inaturalist-open-data.s3.amazonaws.com/photos/606732181/original.jpg,http://creativecommons.org/licenses/by-nd/4.0/,harrylurling,2048,1536
6129915137_0.jpg,Datura stramonium,6129915137,https://inaturalist-open-data.s3.amazonaws.com/photos/605980658/original.jpg,http://creativecommons.org/licenses/by-nc/4.0/,Bora Çelen,1152,2048
6129878614_0.jpg,Datura stramonium,6129878614,https://inaturalist-open-data.s3.amazonaws.com/photos/607333938/original.jpg,http://creativecommons.org/licenses/by-nc/4.0/,Bora Çelen,1536,2048
6129967605_0.jpg,Datura stramonium,6129967605,https://inaturalist-open-data.s3.amazonaws.com/photos/607975309/original.jpg,http://creativecommons.org/licenses/by-nc/4.0/,Gabriele La Grasta,2048,1536
6129972048_0.jpg,Datura stramonium,6129972048,https://inaturalist-open-data.s3.amazonaws.com/photos/606180140/original.jpg,http://creativecommons.org/publicdomain/zero/1.0/,kent ozment,1536,2048
6129972048_1.jpg,Datura stramonium,6129972048,https://inaturalist-open-data.s3.amazonaws.com/photos/606180167/original.jpg,http://creativecommons.org/publicdomain/zero/1.0/,kent ozment,1536,2048
6129972048_2.jpg,Datura stramonium,6129972048,https://inaturalist-open-data.s3.amazonaws.com/photos/606180197/original.jpg,http://creativecommons.org/publicdomain/zero/1.0/,kent ozment,2048,1536
6130044015_0.jpg,Datura stramonium,6130044015,https://inaturalist-open-data.s3.amazonaws.com/photos/608413440/original.jpg,http://creativecommons.org/licenses/by-nc/4.0/,Leandro Leal,960,1280
6130003294_1.jpg,Datura stramonium,6130003294,https://inaturalist-open-data.s3.amazonaws.com/photos/605754129/original.jpg,http://creativecommons.org/licenses/by-nc/4.0/,jellyfish_friend,1536,2048
6130001679_0.jpg,Datura stramonium,6130001679,https://inaturalist-open-data.s3.amazonaws.com/photos/609699076/original.jpg,http://creativecommons.org/licenses/by-nc/4.0/,lucean,1536,2048
6130050239_0.jpg,Datura stramonium,6130050239,https://inaturalist-open-data.s3.amazonaws.com/photos/609563977/original.jpg,http://creativecommons.org/licenses/by-nc/4.0/,elac,1536,2048
6130001679_2.jpg,Datura stramonium,6130001679,https://inaturalist-open-data.s3.amazonaws.com/photos/609699119/original.jpg,http://creativecommons.org/licenses/by-nc/4.0/,lucean,1536,2048
6130003294_0.jpg,Datura stramonium,6130003294,https://inaturalist-open-data.s3.amazonaws.com/photos/605754113/original.jpg,http://creativecommons.org/licenses/by-nc/4.0/,jellyfish_friend,1536,2048
6130001679_1.jpg,Datura stramonium,6130001679,https://inaturalist-open-data.s3.amazonaws.com/photos/609699102/original.jpg,http://creativecommons.org/licenses/by-nc/4.0/,lucean,1536,2048
6130042337_0.jpg,Datura stramonium,6130042337,https://inaturalist-open-data.s3.amazonaws.com/photos/607459993/original.jpg,http://creativecommons.org/licenses/by-nc/4.0/,ljhovde,1152,2048
6130093842_0.jpg,Datura stramonium,6130093842,https://inaturalist-open-data.s3.amazonaws.com/photos/607632160/original.jpg,http://creativecommons.org/licenses/by-nc/4.0/,runswild,1536,2048
6130090741_0.jpg,Datura stramonium,6130090741,https://inaturalist-open-data.s3.amazonaws.com/photos/610401137/original.jpg,http://creativecommons.org/licenses/by-nc/4.0/,Joe Linscott,1536,2048
6130023896_0.jpg,Datura stramonium,6130023896,https://inaturalist-open-data.s3.amazonaws.com/photos/609568031/original.jpg,http://creativecommons.org/licenses/by-nc/4.0/,markwebber,1152,2048
6130194718_1.jpg,Datura stramonium,6130194718,https://inaturalist-open-data.s3.amazonaws.com/photos/610978589/original.jpg,http://creativecommons.org/licenses/by-nc/4.0/,Linda Loffler,1536,2048
6130194718_4.jpg,Datura stramonium,6130194718,https://inaturalist-open-data.s3.amazonaws.com/photos/610978636/original.jpg,http://creativecommons.org/licenses/by-nc/4.0/,Linda Loffler,1536,2048
6130194718_2.jpg,Datura stramonium,6130194718,https://inaturalist-open-data.s3.amazonaws.com/photos/610978633/original.jpg,http://creativecommons.org/licenses/by-nc/4.0/,Linda Loffler,1536,2048
6130148401_2.jpg,Datura stramonium,6130148401,https://inaturalist-open-data.s3.amazonaws.com/photos/608427894/original.jpg,http://creativecommons.org/licenses/by-nc/4.0/,Rita Augusto,1532,2048
6130194718_3.jpg,Datura stramonium,6130194718,https://inaturalist-open-data.s3.amazonaws.com/photos/610978565/original.jpg,http://creativecommons.org/licenses/by-nc/4.0/,Linda Loffler,1536,2048
6130148401_1.jpg,Datura stramonium,6130148401,https://inaturalist-open-data.s3.amazonaws.com/photos/608427870/original.jpg,http://creativecommons.org/licenses/by-nc/4.0/,Rita Augusto,1532,2048
6130148401_0.jpg,Datura stramonium,6130148401,https://inaturalist-open-data.s3.amazonaws.com/photos/608427834/original.jpg,http://creativecommons.org/licenses/by-nc/4.0/,Rita Augusto,1532,2048
6130177411_0.jpg,Datura stramonium,6130177411,https://inaturalist-open-data.s3.amazonaws.com/photos/609011622/original.jpg,http://creativecommons.org/licenses/by-nc/4.0/,amy777smith,1536,2048
6130165425_0.jpg,Datura stramonium,6130165425,https://inaturalist-open-data.s3.amazonaws.com/photos/605856362/original.jpg,http://creativecommons.org/licenses/by-nc/4.0/,tonycooper,1152,2048
6130214429_0.jpg,Datura stramonium,6130214429,https://inaturalist-open-data.s3.amazonaws.com/photos/607328746/original.jpg,http://creativecommons.org/licenses/by-nd/4.0/,harrylurling,2048,1589
6130194718_5.jpg,Datura stramonium,6130194718,https://inaturalist-open-data.s3.amazonaws.com/photos/610978706/original.jpg,http://creativecommons.org/licenses/by-nc/4.0/,Linda Loffler,1536,2048
6130194718_0.jpg,Datura stramonium,6130194718,https://inaturalist-open-data.s3.amazonaws.com/photos/610978578/original.jpg,http://creativecommons.org/licenses/by-nc/4.0/,Linda Loffler,1536,2048
6130224148_1.jpg,Datura stramonium,6130224148,https://inaturalist-open-data.s3.amazonaws.com/photos/608409279/original.jpg,http://creativecommons.org/licenses/by-nc/4.0/,lrvukeya,1536,2048
6130224148_2.jpg,Datura stramonium,6130224148,https://inaturalist-open-data.s3.amazonaws.com/photos/608409234/original.jpg,http://creativecommons.org/licenses/by-nc/4.0/,lrvukeya,1536,2048
6130235242_1.jpg,Datura stramonium,6130235242,https://inaturalist-open-data.s3.amazonaws.com/photos/608526480/original.jpg,http://creativecommons.org/licenses/by-nc/4.0/,SWoodward,1536,2048
6130235242_2.jpg,Datura stramonium,6130235242,https://inaturalist-open-data.s3.amazonaws.com/photos/608526492/original.jpg,http://creativecommons.org/licenses/by-nc/4.0/,SWoodward,1536,2048
6130235242_0.jpg,Datura stramonium,6130235242,https://inaturalist-open-data.s3.amazonaws.com/photos/608526464/original.jpg,http://creativecommons.org/licenses/by-nc/4.0/,SWoodward,1536,2048
6130224148_0.jpg,Datura stramonium,6130224148,https://inaturalist-open-data.s3.amazonaws.com/photos/608409311/original.jpg,http://creativecommons.org/licenses/by-nc/4.0/,lrvukeya,1536,2048
6130199323_0.jpg,Datura stramonium,6130199323,https://inaturalist-open-data.s3.amazonaws.com/photos/605776585/original.jpg,http://creativecommons.org/licenses/by-nc/4.0/,Jade,1536,2048
6130235242_4.jpg,Datura stramonium,6130235242,https://inaturalist-open-data.s3.amazonaws.com/photos/608526523/original.jpg,http://creativecommons.org/licenses/by-nc/4.0/,SWoodward,2048,1536
6130235242_3.jpg,Datura stramonium,6130235242,https://inaturalist-open-data.s3.amazonaws.com/photos/608526510/original.jpg,http://creativecommons.org/licenses/by-nc/4.0/,SWoodward,1536,2048
6130267324_2.jpg,Datura stramonium,6130267324,https://inaturalist-open-data.s3.amazonaws.com/photos/608517330/original.jpg,http://creativecommons.org/licenses/by-nc/4.0/,mica575,1536,2048
6130415704_0.jpg,Datura stramonium,6130415704,https://inaturalist-open-data.s3.amazonaws.com/photos/610749158/original.jpg,http://creativecommons.org/licenses/by/4.0/,Duarte Frade,2048,1536
6130267324_1.jpg,Datura stramonium,6130267324,https://inaturalist-open-data.s3.amazonaws.com/photos/608517309/original.jpg,http://creativecommons.org/licenses/by-nc/4.0/,mica575,1536,2048
6130267324_0.jpg,Datura stramonium,6130267324,https://inaturalist-open-data.s3.amazonaws.com/photos/608517293/original.jpg,http://creativecommons.org/licenses/by-nc/4.0/,mica575,1536,2048
6130315394_0.jpg,Datura stramonium,6130315394,https://inaturalist-open-data.s3.amazonaws.com/photos/605867302/original.jpg,http://creativecommons.org/licenses/by-nc/4.0/,Vanya Mitin,1536,2048
6130244139_0.jpg,Datura stramonium,6130244139,https://inaturalist-open-data.s3.amazonaws.com/photos/606779237/original.jpg,http://creativecommons.org/licenses/by-nc/4.0/,HADDAD.L,2048,2048
6130358049_1.jpg,Datura stramonium,6130358049,https://inaturalist-open-data.s3.amazonaws.com/photos/610312537/original.jpg,http://creativecommons.org/licenses/by-nc/4.0/,hwk,1536,2048
6130298544_0.jpg,Datura stramonium,6130298544,https://inaturalist-open-data.s3.amazonaws.com/photos/607818471/original.jpg,http://creativecommons.org/licenses/by-nc/4.0/,Danielle Frohlich,1152,2048
6130298544_1.jpg,Datura stramonium,6130298544,https://inaturalist-open-data.s3.amazonaws.com/photos/607818470/original.jpg,http://creativecommons.org/licenses/by-nc/4.0/,Danielle Frohlich,1536,2048
6130454225_0.jpg,Datura stramonium,6130454225,https://inaturalist-open-data.s3.amazonaws.com/photos/608238257/original.jpg,http://creativecommons.org/licenses/by-nc/4.0/,chewpacca,1536,2048
6130420025_1.jpg,Datura stramonium,6130420025,https://inaturalist-open-data.s3.amazonaws.com/photos/605845042/original.jpg,http://creativecommons.org/licenses/by-nc/4.0/,along2022,1536,2048
6130420025_0.jpg,Datura stramonium,6130420025,https://inaturalist-open-data.s3.amazonaws.com/photos/605845002/original.jpg,http://creativecommons.org/licenses/by-nc/4.0/,along2022,2048,1536
6130420025_3.jpg,Datura stramonium,6130420025,https://inaturalist-open-data.s3.amazonaws.com/photos/605845096/original.jpg,http://creativecommons.org/licenses/by-nc/4.0/,along2022,2048,1536
6130420025_2.jpg,Datura stramonium,6130420025,https://inaturalist-open-data.s3.amazonaws.com/photos/605845073/original.jpg,http://creativecommons.org/licenses/by-nc/4.0/,along2022,2048,1536
6130358049_0.jpg,Datura stramonium,6130358049,https://inaturalist-open-data.s3.amazonaws.com/photos/610312515/original.jpg,http://creativecommons.org/licenses/by-nc/4.0/,hwk,1536,2048
6399475465_1.jpg,Agave guadalajarana,6399475465,https://inaturalist-open-data.s3.amazonaws.com/photos/679368194/original.jpg,http://creativecommons.org/licenses/by-nc/4.0/,José Antonio Márquez Michel,2048,1536
6399475465_0.jpg,Agave guadalajarana,6399475465,https://inaturalist-open-data.s3.amazonaws.com/photos/679368147/original.jpg,http://creativecommons.org/licenses/by-nc/4.0/,José Antonio Márquez Michel,2048,1536
5205897494_0.jpg,Agave guadalajarana,5205897494,https://inaturalist-open-data.s3.amazonaws.com/photos/485248667/original.jpeg,http://creativecommons.org/licenses/by/4.0/,Carlos Martínez,2048,1536
6131437478_1.jpg,Agave guadalajarana,6131437478,https://inaturalist-open-data.s3.amazonaws.com/photos/605455503/original.jpg,http://creativecommons.org/licenses/by-nc/4.0/,Sandra Paz,1536,2048
6481050395_0.jpg,Agave guadalajarana,6481050395,https://inaturalist-open-data.s3.amazonaws.com/photos/711336762/original.jpg,http://creativecommons.org/licenses/by-nc/4.0/,Gabriela Luna,2048,1536
5087614538_0.jpg,Agave guadalajarana,5087614538,https://inaturalist-open-data.s3.amazonaws.com/photos/474244554/original.jpeg,http://creativecommons.org/licenses/by-nc/4.0/,David Caldera,1536,2048
6131437478_0.jpg,Agave guadalajarana,6131437478,https://inaturalist-open-data.s3.amazonaws.com/photos/605455470/original.jpg,http://creativecommons.org/licenses/by-nc/4.0/,Sandra Paz,1536,2048
5087542682_0.jpg,Agave guadalajarana,5087542682,https://inaturalist-open-data.s3.amazonaws.com/photos/474244479/original.jpeg,http://creativecommons.org/licenses/by-nc/4.0/,David Caldera,1536,2048
5205897494_1.jpg,Agave guadalajarana,5205897494,https://inaturalist-open-data.s3.amazonaws.com/photos/485248685/original.jpeg,http://creativecommons.org/licenses/by/4.0/,Carlos Martínez,875,875
6252854076_0.jpg,Agave guadalajarana,6252854076,https://inaturalist-open-data.s3.amazonaws.com/photos/648658046/original.jpg,http://creativecommons.org/licenses/by-nc/4.0/,José Antonio Plascencia Ponce,945,2048
5087500817_0.jpg,Agave guadalajarana,5087500817,https://inaturalist-open-data.s3.amazonaws.com/photos/474244416/original.jpeg,http://creativecommons.org/licenses/by-nc/4.0/,David Caldera,1536,2048
6251643762_0.jpg,Agave inaequidens,6251643762,https://inaturalist-open-data.s3.amazonaws.com/photos/647466503/original.jpg,http://creativecommons.org/licenses/by-nc/4.0/,dioney_tellez,1536,2048
6131634591_0.jpg,Agave inaequidens,6131634591,https://inaturalist-open-data.s3.amazonaws.com/photos/606148881/original.jpg,http://creativecommons.org/licenses/by-nc/4.0/,Antonio Aguilar,1536,2048
6235117361_0.jpg,Agave inaequidens,6235117361,https://inaturalist-open-data.s3.amazonaws.com/photos/645926963/original.jpg,http://creativecommons.org/licenses/by-nc/4.0/,Yoloxochitl Medina,1536,2048
6170989731_0.jpg,Agave inaequidens,6170989731,https://inaturalist-open-data.s3.amazonaws.com/photos/618605189/original.jpg,http://creativecommons.org/licenses/by-nc/4.0/,Marisol Parra,2048,2048
6234463123_0.jpg,Agave inaequidens,6234463123,https://inaturalist-open-data.s3.amazonaws.com/photos/644691042/original.jpg,http://creativecommons.org/licenses/by-nc/4.0/,Mara Nieto,1152,2048
6130971424_0.jpg,Agave inaequidens,6130971424,https://inaturalist-open-data.s3.amazonaws.com/photos/606143999/original.jpg,http://creativecommons.org/licenses/by-nc/4.0/,Antonio Aguilar,2048,1536
6131126637_0.jpg,Agave inaequidens,6131126637,https://inaturalist-open-data.s3.amazonaws.com/photos/606150538/original.jpg,http://creativecommons.org/licenses/by-nc/4.0/,Antonio Aguilar,2048,1536
6129915207_0.jpg,Agave inaequidens,6129915207,https://inaturalist-open-data.s3.amazonaws.com/photos/606148769/original.jpg,http://creativecommons.org/licenses/by-nc/4.0/,Antonio Aguilar,1536,2048
5935420709_0.jpg,Agave guadalajarana,5935420709,https://inaturalist-open-data.s3.amazonaws.com/photos/576925541/original.jpg,http://creativecommons.org/licenses/by-nc/4.0/,ROSE MARY RIVERA SEGURA,963,1280
5936027533_1.jpg,Agave guadalajarana,5936027533,https://inaturalist-open-data.s3.amazonaws.com/photos/532981352/original.jpg,http://creativecommons.org/licenses/by-nc/4.0/,Jose Manuel Basurto,1080,1440
5936027533_0.jpg,Agave guadalajarana,5936027533,https://inaturalist-open-data.s3.amazonaws.com/photos/532981297/original.jpg,http://creativecommons.org/licenses/by-nc/4.0/,Jose Manuel Basurto,1440,1080
5167838810_0.jpg,Agave guadalajarana,5167838810,https://inaturalist-open-data.s3.amazonaws.com/photos/506434015/original.jpg,http://creativecommons.org/licenses/by-nc/4.0/,bryanbacm,1536,2048
5167838810_1.jpg,Agave guadalajarana,5167838810,https://inaturalist-open-data.s3.amazonaws.com/photos/506434109/original.jpg,http://creativecommons.org/licenses/by-nc/4.0/,bryanbacm,1536,2048
5292210541_0.jpg,Agave guadalajarana,5292210541,https://inaturalist-open-data.s3.amazonaws.com/photos/553851240/original.jpg,http://creativecommons.org/licenses/by-nc/4.0/,Renata Petersen,1536,2048
5230001984_1.jpg,Agave guadalajarana,5230001984,https://inaturalist-open-data.s3.amazonaws.com/photos/533558360/original.jpg,http://creativecommons.org/licenses/by-nc/4.0/,cassandra Vázquez,1537,2048
5936035654_0.jpg,Agave guadalajarana,5936035654,https://inaturalist-open-data.s3.amazonaws.com/photos/578527738/original.jpg,http://creativecommons.org/licenses/by-nc/4.0/,ecojn,2048,1155
5230001984_0.jpg,Agave guadalajarana,5230001984,https://inaturalist-open-data.s3.amazonaws.com/photos/533558322/original.jpg,http://creativecommons.org/licenses/by-nc/4.0/,cassandra Vázquez,1537,2048
5936035654_1.jpg,Agave guadalajarana,5936035654,https://inaturalist-open-data.s3.amazonaws.com/photos/578527758/original.jpg,http://creativecommons.org/licenses/by-nc/4.0/,ecojn,2048,1155
5167838810_2.jpg,Agave guadalajarana,5167838810,https://inaturalist-open-data.s3.amazonaws.com/photos/506434146/original.jpg,http://creativecommons.org/licenses/by-nc/4.0/,bryanbacm,1536,2048
5936051114_0.jpg,Agave guadalajarana,5936051114,https://inaturalist-open-data.s3.amazonaws.com/photos/601426988/original.jpg,http://creativecommons.org/licenses/by-nc/4.0/,Talli,1440,1920
5230261153_0.jpg,Agave guadalajarana,5230261153,https://inaturalist-open-data.s3.amazonaws.com/photos/534008048/original.jpg,http://creativecommons.org/licenses/by-nc/4.0/,Giovani García,2048,1365
6399920763_2.jpg,Agave inaequidens,6399920763,https://inaturalist-open-data.s3.amazonaws.com/photos/679347896/original.jpg,http://creativecommons.org/licenses/by-nc/4.0/,Ignacio Torres-García,1536,2048
6399920763_1.jpg,Agave inaequidens,6399920763,https://inaturalist-open-data.s3.amazonaws.com/photos/679347856/original.jpg,http://creativecommons.org/licenses/by-nc/4.0/,Ignacio Torres-García,2048,1536
6352795355_0.jpg,Agave inaequidens,6352795355,https://inaturalist-open-data.s3.amazonaws.com/photos/668918934/original.jpg,http://creativecommons.org/licenses/by-nc/4.0/,Marco_Bautista99,2048,2048
6253167843_0.jpg,Agave inaequidens,6253167843,https://inaturalist-open-data.s3.amazonaws.com/photos/648684090/original.jpg,http://creativecommons.org/licenses/by-nc/4.0/,Fernando Rodriguez Gallardo,945,2048
6431314099_0.jpg,Agave inaequidens,6431314099,https://inaturalist-open-data.s3.amazonaws.com/photos/671043260/original.jpg,http://creativecommons.org/licenses/by-nc/4.0/,Luisa Palomo,1536,2048
6423106447_0.jpg,Agave inaequidens,6423106447,https://inaturalist-open-data.s3.amazonaws.com/photos/685126941/original.jpg,http://creativecommons.org/licenses/by/4.0/,Carlos Martínez,2048,1536
6321221456_0.jpg,Agave inaequidens,6321221456,https://inaturalist-open-data.s3.amazonaws.com/photos/658655166/original.jpg,http://creativecommons.org/licenses/by-nc/4.0/,Ayari Luna,2048,1152
6399920763_0.jpg,Agave inaequidens,6399920763,https://inaturalist-open-data.s3.amazonaws.com/photos/679347791/original.jpg,http://creativecommons.org/licenses/by-nc/4.0/,Ignacio Torres-García,1536,2048
6399920763_3.jpg,Agave inaequidens,6399920763,https://inaturalist-open-data.s3.amazonaws.com/photos/679347929/original.jpg,http://creativecommons.org/licenses/by-nc/4.0/,Ignacio Torres-García,2048,1536
6479210601_0.jpg,Agave inaequidens,6479210601,https://inaturalist-open-data.s3.amazonaws.com/photos/710677323/original.jpg,http://creativecommons.org/licenses/by-nc/4.0/,Pablo Vinuesa,2048,1670
5087136075_0.jpg,Agave inaequidens,5087136075,https://inaturalist-open-data.s3.amazonaws.com/photos/466788453/original.jpeg,http://creativecommons.org/licenses/by-nc/4.0/,Christian Carlos,2048,2048
5087136075_1.jpg,Agave inaequidens,5087136075,https://inaturalist-open-data.s3.amazonaws.com/photos/466788470/original.jpeg,http://creativecommons.org/licenses/by-nc/4.0/,Christian Carlos,2048,2048
5087136075_2.jpg,Agave inaequidens,5087136075,https://inaturalist-open-data.s3.amazonaws.com/photos/466788487/original.jpeg,http://creativecommons.org/licenses/by-nc/4.0/,Christian Carlos,2048,2048
6321221456_1.jpg,Agave inaequidens,6321221456,https://inaturalist-open-data.s3.amazonaws.com/photos/658655168/original.jpg,http://creativecommons.org/licenses/by-nc/4.0/,Ayari Luna,1536,2048
5935304950_0.jpg,Agave guadalajarana,5935304950,https://inaturalist-open-data.s3.amazonaws.com/photos/598169953/original.jpg,http://creativecommons.org/licenses/by-nc/4.0/,santiago1508,1536,2048
5062704523_1.jpg,Agave guadalajarana,5062704523,https://inaturalist-open-data.s3.amazonaws.com/photos/354551085/original.jpeg,http://creativecommons.org/licenses/by-nc/4.0/,daniel_ambriz_0121,1153,2048
5935304950_2.jpg,Agave guadalajarana,5935304950,https://inaturalist-open-data.s3.amazonaws.com/photos/598169973/original.jpg,http://creativecommons.org/licenses/by-nc/4.0/,santiago1508,1536,2048
5935999710_0.jpg,Agave guadalajarana,5935999710,https://inaturalist-open-data.s3.amazonaws.com/photos/354550809/original.jpeg,http://creativecommons.org/licenses/by-nc/4.0/,daniel_ambriz_0121,1153,2048
5935304950_1.jpg,Agave guadalajarana,5935304950,https://inaturalist-open-data.s3.amazonaws.com/photos/598169963/original.jpg,http://creativecommons.org/licenses/by-nc/4.0/,santiago1508,2048,1536
5936093662_0.jpg,Agave guadalajarana,5936093662,https://inaturalist-open-data.s3.amazonaws.com/photos/353630664/original.jpeg,http://creativecommons.org/licenses/by/4.0/,Carlos Martínez,2048,1152
4522752188_0.jpg,Agave guadalajarana,4522752188,https://inaturalist-open-data.s3.amazonaws.com/photos/350998824/original.jpeg,http://creativecommons.org/licenses/by-nc/4.0/,Mexfant Maravilloso,2048,1365
5936093662_1.jpg,Agave guadalajarana,5936093662,https://inaturalist-open-data.s3.amazonaws.com/photos/353630684/original.jpeg,http://creativecommons.org/licenses/by/4.0/,Carlos Martínez,1152,2048
5935304950_3.jpg,Agave guadalajarana,5935304950,https://inaturalist-open-data.s3.amazonaws.com/photos/598169989/original.jpg,http://creativecommons.org/licenses/by-nc/4.0/,santiago1508,1536,2048
5062704523_0.jpg,Agave guadalajarana,5062704523,https://inaturalist-open-data.s3.amazonaws.com/photos/354551064/original.jpeg,http://creativecommons.org/licenses/by-nc/4.0/,daniel_ambriz_0121,1153,2048
4599854618_0.jpg,Agave guadalajarana,4599854618,https://inaturalist-open-data.s3.amazonaws.com/photos/358867475/original.jpeg,http://creativecommons.org/licenses/by-nc/4.0/,dinorexx,1200,1600
4606852325_0.jpg,Agave guadalajarana,4606852325,https://inaturalist-open-data.s3.amazonaws.com/photos/361804411/original.jpeg,http://creativecommons.org/licenses/by-nc/4.0/,Mexfant Maravilloso,2048,1365
4596973077_3.jpg,Agave guadalajarana,4596973077,https://inaturalist-open-data.s3.amazonaws.com/photos/356983174/original.jpeg,http://creativecommons.org/licenses/by-nc/4.0/,jaredjiro,1536,2048
4596973077_1.jpg,Agave guadalajarana,4596973077,https://inaturalist-open-data.s3.amazonaws.com/photos/356983131/original.jpeg,http://creativecommons.org/licenses/by-nc/4.0/,jaredjiro,1532,2048
4596973077_2.jpg,Agave guadalajarana,4596973077,https://inaturalist-open-data.s3.amazonaws.com/photos/356983152/original.jpeg,http://creativecommons.org/licenses/by-nc/4.0/,jaredjiro,1532,2048
4596973077_0.jpg,Agave guadalajarana,4596973077,https://inaturalist-open-data.s3.amazonaws.com/photos/356982796/original.jpeg,http://creativecommons.org/licenses/by-nc/4.0/,jaredjiro,1536,2048
6353039648_0.jpg,Mammillaria jaliscana,6353039648,https://inaturalist-open-data.s3.amazonaws.com/photos/667539963/original.jpg,http://creativecommons.org/licenses/by-nc/4.0/,CHRISTOPHER ALEJANDRO SANCHEZ RAMIREZ,1200,1600
5230097858_0.jpg,Mammillaria jaliscana,5230097858,https://inaturalist-open-data.s3.amazonaws.com/photos/539396089/original.jpg,http://creativecommons.org/licenses/by-nc/4.0/,Tere Castelló,1151,2048
5134813294_0.jpg,Mammillaria jaliscana,5134813294,https://inaturalist-open-data.s3.amazonaws.com/photos/489269620/original.jpg,http://creativecommons.org/licenses/by-nc/4.0/,Berenice De León,1536,2048
6130427456_0.jpg,Mammillaria jaliscana,6130427456,https://inaturalist-open-data.s3.amazonaws.com/photos/608808451/original.jpg,http://creativecommons.org/licenses/by-nc/4.0/,andres_farrera,1536,2048
6187977578_0.jpg,Mammillaria jaliscana,6187977578,https://inaturalist-open-data.s3.amazonaws.com/photos/632961887/original.jpg,http://creativecommons.org/licenses/by-nc/4.0/,santiago1508,1536,2048
6334159858_0.jpg,Mammillaria jaliscana,6334159858,https://inaturalist-open-data.s3.amazonaws.com/photos/666044727/original.jpg,http://creativecommons.org/licenses/by-nc/4.0/,alinamanzano,1536,2048
6131199068_0.jpg,Mammillaria jaliscana,6131199068,https://inaturalist-open-data.s3.amazonaws.com/photos/607518217/original.jpg,http://creativecommons.org/licenses/by-nc/4.0/,Gabriel Pérez Salazar,1536,2048
6414097726_0.jpg,Mammillaria jaliscana,6414097726,https://inaturalist-open-data.s3.amazonaws.com/photos/680512000/original.jpg,http://creativecommons.org/licenses/by-nc/4.0/,José Daniel Graf Pérez,1536,2048
5889663522_1.jpg,Mammillaria jaliscana,5889663522,https://inaturalist-open-data.s3.amazonaws.com/photos/587084080/original.jpg,http://creativecommons.org/licenses/by-nc/4.0/,Forest_13,2048,1536
5827604705_2.jpg,Mammillaria jaliscana,5827604705,https://inaturalist-open-data.s3.amazonaws.com/photos/563232538/original.jpg,http://creativecommons.org/licenses/by-nc/4.0/,diegoivancornejo,946,2048
5230176920_1.jpg,Mammillaria jaliscana,5230176920,https://inaturalist-open-data.s3.amazonaws.com/photos/539395717/original.jpg,http://creativecommons.org/licenses/by-nc/4.0/,Tere Castelló,1151,2048
5293016692_0.jpg,Mammillaria jaliscana,5293016692,https://inaturalist-open-data.s3.amazonaws.com/photos/549196185/original.jpg,http://creativecommons.org/licenses/by-nc/4.0/,isabel_soria,2048,1536
5827604705_0.jpg,Mammillaria jaliscana,5827604705,https://inaturalist-open-data.s3.amazonaws.com/photos/563232399/original.jpg,http://creativecommons.org/licenses/by-nc/4.0/,diegoivancornejo,946,2048
5230176920_0.jpg,Mammillaria jaliscana,5230176920,https://inaturalist-open-data.s3.amazonaws.com/photos/539395685/original.jpg,http://creativecommons.org/licenses/by-nc/4.0/,Tere Castelló,2048,1151
5908955262_0.jpg,Mammillaria jaliscana,5908955262,https://inaturalist-open-data.s3.amazonaws.com/photos/592311081/original.jpg,http://creativecommons.org/licenses/by/4.0/,Carlos Martínez,2048,917
5827604705_1.jpg,Mammillaria jaliscana,5827604705,https://inaturalist-open-data.s3.amazonaws.com/photos/563232492/original.jpg,http://creativecommons.org/licenses/by-nc/4.0/,diegoivancornejo,946,2048
5230366002_0.jpg,Mammillaria jaliscana,5230366002,https://inaturalist-open-data.s3.amazonaws.com/photos/539395365/original.jpg,http://creativecommons.org/licenses/by-nc/4.0/,Tere Castelló,1151,2048
5908955262_1.jpg,Mammillaria jaliscana,5908955262,https://inaturalist-open-data.s3.amazonaws.com/photos/592311173/original.jpg,http://creativecommons.org/licenses/by/4.0/,Carlos Martínez,2048,917
4516545277_0.jpg,Mammillaria jaliscana,4516545277,https://inaturalist-open-data.s3.amazonaws.com/photos/347239627/original.jpg,http://creativecommons.org/licenses/by-nc/4.0/,Nicolás Valente,2048,1536
5938366344_0.jpg,Mammillaria jaliscana,5938366344,https://inaturalist-open-data.s3.amazonaws.com/photos/600854713/original.jpg,http://creativecommons.org/licenses/by/4.0/,Ricardo Betancourt Sánchez,1536,2048
5938366344_1.jpg,Mammillaria jaliscana,5938366344,https://inaturalist-open-data.s3.amazonaws.com/photos/600854715/original.jpg,http://creativecommons.org/licenses/by/4.0/,Ricardo Betancourt Sánchez,1536,2048
5889663522_0.jpg,Mammillaria jaliscana,5889663522,https://inaturalist-open-data.s3.amazonaws.com/photos/587084073/original.jpg,http://creativecommons.org/licenses/by-nc/4.0/,Forest_13,2048,1536
4516867187_0.jpg,Mammillaria jaliscana,4516867187,https://inaturalist-open-data.s3.amazonaws.com/photos/347239568/original.jpg,http://creativecommons.org/licenses/by-nc/4.0/,Nicolás Valente,2048,1536
4516584307_0.jpg,Mammillaria jaliscana,4516584307,https://inaturalist-open-data.s3.amazonaws.com/photos/347238707/original.jpg,http://creativecommons.org/licenses/by-nc/4.0/,Nicolás Valente,1536,2048
4919213409_1.jpg,Mammillaria jaliscana,4919213409,https://inaturalist-open-data.s3.amazonaws.com/photos/412867136/original.jpeg,http://creativecommons.org/licenses/by-nc/4.0/,karen_rivera,1536,2048
4516603536_1.jpg,Mammillaria jaliscana,4516603536,https://inaturalist-open-data.s3.amazonaws.com/photos/348743080/original.jpeg,http://creativecommons.org/licenses/by-sa/4.0/,Juan Carlos A. Fierro,945,2048
4919213409_0.jpg,Mammillaria jaliscana,4919213409,https://inaturalist-open-data.s3.amazonaws.com/photos/412867095/original.jpeg,http://creativecommons.org/licenses/by-nc/4.0/,karen_rivera,1536,2048
4519136083_1.jpg,Mammillaria jaliscana,4519136083,https://inaturalist-open-data.s3.amazonaws.com/photos/348951867/original.jpeg,http://creativecommons.org/licenses/by-nc/4.0/,daniel_ambriz_0121,2048,1365
4519136083_0.jpg,Mammillaria jaliscana,4519136083,https://inaturalist-open-data.s3.amazonaws.com/photos/348951758/original.jpeg,http://creativecommons.org/licenses/by-nc/4.0/,daniel_ambriz_0121,2048,1365
4516603536_0.jpg,Mammillaria jaliscana,4516603536,https://inaturalist-open-data.s3.amazonaws.com/photos/348743067/original.jpeg,http://creativecommons.org/licenses/by-sa/4.0/,Juan Carlos A. Fierro,948,2048
4974026711_0.jpg,Mammillaria jaliscana,4974026711,https://inaturalist-open-data.s3.amazonaws.com/photos/442207774/original.jpeg,http://creativecommons.org/licenses/by-nc/4.0/,Kojak (Alan),780,1040
5759907294_0.jpg,Mammillaria jaliscana,5759907294,https://inaturalist-open-data.s3.amazonaws.com/photos/559284370/original.jpg,http://creativecommons.org/licenses/by-nc/4.0/,Jesús Manuel Lozano Mendoza,1536,2048
6353266073_0.jpg,Mammillaria jaliscana,6353266073,https://inaturalist-open-data.s3.amazonaws.com/photos/407424217/original.jpeg,http://creativecommons.org/licenses/by-nc/4.0/,Alexis Salazar,2048,1536
4516603536_2.jpg,Mammillaria jaliscana,4516603536,https://inaturalist-open-data.s3.amazonaws.com/photos/348743092/original.jpeg,http://creativecommons.org/licenses/by-sa/4.0/,Juan Carlos A. Fierro,945,2048
4926052453_1.jpg,Opuntia jaliscana,4926052453,https://inaturalist-open-data.s3.amazonaws.com/photos/376391989/original.jpg,http://creativecommons.org/licenses/by-nc/4.0/,Raúl Peralta Pardo,1080,720
4926395062_0.jpg,Opuntia jaliscana,4926395062,https://inaturalist-open-data.s3.amazonaws.com/photos/361746854/original.jpg,http://creativecommons.org/licenses/by-nc/4.0/,Raúl Peralta Pardo,1080,720
4926052453_0.jpg,Opuntia jaliscana,4926052453,https://inaturalist-open-data.s3.amazonaws.com/photos/376391987/original.jpg,http://creativecommons.org/licenses/by-nc/4.0/,Raúl Peralta Pardo,1080,720
4926395062_1.jpg,Opuntia jaliscana,4926395062,https://inaturalist-open-data.s3.amazonaws.com/photos/361746866/original.jpg,http://creativecommons.org/licenses/by-nc/4.0/,Raúl Peralta Pardo,1080,720
4926395062_2.jpg,Opuntia jaliscana,4926395062,https://inaturalist-open-data.s3.amazonaws.com/photos/361746875/original.jpg,http://creativecommons.org/licenses/by-nc/4.0/,Raúl Peralta Pardo,1080,720
6162825200_0.jpg,Opuntia jaliscana,6162825200,https://inaturalist-open-data.s3.amazonaws.com/photos/616740980/original.jpg,http://creativecommons.org/licenses/by-nc/4.0/,Roberto,2048,924
4606580799_0.jpg,Opuntia jaliscana,4606580799,https://inaturalist-open-data.s3.amazonaws.com/photos/346988629/original.jpg,http://creativecommons.org/licenses/by-nc/4.0/,Roberto,968,2048
4926388191_0.jpg,Opuntia jaliscana,4926388191,https://inaturalist-open-data.s3.amazonaws.com/photos/421198276/original.jpeg,http://creativecommons.org/licenses/by-nc/4.0/,Roberto,2048,1371
6130119466_0.jpg,Opuntia jaliscana,6130119466,https://inaturalist-open-data.s3.amazonaws.com/photos/608999533/original.jpg,http://creativecommons.org/licenses/by/4.0/,Gustavo ZaRo,2048,1536
5844423561_0.jpg,Opuntia jaliscana,5844423561,https://inaturalist-open-data.s3.amazonaws.com/photos/578818044/original.jpg,http://creativecommons.org/licenses/by-nc/4.0/,Guadalupe Castorena,2048,1536
4442373654_0.jpg,Opuntia jaliscana,4442373654,https://inaturalist-open-data.s3.amazonaws.com/photos/273816210/original.jpeg,http://creativecommons.org/licenses/by-sa/4.0/,Oscar Alejandro Morales Juárez,2048,1536
4442393700_0.jpg,Opuntia jaliscana,4442393700,https://inaturalist-open-data.s3.amazonaws.com/photos/280953935/original.jpg,http://creativecommons.org/licenses/by-nc/4.0/,andres111998,720,960
4442363812_0.jpg,Opuntia jaliscana,4442363812,https://inaturalist-open-data.s3.amazonaws.com/photos/298039802/original.jpg,http://creativecommons.org/licenses/by-nc-sa/4.0/,davidenrique,1536,2048
4442385793_2.jpg,Opuntia jaliscana,4442385793,https://inaturalist-open-data.s3.amazonaws.com/photos/302764379/original.jpg,http://creativecommons.org/licenses/by-nc-sa/4.0/,davidenrique,2048,1536
4442363812_1.jpg,Opuntia jaliscana,4442363812,https://inaturalist-open-data.s3.amazonaws.com/photos/298039752/original.jpg,http://creativecommons.org/licenses/by-nc-sa/4.0/,davidenrique,1536,2048
4442363812_3.jpg,Opuntia jaliscana,4442363812,https://inaturalist-open-data.s3.amazonaws.com/photos/298039890/original.jpg,http://creativecommons.org/licenses/by-nc-sa/4.0/,davidenrique,2048,1536
4442374610_0.jpg,Opuntia jaliscana,4442374610,https://inaturalist-open-data.s3.amazonaws.com/photos/273815209/original.jpeg,http://creativecommons.org/licenses/by-sa/4.0/,Oscar Alejandro Morales Juárez,2048,1536
4424172506_0.jpg,Opuntia jaliscana,4424172506,https://inaturalist-open-data.s3.amazonaws.com/photos/296565087/original.jpeg,http://creativecommons.org/licenses/by-nc/4.0/,Rincon aventurero,1536,2048
4442385793_0.jpg,Opuntia jaliscana,4442385793,https://inaturalist-open-data.s3.amazonaws.com/photos/302764308/original.jpg,http://creativecommons.org/licenses/by-nc-sa/4.0/,davidenrique,2048,1536
4442363812_2.jpg,Opuntia jaliscana,4442363812,https://inaturalist-open-data.s3.amazonaws.com/photos/298039855/original.jpg,http://creativecommons.org/licenses/by-nc-sa/4.0/,davidenrique,2048,1536
4442385793_3.jpg,Opuntia jaliscana,4442385793,https://inaturalist-open-data.s3.amazonaws.com/photos/302764412/original.jpg,http://creativecommons.org/licenses/by-nc-sa/4.0/,davidenrique,2048,1536
4442385793_1.jpg,Opuntia jaliscana,4442385793,https://inaturalist-open-data.s3.amazonaws.com/photos/302764344/original.jpg,http://creativecommons.org/licenses/by-nc-sa/4.0/,davidenrique,2048,1536
4442395798_0.jpg,Opuntia jaliscana,4442395798,https://inaturalist-open-data.s3.amazonaws.com/photos/302763272/original.jpg,http://creativecommons.org/licenses/by-nc-sa/4.0/,davidenrique,2048,1536
4442395798_3.jpg,Opuntia jaliscana,4442395798,https://inaturalist-open-data.s3.amazonaws.com/photos/302763357/original.jpg,http://creativecommons.org/licenses/by-nc-sa/4.0/,davidenrique,2048,1536
4454073662_0.jpg,Opuntia jaliscana,4454073662,https://inaturalist-open-data.s3.amazonaws.com/photos/337486625/original.jpg,http://creativecommons.org/licenses/by-nc/4.0/,Matt Becker,2048,1365
4453859694_1.jpg,Opuntia jaliscana,4453859694,https://inaturalist-open-data.s3.amazonaws.com/photos/337485671/original.jpg,http://creativecommons.org/licenses/by-nc/4.0/,Matt Becker,2048,1365
4454073662_2.jpg,Opuntia jaliscana,4454073662,https://inaturalist-open-data.s3.amazonaws.com/photos/337486700/original.jpg,http://creativecommons.org/licenses/by-nc/4.0/,Matt Becker,2048,1365
4453859694_0.jpg,Opuntia jaliscana,4453859694,https://inaturalist-open-data.s3.amazonaws.com/photos/337485619/original.jpg,http://creativecommons.org/licenses/by-nc/4.0/,Matt Becker,2048,1365
4454073662_3.jpg,Opuntia jaliscana,4454073662,https://inaturalist-open-data.s3.amazonaws.com/photos/337486695/original.jpg,http://creativecommons.org/licenses/by-nc/4.0/,Matt Becker,1365,2048
4442395798_1.jpg,Opuntia jaliscana,4442395798,https://inaturalist-open-data.s3.amazonaws.com/photos/302763280/original.jpg,http://creativecommons.org/licenses/by-nc-sa/4.0/,davidenrique,2048,1536
4454073662_1.jpg,Opuntia jaliscana,4454073662,https://inaturalist-open-data.s3.amazonaws.com/photos/337486689/original.jpg,http://creativecommons.org/licenses/by-nc/4.0/,Matt Becker,2048,1365
4442395798_2.jpg,Opuntia jaliscana,4442395798,https://inaturalist-open-data.s3.amazonaws.com/photos/302763338/original.jpg,http://creativecommons.org/licenses/by-nc-sa/4.0/,davidenrique,2048,1536
4442402437_0.jpg,Opuntia jaliscana,4442402437,https://inaturalist-open-data.s3.amazonaws.com/photos/176881709/original.jpg,http://creativecommons.org/licenses/by-nc/4.0/,Oscar Ramirez Arredondo,1152,2048
4442527456_0.jpg,Opuntia jaliscana,4442527456,https://inaturalist-open-data.s3.amazonaws.com/photos/192030090/original.jpeg,http://creativecommons.org/licenses/by-sa/4.0/,Oscar Alejandro Morales Juárez,2048,1536
4442371483_0.jpg,Opuntia jaliscana,4442371483,https://inaturalist-open-data.s3.amazonaws.com/photos/192015169/original.jpeg,http://creativecommons.org/licenses/by-sa/4.0/,Oscar Alejandro Morales Juárez,2048,1536
4442380485_0.jpg,Opuntia jaliscana,4442380485,https://inaturalist-open-data.s3.amazonaws.com/photos/192030936/original.jpeg,http://creativecommons.org/licenses/by-sa/4.0/,Oscar Alejandro Morales Juárez,2048,1536
4606905624_0.jpg,Opuntia jaliscana,4606905624,https://inaturalist-open-data.s3.amazonaws.com/photos/342629253/original.jpg,http://creativecommons.org/licenses/by-nc/4.0/,ismael_zavala_o,1536,2048
4606520211_1.jpg,Opuntia jaliscana,4606520211,https://inaturalist-open-data.s3.amazonaws.com/photos/337486807/original.jpg,http://creativecommons.org/licenses/by-nc/4.0/,Matt Becker,1365,2048
4606520211_0.jpg,Opuntia jaliscana,4606520211,https://inaturalist-open-data.s3.amazonaws.com/photos/337486799/original.jpg,http://creativecommons.org/licenses/by-nc/4.0/,Matt Becker,1365,2048
4442375466_0.jpg,Opuntia jaliscana,4442375466,https://inaturalist-open-data.s3.amazonaws.com/photos/195423703/original.jpeg,http://creativecommons.org/licenses/by-sa/4.0/,Oscar Alejandro Morales Juárez,2048,1536
4442486486_0.jpg,Opuntia jaliscana,4442486486,https://inaturalist-open-data.s3.amazonaws.com/photos/192015108/original.jpeg,http://creativecommons.org/licenses/by-sa/4.0/,Oscar Alejandro Morales Juárez,2048,1536
4442509423_0.jpg,Opuntia jaliscana,4442509423,https://inaturalist-open-data.s3.amazonaws.com/photos/156332304/original.jpg,http://creativecommons.org/licenses/by-nc/4.0/,conejolunar,750,744
4442374577_0.jpg,Opuntia jaliscana,4442374577,https://inaturalist-open-data.s3.amazonaws.com/photos/263357048/original.jpeg,http://creativecommons.org/licenses/by-nc/4.0/,Alan Medina,2048,1365
4442591560_0.jpg,Opuntia jaliscana,4442591560,https://inaturalist-open-data.s3.amazonaws.com/photos/239197495/original.jpeg,http://creativecommons.org/licenses/by-nc/4.0/,abrahamgutierrez,1536,2048
4442359572_0.jpg,Opuntia jaliscana,4442359572,https://inaturalist-open-data.s3.amazonaws.com/photos/239453675/original.jpeg,http://creativecommons.org/licenses/by-nc/4.0/,Rincon aventurero,942,2048
4442587578_0.jpg,Opuntia jaliscana,4442587578,https://inaturalist-open-data.s3.amazonaws.com/photos/235786226/original.jpeg,http://creativecommons.org/licenses/by-nc/4.0/,Roberto,2048,1371
4442530547_0.jpg,Opuntia jaliscana,4442530547,https://inaturalist-open-data.s3.amazonaws.com/photos/232740471/original.jpeg,http://creativecommons.org/licenses/by-sa/4.0/,Oscar Alejandro Morales Juárez,2048,1536
4076207698_0.jpg,Opuntia jaliscana,4076207698,https://inaturalist-open-data.s3.amazonaws.com/photos/212098487/original.jpeg,http://creativecommons.org/licenses/by-nc/4.0/,Jesús Moreno Navarro,2048,1367
4442640583_0.jpg,Opuntia jaliscana,4442640583,https://inaturalist-open-data.s3.amazonaws.com/photos/249550587/original.jpg,http://creativecommons.org/licenses/by-nc/4.0/,sanger_sanguaro,2048,1536
4442627393_0.jpg,Opuntia jaliscana,4442627393,https://inaturalist-open-data.s3.amazonaws.com/photos/111901447/original.jpg,http://creativecommons.org/licenses/by/4.0/,Carlos Domínguez-Rodríguez,1536,2048
3302016587_1.jpg,Opuntia jaliscana,3302016587,https://inaturalist-open-data.s3.amazonaws.com/photos/127992772/original.jpg,http://creativecommons.org/licenses/by/4.0/,Carlos Domínguez-Rodríguez,1536,2048
4442627393_1.jpg,Opuntia jaliscana,4442627393,https://inaturalist-open-data.s3.amazonaws.com/photos/111901473/original.jpg,http://creativecommons.org/licenses/by/4.0/,Carlos Domínguez-Rodríguez,1536,2048
3302016587_0.jpg,Opuntia jaliscana,3302016587,https://inaturalist-open-data.s3.amazonaws.com/photos/127992698/original.jpg,http://creativecommons.org/licenses/by/4.0/,Carlos Domínguez-Rodríguez,1536,2048
4442476426_1.jpg,Opuntia jaliscana,4442476426,https://inaturalist-open-data.s3.amazonaws.com/photos/111899230/original.jpg,http://creativecommons.org/licenses/by/4.0/,Carlos Domínguez-Rodríguez,1536,2048
3302016587_2.jpg,Opuntia jaliscana,3302016587,https://inaturalist-open-data.s3.amazonaws.com/photos/127992781/original.jpg,http://creativecommons.org/licenses/by/4.0/,Carlos Domínguez-Rodríguez,1536,2048
4442405374_0.jpg,Opuntia jaliscana,4442405374,https://inaturalist-open-data.s3.amazonaws.com/photos/113942013/original.jpeg,http://creativecommons.org/licenses/by/4.0/,Carlos Domínguez-Rodríguez,2048,1365
4442476426_0.jpg,Opuntia jaliscana,4442476426,https://inaturalist-open-data.s3.amazonaws.com/photos/111899195/original.jpg,http://creativecommons.org/licenses/by/4.0/,Carlos Domínguez-Rodríguez,1536,2048
4442405374_1.jpg,Opuntia jaliscana,4442405374,https://inaturalist-open-data.s3.amazonaws.com/photos/113942016/original.jpeg,http://creativecommons.org/licenses/by/4.0/,Carlos Domínguez-Rodríguez,2048,1365
3302016587_3.jpg,Opuntia jaliscana,3302016587,https://inaturalist-open-data.s3.amazonaws.com/photos/127992796/original.jpg,http://creativecommons.org/licenses/by/4.0/,Carlos Domínguez-Rodríguez,1536,2048
3302021613_1.jpg,Opuntia jaliscana,3302021613,https://inaturalist-open-data.s3.amazonaws.com/photos/127992874/original.jpg,http://creativecommons.org/licenses/by/4.0/,Carlos Domínguez-Rodríguez,1536,2048
3302021613_0.jpg,Opuntia jaliscana,3302021613,https://inaturalist-open-data.s3.amazonaws.com/photos/127992875/original.jpg,http://creativecommons.org/licenses/by/4.0/,Carlos Domínguez-Rodríguez,1536,2048
3302021613_3.jpg,Opuntia jaliscana,3302021613,https://inaturalist-open-data.s3.amazonaws.com/photos/127992986/original.jpg,http://creativecommons.org/licenses/by/4.0/,Carlos Domínguez-Rodríguez,1536,2048
4442347429_0.jpg,Opuntia jaliscana,4442347429,https://inaturalist-open-data.s3.amazonaws.com/photos/129557275/original.jpg,http://creativecommons.org/licenses/by-nc/4.0/,Oscar Ramirez Arredondo,1536,2048
4442373409_0.jpg,Opuntia jaliscana,4442373409,https://inaturalist-open-data.s3.amazonaws.com/photos/126089943/original.jpeg,http://creativecommons.org/licenses/by-sa/4.0/,Oscar Alejandro Morales Juárez,2048,1536
3302021613_2.jpg,Opuntia jaliscana,3302021613,https://inaturalist-open-data.s3.amazonaws.com/photos/127992886/original.jpg,http://creativecommons.org/licenses/by/4.0/,Carlos Domínguez-Rodríguez,1536,2048
3302021613_4.jpg,Opuntia jaliscana,3302021613,https://inaturalist-open-data.s3.amazonaws.com/photos/127992989/original.jpg,http://creativecommons.org/licenses/by/4.0/,Carlos Domínguez-Rodríguez,1536,2048
4442364437_0.jpg,Opuntia jaliscana,4442364437,https://inaturalist-open-data.s3.amazonaws.com/photos/125994377/original.jpeg,http://creativecommons.org/licenses/by-sa/4.0/,Oscar Alejandro Morales Juárez,2048,1536
6133445693_0.jpg,Nolina parviflora,6133445693,https://inaturalist-open-data.s3.amazonaws.com/photos/612319801/original.jpg,http://creativecommons.org/licenses/by-nc/4.0/,Alejandro Calzada Arciniega,2048,1365
6130669696_0.jpg,Nolina parviflora,6130669696,https://inaturalist-open-data.s3.amazonaws.com/photos/608644303/original.jpg,http://creativecommons.org/licenses/by-nc/4.0/,Juan Carlos López Domínguez,1536,2048
6252321257_0.jpg,Nolina parviflora,6252321257,https://inaturalist-open-data.s3.amazonaws.com/photos/653719858/original.jpg,http://creativecommons.org/licenses/by-nc/4.0/,Guillermo Alejandro Pérez-Flores,1152,2048
6159677698_1.jpg,Nolina parviflora,6159677698,https://inaturalist-open-data.s3.amazonaws.com/photos/614831094/original.jpg,http://creativecommons.org/licenses/by/4.0/,Erick Vélez Sánchez,1536,2048
6185005017_0.jpg,Nolina parviflora,6185005017,https://inaturalist-open-data.s3.amazonaws.com/photos/626709765/original.jpg,http://creativecommons.org/licenses/by-nc/4.0/,escudodefuego,1536,2048
6178777790_0.jpg,Nolina parviflora,6178777790,https://inaturalist-open-data.s3.amazonaws.com/photos/622833183/original.jpg,http://creativecommons.org/licenses/by-nc/4.0/,Andres Vila,1536,2048
6159271816_1.jpg,Nolina parviflora,6159271816,https://inaturalist-open-data.s3.amazonaws.com/photos/614712579/original.jpg,http://creativecommons.org/licenses/by/4.0/,Erick Vélez Sánchez,1536,2048
6159271816_0.jpg,Nolina parviflora,6159271816,https://inaturalist-open-data.s3.amazonaws.com/photos/614712559/original.jpg,http://creativecommons.org/licenses/by/4.0/,Erick Vélez Sánchez,1536,2048
6178777790_1.jpg,Nolina parviflora,6178777790,https://inaturalist-open-data.s3.amazonaws.com/photos/622833184/original.jpg,http://creativecommons.org/licenses/by-nc/4.0/,Andres Vila,1536,2048
6159677698_0.jpg,Nolina parviflora,6159677698,https://inaturalist-open-data.s3.amazonaws.com/photos/614831072/original.jpg,http://creativecommons.org/licenses/by/4.0/,Erick Vélez Sánchez,1536,2048
6234431594_1.jpg,Nolina parviflora,6234431594,https://inaturalist-open-data.s3.amazonaws.com/photos/647151996/original.jpg,http://creativecommons.org/licenses/by-nc/4.0/,Arturo,1536,2048
6234431594_0.jpg,Nolina parviflora,6234431594,https://inaturalist-open-data.s3.amazonaws.com/photos/647151915/original.jpg,http://creativecommons.org/licenses/by-nc/4.0/,Arturo,1536,2048
6236343541_0.jpg,Nolina parviflora,6236343541,https://inaturalist-open-data.s3.amazonaws.com/photos/645930348/original.jpg,http://creativecommons.org/licenses/by-nc/4.0/,Luis Vigosa,1536,2048
6236343541_1.jpg,Nolina parviflora,6236343541,https://inaturalist-open-data.s3.amazonaws.com/photos/645930437/original.jpg,http://creativecommons.org/licenses/by-nc/4.0/,Luis Vigosa,1536,2048
6252129534_0.jpg,Nolina parviflora,6252129534,https://inaturalist-open-data.s3.amazonaws.com/photos/649149194/original.jpg,http://creativecommons.org/licenses/by-nc/4.0/,dioney_tellez,1536,2048
6236343541_2.jpg,Nolina parviflora,6236343541,https://inaturalist-open-data.s3.amazonaws.com/photos/645930501/original.jpg,http://creativecommons.org/licenses/by-nc/4.0/,Luis Vigosa,1536,2048
6251483415_0.jpg,Nolina parviflora,6251483415,https://inaturalist-open-data.s3.amazonaws.com/photos/648658446/original.jpg,http://creativecommons.org/licenses/by-nc/4.0/,José Antonio Plascencia Ponce,945,2048
6236027005_0.jpg,Nolina parviflora,6236027005,https://inaturalist-open-data.s3.amazonaws.com/photos/647153467/original.jpg,http://creativecommons.org/licenses/by-nc/4.0/,Arturo,1536,2048
6235096541_0.jpg,Nolina parviflora,6235096541,https://inaturalist-open-data.s3.amazonaws.com/photos/646090422/original.jpg,http://creativecommons.org/licenses/by-nc/4.0/,Nathan Zárate,2048,1365
6235569756_0.jpg,Nolina parviflora,6235569756,https://inaturalist-open-data.s3.amazonaws.com/photos/644669792/original.jpg,http://creativecommons.org/licenses/by-nc/4.0/,Carlos Gonzalez Villalobos,1365,2048
6252129534_1.jpg,Nolina parviflora,6252129534,https://inaturalist-open-data.s3.amazonaws.com/photos/649149251/original.jpg,http://creativecommons.org/licenses/by-nc/4.0/,dioney_tellez,1536,2048
6252769677_0.jpg,Nolina parviflora,6252769677,https://inaturalist-open-data.s3.amazonaws.com/photos/649597346/original.jpg,http://creativecommons.org/licenses/by-nc/4.0/,dioney_tellez,1536,2048
6252769677_1.jpg,Nolina parviflora,6252769677,https://inaturalist-open-data.s3.amazonaws.com/photos/649597849/original.jpg,http://creativecommons.org/licenses/by-nc/4.0/,dioney_tellez,1536,2048
6235317483_1.jpg,Nolina parviflora,6235317483,https://inaturalist-open-data.s3.amazonaws.com/photos/645933773/original.jpg,http://creativecommons.org/licenses/by/4.0/,Hugo Juárez,1152,2048
6235317483_0.jpg,Nolina parviflora,6235317483,https://inaturalist-open-data.s3.amazonaws.com/photos/645933658/original.jpg,http://creativecommons.org/licenses/by/4.0/,Hugo Juárez,1152,2048
6273968311_0.jpg,Nolina parviflora,6273968311,https://inaturalist-open-data.s3.amazonaws.com/photos/638147165/original.jpg,http://creativecommons.org/licenses/by-nc/4.0/,Tury AM,1536,2048
6252854543_0.jpg,Nolina parviflora,6252854543,https://inaturalist-open-data.s3.amazonaws.com/photos/650598913/original.jpg,http://creativecommons.org/licenses/by-nc/4.0/,Eliud Hernández,1536,2048
6252854543_2.jpg,Nolina parviflora,6252854543,https://inaturalist-open-data.s3.amazonaws.com/photos/650598974/original.jpg,http://creativecommons.org/licenses/by-nc/4.0/,Eliud Hernández,1536,2048
6273879379_1.jpg,Nolina parviflora,6273879379,https://inaturalist-open-data.s3.amazonaws.com/photos/657743769/original.jpg,http://creativecommons.org/licenses/by-nc/4.0/,Erick Jesús Anaya-Gutiérrez,2048,1152
6252854543_1.jpg,Nolina parviflora,6252854543,https://inaturalist-open-data.s3.amazonaws.com/photos/650598941/original.jpg,http://creativecommons.org/licenses/by-nc/4.0/,Eliud Hernández,1536,2048
6273763507_0.jpg,Nolina parviflora,6273763507,https://inaturalist-open-data.s3.amazonaws.com/photos/648274858/original.jpg,http://creativecommons.org/licenses/by-nc/4.0/,anaya aguilar jose juan,1536,2048
6273850136_0.jpg,Nolina parviflora,6273850136,https://inaturalist-open-data.s3.amazonaws.com/photos/635039354/original.jpg,http://creativecommons.org/licenses/by-nc/4.0/,Tury AM,2048,2048
6273672426_0.jpg,Nolina parviflora,6273672426,https://inaturalist-open-data.s3.amazonaws.com/photos/635039731/original.jpg,http://creativecommons.org/licenses/by-nc/4.0/,Tury AM,1536,2048
6274056475_1.jpg,Nolina parviflora,6274056475,https://inaturalist-open-data.s3.amazonaws.com/photos/647833069/original.jpg,http://creativecommons.org/licenses/by-nc/4.0/,TeamTzibim,1536,2048
6274056475_0.jpg,Nolina parviflora,6274056475,https://inaturalist-open-data.s3.amazonaws.com/photos/647833062/original.jpg,http://creativecommons.org/licenses/by-nc/4.0/,TeamTzibim,1680,2048
6273879379_0.jpg,Nolina parviflora,6273879379,https://inaturalist-open-data.s3.amazonaws.com/photos/657740007/original.jpg,http://creativecommons.org/licenses/by-nc/4.0/,Erick Jesús Anaya-Gutiérrez,2048,1152
6274177595_1.jpg,Nolina parviflora,6274177595,https://inaturalist-open-data.s3.amazonaws.com/photos/657256673/original.jpg,http://creativecommons.org/licenses/by-nc/4.0/,David ZanSan,1536,2048
6274177595_2.jpg,Nolina parviflora,6274177595,https://inaturalist-open-data.s3.amazonaws.com/photos/657256715/original.jpg,http://creativecommons.org/licenses/by-nc/4.0/,David ZanSan,1536,2048
6274177595_0.jpg,Nolina parviflora,6274177595,https://inaturalist-open-data.s3.amazonaws.com/photos/657256627/original.jpg,http://creativecommons.org/licenses/by-nc/4.0/,David ZanSan,1536,2048
6451857666_0.jpg,Nolina parviflora,6451857666,https://inaturalist-open-data.s3.amazonaws.com/photos/697882564/original.jpg,http://creativecommons.org/licenses/by-nc/4.0/,Enrique Nicanor,2048,1542
6130892259_1.jpg,Nolina parviflora,6130892259,https://inaturalist-open-data.s3.amazonaws.com/photos/608822608/original.jpg,http://creativecommons.org/licenses/by-nc/4.0/,Carlos Vivanco S.,2048,1365
6130892259_0.jpg,Nolina parviflora,6130892259,https://inaturalist-open-data.s3.amazonaws.com/photos/608822606/original.jpg,http://creativecommons.org/licenses/by-nc/4.0/,Carlos Vivanco S.,2048,1365
5133555192_0.jpg,Nolina parviflora,5133555192,https://inaturalist-open-data.s3.amazonaws.com/photos/467739932/original.jpg,http://creativecommons.org/licenses/by-nc/4.0/,feduchy,1152,2048
6334577438_0.jpg,Nolina parviflora,6334577438,https://inaturalist-open-data.s3.amazonaws.com/photos/641639711/original.jpg,http://creativecommons.org/licenses/by-nc/4.0/,Leticia Soriano Flores,2048,1536
6130892259_2.jpg,Nolina parviflora,6130892259,https://inaturalist-open-data.s3.amazonaws.com/photos/608822607/original.jpg,http://creativecommons.org/licenses/by-nc/4.0/,Carlos Vivanco S.,1365,2048
6334550027_0.jpg,Nolina parviflora,6334550027,https://inaturalist-open-data.s3.amazonaws.com/photos/639817845/original.jpg,http://creativecommons.org/licenses/by-nc/4.0/,Leticia Soriano Flores,2048,1536
5087129763_0.jpg,Nolina parviflora,5087129763,https://inaturalist-open-data.s3.amazonaws.com/photos/463432787/original.jpeg,http://creativecommons.org/licenses/by-nc/4.0/,CarinaCR,2048,1536
6399668671_0.jpg,Nolina parviflora,6399668671,https://inaturalist-open-data.s3.amazonaws.com/photos/675777696/original.jpg,http://creativecommons.org/licenses/by-nc/4.0/,Miguel Ángel Mota Ayala,2048,1365
5133726590_0.jpg,Nolina parviflora,5133726590,https://inaturalist-open-data.s3.amazonaws.com/photos/472575811/original.jpeg,http://creativecommons.org/licenses/by-nc/4.0/,Sarahí Díaz-Mota,1536,2048
5108472752_0.jpg,Nolina parviflora,5108472752,https://inaturalist-open-data.s3.amazonaws.com/photos/481114832/original.jpeg,http://creativecommons.org/licenses/by-nc/4.0/,"Cerón-Jiménez, O.E.",944,2048
5108472752_1.jpg,Nolina parviflora,5108472752,https://inaturalist-open-data.s3.amazonaws.com/photos/481114877/original.jpeg,http://creativecommons.org/licenses/by-nc/4.0/,"Cerón-Jiménez, O.E.",945,2048
5140855851_0.jpg,Nolina parviflora,5140855851,https://inaturalist-open-data.s3.amazonaws.com/photos/494593713/original.jpeg,http://creativecommons.org/licenses/by-nc/4.0/,Biol. Sebastián Acosta,1499,2048
5141113869_2.jpg,Nolina parviflora,5141113869,https://inaturalist-open-data.s3.amazonaws.com/photos/496075196/original.jpg,http://creativecommons.org/licenses/by-nc/4.0/,Bodo Nuñez Oberg,2048,2048
5133781414_0.jpg,Nolina parviflora,5133781414,https://inaturalist-open-data.s3.amazonaws.com/photos/471701010/original.jpg,http://creativecommons.org/licenses/by-nc/4.0/,Francis Joyce,1536,2048
5141113869_1.jpg,Nolina parviflora,5141113869,https://inaturalist-open-data.s3.amazonaws.com/photos/496075120/original.jpg,http://creativecommons.org/licenses/by-nc/4.0/,Bodo Nuñez Oberg,2048,2048
5133323293_0.jpg,Nolina parviflora,5133323293,https://inaturalist-open-data.s3.amazonaws.com/photos/485525930/original.jpeg,http://creativecommons.org/licenses/by-nc/4.0/,promotores_ambientales_puebla,1560,2048
5141113869_0.jpg,Nolina parviflora,5141113869,https://inaturalist-open-data.s3.amazonaws.com/photos/496075123/original.jpg,http://creativecommons.org/licenses/by-nc/4.0/,Bodo Nuñez Oberg,2048,2048
5153227709_0.jpg,Nolina parviflora,5153227709,https://inaturalist-open-data.s3.amazonaws.com/photos/499222550/original.jpeg,http://creativecommons.org/licenses/by-nc/4.0/,Arián Isaac Malagón Coronado,1280,960
5153085132_0.jpg,Nolina parviflora,5153085132,https://inaturalist-open-data.s3.amazonaws.com/photos/498624491/original.jpeg,http://creativecommons.org/licenses/by-nc/4.0/,Erick Jesús Anaya-Gutiérrez,2048,2048
5153085132_2.jpg,Nolina parviflora,5153085132,https://inaturalist-open-data.s3.amazonaws.com/photos/498625391/original.jpeg,http://creativecommons.org/licenses/by-nc/4.0/,Erick Jesús Anaya-Gutiérrez,2048,2048
5153085132_1.jpg,Nolina parviflora,5153085132,https://inaturalist-open-data.s3.amazonaws.com/photos/498624943/original.jpeg,http://creativecommons.org/licenses/by-nc/4.0/,Erick Jesús Anaya-Gutiérrez,2048,2048
5153227709_2.jpg,Nolina parviflora,5153227709,https://inaturalist-open-data.s3.amazonaws.com/photos/499222632/original.jpeg,http://creativecommons.org/licenses/by-nc/4.0/,Arián Isaac Malagón Coronado,1280,960
5153227709_5.jpg,Nolina parviflora,5153227709,https://inaturalist-open-data.s3.amazonaws.com/photos/499222733/original.jpeg,http://creativecommons.org/licenses/by-nc/4.0/,Arián Isaac Malagón Coronado,1280,958
5153227709_1.jpg,Nolina parviflora,5153227709,https://inaturalist-open-data.s3.amazonaws.com/photos/499222583/original.jpeg,http://creativecommons.org/licenses/by-nc/4.0/,Arián Isaac Malagón Coronado,960,1280
5153227709_4.jpg,Nolina parviflora,5153227709,https://inaturalist-open-data.s3.amazonaws.com/photos/499222703/original.jpeg,http://creativecommons.org/licenses/by-nc/4.0/,Arián Isaac Malagón Coronado,1280,958
5153227709_3.jpg,Nolina parviflora,5153227709,https://inaturalist-open-data.s3.amazonaws.com/photos/499222665/original.jpeg,http://creativecommons.org/licenses/by-nc/4.0/,Arián Isaac Malagón Coronado,958,1280
5153346332_0.jpg,Nolina parviflora,5153346332,https://inaturalist-open-data.s3.amazonaws.com/photos/498888722/original.jpeg,http://creativecommons.org/licenses/by-nc/4.0/,Erick Jesús Anaya-Gutiérrez,2048,2048
5153346332_1.jpg,Nolina parviflora,5153346332,https://inaturalist-open-data.s3.amazonaws.com/photos/498888776/original.jpeg,http://creativecommons.org/licenses/by-nc/4.0/,Erick Jesús Anaya-Gutiérrez,2048,2048
5938124455_0.jpg,Tillandsia recurvata,5938124455,https://inaturalist-open-data.s3.amazonaws.com/photos/604648177/original.jpg,http://creativecommons.org/licenses/by/4.0/,Linda Jo Conn,2048,1509
5938027776_1.jpg,Tillandsia recurvata,5938027776,https://inaturalist-open-data.s3.amazonaws.com/photos/604935921/original.jpg,http://creativecommons.org/licenses/by-nc/4.0/,Cyndie Segovia,922,2048
5938029982_0.jpg,Tillandsia recurvata,5938029982,https://inaturalist-open-data.s3.amazonaws.com/photos/605550478/original.jpg,http://creativecommons.org/licenses/by-nc/4.0/,Michelle Goerdel,2048,1518
5938110979_0.jpg,Tillandsia recurvata,5938110979,https://inaturalist-open-data.s3.amazonaws.com/photos/605752523/original.jpg,http://creativecommons.org/licenses/by-nc/4.0/,mm-drhaus,1536,2048
5938031749_0.jpg,Tillandsia recurvata,5938031749,https://inaturalist-open-data.s3.amazonaws.com/photos/605149037/original.jpg,http://creativecommons.org/licenses/by-nc/4.0/,mm-drhaus,1536,2048
5938124455_1.jpg,Tillandsia recurvata,5938124455,https://inaturalist-open-data.s3.amazonaws.com/photos/604647833/original.jpg,http://creativecommons.org/licenses/by/4.0/,Linda Jo Conn,1828,2048
5938033617_0.jpg,Tillandsia recurvata,5938033617,https://inaturalist-open-data.s3.amazonaws.com/photos/604664865/original.jpg,http://creativecommons.org/licenses/by-nc/4.0/,S.,2048,1542
5938027776_0.jpg,Tillandsia recurvata,5938027776,https://inaturalist-open-data.s3.amazonaws.com/photos/604935904/original.jpg,http://creativecommons.org/licenses/by-nc/4.0/,Cyndie Segovia,922,2048
5938099491_0.jpg,Tillandsia recurvata,5938099491,https://inaturalist-open-data.s3.amazonaws.com/photos/604605512/original.jpg,http://creativecommons.org/licenses/by-nc/4.0/,Seth Faught,1536,2048
5938099272_0.jpg,Tillandsia recurvata,5938099272,https://inaturalist-open-data.s3.amazonaws.com/photos/604580359/original.jpg,http://creativecommons.org/licenses/by-nc/4.0/,Henry Fries,1434,2048
5938133955_0.jpg,Tillandsia recurvata,5938133955,https://inaturalist-open-data.s3.amazonaws.com/photos/605388367/original.jpg,http://creativecommons.org/licenses/by-nc/4.0/,Slyphleb,1536,2048
5938134873_0.jpg,Tillandsia recurvata,5938134873,https://inaturalist-open-data.s3.amazonaws.com/photos/604604755/original.jpg,http://creativecommons.org/licenses/by-nc/4.0/,SpyingNaturalist,2048,2048
5938134873_1.jpg,Tillandsia recurvata,5938134873,https://inaturalist-open-data.s3.amazonaws.com/photos/604604775/original.jpg,http://creativecommons.org/licenses/by-nc/4.0/,SpyingNaturalist,1638,2048
5938133955_7.jpg,Tillandsia recurvata,5938133955,https://inaturalist-open-data.s3.amazonaws.com/photos/605388603/original.jpg,http://creativecommons.org/licenses/by-nc/4.0/,Slyphleb,1536,2048
5938133955_1.jpg,Tillandsia recurvata,5938133955,https://inaturalist-open-data.s3.amazonaws.com/photos/605388394/original.jpg,http://creativecommons.org/licenses/by-nc/4.0/,Slyphleb,1536,2048
5938133955_5.jpg,Tillandsia recurvata,5938133955,https://inaturalist-open-data.s3.amazonaws.com/photos/605388569/original.jpg,http://creativecommons.org/licenses/by-nc/4.0/,Slyphleb,1536,2048
5938133955_3.jpg,Tillandsia recurvata,5938133955,https://inaturalist-open-data.s3.amazonaws.com/photos/605388477/original.jpg,http://creativecommons.org/licenses/by-nc/4.0/,Slyphleb,1536,2048
5938133955_4.jpg,Tillandsia recurvata,5938133955,https://inaturalist-open-data.s3.amazonaws.com/photos/605388533/original.jpg,http://creativecommons.org/licenses/by-nc/4.0/,Slyphleb,1536,2048
5938133955_6.jpg,Tillandsia recurvata,5938133955,https://inaturalist-open-data.s3.amazonaws.com/photos/605388586/original.jpg,http://creativecommons.org/licenses/by-nc/4.0/,Slyphleb,1536,2048
5938133955_2.jpg,Tillandsia recurvata,5938133955,https://inaturalist-open-data.s3.amazonaws.com/photos/605388433/original.jpg,http://creativecommons.org/licenses/by-nc/4.0/,Slyphleb,1536,2048
5938223288_1.jpg,Tillandsia recurvata,5938223288,https://inaturalist-open-data.s3.amazonaws.com/photos/605504915/original.jpg,http://creativecommons.org/licenses/by-nc/4.0/,plateauville,2048,1536
5938148968_0.jpg,Tillandsia recurvata,5938148968,https://inaturalist-open-data.s3.amazonaws.com/photos/604808082/original.jpg,http://creativecommons.org/licenses/by-nc/4.0/,hoof2home,1152,2048
5938212960_0.jpg,Tillandsia recurvata,5938212960,https://inaturalist-open-data.s3.amazonaws.com/photos/605353916/original.jpg,http://creativecommons.org/licenses/by-nc/4.0/,Arles García,1542,2048
5938196222_0.jpg,Tillandsia recurvata,5938196222,https://inaturalist-open-data.s3.amazonaws.com/photos/605461199/original.jpg,http://creativecommons.org/licenses/by-nc/4.0/,Ron Stephens,2048,2048
5938196222_1.jpg,Tillandsia recurvata,5938196222,https://inaturalist-open-data.s3.amazonaws.com/photos/605461196/original.jpg,http://creativecommons.org/licenses/by-nc/4.0/,Ron Stephens,2048,2048
5938223288_2.jpg,Tillandsia recurvata,5938223288,https://inaturalist-open-data.s3.amazonaws.com/photos/605504944/original.jpg,http://creativecommons.org/licenses/by-nc/4.0/,plateauville,2048,1536
5938223288_0.jpg,Tillandsia recurvata,5938223288,https://inaturalist-open-data.s3.amazonaws.com/photos/605504883/original.jpg,http://creativecommons.org/licenses/by-nc/4.0/,plateauville,2048,1536
5938195940_0.jpg,Tillandsia recurvata,5938195940,https://inaturalist-open-data.s3.amazonaws.com/photos/605676643/original.jpg,http://creativecommons.org/licenses/by-nc/4.0/,Cathey Osborne,1152,2048
5938269978_0.jpg,Tillandsia recurvata,5938269978,https://inaturalist-open-data.s3.amazonaws.com/photos/605156532/original.jpg,http://creativecommons.org/licenses/by-nc/4.0/,Sam Hain,1542,2048
5938288663_0.jpg,Tillandsia recurvata,5938288663,https://inaturalist-open-data.s3.amazonaws.com/photos/605362559/original.jpg,http://creativecommons.org/licenses/by-nc/4.0/,Bill Pranty,2048,2048
5938276013_0.jpg,Tillandsia recurvata,5938276013,https://inaturalist-open-data.s3.amazonaws.com/photos/605723223/original.jpg,http://creativecommons.org/licenses/by-nc/4.0/,Adid Jimenez,2048,1536
5938297837_0.jpg,Tillandsia recurvata,5938297837,https://inaturalist-open-data.s3.amazonaws.com/photos/605396552/original.jpg,http://creativecommons.org/licenses/by/4.0/,Brandon Corder,1536,2048
5938286112_2.jpg,Tillandsia recurvata,5938286112,https://inaturalist-open-data.s3.amazonaws.com/photos/604633146/original.jpg,http://creativecommons.org/publicdomain/zero/1.0/,naturedom12,1535,2048
5938286112_1.jpg,Tillandsia recurvata,5938286112,https://inaturalist-open-data.s3.amazonaws.com/photos/604633148/original.jpg,http://creativecommons.org/publicdomain/zero/1.0/,naturedom12,1536,2048
5938288877_0.jpg,Tillandsia recurvata,5938288877,https://inaturalist-open-data.s3.amazonaws.com/photos/605511661/original.jpg,http://creativecommons.org/licenses/by-nc/4.0/,"Andy Goerdel - Texas Master Naturalist, Good Water Chapter",1466,2048
5938297859_0.jpg,Tillandsia recurvata,5938297859,https://inaturalist-open-data.s3.amazonaws.com/photos/605433810/original.jpg,http://creativecommons.org/licenses/by-nc/4.0/,hmc50class,1536,2048
5938288279_0.jpg,Tillandsia recurvata,5938288279,https://inaturalist-open-data.s3.amazonaws.com/photos/604851145/original.jpg,http://creativecommons.org/licenses/by-nc/4.0/,corlisscrabtree,1152,2048
5938297859_1.jpg,Tillandsia recurvata,5938297859,https://inaturalist-open-data.s3.amazonaws.com/photos/605433831/original.jpg,http://creativecommons.org/licenses/by-nc/4.0/,hmc50class,1536,2048
5938286112_0.jpg,Tillandsia recurvata,5938286112,https://inaturalist-open-data.s3.amazonaws.com/photos/604633144/original.jpg,http://creativecommons.org/publicdomain/zero/1.0/,naturedom12,1536,2048
5938286112_4.jpg,Tillandsia recurvata,5938286112,https://inaturalist-open-data.s3.amazonaws.com/photos/604633169/original.jpg,http://creativecommons.org/publicdomain/zero/1.0/,naturedom12,1536,2048
5938297859_2.jpg,Tillandsia recurvata,5938297859,https://inaturalist-open-data.s3.amazonaws.com/photos/605433852/original.jpg,http://creativecommons.org/licenses/by-nc/4.0/,hmc50class,1536,2048
5938307328_0.jpg,Tillandsia recurvata,5938307328,https://inaturalist-open-data.s3.amazonaws.com/photos/605676503/original.jpg,http://creativecommons.org/licenses/by-nc/4.0/,Cathey Osborne,1152,2048
5938286112_3.jpg,Tillandsia recurvata,5938286112,https://inaturalist-open-data.s3.amazonaws.com/photos/604633163/original.jpg,http://creativecommons.org/publicdomain/zero/1.0/,naturedom12,1536,2048
5938063852_0.jpg,Pteridium aquilinum,5938063852,https://inaturalist-open-data.s3.amazonaws.com/photos/605639202/original.jpg,http://creativecommons.org/licenses/by-nc/4.0/,Miroslav Stamenov,2048,1152
5938055059_0.jpg,Pteridium aquilinum,5938055059,https://inaturalist-open-data.s3.amazonaws.com/photos/604749227/original.jpg,http://creativecommons.org/licenses/by-nc/4.0/,Miroslav Stamenov,1152,2048
5938095006_0.jpg,Pteridium aquilinum,5938095006,https://inaturalist-open-data.s3.amazonaws.com/photos/604765351/original.jpg,http://creativecommons.org/licenses/by-nc/4.0/,Puzankov Aleksei,1536,2048
5938096437_0.jpg,Pteridium aquilinum,5938096437,https://inaturalist-open-data.s3.amazonaws.com/photos/605642454/original.jpg,http://creativecommons.org/licenses/by-nc/4.0/,Miroslav Stamenov,1152,2048
5938155871_0.jpg,Pteridium aquilinum,5938155871,https://inaturalist-open-data.s3.amazonaws.com/photos/605642535/original.jpg,http://creativecommons.org/licenses/by-nc/4.0/,Miroslav Stamenov,2048,1152
5938063604_0.jpg,Pteridium aquilinum,5938063604,https://inaturalist-open-data.s3.amazonaws.com/photos/605676115/original.jpg,http://creativecommons.org/licenses/by-nc/4.0/,Miroslav Stamenov,2048,1152
5938068794_0.jpg,Pteridium aquilinum,5938068794,https://inaturalist-open-data.s3.amazonaws.com/photos/604469535/original.jpg,http://creativecommons.org/licenses/by-nc/4.0/,charlie_eaton,1536,2048
5938128933_0.jpg,Pteridium aquilinum,5938128933,https://inaturalist-open-data.s3.amazonaws.com/photos/604869952/original.jpg,http://creativecommons.org/licenses/by-nc/4.0/,wag4ag,1152,2048
5938174419_0.jpg,Pteridium aquilinum,5938174419,https://inaturalist-open-data.s3.amazonaws.com/photos/605000233/original.jpg,http://creativecommons.org/licenses/by-nc/4.0/,Reuben Heydenrych,2048,1152
5938238713_0.jpg,Pteridium aquilinum,5938238713,https://inaturalist-open-data.s3.amazonaws.com/photos/605641086/original.jpg,http://creativecommons.org/licenses/by-nc/4.0/,Miroslav Stamenov,2048,1152
5938246670_0.jpg,Pteridium aquilinum,5938246670,https://inaturalist-open-data.s3.amazonaws.com/photos/604686631/original.jpg,http://creativecommons.org/licenses/by-nc/4.0/,Jude Magann,1536,2048
5938162518_0.jpg,Pteridium aquilinum,5938162518,https://inaturalist-open-data.s3.amazonaws.com/photos/604770436/original.jpg,http://creativecommons.org/licenses/by-nc/4.0/,Miroslav Stamenov,2048,1152
5938166720_0.jpg,Pteridium aquilinum,5938166720,https://inaturalist-open-data.s3.amazonaws.com/photos/605640135/original.jpg,http://creativecommons.org/licenses/by-nc/4.0/,Miroslav Stamenov,2048,1152
5938203729_0.jpg,Pteridium aquilinum,5938203729,https://inaturalist-open-data.s3.amazonaws.com/photos/604782226/original.jpg,http://creativecommons.org/licenses/by-nc/4.0/,ethan_bocq,1542,2048
5938246670_1.jpg,Pteridium aquilinum,5938246670,https://inaturalist-open-data.s3.amazonaws.com/photos/604686659/original.jpg,http://creativecommons.org/licenses/by-nc/4.0/,Jude Magann,1536,2048
5938241786_0.jpg,Pteridium aquilinum,5938241786,https://inaturalist-open-data.s3.amazonaws.com/photos/605186136/original.jpg,http://creativecommons.org/licenses/by-nc/4.0/,Shannon Schmunk,1152,2048
5938164791_0.jpg,Pteridium aquilinum,5938164791,https://inaturalist-open-data.s3.amazonaws.com/photos/605016088/original.jpg,http://creativecommons.org/licenses/by-nc/4.0/,Dalya Levin,2048,1536
5938302581_0.jpg,Pteridium aquilinum,5938302581,https://inaturalist-open-data.s3.amazonaws.com/photos/605389660/original.jpg,http://creativecommons.org/publicdomain/zero/1.0/,Patrick Le Mao,2048,1154
5938253314_0.jpg,Pteridium aquilinum,5938253314,https://inaturalist-open-data.s3.amazonaws.com/photos/604750011/original.jpg,http://creativecommons.org/licenses/by-nc/4.0/,Miroslav Stamenov,2048,1152
5938343935_0.jpg,Pteridium aquilinum,5938343935,https://inaturalist-open-data.s3.amazonaws.com/photos/604841652/original.jpg,http://creativecommons.org/licenses/by-nc/4.0/,Miroslav Stamenov,2048,1152
5938318450_1.jpg,Pteridium aquilinum,5938318450,https://inaturalist-open-data.s3.amazonaws.com/photos/604891359/original.jpg,http://creativecommons.org/licenses/by/4.0/,Timothy McNitt,1542,2048
5938318450_2.jpg,Pteridium aquilinum,5938318450,https://inaturalist-open-data.s3.amazonaws.com/photos/604891371/original.jpg,http://creativecommons.org/licenses/by/4.0/,Timothy McNitt,1542,2048
5938318450_0.jpg,Pteridium aquilinum,5938318450,https://inaturalist-open-data.s3.amazonaws.com/photos/604891339/original.jpg,http://creativecommons.org/licenses/by/4.0/,Timothy McNitt,1542,2048
5938350879_0.jpg,Pteridium aquilinum,5938350879,https://inaturalist-open-data.s3.amazonaws.com/photos/604751577/original.jpg,http://creativecommons.org/licenses/by-nc/4.0/,Miroslav Stamenov,2048,1152
5938337077_0.jpg,Pteridium aquilinum,5938337077,https://inaturalist-open-data.s3.amazonaws.com/photos/604819232/original.jpg,http://creativecommons.org/licenses/by/4.0/,Duarte Frade,2048,1536
5938282982_0.jpg,Pteridium aquilinum,5938282982,https://inaturalist-open-data.s3.amazonaws.com/photos/604509099/original.jpg,http://creativecommons.org/publicdomain/zero/1.0/,Patrick Le Mao,1369,2048
5938338092_0.jpg,Pteridium aquilinum,5938338092,https://inaturalist-open-data.s3.amazonaws.com/photos/604962231/original.jpg,http://creativecommons.org/licenses/by-nc/4.0/,DiGua Su,1536,2048
5938420951_0.jpg,Pteridium aquilinum,5938420951,https://inaturalist-open-data.s3.amazonaws.com/photos/605638304/original.jpg,http://creativecommons.org/licenses/by-nc/4.0/,Miroslav Stamenov,2048,1152
5938482825_0.jpg,Pteridium aquilinum,5938482825,https://inaturalist-open-data.s3.amazonaws.com/photos/605062157/original.jpg,http://creativecommons.org/licenses/by-nc/4.0/,Piotr Chylarecki,1152,2048
5938423987_0.jpg,Pteridium aquilinum,5938423987,https://inaturalist-open-data.s3.amazonaws.com/photos/605643676/original.jpg,http://creativecommons.org/licenses/by-nc/4.0/,Miroslav Stamenov,1152,2048
5938356181_0.jpg,Pteridium aquilinum,5938356181,https://inaturalist-open-data.s3.amazonaws.com/photos/604770323/original.jpg,http://creativecommons.org/licenses/by-nc/4.0/,Miroslav Stamenov,2048,1152
5938401171_0.jpg,Pteridium aquilinum,5938401171,https://inaturalist-open-data.s3.amazonaws.com/photos/604796863/original.jpg,http://creativecommons.org/licenses/by-nc/4.0/,Bart Wursten,1536,2048
5938448920_0.jpg,Pteridium aquilinum,5938448920,https://inaturalist-open-data.s3.amazonaws.com/photos/605369677/original.jpg,http://creativecommons.org/licenses/by-nc/4.0/,Birdworld,1152,2048
5938459655_0.jpg,Pteridium aquilinum,5938459655,https://inaturalist-open-data.s3.amazonaws.com/photos/605167461/original.jpg,http://creativecommons.org/licenses/by-nc/4.0/,Rafael Carvalho,2048,1536
5938478755_0.jpg,Pteridium aquilinum,5938478755,https://inaturalist-open-data.s3.amazonaws.com/photos/605209188/original.jpg,http://creativecommons.org/licenses/by-nc/4.0/,Brian Starzomski,2048,1841
5938493948_0.jpg,Pteridium aquilinum,5938493948,https://inaturalist-open-data.s3.amazonaws.com/photos/605633329/original.jpg,http://creativecommons.org/licenses/by-nc/4.0/,Miroslav Stamenov,1152,2048
5938593609_0.jpg,Pteridium aquilinum,5938593609,https://inaturalist-open-data.s3.amazonaws.com/photos/604804138/original.jpg,http://creativecommons.org/licenses/by-nc/4.0/,brownheadednuthatch,1536,2048
5938500131_1.jpg,Pteridium aquilinum,5938500131,https://inaturalist-open-data.s3.amazonaws.com/photos/605143955/original.jpg,http://creativecommons.org/licenses/by-nc/4.0/,sashacahill,1152,2048
5938606968_0.jpg,Pteridium aquilinum,5938606968,https://inaturalist-open-data.s3.amazonaws.com/photos/605655295/original.jpg,http://creativecommons.org/licenses/by-nc/4.0/,Miroslav Stamenov,2048,1152
5938500131_0.jpg,Pteridium aquilinum,5938500131,https://inaturalist-open-data.s3.amazonaws.com/photos/605143929/original.jpg,http://creativecommons.org/licenses/by-nc/4.0/,sashacahill,1152,2048
5938570234_0.jpg,Pteridium aquilinum,5938570234,https://inaturalist-open-data.s3.amazonaws.com/photos/605637721/original.jpg,http://creativecommons.org/licenses/by-nc/4.0/,Miroslav Stamenov,2048,1152
5938516186_0.jpg,Pteridium aquilinum,5938516186,https://inaturalist-open-data.s3.amazonaws.com/photos/604751178/original.jpg,http://creativecommons.org/licenses/by-nc/4.0/,Miroslav Stamenov,2048,1152
5938597340_0.jpg,Pteridium aquilinum,5938597340,https://inaturalist-open-data.s3.amazonaws.com/photos/605381731/original.jpg,http://creativecommons.org/licenses/by-nc/4.0/,Sepp Schmid,2048,1365
5938630866_0.jpg,Pteridium aquilinum,5938630866,https://inaturalist-open-data.s3.amazonaws.com/photos/604836572/original.jpg,http://creativecommons.org/licenses/by-nc/4.0/,Bart Wursten,2048,1536
5938640244_0.jpg,Pteridium aquilinum,5938640244,https://inaturalist-open-data.s3.amazonaws.com/photos/604508174/original.jpg,http://creativecommons.org/licenses/by-nc/4.0/,quinnial,1536,2048
5938663569_1.jpg,Pteridium aquilinum,5938663569,https://inaturalist-open-data.s3.amazonaws.com/photos/605413022/original.jpg,http://creativecommons.org/licenses/by-nc/4.0/,Eric M Powell,1536,2048
5938663569_0.jpg,Pteridium aquilinum,5938663569,https://inaturalist-open-data.s3.amazonaws.com/photos/605413023/original.jpg,http://creativecommons.org/licenses/by-nc/4.0/,Eric M Powell,1536,2048
5938632513_0.jpg,Pteridium aquilinum,5938632513,https://inaturalist-open-data.s3.amazonaws.com/photos/604753077/original.jpg,http://creativecommons.org/licenses/by-nc/4.0/,Miroslav Stamenov,2048,1152
5938690876_2.jpg,Pteridium aquilinum,5938690876,https://inaturalist-open-data.s3.amazonaws.com/photos/604965396/original.jpg,http://creativecommons.org/licenses/by-nc/4.0/,Felicia Gershberg,1463,2048
5938690876_1.jpg,Pteridium aquilinum,5938690876,https://inaturalist-open-data.s3.amazonaws.com/photos/604965384/original.jpg,http://creativecommons.org/licenses/by-nc/4.0/,Felicia Gershberg,1473,2048
5938690876_0.jpg,Pteridium aquilinum,5938690876,https://inaturalist-open-data.s3.amazonaws.com/photos/604965372/original.jpg,http://creativecommons.org/licenses/by-nc/4.0/,Felicia Gershberg,1437,2048
5938634855_0.jpg,Pteridium aquilinum,5938634855,https://inaturalist-open-data.s3.amazonaws.com/photos/604611036/original.jpg,http://creativecommons.org/licenses/by-nc/4.0/,Damadama,1536,2048
5938691367_0.jpg,Pteridium aquilinum,5938691367,https://inaturalist-open-data.s3.amazonaws.com/photos/605694932/original.jpg,http://creativecommons.org/licenses/by-nc-nd/4.0/,manelor,2048,1536
5938691367_1.jpg,Pteridium aquilinum,5938691367,https://inaturalist-open-data.s3.amazonaws.com/photos/605694943/original.jpg,http://creativecommons.org/licenses/by-nc-nd/4.0/,manelor,2048,1536
5938691367_2.jpg,Pteridium aquilinum,5938691367,https://inaturalist-open-data.s3.amazonaws.com/photos/605694944/original.jpg,http://creativecommons.org/licenses/by-nc-nd/4.0/,manelor,2048,1536
5938634855_2.jpg,Pteridium aquilinum,5938634855,https://inaturalist-open-data.s3.amazonaws.com/photos/604611064/original.jpg,http://creativecommons.org/licenses/by-nc/4.0/,Damadama,1536,2048
5938691367_3.jpg,Pteridium aquilinum,5938691367,https://inaturalist-open-data.s3.amazonaws.com/photos/605694945/original.jpg,http://creativecommons.org/licenses/by-nc-nd/4.0/,manelor,2048,1536
5938634855_1.jpg,Pteridium aquilinum,5938634855,https://inaturalist-open-data.s3.amazonaws.com/photos/604611052/original.jpg,http://creativecommons.org/licenses/by-nc/4.0/,Damadama,1536,2048
5938691367_4.jpg,Pteridium aquilinum,5938691367,https://inaturalist-open-data.s3.amazonaws.com/photos/605694956/original.jpg,http://creativecommons.org/licenses/by-nc-nd/4.0/,manelor,1536,2048
6129815487_2.jpg,Pteridium aquilinum,6129815487,https://inaturalist-open-data.s3.amazonaws.com/photos/607010736/original.jpg,http://creativecommons.org/licenses/by-nc/4.0/,stefmatis,2048,1536
6129818104_0.jpg,Pteridium aquilinum,6129818104,https://inaturalist-open-data.s3.amazonaws.com/photos/607128913/original.jpg,http://creativecommons.org/licenses/by-nc/4.0/,Miroslav Stamenov,2048,1152
6129815487_1.jpg,Pteridium aquilinum,6129815487,https://inaturalist-open-data.s3.amazonaws.com/photos/607010704/original.jpg,http://creativecommons.org/licenses/by-nc/4.0/,stefmatis,1536,2048
6129815487_0.jpg,Pteridium aquilinum,6129815487,https://inaturalist-open-data.s3.amazonaws.com/photos/607010675/original.jpg,http://creativecommons.org/licenses/by-nc/4.0/,stefmatis,1536,2048
6129833123_1.jpg,Pteridium aquilinum,6129833123,https://inaturalist-open-data.s3.amazonaws.com/photos/606090301/original.jpg,http://creativecommons.org/licenses/by-nc/4.0/,yerbasanta,1152,2048
6129819832_0.jpg,Pteridium aquilinum,6129819832,https://inaturalist-open-data.s3.amazonaws.com/photos/608499725/original.jpg,http://creativecommons.org/licenses/by-nc/4.0/,rkluzco,2048,1296
6129833123_3.jpg,Pteridium aquilinum,6129833123,https://inaturalist-open-data.s3.amazonaws.com/photos/606090333/original.jpg,http://creativecommons.org/licenses/by-nc/4.0/,yerbasanta,1152,2048
6129833123_0.jpg,Pteridium aquilinum,6129833123,https://inaturalist-open-data.s3.amazonaws.com/photos/606090283/original.jpg,http://creativecommons.org/licenses/by-nc/4.0/,yerbasanta,1152,2048
6129833123_4.jpg,Pteridium aquilinum,6129833123,https://inaturalist-open-data.s3.amazonaws.com/photos/606090348/original.jpg,http://creativecommons.org/licenses/by-nc/4.0/,yerbasanta,1152,2048
6129833123_2.jpg,Pteridium aquilinum,6129833123,https://inaturalist-open-data.s3.amazonaws.com/photos/606090325/original.jpg,http://creativecommons.org/licenses/by-nc/4.0/,yerbasanta,1152,2048
6129849272_1.jpg,Pteridium aquilinum,6129849272,https://inaturalist-open-data.s3.amazonaws.com/photos/610465042/original.jpg,http://creativecommons.org/licenses/by-nc/4.0/,David,1536,2048
6129849272_0.jpg,Pteridium aquilinum,6129849272,https://inaturalist-open-data.s3.amazonaws.com/photos/610465006/original.jpg,http://creativecommons.org/licenses/by-nc/4.0/,David,1536,2048
6129858882_0.jpg,Pteridium aquilinum,6129858882,https://inaturalist-open-data.s3.amazonaws.com/photos/607738671/original.jpg,http://creativecommons.org/licenses/by/4.0/,John Baur,2048,1536
6129913931_0.jpg,Pteridium aquilinum,6129913931,https://inaturalist-open-data.s3.amazonaws.com/photos/610137211/original.jpg,http://creativecommons.org/licenses/by-nc/4.0/,maurycyandrzej,1536,2048
6129915021_0.jpg,Pteridium aquilinum,6129915021,https://inaturalist-open-data.s3.amazonaws.com/photos/609257943/original.jpg,http://creativecommons.org/licenses/by-sa/4.0/,Tony Rebelo,2048,1368
6129892440_0.jpg,Pteridium aquilinum,6129892440,https://inaturalist-open-data.s3.amazonaws.com/photos/606362454/original.jpg,http://creativecommons.org/licenses/by-nc/4.0/,Rafael Carvalho,2048,1536
6129913931_1.jpg,Pteridium aquilinum,6129913931,https://inaturalist-open-data.s3.amazonaws.com/photos/610137226/original.jpg,http://creativecommons.org/licenses/by-nc/4.0/,maurycyandrzej,1536,2048
6129913931_2.jpg,Pteridium aquilinum,6129913931,https://inaturalist-open-data.s3.amazonaws.com/photos/610137234/original.jpg,http://creativecommons.org/licenses/by-nc/4.0/,maurycyandrzej,1536,2048
6129916787_0.jpg,Pteridium aquilinum,6129916787,https://inaturalist-open-data.s3.amazonaws.com/photos/607681776/original.jpg,http://creativecommons.org/licenses/by-nc/4.0/,Anuta Kl,1152,2048
6129925335_0.jpg,Pteridium aquilinum,6129925335,https://inaturalist-open-data.s3.amazonaws.com/photos/607127710/original.jpg,http://creativecommons.org/licenses/by-nc/4.0/,Miroslav Stamenov,1152,2048
6129979413_0.jpg,Pteridium aquilinum,6129979413,https://inaturalist-open-data.s3.amazonaws.com/photos/605916655/original.jpg,http://creativecommons.org/licenses/by-nc/4.0/,Sepp Schmid,2048,1365
6129953445_0.jpg,Pteridium aquilinum,6129953445,https://inaturalist-open-data.s3.amazonaws.com/photos/606378083/original.jpg,http://creativecommons.org/publicdomain/zero/1.0/,Patrick Le Mao,2048,1154
6129949985_0.jpg,Pteridium aquilinum,6129949985,https://inaturalist-open-data.s3.amazonaws.com/photos/606659691/original.jpg,http://creativecommons.org/publicdomain/zero/1.0/,Patrick Le Mao,1154,2048
6129920730_0.jpg,Pteridium aquilinum,6129920730,https://inaturalist-open-data.s3.amazonaws.com/photos/609279949/original.jpg,http://creativecommons.org/licenses/by-sa/4.0/,Tony Rebelo,2048,1368
6129948784_0.jpg,Pteridium aquilinum,6129948784,https://inaturalist-open-data.s3.amazonaws.com/photos/610137272/original.jpg,http://creativecommons.org/licenses/by-nc/4.0/,maurycyandrzej,1536,2048
6129951084_0.jpg,Pteridium aquilinum,6129951084,https://inaturalist-open-data.s3.amazonaws.com/photos/606661303/original.jpg,http://creativecommons.org/licenses/by-nc/4.0/,Mike,2048,1152
6129969695_0.jpg,Pteridium aquilinum,6129969695,https://inaturalist-open-data.s3.amazonaws.com/photos/608616288/original.jpg,http://creativecommons.org/licenses/by-nc/4.0/,Andrew Lamb,2048,1536
6130035231_0.jpg,Pteridium aquilinum,6130035231,https://inaturalist-open-data.s3.amazonaws.com/photos/605533176/original.jpg,http://creativecommons.org/licenses/by-nc/4.0/,bazarov,2048,1536
6130054388_0.jpg,Pteridium aquilinum,6130054388,https://inaturalist-open-data.s3.amazonaws.com/photos/606367945/original.jpg,http://creativecommons.org/licenses/by-nc/4.0/,Miroslav Stamenov,2048,1152
6130068773_1.jpg,Pteridium aquilinum,6130068773,https://inaturalist-open-data.s3.amazonaws.com/photos/606167337/original.jpg,http://creativecommons.org/licenses/by/4.0/,Анна Митрошенкова,1150,2048
6130003401_0.jpg,Pteridium aquilinum,6130003401,https://inaturalist-open-data.s3.amazonaws.com/photos/609257703/original.jpg,http://creativecommons.org/licenses/by-sa/4.0/,Tony Rebelo,2048,1368
6130054104_0.jpg,Pteridium aquilinum,6130054104,https://inaturalist-open-data.s3.amazonaws.com/photos/605980360/original.jpg,http://creativecommons.org/licenses/by-nc/4.0/,Hunter Thompson,1152,2048
6130050237_0.jpg,Pteridium aquilinum,6130050237,https://inaturalist-open-data.s3.amazonaws.com/photos/609557727/original.jpg,http://creativecommons.org/licenses/by/4.0/,jamie-aa,2048,1536
6130070252_0.jpg,Pteridium aquilinum,6130070252,https://inaturalist-open-data.s3.amazonaws.com/photos/610859173/original.jpg,http://creativecommons.org/licenses/by-nc/4.0/,Sarah Reid,1536,2048
6130068773_0.jpg,Pteridium aquilinum,6130068773,https://inaturalist-open-data.s3.amazonaws.com/photos/606167305/original.jpg,http://creativecommons.org/licenses/by/4.0/,Анна Митрошенкова,1150,2048
6130007083_0.jpg,Pteridium aquilinum,6130007083,https://inaturalist-open-data.s3.amazonaws.com/photos/608456237/original.jpg,http://creativecommons.org/licenses/by-sa/4.0/,Tony Rebelo,2048,1368
6130080614_0.jpg,Pteridium aquilinum,6130080614,https://inaturalist-open-data.s3.amazonaws.com/photos/610052604/original.jpg,http://creativecommons.org/licenses/by-nc/4.0/,sageost,1536,2048
6130080614_1.jpg,Pteridium aquilinum,6130080614,https://inaturalist-open-data.s3.amazonaws.com/photos/610052629/original.jpg,http://creativecommons.org/licenses/by-nc/4.0/,sageost,1536,2048
6130121223_0.jpg,Pteridium aquilinum,6130121223,https://inaturalist-open-data.s3.amazonaws.com/photos/607128389/original.jpg,http://creativecommons.org/licenses/by-nc/4.0/,Miroslav Stamenov,2048,1152
6130098072_0.jpg,Pteridium aquilinum,6130098072,https://inaturalist-open-data.s3.amazonaws.com/photos/609483517/original.jpg,http://creativecommons.org/publicdomain/zero/1.0/,Patrick Le Mao,2048,1154
6130078593_0.jpg,Pteridium aquilinum,6130078593,https://inaturalist-open-data.s3.amazonaws.com/photos/609768215/original.jpg,http://creativecommons.org/licenses/by-sa/4.0/,Tony Rebelo,2048,1368
6130078450_0.jpg,Pteridium aquilinum,6130078450,https://inaturalist-open-data.s3.amazonaws.com/photos/609279246/original.jpg,http://creativecommons.org/licenses/by-sa/4.0/,Tony Rebelo,2048,1368
6130072476_0.jpg,Pteridium aquilinum,6130072476,https://inaturalist-open-data.s3.amazonaws.com/photos/608408439/original.jpg,http://creativecommons.org/licenses/by-nc/4.0/,Miroslav Stamenov,2048,1152
6130080453_0.jpg,Pteridium aquilinum,6130080453,https://inaturalist-open-data.s3.amazonaws.com/photos/609279721/original.jpg,http://creativecommons.org/licenses/by-sa/4.0/,Tony Rebelo,2048,1368
6130074859_1.jpg,Pteridium aquilinum,6130074859,https://inaturalist-open-data.s3.amazonaws.com/photos/606112870/original.jpg,http://creativecommons.org/licenses/by-nc/4.0/,Daniel Conradie,1536,2048
6130074859_0.jpg,Pteridium aquilinum,6130074859,https://inaturalist-open-data.s3.amazonaws.com/photos/606112847/original.jpg,http://creativecommons.org/licenses/by-nc/4.0/,Daniel Conradie,1536,2048
6130153031_0.jpg,Pteridium aquilinum,6130153031,https://inaturalist-open-data.s3.amazonaws.com/photos/609954881/original.jpg,http://creativecommons.org/publicdomain/zero/1.0/,Patrick Le Mao,2048,1154
6130161674_0.jpg,Pteridium aquilinum,6130161674,https://inaturalist-open-data.s3.amazonaws.com/photos/606534602/original.jpg,http://creativecommons.org/licenses/by-nc/4.0/,John D Reynolds,2048,1151
6130181890_0.jpg,Pteridium aquilinum,6130181890,https://inaturalist-open-data.s3.amazonaws.com/photos/610060712/original.jpg,http://creativecommons.org/licenses/by-nc/4.0/,Jean-Marc Vanel,1536,2048
6130174260_0.jpg,Pteridium aquilinum,6130174260,https://inaturalist-open-data.s3.amazonaws.com/photos/606872638/original.jpg,http://creativecommons.org/licenses/by-nc/4.0/,Aliaksandr Mialik,1536,2048
6130128755_0.jpg,Pteridium aquilinum,6130128755,https://inaturalist-open-data.s3.amazonaws.com/photos/608698328/original.jpg,http://creativecommons.org/licenses/by-sa/4.0/,Tony Rebelo,2048,1368
6130153031_1.jpg,Pteridium aquilinum,6130153031,https://inaturalist-open-data.s3.amazonaws.com/photos/609954903/original.jpg,http://creativecommons.org/publicdomain/zero/1.0/,Patrick Le Mao,2048,1154
6130152045_0.jpg,Pteridium aquilinum,6130152045,https://inaturalist-open-data.s3.amazonaws.com/photos/608521467/original.jpg,http://creativecommons.org/licenses/by-nc/4.0/,Florenci Vallès Sala,2046,2048
6130185396_0.jpg,Pteridium aquilinum,6130185396,https://inaturalist-open-data.s3.amazonaws.com/photos/609398313/original.jpg,http://creativecommons.org/licenses/by-sa/4.0/,Tony Rebelo,2048,1368
6130128039_0.jpg,Pteridium aquilinum,6130128039,https://inaturalist-open-data.s3.amazonaws.com/photos/604531237/original.jpg,http://creativecommons.org/licenses/by-nc/4.0/,derekmoss,1536,2048
5938079176_1.jpg,Adiantum capillus-veneris,5938079176,https://inaturalist-open-data.s3.amazonaws.com/photos/604909407/original.jpg,http://creativecommons.org/licenses/by-nc/4.0/,nightmarenewt,2048,1365
5938111131_0.jpg,Adiantum capillus-veneris,5938111131,https://inaturalist-open-data.s3.amazonaws.com/photos/604877037/original.jpg,http://creativecommons.org/licenses/by-nc/4.0/,SpyingNaturalist,1536,2048
5938116721_1.jpg,Adiantum capillus-veneris,5938116721,https://inaturalist-open-data.s3.amazonaws.com/photos/604731418/original.jpg,http://creativecommons.org/licenses/by-nc/4.0/,wetlandwanderer,2048,1542
5938162993_0.jpg,Adiantum capillus-veneris,5938162993,https://inaturalist-open-data.s3.amazonaws.com/photos/605362210/original.jpg,http://creativecommons.org/licenses/by/4.0/,Piotr Panek,1536,2048
5938116721_3.jpg,Adiantum capillus-veneris,5938116721,https://inaturalist-open-data.s3.amazonaws.com/photos/604731434/original.jpg,http://creativecommons.org/licenses/by-nc/4.0/,wetlandwanderer,1542,2048
5938116721_2.jpg,Adiantum capillus-veneris,5938116721,https://inaturalist-open-data.s3.amazonaws.com/photos/604731425/original.jpg,http://creativecommons.org/licenses/by-nc/4.0/,wetlandwanderer,2048,1542
5938116721_0.jpg,Adiantum capillus-veneris,5938116721,https://inaturalist-open-data.s3.amazonaws.com/photos/604731409/original.jpg,http://creativecommons.org/licenses/by-nc/4.0/,wetlandwanderer,1542,2048
5938039633_0.jpg,Adiantum capillus-veneris,5938039633,https://inaturalist-open-data.s3.amazonaws.com/photos/605027692/original.jpg,http://creativecommons.org/licenses/by-nc/4.0/,Steve Wu,1152,2048
5938185736_0.jpg,Adiantum capillus-veneris,5938185736,https://inaturalist-open-data.s3.amazonaws.com/photos/604905260/original.jpg,http://creativecommons.org/licenses/by-nc/4.0/,nightmarenewt,1528,1018
5938079176_0.jpg,Adiantum capillus-veneris,5938079176,https://inaturalist-open-data.s3.amazonaws.com/photos/604909380/original.jpg,http://creativecommons.org/licenses/by-nc/4.0/,nightmarenewt,2048,1365
5938163211_0.jpg,Adiantum capillus-veneris,5938163211,https://inaturalist-open-data.s3.amazonaws.com/photos/605116238/original.jpg,http://creativecommons.org/licenses/by/4.0/,Daniel Castanhal García,1536,2048
5938173754_0.jpg,Adiantum capillus-veneris,5938173754,https://inaturalist-open-data.s3.amazonaws.com/photos/605618656/original.jpg,http://creativecommons.org/licenses/by-nc/4.0/,liushengyu,1536,2048
5938194097_1.jpg,Adiantum capillus-veneris,5938194097,https://inaturalist-open-data.s3.amazonaws.com/photos/604798966/original.jpg,http://creativecommons.org/licenses/by-nc/4.0/,Víctor Díaz,1058,1058
5938224278_0.jpg,Adiantum capillus-veneris,5938224278,https://inaturalist-open-data.s3.amazonaws.com/photos/605279039/original.jpg,http://creativecommons.org/licenses/by-nc/4.0/,Zach Leeper,2048,1365
5938248426_0.jpg,Adiantum capillus-veneris,5938248426,https://inaturalist-open-data.s3.amazonaws.com/photos/605429877/original.jpg,http://creativecommons.org/licenses/by-nc/4.0/,mildred_ehrenfeld,1384,1264
5938233993_0.jpg,Adiantum capillus-veneris,5938233993,https://inaturalist-open-data.s3.amazonaws.com/photos/605097946/original.jpg,http://creativecommons.org/licenses/by-nc/4.0/,Sonja Deneve,1536,2048
5938248426_1.jpg,Adiantum capillus-veneris,5938248426,https://inaturalist-open-data.s3.amazonaws.com/photos/605117956/original.jpg,http://creativecommons.org/licenses/by-nc/4.0/,mildred_ehrenfeld,1297,1651
5938194097_0.jpg,Adiantum capillus-veneris,5938194097,https://inaturalist-open-data.s3.amazonaws.com/photos/604798951/original.jpg,http://creativecommons.org/licenses/by-nc/4.0/,Víctor Díaz,1536,2048
5938204304_0.jpg,Adiantum capillus-veneris,5938204304,https://inaturalist-open-data.s3.amazonaws.com/photos/604786836/original.jpg,http://creativecommons.org/licenses/by-nc/4.0/,jltasset,2048,1536
5938252044_0.jpg,Adiantum capillus-veneris,5938252044,https://inaturalist-open-data.s3.amazonaws.com/photos/605121050/original.jpg,http://creativecommons.org/licenses/by-nc/4.0/,jaume,1536,2048
5938194553_0.jpg,Adiantum capillus-veneris,5938194553,https://inaturalist-open-data.s3.amazonaws.com/photos/605063642/original.jpg,http://creativecommons.org/licenses/by-nc/4.0/,Marco Guarasci,1365,2048
5938216335_0.jpg,Adiantum capillus-veneris,5938216335,https://inaturalist-open-data.s3.amazonaws.com/photos/604472715/original.jpg,http://creativecommons.org/licenses/by-nc/4.0/,weetabexx,1542,2048
5938252044_1.jpg,Adiantum capillus-veneris,5938252044,https://inaturalist-open-data.s3.amazonaws.com/photos/605121045/original.jpg,http://creativecommons.org/licenses/by-nc/4.0/,jaume,1536,2048
5938352637_4.jpg,Adiantum capillus-veneris,5938352637,https://inaturalist-open-data.s3.amazonaws.com/photos/633637852/original.jpg,http://creativecommons.org/licenses/by-nc/4.0/,Bart Wursten,1800,1200
5938352637_3.jpg,Adiantum capillus-veneris,5938352637,https://inaturalist-open-data.s3.amazonaws.com/photos/633637853/original.jpg,http://creativecommons.org/licenses/by-nc/4.0/,Bart Wursten,1800,1200
5938272788_0.jpg,Adiantum capillus-veneris,5938272788,https://inaturalist-open-data.s3.amazonaws.com/photos/604498440/original.jpg,http://creativecommons.org/licenses/by-nc/4.0/,dorolangel,2048,1542
5938352637_1.jpg,Adiantum capillus-veneris,5938352637,https://inaturalist-open-data.s3.amazonaws.com/photos/604815809/original.jpg,http://creativecommons.org/licenses/by-nc/4.0/,Bart Wursten,1536,2048
5938372012_1.jpg,Adiantum capillus-veneris,5938372012,https://inaturalist-open-data.s3.amazonaws.com/photos/605098776/original.jpg,http://creativecommons.org/licenses/by-nc-sa/4.0/,Roland Kaiser,2048,1536
5938352637_0.jpg,Adiantum capillus-veneris,5938352637,https://inaturalist-open-data.s3.amazonaws.com/photos/604815736/original.jpg,http://creativecommons.org/licenses/by-nc/4.0/,Bart Wursten,2048,1536
5938275838_0.jpg,Adiantum capillus-veneris,5938275838,https://inaturalist-open-data.s3.amazonaws.com/photos/605619517/original.jpg,http://creativecommons.org/licenses/by-nc/4.0/,liushengyu,1536,2048
5938372012_0.jpg,Adiantum capillus-veneris,5938372012,https://inaturalist-open-data.s3.amazonaws.com/photos/605098774/original.jpg,http://creativecommons.org/licenses/by-nc-sa/4.0/,Roland Kaiser,2048,1536
5938352637_2.jpg,Adiantum capillus-veneris,5938352637,https://inaturalist-open-data.s3.amazonaws.com/photos/604815909/original.jpg,http://creativecommons.org/licenses/by-nc/4.0/,Bart Wursten,2048,1536
5938372012_2.jpg,Adiantum capillus-veneris,5938372012,https://inaturalist-open-data.s3.amazonaws.com/photos/605098781/original.jpg,http://creativecommons.org/licenses/by-nc-sa/4.0/,Roland Kaiser,2048,1536
5938399680_0.jpg,Adiantum capillus-veneris,5938399680,https://inaturalist-open-data.s3.amazonaws.com/photos/604502777/original.jpg,http://creativecommons.org/licenses/by-nc/4.0/,Ángel Hernández Montesinos,921,2048
5938388774_0.jpg,Adiantum capillus-veneris,5938388774,https://inaturalist-open-data.s3.amazonaws.com/photos/604502964/original.jpg,http://creativecommons.org/licenses/by-nc/4.0/,Norbert Helm,1613,2048
5938372012_3.jpg,Adiantum capillus-veneris,5938372012,https://inaturalist-open-data.s3.amazonaws.com/photos/605098771/original.jpg,http://creativecommons.org/licenses/by-nc-sa/4.0/,Roland Kaiser,2048,1536
5938275075_0.jpg,Adiantum capillus-veneris,5938275075,https://inaturalist-open-data.s3.amazonaws.com/photos/604601382/original.jpg,http://creativecommons.org/licenses/by-nc/4.0/,ohkaterina,1536,2048
5938435932_0.jpg,Adiantum capillus-veneris,5938435932,https://inaturalist-open-data.s3.amazonaws.com/photos/605247180/original.jpg,http://creativecommons.org/licenses/by-nc/4.0/,nightmarenewt,2048,1365
5938452705_0.jpg,Adiantum capillus-veneris,5938452705,https://inaturalist-open-data.s3.amazonaws.com/photos/604621632/original.jpg,http://creativecommons.org/licenses/by-nc/4.0/,Egidio,1080,720
5938537249_0.jpg,Adiantum capillus-veneris,5938537249,https://inaturalist-open-data.s3.amazonaws.com/photos/604627398/original.jpg,http://creativecommons.org/licenses/by-nc/4.0/,Michele Maffeis,1536,2048
5938485888_0.jpg,Adiantum capillus-veneris,5938485888,https://inaturalist-open-data.s3.amazonaws.com/photos/604967022/original.jpg,http://creativecommons.org/licenses/by-nc/4.0/,danlin_1694837,1536,2048
5938453847_0.jpg,Adiantum capillus-veneris,5938453847,https://inaturalist-open-data.s3.amazonaws.com/photos/605346755/original.jpg,http://creativecommons.org/licenses/by-nc/4.0/,bornabrezak,1536,2048
5938616200_1.jpg,Adiantum capillus-veneris,5938616200,https://inaturalist-open-data.s3.amazonaws.com/photos/605408129/original.jpg,http://creativecommons.org/licenses/by-nc/4.0/,Pedro Nicolau,1542,2048
5938453858_1.jpg,Adiantum capillus-veneris,5938453858,https://inaturalist-open-data.s3.amazonaws.com/photos/605361908/original.jpg,http://creativecommons.org/licenses/by/4.0/,Piotr Panek,1536,2048
5938453858_0.jpg,Adiantum capillus-veneris,5938453858,https://inaturalist-open-data.s3.amazonaws.com/photos/605361859/original.jpg,http://creativecommons.org/licenses/by/4.0/,Piotr Panek,1536,2048
5938616200_0.jpg,Adiantum capillus-veneris,5938616200,https://inaturalist-open-data.s3.amazonaws.com/photos/605383168/original.jpg,http://creativecommons.org/licenses/by-nc/4.0/,Pedro Nicolau,1542,2048
5938563715_0.jpg,Adiantum capillus-veneris,5938563715,https://inaturalist-open-data.s3.amazonaws.com/photos/605605369/original.jpg,http://creativecommons.org/licenses/by/4.0/,chiuluan,2048,1536
5938566404_0.jpg,Adiantum capillus-veneris,5938566404,https://inaturalist-open-data.s3.amazonaws.com/photos/604450027/original.jpg,http://creativecommons.org/licenses/by-nc/4.0/,yii,2048,1536
5938616200_3.jpg,Adiantum capillus-veneris,5938616200,https://inaturalist-open-data.s3.amazonaws.com/photos/605408182/original.jpg,http://creativecommons.org/licenses/by-nc/4.0/,Pedro Nicolau,1542,2048
5938616200_4.jpg,Adiantum capillus-veneris,5938616200,https://inaturalist-open-data.s3.amazonaws.com/photos/605408223/original.jpg,http://creativecommons.org/licenses/by-nc/4.0/,Pedro Nicolau,1542,2048
5938616200_5.jpg,Adiantum capillus-veneris,5938616200,https://inaturalist-open-data.s3.amazonaws.com/photos/605408249/original.jpg,http://creativecommons.org/licenses/by-nc/4.0/,Pedro Nicolau,1542,2048
5938616200_2.jpg,Adiantum capillus-veneris,5938616200,https://inaturalist-open-data.s3.amazonaws.com/photos/605408147/original.jpg,http://creativecommons.org/licenses/by-nc/4.0/,Pedro Nicolau,1542,2048
5938670439_0.jpg,Adiantum capillus-veneris,5938670439,https://inaturalist-open-data.s3.amazonaws.com/photos/605279326/original.jpg,http://creativecommons.org/licenses/by-nc/4.0/,Zach Leeper,2048,1365
5938620941_3.jpg,Adiantum capillus-veneris,5938620941,https://inaturalist-open-data.s3.amazonaws.com/photos/604613099/original.jpg,http://creativecommons.org/licenses/by-nc/4.0/,wetlandwanderer,1542,2048
5938620941_4.jpg,Adiantum capillus-veneris,5938620941,https://inaturalist-open-data.s3.amazonaws.com/photos/604613130/original.jpg,http://creativecommons.org/licenses/by-nc/4.0/,wetlandwanderer,1542,2048
5938669673_1.jpg,Adiantum capillus-veneris,5938669673,https://inaturalist-open-data.s3.amazonaws.com/photos/604918298/original.jpg,http://creativecommons.org/licenses/by-nc/4.0/,Sam Hain,1542,2048
5938676212_1.jpg,Adiantum capillus-veneris,5938676212,https://inaturalist-open-data.s3.amazonaws.com/photos/605511133/original.jpg,http://creativecommons.org/licenses/by-nc/4.0/,"Andy Goerdel - Texas Master Naturalist, Good Water Chapter",2048,1725
5938620941_1.jpg,Adiantum capillus-veneris,5938620941,https://inaturalist-open-data.s3.amazonaws.com/photos/604613029/original.jpg,http://creativecommons.org/licenses/by-nc/4.0/,wetlandwanderer,1542,2048
5938620941_0.jpg,Adiantum capillus-veneris,5938620941,https://inaturalist-open-data.s3.amazonaws.com/photos/604612975/original.jpg,http://creativecommons.org/licenses/by-nc/4.0/,wetlandwanderer,1542,2048
5938620941_2.jpg,Adiantum capillus-veneris,5938620941,https://inaturalist-open-data.s3.amazonaws.com/photos/604613065/original.jpg,http://creativecommons.org/licenses/by-nc/4.0/,wetlandwanderer,1542,2048
5938676212_0.jpg,Adiantum capillus-veneris,5938676212,https://inaturalist-open-data.s3.amazonaws.com/photos/605511112/original.jpg,http://creativecommons.org/licenses/by-nc/4.0/,"Andy Goerdel - Texas Master Naturalist, Good Water Chapter",2048,1794
5938669673_0.jpg,Adiantum capillus-veneris,5938669673,https://inaturalist-open-data.s3.amazonaws.com/photos/604918275/original.jpg,http://creativecommons.org/licenses/by-nc/4.0/,Sam Hain,1542,2048
5938693914_0.jpg,Adiantum capillus-veneris,5938693914,https://inaturalist-open-data.s3.amazonaws.com/photos/604877209/original.jpg,http://creativecommons.org/licenses/by-nc/4.0/,SpyingNaturalist,1536,2048
5938693914_1.jpg,Adiantum capillus-veneris,5938693914,https://inaturalist-open-data.s3.amazonaws.com/photos/604877186/original.jpg,http://creativecommons.org/licenses/by-nc/4.0/,SpyingNaturalist,2048,1536
6129824429_0.jpg,Adiantum capillus-veneris,6129824429,https://inaturalist-open-data.s3.amazonaws.com/photos/607503616/original.jpg,http://creativecommons.org/licenses/by-nc/4.0/,Arni le Roux,1536,2048
5938696341_0.jpg,Adiantum capillus-veneris,5938696341,https://inaturalist-open-data.s3.amazonaws.com/photos/604566977/original.jpg,http://creativecommons.org/licenses/by-nc/4.0/,Cindy Chrisler,2048,1365
5938720166_0.jpg,Adiantum capillus-veneris,5938720166,https://inaturalist-open-data.s3.amazonaws.com/photos/605098132/original.jpg,http://creativecommons.org/licenses/by-nc/4.0/,Sonja Deneve,1536,2048
6130797755_1.jpg,Selaginella lepidophylla,6130797755,https://inaturalist-open-data.s3.amazonaws.com/photos/606499111/original.jpg,http://creativecommons.org/licenses/by/4.0/,EJ Burns,1536,2048
6130797755_0.jpg,Selaginella lepidophylla,6130797755,https://inaturalist-open-data.s3.amazonaws.com/photos/606499067/original.jpg,http://creativecommons.org/licenses/by/4.0/,EJ Burns,1536,2048
6130442381_0.jpg,Selaginella lepidophylla,6130442381,https://inaturalist-open-data.s3.amazonaws.com/photos/606497351/original.jpg,http://creativecommons.org/licenses/by/4.0/,EJ Burns,1536,2048
6130618808_0.jpg,Selaginella lepidophylla,6130618808,https://inaturalist-open-data.s3.amazonaws.com/photos/606520287/original.jpg,http://creativecommons.org/licenses/by-nc/4.0/,Jean-Marc Vanel,1536,2048
6130774704_1.jpg,Selaginella lepidophylla,6130774704,https://inaturalist-open-data.s3.amazonaws.com/photos/610579252/original.jpg,http://creativecommons.org/licenses/by-nc/4.0/,Jess Beauchemin,2048,1542
6130117073_2.jpg,Selaginella lepidophylla,6130117073,https://inaturalist-open-data.s3.amazonaws.com/photos/608223558/original.jpg,http://creativecommons.org/licenses/by-nc/4.0/,Betsy Brown,1541,2048
6130117073_1.jpg,Selaginella lepidophylla,6130117073,https://inaturalist-open-data.s3.amazonaws.com/photos/608223516/original.jpg,http://creativecommons.org/licenses/by-nc/4.0/,Betsy Brown,1542,2048
6130774704_0.jpg,Selaginella lepidophylla,6130774704,https://inaturalist-open-data.s3.amazonaws.com/photos/610579239/original.jpg,http://creativecommons.org/licenses/by-nc/4.0/,Jess Beauchemin,2048,1542
6130774704_2.jpg,Selaginella lepidophylla,6130774704,https://inaturalist-open-data.s3.amazonaws.com/photos/610579267/original.jpg,http://creativecommons.org/licenses/by-nc/4.0/,Jess Beauchemin,2048,1542
6130117073_0.jpg,Selaginella lepidophylla,6130117073,https://inaturalist-open-data.s3.amazonaws.com/photos/608223457/original.jpg,http://creativecommons.org/licenses/by-nc/4.0/,Betsy Brown,1541,2048
6131550045_0.jpg,Selaginella lepidophylla,6131550045,https://inaturalist-open-data.s3.amazonaws.com/photos/606498545/original.jpg,http://creativecommons.org/licenses/by/4.0/,EJ Burns,1536,2048
6131386643_0.jpg,Selaginella lepidophylla,6131386643,https://inaturalist-open-data.s3.amazonaws.com/photos/609953174/original.jpg,http://creativecommons.org/licenses/by-nc/4.0/,spinescence,1536,2048
6131654622_1.jpg,Selaginella lepidophylla,6131654622,https://inaturalist-open-data.s3.amazonaws.com/photos/607827640/original.jpg,http://creativecommons.org/licenses/by-nc/4.0/,brennaeliaz,1536,2048
6131654622_0.jpg,Selaginella lepidophylla,6131654622,https://inaturalist-open-data.s3.amazonaws.com/photos/607827630/original.jpg,http://creativecommons.org/licenses/by-nc/4.0/,brennaeliaz,1536,2048
6131654622_4.jpg,Selaginella lepidophylla,6131654622,https://inaturalist-open-data.s3.amazonaws.com/photos/608382677/original.jpg,http://creativecommons.org/licenses/by-nc/4.0/,brennaeliaz,1536,2048
6131654622_3.jpg,Selaginella lepidophylla,6131654622,https://inaturalist-open-data.s3.amazonaws.com/photos/608382648/original.jpg,http://creativecommons.org/licenses/by-nc/4.0/,brennaeliaz,1536,2048
6131654622_2.jpg,Selaginella lepidophylla,6131654622,https://inaturalist-open-data.s3.amazonaws.com/photos/607827663/original.jpg,http://creativecommons.org/licenses/by-nc/4.0/,brennaeliaz,1536,2048
6163368876_0.jpg,Selaginella lepidophylla,6163368876,https://inaturalist-open-data.s3.amazonaws.com/photos/616913083/original.jpg,http://creativecommons.org/licenses/by-nc/4.0/,debm,1536,2048
6171297770_0.jpg,Selaginella lepidophylla,6171297770,https://inaturalist-open-data.s3.amazonaws.com/photos/620060415/original.jpg,http://creativecommons.org/licenses/by-nc/4.0/,Panayoti Kelaidis,2048,1536
6147412918_0.jpg,Selaginella lepidophylla,6147412918,https://inaturalist-open-data.s3.amazonaws.com/photos/613632576/original.jpg,http://creativecommons.org/licenses/by-nc/4.0/,Jess Beauchemin,2048,1542
6133585555_0.jpg,Selaginella lepidophylla,6133585555,https://inaturalist-open-data.s3.amazonaws.com/photos/611508514/original.jpg,http://creativecommons.org/licenses/by-nc/4.0/,Jess Beauchemin,2048,1542
6171297770_1.jpg,Selaginella lepidophylla,6171297770,https://inaturalist-open-data.s3.amazonaws.com/photos/620060543/original.jpg,http://creativecommons.org/licenses/by-nc/4.0/,Panayoti Kelaidis,2048,1536
6162859258_0.jpg,Selaginella lepidophylla,6162859258,https://inaturalist-open-data.s3.amazonaws.com/photos/616988000/original.jpg,http://creativecommons.org/licenses/by-nc/4.0/,Benjamin Stout,2048,1536
6147412918_1.jpg,Selaginella lepidophylla,6147412918,https://inaturalist-open-data.s3.amazonaws.com/photos/613632590/original.jpg,http://creativecommons.org/licenses/by-nc/4.0/,Jess Beauchemin,2048,1542
6171431774_0.jpg,Selaginella lepidophylla,6171431774,https://inaturalist-open-data.s3.amazonaws.com/photos/620249758/original.jpg,http://creativecommons.org/licenses/by-nc/4.0/,lauren_penney,1152,2048
6178320710_0.jpg,Selaginella lepidophylla,6178320710,https://inaturalist-open-data.s3.amazonaws.com/photos/620992543/original.jpg,http://creativecommons.org/licenses/by-nc/4.0/,debm,1536,2048
6133585555_1.jpg,Selaginella lepidophylla,6133585555,https://inaturalist-open-data.s3.amazonaws.com/photos/611508564/original.jpg,http://creativecommons.org/licenses/by-nc/4.0/,Jess Beauchemin,1542,2048
6159496279_0.jpg,Selaginella lepidophylla,6159496279,https://inaturalist-open-data.s3.amazonaws.com/photos/616133488/original.jpg,http://creativecommons.org/licenses/by-nc/4.0/,Hannah Leabhart,2048,1536
6178987124_0.jpg,Selaginella lepidophylla,6178987124,https://inaturalist-open-data.s3.amazonaws.com/photos/621007007/original.jpg,http://creativecommons.org/licenses/by-nc/4.0/,Jessica Huang AWB®,1618,1666
6178827808_0.jpg,Selaginella lepidophylla,6178827808,https://inaturalist-open-data.s3.amazonaws.com/photos/621550313/original.jpg,http://creativecommons.org/licenses/by-nc/4.0/,rwerline1,1152,2048
6178624667_0.jpg,Selaginella lepidophylla,6178624667,https://inaturalist-open-data.s3.amazonaws.com/photos/620769350/original.jpg,http://creativecommons.org/licenses/by-nc/4.0/,Mothington,1152,2048
6179195887_0.jpg,Selaginella lepidophylla,6179195887,https://inaturalist-open-data.s3.amazonaws.com/photos/623092467/original.jpg,http://creativecommons.org/licenses/by-nc/4.0/,Mothington,1152,2048
6179063179_0.jpg,Selaginella lepidophylla,6179063179,https://inaturalist-open-data.s3.amazonaws.com/photos/622096482/original.jpg,http://creativecommons.org/licenses/by-nc/4.0/,Aaron Mattox,1152,2048
6178549708_0.jpg,Selaginella lepidophylla,6178549708,https://inaturalist-open-data.s3.amazonaws.com/photos/621616756/original.jpg,http://creativecommons.org/licenses/by-nc/4.0/,Sara Najera,1152,2048
6178987124_1.jpg,Selaginella lepidophylla,6178987124,https://inaturalist-open-data.s3.amazonaws.com/photos/621007020/original.jpg,http://creativecommons.org/licenses/by-nc/4.0/,Jessica Huang AWB®,1577,1649
6179093673_0.jpg,Selaginella lepidophylla,6179093673,https://inaturalist-open-data.s3.amazonaws.com/photos/621614738/original.jpg,http://creativecommons.org/licenses/by-nc/4.0/,DrJMo,1536,2048
6178667954_0.jpg,Selaginella lepidophylla,6178667954,https://inaturalist-open-data.s3.amazonaws.com/photos/623093241/original.jpg,http://creativecommons.org/licenses/by-nc/4.0/,Mothington,1152,2048
6184827269_0.jpg,Selaginella lepidophylla,6184827269,https://inaturalist-open-data.s3.amazonaws.com/photos/629703528/original.jpg,http://creativecommons.org/licenses/by/4.0/,Sam Kieschnick,1536,2048
6184827269_1.jpg,Selaginella lepidophylla,6184827269,https://inaturalist-open-data.s3.amazonaws.com/photos/629703546/original.jpg,http://creativecommons.org/licenses/by/4.0/,Sam Kieschnick,1536,2048
6179291936_0.jpg,Selaginella lepidophylla,6179291936,https://inaturalist-open-data.s3.amazonaws.com/photos/623544683/original.jpg,http://creativecommons.org/licenses/by-nc/4.0/,Mothington,1152,2048
6184991071_0.jpg,Selaginella lepidophylla,6184991071,https://inaturalist-open-data.s3.amazonaws.com/photos/632902557/original.jpg,http://creativecommons.org/licenses/by-nc/4.0/,Shannon S,2048,1542
6179281370_0.jpg,Selaginella lepidophylla,6179281370,https://inaturalist-open-data.s3.amazonaws.com/photos/621591538/original.jpg,http://creativecommons.org/licenses/by-nc/4.0/,aggiefrog,1152,2048
6179410452_0.jpg,Selaginella lepidophylla,6179410452,https://inaturalist-open-data.s3.amazonaws.com/photos/621570821/original.jpg,http://creativecommons.org/licenses/by-nc/4.0/,ctalabock,1152,2048
6184721784_0.jpg,Selaginella lepidophylla,6184721784,https://inaturalist-open-data.s3.amazonaws.com/photos/626252666/original.jpg,http://creativecommons.org/licenses/by-nc/4.0/,Ari Rice,1536,2048
6185090892_0.jpg,Selaginella lepidophylla,6185090892,https://inaturalist-open-data.s3.amazonaws.com/photos/626341825/original.jpg,http://creativecommons.org/licenses/by/4.0/,Brandon Corder,1536,2048
6184991071_1.jpg,Selaginella lepidophylla,6184991071,https://inaturalist-open-data.s3.amazonaws.com/photos/632902590/original.jpg,http://creativecommons.org/licenses/by-nc/4.0/,Shannon S,2048,1542
6185091924_0.jpg,Selaginella lepidophylla,6185091924,https://inaturalist-open-data.s3.amazonaws.com/photos/631089892/original.jpg,http://creativecommons.org/publicdomain/zero/1.0/,Wendy A,1536,2048
6185392150_0.jpg,Selaginella lepidophylla,6185392150,https://inaturalist-open-data.s3.amazonaws.com/photos/626252923/original.jpg,http://creativecommons.org/licenses/by-nc/4.0/,Ari Rice,1536,2048
6185258953_0.jpg,Selaginella lepidophylla,6185258953,https://inaturalist-open-data.s3.amazonaws.com/photos/628706601/original.jpg,http://creativecommons.org/licenses/by-nc/4.0/,iodiyus,2048,1786
6185481427_0.jpg,Selaginella lepidophylla,6185481427,https://inaturalist-open-data.s3.amazonaws.com/photos/627421175/original.jpg,http://creativecommons.org/licenses/by-nc/4.0/,juancarlos1111,1536,2048
6185807782_0.jpg,Selaginella lepidophylla,6185807782,https://inaturalist-open-data.s3.amazonaws.com/photos/629817551/original.jpg,http://creativecommons.org/licenses/by-nc/4.0/,Chip Fly,1536,2048
6185803421_0.jpg,Selaginella lepidophylla,6185803421,https://inaturalist-open-data.s3.amazonaws.com/photos/621571932/original.jpg,http://creativecommons.org/licenses/by-nc/4.0/,meggillen,1152,2048
6185875579_0.jpg,Selaginella lepidophylla,6185875579,https://inaturalist-open-data.s3.amazonaws.com/photos/628614662/original.jpg,http://creativecommons.org/licenses/by-nc/4.0/,Tim Thielen,1536,2048
6185807782_2.jpg,Selaginella lepidophylla,6185807782,https://inaturalist-open-data.s3.amazonaws.com/photos/629817536/original.jpg,http://creativecommons.org/licenses/by-nc/4.0/,Chip Fly,1536,2048
6185481427_1.jpg,Selaginella lepidophylla,6185481427,https://inaturalist-open-data.s3.amazonaws.com/photos/627647129/original.jpg,http://creativecommons.org/licenses/by-nc/4.0/,juancarlos1111,1536,2048
6185807782_1.jpg,Selaginella lepidophylla,6185807782,https://inaturalist-open-data.s3.amazonaws.com/photos/629817598/original.jpg,http://creativecommons.org/licenses/by-nc/4.0/,Chip Fly,1536,2048
6185875579_2.jpg,Selaginella lepidophylla,6185875579,https://inaturalist-open-data.s3.amazonaws.com/photos/628615066/original.jpg,http://creativecommons.org/licenses/by-nc/4.0/,Tim Thielen,1536,2048
6185875579_1.jpg,Selaginella lepidophylla,6185875579,https://inaturalist-open-data.s3.amazonaws.com/photos/628614929/original.jpg,http://creativecommons.org/licenses/by-nc/4.0/,Tim Thielen,1536,2048
6185976875_0.jpg,Selaginella lepidophylla,6185976875,https://inaturalist-open-data.s3.amazonaws.com/photos/630871089/original.jpg,http://creativecommons.org/licenses/by-nc/4.0/,Lena Zappia,1536,2048
6186068850_0.jpg,Selaginella lepidophylla,6186068850,https://inaturalist-open-data.s3.amazonaws.com/photos/627901345/original.jpg,http://creativecommons.org/licenses/by-nc/4.0/,iodiyus,2048,1935
6186068850_2.jpg,Selaginella lepidophylla,6186068850,https://inaturalist-open-data.s3.amazonaws.com/photos/627901369/original.jpg,http://creativecommons.org/licenses/by-nc/4.0/,iodiyus,2048,2023
6186068850_4.jpg,Selaginella lepidophylla,6186068850,https://inaturalist-open-data.s3.amazonaws.com/photos/627901376/original.jpg,http://creativecommons.org/licenses/by-nc/4.0/,iodiyus,2048,1514
6186068850_3.jpg,Selaginella lepidophylla,6186068850,https://inaturalist-open-data.s3.amazonaws.com/photos/627901370/original.jpg,http://creativecommons.org/licenses/by-nc/4.0/,iodiyus,2048,2016
6186068850_1.jpg,Selaginella lepidophylla,6186068850,https://inaturalist-open-data.s3.amazonaws.com/photos/627901342/original.jpg,http://creativecommons.org/licenses/by-nc/4.0/,iodiyus,2048,1489
5938567555_0.jpg,Lobelia laxiflora,5938567555,https://inaturalist-open-data.s3.amazonaws.com/photos/605519156/original.jpg,http://creativecommons.org/licenses/by-nc/4.0/,Edwin Verdugo,1536,2048
5938567555_2.jpg,Lobelia laxiflora,5938567555,https://inaturalist-open-data.s3.amazonaws.com/photos/605696463/original.jpg,http://creativecommons.org/licenses/by-nc/4.0/,Edwin Verdugo,1536,2048
5938567555_1.jpg,Lobelia laxiflora,5938567555,https://inaturalist-open-data.s3.amazonaws.com/photos/605696456/original.jpg,http://creativecommons.org/licenses/by-nc/4.0/,Edwin Verdugo,1536,2048
6129949057_2.jpg,Lobelia laxiflora,6129949057,https://inaturalist-open-data.s3.amazonaws.com/photos/610581251/original.jpg,http://creativecommons.org/licenses/by-nc/4.0/,enzorosey,1536,2048
6129949057_3.jpg,Lobelia laxiflora,6129949057,https://inaturalist-open-data.s3.amazonaws.com/photos/610581266/original.jpg,http://creativecommons.org/licenses/by-nc/4.0/,enzorosey,1536,2048
6129949057_5.jpg,Lobelia laxiflora,6129949057,https://inaturalist-open-data.s3.amazonaws.com/photos/610581329/original.jpg,http://creativecommons.org/licenses/by-nc/4.0/,enzorosey,1536,2048
6129997310_0.jpg,Lobelia laxiflora,6129997310,https://inaturalist-open-data.s3.amazonaws.com/photos/606801303/original.jpg,http://creativecommons.org/licenses/by-nc/4.0/,betorquato,1360,2040
6129949057_0.jpg,Lobelia laxiflora,6129949057,https://inaturalist-open-data.s3.amazonaws.com/photos/610581204/original.jpg,http://creativecommons.org/licenses/by-nc/4.0/,enzorosey,1536,2048
6129949057_1.jpg,Lobelia laxiflora,6129949057,https://inaturalist-open-data.s3.amazonaws.com/photos/610581228/original.jpg,http://creativecommons.org/licenses/by-nc/4.0/,enzorosey,1536,2048
6129949057_4.jpg,Lobelia laxiflora,6129949057,https://inaturalist-open-data.s3.amazonaws.com/photos/610581286/original.jpg,http://creativecommons.org/licenses/by-nc/4.0/,enzorosey,1536,2048
6130005632_1.jpg,Lobelia laxiflora,6130005632,https://inaturalist-open-data.s3.amazonaws.com/photos/609560424/original.jpg,http://creativecommons.org/licenses/by-nc/4.0/,Adid Jimenez,2048,1152
6130005632_0.jpg,Lobelia laxiflora,6130005632,https://inaturalist-open-data.s3.amazonaws.com/photos/609560436/original.jpg,http://creativecommons.org/licenses/by-nc/4.0/,Adid Jimenez,2048,1152
6129997310_1.jpg,Lobelia laxiflora,6129997310,https://inaturalist-open-data.s3.amazonaws.com/photos/606801300/original.jpg,http://creativecommons.org/licenses/by-nc/4.0/,betorquato,1360,2040
6130005632_2.jpg,Lobelia laxiflora,6130005632,https://inaturalist-open-data.s3.amazonaws.com/photos/609560422/original.jpg,http://creativecommons.org/licenses/by-nc/4.0/,Adid Jimenez,2048,1152
6130005632_3.jpg,Lobelia laxiflora,6130005632,https://inaturalist-open-data.s3.amazonaws.com/photos/609560427/original.jpg,http://creativecommons.org/licenses/by-nc/4.0/,Adid Jimenez,2048,1152
6130051039_2.jpg,Lobelia laxiflora,6130051039,https://inaturalist-open-data.s3.amazonaws.com/photos/607369850/original.jpg,http://creativecommons.org/licenses/by/4.0/,Peter Quakenbush,1536,2048
6130102457_0.jpg,Lobelia laxiflora,6130102457,https://inaturalist-open-data.s3.amazonaws.com/photos/610447397/original.jpg,http://creativecommons.org/licenses/by-nc/4.0/,Ryan Utz,2048,1536
6130051039_1.jpg,Lobelia laxiflora,6130051039,https://inaturalist-open-data.s3.amazonaws.com/photos/607369851/original.jpg,http://creativecommons.org/licenses/by/4.0/,Peter Quakenbush,1536,2048
6130051039_0.jpg,Lobelia laxiflora,6130051039,https://inaturalist-open-data.s3.amazonaws.com/photos/607369849/original.jpg,http://creativecommons.org/licenses/by/4.0/,Peter Quakenbush,1536,2048
6130051039_3.jpg,Lobelia laxiflora,6130051039,https://inaturalist-open-data.s3.amazonaws.com/photos/607369854/original.jpg,http://creativecommons.org/licenses/by/4.0/,Peter Quakenbush,1536,2048
6130151140_2.jpg,Lobelia laxiflora,6130151140,https://inaturalist-open-data.s3.amazonaws.com/photos/610810627/original.jpg,http://creativecommons.org/licenses/by-nc/4.0/,Styv De Jesús Calva,1536,2048
6130161419_1.jpg,Lobelia laxiflora,6130161419,https://inaturalist-open-data.s3.amazonaws.com/photos/607366064/original.jpg,http://creativecommons.org/licenses/by/4.0/,Peter Quakenbush,1536,2048
6130151140_0.jpg,Lobelia laxiflora,6130151140,https://inaturalist-open-data.s3.amazonaws.com/photos/610810581/original.jpg,http://creativecommons.org/licenses/by-nc/4.0/,Styv De Jesús Calva,1536,2048
6130161419_0.jpg,Lobelia laxiflora,6130161419,https://inaturalist-open-data.s3.amazonaws.com/photos/607366065/original.jpg,http://creativecommons.org/licenses/by/4.0/,Peter Quakenbush,1536,2048
6130151140_1.jpg,Lobelia laxiflora,6130151140,https://inaturalist-open-data.s3.amazonaws.com/photos/610810602/original.jpg,http://creativecommons.org/licenses/by-nc/4.0/,Styv De Jesús Calva,1536,2048
6130161419_2.jpg,Lobelia laxiflora,6130161419,https://inaturalist-open-data.s3.amazonaws.com/photos/607366063/original.jpg,http://creativecommons.org/licenses/by/4.0/,Peter Quakenbush,1536,2048
6130515516_0.jpg,Lobelia laxiflora,6130515516,https://inaturalist-open-data.s3.amazonaws.com/photos/606251636/original.jpg,http://creativecommons.org/licenses/by-nc/4.0/,Amalia Estrada,1461,2048
6130515516_1.jpg,Lobelia laxiflora,6130515516,https://inaturalist-open-data.s3.amazonaws.com/photos/606251646/original.jpg,http://creativecommons.org/licenses/by-nc/4.0/,Amalia Estrada,1843,1984
6130589512_0.jpg,Lobelia laxiflora,6130589512,https://inaturalist-open-data.s3.amazonaws.com/photos/607808669/original.jpg,http://creativecommons.org/licenses/by/4.0/,datadan,2048,1536
6130442804_1.jpg,Lobelia laxiflora,6130442804,https://inaturalist-open-data.s3.amazonaws.com/photos/607471179/original.jpg,http://creativecommons.org/licenses/by-nc/4.0/,Dany Aviles,1536,2048
6131077118_0.jpg,Lobelia laxiflora,6131077118,https://inaturalist-open-data.s3.amazonaws.com/photos/607366159/original.jpg,http://creativecommons.org/licenses/by/4.0/,Peter Quakenbush,1536,2048
6130442804_0.jpg,Lobelia laxiflora,6130442804,https://inaturalist-open-data.s3.amazonaws.com/photos/607471166/original.jpg,http://creativecommons.org/licenses/by-nc/4.0/,Dany Aviles,1536,2048
6131077118_1.jpg,Lobelia laxiflora,6131077118,https://inaturalist-open-data.s3.amazonaws.com/photos/607366162/original.jpg,http://creativecommons.org/licenses/by/4.0/,Peter Quakenbush,1536,2048
6130550871_0.jpg,Lobelia laxiflora,6130550871,https://inaturalist-open-data.s3.amazonaws.com/photos/610861678/original.jpg,http://creativecommons.org/licenses/by-nc/4.0/,Em De Blas,2048,1536
6130515516_2.jpg,Lobelia laxiflora,6130515516,https://inaturalist-open-data.s3.amazonaws.com/photos/606251653/original.jpg,http://creativecommons.org/licenses/by-nc/4.0/,Amalia Estrada,1856,1487
6131262340_0.jpg,Lobelia laxiflora,6131262340,https://inaturalist-open-data.s3.amazonaws.com/photos/607788894/original.jpg,http://creativecommons.org/licenses/by-nc/4.0/,Amalia Estrada,1196,2048
6131262340_1.jpg,Lobelia laxiflora,6131262340,https://inaturalist-open-data.s3.amazonaws.com/photos/607788901/original.jpg,http://creativecommons.org/licenses/by-nc/4.0/,Amalia Estrada,1433,2048
6130794963_0.jpg,Lobelia laxiflora,6130794963,https://inaturalist-open-data.s3.amazonaws.com/photos/606143366/original.jpg,http://creativecommons.org/licenses/by/4.0/,Peter Quakenbush,1536,2048
6131371020_0.jpg,Lobelia laxiflora,6131371020,https://inaturalist-open-data.s3.amazonaws.com/photos/605498050/original.jpg,http://creativecommons.org/licenses/by-nc/4.0/,Roberto,924,2048
6133419417_0.jpg,Lobelia laxiflora,6133419417,https://inaturalist-open-data.s3.amazonaws.com/photos/611911303/original.jpg,http://creativecommons.org/licenses/by-nc/4.0/,David Uriostegui Farias,2048,1365
6131643826_0.jpg,Lobelia laxiflora,6131643826,https://inaturalist-open-data.s3.amazonaws.com/photos/605754526/original.jpg,http://creativecommons.org/licenses/by-nc/4.0/,alff,1536,2048
6133369381_0.jpg,Lobelia laxiflora,6133369381,https://inaturalist-open-data.s3.amazonaws.com/photos/612328072/original.jpg,http://creativecommons.org/licenses/by-nc/4.0/,timendez,1536,2048
6131410672_0.jpg,Lobelia laxiflora,6131410672,https://inaturalist-open-data.s3.amazonaws.com/photos/610472880/original.jpg,http://creativecommons.org/licenses/by-nc/4.0/,Ryan Utz,1536,2048
6184735933_0.jpg,Lobelia laxiflora,6184735933,https://inaturalist-open-data.s3.amazonaws.com/photos/625409504/original.jpg,http://creativecommons.org/licenses/by-nc/4.0/,Efraín Octavio Aguilar Pérez,2048,1365
6159689692_1.jpg,Lobelia laxiflora,6159689692,https://inaturalist-open-data.s3.amazonaws.com/photos/615005631/original.jpg,http://creativecommons.org/licenses/by-nc/4.0/,Julio Campis,1536,2048
6133423791_0.jpg,Lobelia laxiflora,6133423791,https://inaturalist-open-data.s3.amazonaws.com/photos/612168590/original.jpg,http://creativecommons.org/licenses/by-nc/4.0/,Lucas Eckert,1536,2048
6159689692_0.jpg,Lobelia laxiflora,6159689692,https://inaturalist-open-data.s3.amazonaws.com/photos/615005632/original.jpg,http://creativecommons.org/licenses/by-nc/4.0/,Julio Campis,1536,2048
6133325948_0.jpg,Lobelia laxiflora,6133325948,https://inaturalist-open-data.s3.amazonaws.com/photos/612415678/original.jpg,http://creativecommons.org/licenses/by-nc/4.0/,Guillermo Pérez-Negrón,1536,2048
6185053190_0.jpg,Lobelia laxiflora,6185053190,https://inaturalist-open-data.s3.amazonaws.com/photos/610771131/original.jpg,http://creativecommons.org/licenses/by-nc/4.0/,Takitos013,946,2048
6184952298_0.jpg,Lobelia laxiflora,6184952298,https://inaturalist-open-data.s3.amazonaws.com/photos/625412989/original.jpg,http://creativecommons.org/licenses/by-nc/4.0/,Efraín Octavio Aguilar Pérez,2048,1365
6184848183_0.jpg,Lobelia laxiflora,6184848183,https://inaturalist-open-data.s3.amazonaws.com/photos/608789194/original.jpg,http://creativecommons.org/licenses/by-nc/4.0/,Terry M,1396,2048
6184978292_0.jpg,Lobelia laxiflora,6184978292,https://inaturalist-open-data.s3.amazonaws.com/photos/623267558/original.jpg,http://creativecommons.org/licenses/by-nc/4.0/,Efraín Octavio Aguilar Pérez,2048,1365
6184987651_0.jpg,Lobelia laxiflora,6184987651,https://inaturalist-open-data.s3.amazonaws.com/photos/609489869/original.jpg,http://creativecommons.org/licenses/by/4.0/,Peter Quakenbush,1536,2048
6184974811_0.jpg,Lobelia laxiflora,6184974811,https://inaturalist-open-data.s3.amazonaws.com/photos/610450600/original.jpg,http://creativecommons.org/licenses/by-nc/4.0/,risingturtle43,1536,2048
6184974811_1.jpg,Lobelia laxiflora,6184974811,https://inaturalist-open-data.s3.amazonaws.com/photos/610450601/original.jpg,http://creativecommons.org/licenses/by-nc/4.0/,risingturtle43,1536,2048
6184848183_1.jpg,Lobelia laxiflora,6184848183,https://inaturalist-open-data.s3.amazonaws.com/photos/608789317/original.jpg,http://creativecommons.org/licenses/by-nc/4.0/,Terry M,1365,2048
6185097639_0.jpg,Lobelia laxiflora,6185097639,https://inaturalist-open-data.s3.amazonaws.com/photos/615405159/original.jpg,http://creativecommons.org/licenses/by-nc/4.0/,vivienneo,1536,2048
6185085217_0.jpg,Lobelia laxiflora,6185085217,https://inaturalist-open-data.s3.amazonaws.com/photos/607196554/original.jpg,http://creativecommons.org/licenses/by-nc/4.0/,emilee_mathieu,1536,2048
6185451305_0.jpg,Lobelia laxiflora,6185451305,https://inaturalist-open-data.s3.amazonaws.com/photos/613048297/original.jpg,http://creativecommons.org/licenses/by-nc/4.0/,Adam Huggins,2048,1536
6185683315_1.jpg,Lobelia laxiflora,6185683315,https://inaturalist-open-data.s3.amazonaws.com/photos/610858415/original.jpg,http://creativecommons.org/licenses/by-nc/4.0/,Micah Freedman,2048,1365
6185683315_0.jpg,Lobelia laxiflora,6185683315,https://inaturalist-open-data.s3.amazonaws.com/photos/610858402/original.jpg,http://creativecommons.org/licenses/by-nc/4.0/,Micah Freedman,2048,1365
6185333139_0.jpg,Lobelia laxiflora,6185333139,https://inaturalist-open-data.s3.amazonaws.com/photos/613048165/original.jpg,http://creativecommons.org/licenses/by-nc/4.0/,Adam Huggins,1536,2048
6185683315_2.jpg,Lobelia laxiflora,6185683315,https://inaturalist-open-data.s3.amazonaws.com/photos/610858418/original.jpg,http://creativecommons.org/licenses/by-nc/4.0/,Micah Freedman,2048,1365
6185701431_0.jpg,Lobelia laxiflora,6185701431,https://inaturalist-open-data.s3.amazonaws.com/photos/608821111/original.jpg,http://creativecommons.org/licenses/by-nc/4.0/,Mary_Lozano,1536,2048
6185701431_1.jpg,Lobelia laxiflora,6185701431,https://inaturalist-open-data.s3.amazonaws.com/photos/608821129/original.jpg,http://creativecommons.org/licenses/by-nc/4.0/,Mary_Lozano,1536,2048
6185442847_0.jpg,Lobelia laxiflora,6185442847,https://inaturalist-open-data.s3.amazonaws.com/photos/611926500/original.jpg,http://creativecommons.org/licenses/by-nc/4.0/,Berenice List,2048,1536
6185701431_2.jpg,Lobelia laxiflora,6185701431,https://inaturalist-open-data.s3.amazonaws.com/photos/608821151/original.jpg,http://creativecommons.org/licenses/by-nc/4.0/,Mary_Lozano,1536,2048
6185938766_0.jpg,Lobelia laxiflora,6185938766,https://inaturalist-open-data.s3.amazonaws.com/photos/613988756/original.jpg,http://creativecommons.org/licenses/by-nc/4.0/,John D Reynolds,1365,2048
6185938766_1.jpg,Lobelia laxiflora,6185938766,https://inaturalist-open-data.s3.amazonaws.com/photos/613988773/original.jpg,http://creativecommons.org/licenses/by-nc/4.0/,John D Reynolds,1365,2048
6185764071_0.jpg,Lobelia laxiflora,6185764071,https://inaturalist-open-data.s3.amazonaws.com/photos/608407213/original.jpg,http://creativecommons.org/licenses/by-nc/4.0/,Yoav Rosales,1536,2048
6186046683_0.jpg,Lobelia laxiflora,6186046683,https://inaturalist-open-data.s3.amazonaws.com/photos/607697461/original.jpg,http://creativecommons.org/licenses/by/4.0/,Pat Hall,1536,2048
6235947004_1.jpg,Lobelia laxiflora,6235947004,https://inaturalist-open-data.s3.amazonaws.com/photos/608311716/original.jpg,http://creativecommons.org/licenses/by-nc/4.0/,accidentalshrike,1781,2048
6188555580_1.jpg,Lobelia laxiflora,6188555580,https://inaturalist-open-data.s3.amazonaws.com/photos/631620510/original.jpg,http://creativecommons.org/licenses/by-nc/4.0/,Efraín Octavio Aguilar Pérez,2048,1365
6188486521_0.jpg,Lobelia laxiflora,6188486521,https://inaturalist-open-data.s3.amazonaws.com/photos/631593562/original.jpg,http://creativecommons.org/licenses/by-nc/4.0/,Efraín Octavio Aguilar Pérez,2048,1365
6188555580_0.jpg,Lobelia laxiflora,6188555580,https://inaturalist-open-data.s3.amazonaws.com/photos/631620428/original.jpg,http://creativecommons.org/licenses/by-nc/4.0/,Efraín Octavio Aguilar Pérez,2048,1365
6235947004_0.jpg,Lobelia laxiflora,6235947004,https://inaturalist-open-data.s3.amazonaws.com/photos/608311692/original.jpg,http://creativecommons.org/licenses/by-nc/4.0/,accidentalshrike,1748,2048
6186053222_0.jpg,Lobelia laxiflora,6186053222,https://inaturalist-open-data.s3.amazonaws.com/photos/612271676/original.jpg,http://creativecommons.org/licenses/by-nc/4.0/,skowt,1413,1413
6235947004_2.jpg,Lobelia laxiflora,6235947004,https://inaturalist-open-data.s3.amazonaws.com/photos/608311740/original.jpg,http://creativecommons.org/licenses/by-nc/4.0/,accidentalshrike,1541,2048
6188213335_0.jpg,Lobelia laxiflora,6188213335,https://inaturalist-open-data.s3.amazonaws.com/photos/631621609/original.jpg,http://creativecommons.org/licenses/by-nc/4.0/,Efraín Octavio Aguilar Pérez,2048,1365
6235167334_0.jpg,Lobelia laxiflora,6235167334,https://inaturalist-open-data.s3.amazonaws.com/photos/609080086/original.jpg,http://creativecommons.org/licenses/by-nc/4.0/,Emirette Salcedo,1536,2048
6235137870_0.jpg,Lobelia laxiflora,6235137870,https://inaturalist-open-data.s3.amazonaws.com/photos/608710182/original.jpg,http://creativecommons.org/licenses/by-nc/4.0/,a7cross7,1536,2048
6236138675_0.jpg,Lobelia laxiflora,6236138675,https://inaturalist-open-data.s3.amazonaws.com/photos/640608134/original.jpg,http://creativecommons.org/licenses/by-nc/4.0/,Christopher Eckert,1152,2048
6147518215_0.jpg,Lobelia laxiflora,6147518215,https://inaturalist-open-data.s3.amazonaws.com/photos/614299814/original.jpg,http://creativecommons.org/licenses/by-nc/4.0/,Amalia Estrada,1444,2048
6353063871_1.jpg,Lobelia laxiflora,6353063871,https://inaturalist-open-data.s3.amazonaws.com/photos/659410169/original.jpg,http://creativecommons.org/licenses/by-nc/4.0/,vgv,1536,2048
6431827888_0.jpg,Lobelia laxiflora,6431827888,https://inaturalist-open-data.s3.amazonaws.com/photos/689837008/original.jpg,http://creativecommons.org/licenses/by-nc/4.0/,Azucena Briones Muñoz,1536,2048
6133478493_0.jpg,Lobelia laxiflora,6133478493,https://inaturalist-open-data.s3.amazonaws.com/photos/612727838/original.jpg,http://creativecommons.org/licenses/by-nc/4.0/,Pablo Vinuesa,2048,1364
6147462789_0.jpg,Lobelia laxiflora,6147462789,https://inaturalist-open-data.s3.amazonaws.com/photos/612985554/original.jpg,http://creativecommons.org/licenses/by-nc/4.0/,taborlin_the_great,1536,2048
6353063871_0.jpg,Lobelia laxiflora,6353063871,https://inaturalist-open-data.s3.amazonaws.com/photos/659410148/original.jpg,http://creativecommons.org/licenses/by-nc/4.0/,vgv,1536,2048
6133420365_0.jpg,Lobelia laxiflora,6133420365,https://inaturalist-open-data.s3.amazonaws.com/photos/612576334/original.jpg,http://creativecommons.org/licenses/by-nc/4.0/,Amalia Estrada,1003,2048
6133045282_0.jpg,Lobelia laxiflora,6133045282,https://inaturalist-open-data.s3.amazonaws.com/photos/612727699/original.jpg,http://creativecommons.org/licenses/by-nc/4.0/,Pablo Vinuesa,2048,1364
6133362180_0.jpg,Lobelia laxiflora,6133362180,https://inaturalist-open-data.s3.amazonaws.com/photos/612771567/original.jpg,http://creativecommons.org/licenses/by-nc/4.0/,Celeste Zulema Reyes,1537,2048
6133362180_1.jpg,Lobelia laxiflora,6133362180,https://inaturalist-open-data.s3.amazonaws.com/photos/612771736/original.jpg,http://creativecommons.org/licenses/by-nc/4.0/,Celeste Zulema Reyes,1537,2048
6159350779_1.jpg,Lobelia laxiflora,6159350779,https://inaturalist-open-data.s3.amazonaws.com/photos/614636815/original.jpg,http://creativecommons.org/licenses/by-nc/4.0/,Jesmyn Marlene Peralta Hernández,1536,2048
6159355680_0.jpg,Lobelia laxiflora,6159355680,https://inaturalist-open-data.s3.amazonaws.com/photos/616489949/original.jpg,http://creativecommons.org/licenses/by-nc/4.0/,Bodo Nuñez Oberg,2048,2048
6159350779_0.jpg,Lobelia laxiflora,6159350779,https://inaturalist-open-data.s3.amazonaws.com/photos/614636783/original.jpg,http://creativecommons.org/licenses/by-nc/4.0/,Jesmyn Marlene Peralta Hernández,1536,2048
6159146375_5.jpg,Lobelia laxiflora,6159146375,https://inaturalist-open-data.s3.amazonaws.com/photos/614638036/original.jpg,http://creativecommons.org/licenses/by/4.0/,MarvalPhotography19,1536,2048
6159146375_0.jpg,Lobelia laxiflora,6159146375,https://inaturalist-open-data.s3.amazonaws.com/photos/614637959/original.jpg,http://creativecommons.org/licenses/by/4.0/,MarvalPhotography19,1536,2048
6159146375_3.jpg,Lobelia laxiflora,6159146375,https://inaturalist-open-data.s3.amazonaws.com/photos/614638004/original.jpg,http://creativecommons.org/licenses/by/4.0/,MarvalPhotography19,1536,2048
6159146375_1.jpg,Lobelia laxiflora,6159146375,https://inaturalist-open-data.s3.amazonaws.com/photos/614637970/original.jpg,http://creativecommons.org/licenses/by/4.0/,MarvalPhotography19,1536,2048
6159146375_2.jpg,Lobelia laxiflora,6159146375,https://inaturalist-open-data.s3.amazonaws.com/photos/614637984/original.jpg,http://creativecommons.org/licenses/by/4.0/,MarvalPhotography19,1536,2048
6159146375_4.jpg,Lobelia laxiflora,6159146375,https://inaturalist-open-data.s3.amazonaws.com/photos/614638025/original.jpg,http://creativecommons.org/licenses/by/4.0/,MarvalPhotography19,1536,2048
6159350779_2.jpg,Lobelia laxiflora,6159350779,https://inaturalist-open-data.s3.amazonaws.com/photos/614636852/original.jpg,http://creativecommons.org/licenses/by-nc/4.0/,Jesmyn Marlene Peralta Hernández,1536,2048
6159355680_1.jpg,Lobelia laxiflora,6159355680,https://inaturalist-open-data.s3.amazonaws.com/photos/616497726/original.jpg,http://creativecommons.org/licenses/by-nc/4.0/,Bodo Nuñez Oberg,2048,2048
6163369777_0.jpg,Lobelia laxiflora,6163369777,https://inaturalist-open-data.s3.amazonaws.com/photos/615819140/original.jpg,http://creativecommons.org/licenses/by-nc/4.0/,Diego Manzano Méndez,1536,2048
6163369777_1.jpg,Lobelia laxiflora,6163369777,https://inaturalist-open-data.s3.amazonaws.com/photos/615819146/original.jpg,http://creativecommons.org/licenses/by-nc/4.0/,Diego Manzano Méndez,1536,2048
6162867205_1.jpg,Lobelia laxiflora,6162867205,https://inaturalist-open-data.s3.amazonaws.com/photos/615776438/original.jpg,http://creativecommons.org/licenses/by-nc/4.0/,Deyaneira Dionicio V.,2048,1536
6159409759_0.jpg,Lobelia laxiflora,6159409759,https://inaturalist-open-data.s3.amazonaws.com/photos/616034629/original.jpg,http://creativecommons.org/publicdomain/zero/1.0/,Chris Wyse,1536,2048
6159497872_2.jpg,Lobelia laxiflora,6159497872,https://inaturalist-open-data.s3.amazonaws.com/photos/615508380/original.jpg,http://creativecommons.org/licenses/by/4.0/,Pat Hall,1536,2048
6162867205_0.jpg,Lobelia laxiflora,6162867205,https://inaturalist-open-data.s3.amazonaws.com/photos/615776416/original.jpg,http://creativecommons.org/licenses/by-nc/4.0/,Deyaneira Dionicio V.,2048,1536
6159497872_0.jpg,Lobelia laxiflora,6159497872,https://inaturalist-open-data.s3.amazonaws.com/photos/615508374/original.jpg,http://creativecommons.org/licenses/by/4.0/,Pat Hall,1536,2048
6159409759_1.jpg,Lobelia laxiflora,6159409759,https://inaturalist-open-data.s3.amazonaws.com/photos/616034652/original.jpg,http://creativecommons.org/publicdomain/zero/1.0/,Chris Wyse,1536,2048
6159497872_1.jpg,Lobelia laxiflora,6159497872,https://inaturalist-open-data.s3.amazonaws.com/photos/615508381/original.jpg,http://creativecommons.org/licenses/by/4.0/,Pat Hall,1536,2048
6171075396_1.jpg,Lobelia laxiflora,6171075396,https://inaturalist-open-data.s3.amazonaws.com/photos/620084518/original.jpg,http://creativecommons.org/publicdomain/zero/1.0/,Skye Pelliccia,1536,2048
6171075396_3.jpg,Lobelia laxiflora,6171075396,https://inaturalist-open-data.s3.amazonaws.com/photos/620084512/original.jpg,http://creativecommons.org/publicdomain/zero/1.0/,Skye Pelliccia,1536,2048
6171075396_4.jpg,Lobelia laxiflora,6171075396,https://inaturalist-open-data.s3.amazonaws.com/photos/620084510/original.jpg,http://creativecommons.org/publicdomain/zero/1.0/,Skye Pelliccia,2048,1536
6171075396_2.jpg,Lobelia laxiflora,6171075396,https://inaturalist-open-data.s3.amazonaws.com/photos/620084507/original.jpg,http://creativecommons.org/publicdomain/zero/1.0/,Skye Pelliccia,1536,2048
6171075396_0.jpg,Lobelia laxiflora,6171075396,https://inaturalist-open-data.s3.amazonaws.com/photos/620084484/original.jpg,http://creativecommons.org/publicdomain/zero/1.0/,Skye Pelliccia,1536,2048
5938210952_1.jpg,Penstemon roseus,5938210952,https://inaturalist-open-data.s3.amazonaws.com/photos/605575323/original.jpg,http://creativecommons.org/licenses/by-nc/4.0/,ositodeagua,1815,2048
5938210952_0.jpg,Penstemon roseus,5938210952,https://inaturalist-open-data.s3.amazonaws.com/photos/605575324/original.jpg,http://creativecommons.org/licenses/by-nc/4.0/,ositodeagua,2048,1491
6235872641_0.jpg,Penstemon roseus,6235872641,https://inaturalist-open-data.s3.amazonaws.com/photos/630383909/original.jpg,http://creativecommons.org/licenses/by-nc/4.0/,Luca Boscain,999,1533
6235872641_1.jpg,Penstemon roseus,6235872641,https://inaturalist-open-data.s3.amazonaws.com/photos/630384313/original.jpg,http://creativecommons.org/licenses/by-nc/4.0/,Luca Boscain,1603,2048
6236455587_0.jpg,Penstemon roseus,6236455587,https://inaturalist-open-data.s3.amazonaws.com/photos/647608556/original.jpg,http://creativecommons.org/licenses/by-nc/4.0/,Grecia MH,1536,2048
6234860172_0.jpg,Penstemon roseus,6234860172,https://inaturalist-open-data.s3.amazonaws.com/photos/645185321/original.jpg,http://creativecommons.org/licenses/by-nc/4.0/,Carlos Gonzalez Villalobos,1152,2048
6234860172_1.jpg,Penstemon roseus,6234860172,https://inaturalist-open-data.s3.amazonaws.com/photos/645370596/original.jpg,http://creativecommons.org/licenses/by-nc/4.0/,Carlos Gonzalez Villalobos,1152,2048
5938419140_0.jpg,Penstemon roseus,5938419140,https://inaturalist-open-data.s3.amazonaws.com/photos/605732189/original.jpg,http://creativecommons.org/licenses/by-nc/4.0/,Miguel Hernandez Alva,1536,2048
6251614063_0.jpg,Penstemon roseus,6251614063,https://inaturalist-open-data.s3.amazonaws.com/photos/648804790/original.jpg,http://creativecommons.org/licenses/by-nc/4.0/,luisfuentes,2048,1536
6236455587_1.jpg,Penstemon roseus,6236455587,https://inaturalist-open-data.s3.amazonaws.com/photos/647608676/original.jpg,http://creativecommons.org/licenses/by-nc/4.0/,Grecia MH,1536,2048
6253186898_1.jpg,Penstemon roseus,6253186898,https://inaturalist-open-data.s3.amazonaws.com/photos/647276503/original.jpg,http://creativecommons.org/licenses/by-nc/4.0/,Luis Ángel Morgado Ramírez,1536,2048
5938419140_1.jpg,Penstemon roseus,5938419140,https://inaturalist-open-data.s3.amazonaws.com/photos/605732186/original.jpg,http://creativecommons.org/licenses/by-nc/4.0/,Miguel Hernandez Alva,1536,2048
6253186898_0.jpg,Penstemon roseus,6253186898,https://inaturalist-open-data.s3.amazonaws.com/photos/647276358/original.jpg,http://creativecommons.org/licenses/by-nc/4.0/,Luis Ángel Morgado Ramírez,1536,2048
6352557908_0.jpg,Penstemon roseus,6352557908,https://inaturalist-open-data.s3.amazonaws.com/photos/669737646/original.jpg,http://creativecommons.org/licenses/by-nc-nd/4.0/,Octavio Pérez-Martínez,1536,2048
5938419140_2.jpg,Penstemon roseus,5938419140,https://inaturalist-open-data.s3.amazonaws.com/photos/605732187/original.jpg,http://creativecommons.org/licenses/by-nc/4.0/,Miguel Hernandez Alva,1536,2048
6413056143_0.jpg,Penstemon roseus,6413056143,https://inaturalist-open-data.s3.amazonaws.com/photos/682267352/original.jpg,http://creativecommons.org/licenses/by-nc/4.0/,Diego Manzano Méndez,1536,2048
6413056143_1.jpg,Penstemon roseus,6413056143,https://inaturalist-open-data.s3.amazonaws.com/photos/682267389/original.jpg,http://creativecommons.org/licenses/by-nc/4.0/,Diego Manzano Méndez,1536,2048
6353002324_0.jpg,Penstemon roseus,6353002324,https://inaturalist-open-data.s3.amazonaws.com/photos/670451204/original.jpg,http://creativecommons.org/licenses/by-nc/4.0/,luisfuentes,2048,1536
6431329641_0.jpg,Penstemon roseus,6431329641,https://inaturalist-open-data.s3.amazonaws.com/photos/690026826/original.jpg,http://creativecommons.org/licenses/by-nc/4.0/,barbs,1537,2048
6353026100_2.jpg,Penstemon roseus,6353026100,https://inaturalist-open-data.s3.amazonaws.com/photos/671142101/original.jpg,http://creativecommons.org/licenses/by-nc/4.0/,Jose Manuel Basurto,1536,2048
6353026100_3.jpg,Penstemon roseus,6353026100,https://inaturalist-open-data.s3.amazonaws.com/photos/671142162/original.jpg,http://creativecommons.org/licenses/by-nc/4.0/,Jose Manuel Basurto,1536,2048
6353354032_0.jpg,Penstemon roseus,6353354032,https://inaturalist-open-data.s3.amazonaws.com/photos/669733542/original.jpg,http://creativecommons.org/licenses/by-nc-nd/4.0/,Octavio Pérez-Martínez,1536,2048
6353026100_0.jpg,Penstemon roseus,6353026100,https://inaturalist-open-data.s3.amazonaws.com/photos/671141971/original.jpg,http://creativecommons.org/licenses/by-nc/4.0/,Jose Manuel Basurto,1536,2048
6441029369_0.jpg,Penstemon roseus,6441029369,https://inaturalist-open-data.s3.amazonaws.com/photos/695879804/original.jpg,http://creativecommons.org/licenses/by-nc/4.0/,kak_satelite,1500,1500
6353026100_1.jpg,Penstemon roseus,6353026100,https://inaturalist-open-data.s3.amazonaws.com/photos/671142039/original.jpg,http://creativecommons.org/licenses/by-nc/4.0/,Jose Manuel Basurto,1536,2048
6399094087_0.jpg,Penstemon roseus,6399094087,https://inaturalist-open-data.s3.amazonaws.com/photos/675338884/original.jpg,http://creativecommons.org/licenses/by-nc/4.0/,Alejandro Calzada Arciniega,1536,2048
6431329641_1.jpg,Penstemon roseus,6431329641,https://inaturalist-open-data.s3.amazonaws.com/photos/690026863/original.jpg,http://creativecommons.org/licenses/by-nc/4.0/,barbs,1537,2048
6441841856_0.jpg,Penstemon roseus,6441841856,https://inaturalist-open-data.s3.amazonaws.com/photos/693801855/original.jpg,http://creativecommons.org/licenses/by-nc/4.0/,Ana Velázquez,1536,2048
6452005324_0.jpg,Penstemon roseus,6452005324,https://inaturalist-open-data.s3.amazonaws.com/photos/698080280/original.jpg,http://creativecommons.org/licenses/by-nc/4.0/,Amalia Estrada,1303,2048
6452005324_1.jpg,Penstemon roseus,6452005324,https://inaturalist-open-data.s3.amazonaws.com/photos/698080295/original.jpg,http://creativecommons.org/licenses/by-nc/4.0/,Amalia Estrada,1501,2048
6452242085_0.jpg,Penstemon roseus,6452242085,https://inaturalist-open-data.s3.amazonaws.com/photos/697778804/original.jpg,http://creativecommons.org/licenses/by-nc/4.0/,Jorge Eduardo Torres Suárez,1365,2048
6479973646_0.jpg,Penstemon roseus,6479973646,https://inaturalist-open-data.s3.amazonaws.com/photos/686690392/original.jpg,http://creativecommons.org/licenses/by-nc/4.0/,Brandon Carlos Quiroz Rueda,1536,2048
6452242085_1.jpg,Penstemon roseus,6452242085,https://inaturalist-open-data.s3.amazonaws.com/photos/697779012/original.jpg,http://creativecommons.org/licenses/by-nc/4.0/,Jorge Eduardo Torres Suárez,1365,2048
6451725611_1.jpg,Penstemon roseus,6451725611,https://inaturalist-open-data.s3.amazonaws.com/photos/700664188/original.jpg,http://creativecommons.org/licenses/by-nc/4.0/,efrenmejia,1152,2048
6440918335_0.jpg,Penstemon roseus,6440918335,https://inaturalist-open-data.s3.amazonaws.com/photos/696779931/original.jpg,http://creativecommons.org/licenses/by-nc/4.0/,esnt_alinne_venegas,1152,2048
6451725611_0.jpg,Penstemon roseus,6451725611,https://inaturalist-open-data.s3.amazonaws.com/photos/700664037/original.jpg,http://creativecommons.org/licenses/by-nc/4.0/,efrenmejia,1152,2048
6469785720_1.jpg,Penstemon roseus,6469785720,https://inaturalist-open-data.s3.amazonaws.com/photos/705834740/original.jpg,http://creativecommons.org/licenses/by-nc/4.0/,Estivaliz Alvarado,1152,2048
6452613824_0.jpg,Penstemon roseus,6452613824,https://inaturalist-open-data.s3.amazonaws.com/photos/692089451/original.jpg,http://creativecommons.org/licenses/by-nc/4.0/,Kremor Pärt,1536,2048
6469853386_0.jpg,Penstemon roseus,6469853386,https://inaturalist-open-data.s3.amazonaws.com/photos/704133496/original.jpg,http://creativecommons.org/licenses/by-nc/4.0/,Efraín Octavio Aguilar Pérez,2048,1362
6469785720_0.jpg,Penstemon roseus,6469785720,https://inaturalist-open-data.s3.amazonaws.com/photos/705834696/original.jpg,http://creativecommons.org/licenses/by-nc/4.0/,Estivaliz Alvarado,1152,2048
6469853386_1.jpg,Penstemon roseus,6469853386,https://inaturalist-open-data.s3.amazonaws.com/photos/704133495/original.jpg,http://creativecommons.org/licenses/by-nc/4.0/,Efraín Octavio Aguilar Pérez,1362,2048
6440918335_1.jpg,Penstemon roseus,6440918335,https://inaturalist-open-data.s3.amazonaws.com/photos/696779939/original.jpg,http://creativecommons.org/licenses/by-nc/4.0/,esnt_alinne_venegas,1536,2048
5938606821_0.jpg,Castilleja tenuiflora,5938606821,https://inaturalist-open-data.s3.amazonaws.com/photos/605224121/original.jpg,http://creativecommons.org/licenses/by-nc/4.0/,jeremypmccann,1143,1216
5938260768_1.jpg,Castilleja tenuiflora,5938260768,https://inaturalist-open-data.s3.amazonaws.com/photos/605225471/original.jpg,http://creativecommons.org/licenses/by-nc/4.0/,jeremypmccann,1694,1612
5938156933_0.jpg,Castilleja tenuiflora,5938156933,https://inaturalist-open-data.s3.amazonaws.com/photos/605234817/original.jpg,http://creativecommons.org/licenses/by-nc/4.0/,Deadwood,1703,1262
5938606821_1.jpg,Castilleja tenuiflora,5938606821,https://inaturalist-open-data.s3.amazonaws.com/photos/605224140/original.jpg,http://creativecommons.org/licenses/by-nc/4.0/,jeremypmccann,1204,1546
5938260768_0.jpg,Castilleja tenuiflora,5938260768,https://inaturalist-open-data.s3.amazonaws.com/photos/605225438/original.jpg,http://creativecommons.org/licenses/by-nc/4.0/,jeremypmccann,1400,1418
5938378462_0.jpg,Castilleja tenuiflora,5938378462,https://inaturalist-open-data.s3.amazonaws.com/photos/604889346/original.jpg,http://creativecommons.org/licenses/by-nc/4.0/,magdasl,1536,2048
5938199000_0.jpg,Castilleja tenuiflora,5938199000,https://inaturalist-open-data.s3.amazonaws.com/photos/604645601/original.jpg,http://creativecommons.org/licenses/by-nc/4.0/,Luis Vigosa,1536,2048
5938199000_1.jpg,Castilleja tenuiflora,5938199000,https://inaturalist-open-data.s3.amazonaws.com/photos/604645618/original.jpg,http://creativecommons.org/licenses/by-nc/4.0/,Luis Vigosa,1536,2048
5938156933_1.jpg,Castilleja tenuiflora,5938156933,https://inaturalist-open-data.s3.amazonaws.com/photos/605234847/original.jpg,http://creativecommons.org/licenses/by-nc/4.0/,Deadwood,1536,2048
5938606821_2.jpg,Castilleja tenuiflora,5938606821,https://inaturalist-open-data.s3.amazonaws.com/photos/605224163/original.jpg,http://creativecommons.org/licenses/by-nc/4.0/,jeremypmccann,846,2048
5938058323_0.jpg,Castilleja tenuiflora,5938058323,https://inaturalist-open-data.s3.amazonaws.com/photos/605639361/original.jpg,http://creativecommons.org/licenses/by-nc/4.0/,korenbosworth,1536,2048
5938673706_1.jpg,Castilleja tenuiflora,5938673706,https://inaturalist-open-data.s3.amazonaws.com/photos/605183212/original.jpg,http://creativecommons.org/licenses/by-nc/4.0/,Jess Beauchemin,2048,1542
5938673706_0.jpg,Castilleja tenuiflora,5938673706,https://inaturalist-open-data.s3.amazonaws.com/photos/605183184/original.jpg,http://creativecommons.org/licenses/by-nc/4.0/,Jess Beauchemin,1542,2048
5938703896_0.jpg,Castilleja tenuiflora,5938703896,https://inaturalist-open-data.s3.amazonaws.com/photos/605715390/original.jpg,http://creativecommons.org/licenses/by-nc/4.0/,statiko,1536,2048
5938673706_2.jpg,Castilleja tenuiflora,5938673706,https://inaturalist-open-data.s3.amazonaws.com/photos/605183249/original.jpg,http://creativecommons.org/licenses/by-nc/4.0/,Jess Beauchemin,1542,2048
5938673706_3.jpg,Castilleja tenuiflora,5938673706,https://inaturalist-open-data.s3.amazonaws.com/photos/605183284/original.jpg,http://creativecommons.org/licenses/by-nc/4.0/,Jess Beauchemin,1542,2048
6130965988_1.jpg,Castilleja tenuiflora,6130965988,https://inaturalist-open-data.s3.amazonaws.com/photos/606225094/original.jpg,http://creativecommons.org/licenses/by-nc/4.0/,Kate Anderson,1536,2048
6130812386_0.jpg,Castilleja tenuiflora,6130812386,https://inaturalist-open-data.s3.amazonaws.com/photos/608644305/original.jpg,http://creativecommons.org/licenses/by-nc/4.0/,Juan Carlos López Domínguez,2048,1536
6130965988_0.jpg,Castilleja tenuiflora,6130965988,https://inaturalist-open-data.s3.amazonaws.com/photos/606225053/original.jpg,http://creativecommons.org/licenses/by-nc/4.0/,Kate Anderson,1536,2048
6130805691_0.jpg,Castilleja tenuiflora,6130805691,https://inaturalist-open-data.s3.amazonaws.com/photos/610697251/original.jpg,http://creativecommons.org/licenses/by/4.0/,CK2AZ,1100,1467
6131071945_2.jpg,Castilleja tenuiflora,6131071945,https://inaturalist-open-data.s3.amazonaws.com/photos/609532087/original.jpg,http://creativecommons.org/licenses/by-nc/4.0/,Zuleima Alejandra Durán Guzmán,1536,2048
6131071945_0.jpg,Castilleja tenuiflora,6131071945,https://inaturalist-open-data.s3.amazonaws.com/photos/609532006/original.jpg,http://creativecommons.org/licenses/by-nc/4.0/,Zuleima Alejandra Durán Guzmán,1536,2048
6130805691_1.jpg,Castilleja tenuiflora,6130805691,https://inaturalist-open-data.s3.amazonaws.com/photos/610697257/original.jpg,http://creativecommons.org/licenses/by/4.0/,CK2AZ,1536,2048
6131071945_1.jpg,Castilleja tenuiflora,6131071945,https://inaturalist-open-data.s3.amazonaws.com/photos/609532049/original.jpg,http://creativecommons.org/licenses/by-nc/4.0/,Zuleima Alejandra Durán Guzmán,1536,2048
6130242512_0.jpg,Castilleja tenuiflora,6130242512,https://inaturalist-open-data.s3.amazonaws.com/photos/606210069/original.jpg,http://creativecommons.org/licenses/by-nc/4.0/,svenjamin231,1536,2048
6130805691_2.jpg,Castilleja tenuiflora,6130805691,https://inaturalist-open-data.s3.amazonaws.com/photos/610697256/original.jpg,http://creativecommons.org/licenses/by/4.0/,CK2AZ,1536,2048
6131384927_0.jpg,Castilleja tenuiflora,6131384927,https://inaturalist-open-data.s3.amazonaws.com/photos/606212331/original.jpg,http://creativecommons.org/licenses/by-nc/4.0/,Jackson Nesbit,1536,2048
6131497904_0.jpg,Castilleja tenuiflora,6131497904,https://inaturalist-open-data.s3.amazonaws.com/photos/608642126/original.jpg,http://creativecommons.org/licenses/by-nc/4.0/,Janet Galpin,1536,2048
6131311992_0.jpg,Castilleja tenuiflora,6131311992,https://inaturalist-open-data.s3.amazonaws.com/photos/606150667/original.jpg,http://creativecommons.org/licenses/by-nc/4.0/,Antonio Aguilar,1536,2048
6131071945_3.jpg,Castilleja tenuiflora,6131071945,https://inaturalist-open-data.s3.amazonaws.com/photos/609532157/original.jpg,http://creativecommons.org/licenses/by-nc/4.0/,Zuleima Alejandra Durán Guzmán,1536,2048
5293090428_4.jpg,Sedum jaliscanum,5293090428,https://inaturalist-open-data.s3.amazonaws.com/photos/552873534/original.jpg,http://creativecommons.org/licenses/by-nc/4.0/,Angel Omar Salinas Andrade,2048,1536
5293090428_1.jpg,Sedum jaliscanum,5293090428,https://inaturalist-open-data.s3.amazonaws.com/photos/552873505/original.jpg,http://creativecommons.org/licenses/by-nc/4.0/,Angel Omar Salinas Andrade,2048,1536
5293090428_3.jpg,Sedum jaliscanum,5293090428,https://inaturalist-open-data.s3.amazonaws.com/photos/552873472/original.jpg,http://creativecommons.org/licenses/by-nc/4.0/,Angel Omar Salinas Andrade,2048,1536
5292253049_2.jpg,Sedum jaliscanum,5292253049,https://inaturalist-open-data.s3.amazonaws.com/photos/554092426/original.jpg,http://creativecommons.org/licenses/by-nc/4.0/,betorquato,2000,1329
5292253049_0.jpg,Sedum jaliscanum,5292253049,https://inaturalist-open-data.s3.amazonaws.com/photos/554092412/original.jpg,http://creativecommons.org/licenses/by-nc/4.0/,betorquato,2000,1329
5292253049_1.jpg,Sedum jaliscanum,5292253049,https://inaturalist-open-data.s3.amazonaws.com/photos/554092417/original.jpg,http://creativecommons.org/licenses/by-nc/4.0/,betorquato,2000,1329
5293090428_0.jpg,Sedum jaliscanum,5293090428,https://inaturalist-open-data.s3.amazonaws.com/photos/552873531/original.jpg,http://creativecommons.org/licenses/by-nc/4.0/,Angel Omar Salinas Andrade,2048,1536
6481362670_0.jpg,Sedum jaliscanum,6481362670,https://inaturalist-open-data.s3.amazonaws.com/photos/708230523/original.jpg,http://creativecommons.org/licenses/by-nc/4.0/,Zahid Alcalá,2048,1536
5293090428_2.jpg,Sedum jaliscanum,5293090428,https://inaturalist-open-data.s3.amazonaws.com/photos/552873538/original.jpg,http://creativecommons.org/licenses/by-nc/4.0/,Angel Omar Salinas Andrade,2048,1536
5231427949_0.jpg,Sedum jaliscanum,5231427949,https://inaturalist-open-data.s3.amazonaws.com/photos/536290202/original.jpg,http://creativecommons.org/licenses/by/4.0/,Ricardo Betancourt Sánchez,2048,2048
5938028172_0.jpg,Sedum jaliscanum,5938028172,https://inaturalist-open-data.s3.amazonaws.com/photos/576552378/original.jpg,http://creativecommons.org/licenses/by-nc/4.0/,Efraín Octavio Aguilar Pérez,1536,2048
5889729147_0.jpg,Sedum jaliscanum,5889729147,https://inaturalist-open-data.s3.amazonaws.com/photos/550101491/original.jpg,http://creativecommons.org/licenses/by-nc/4.0/,Alonso Flores Peredo,1536,2048
5938134078_0.jpg,Sedum jaliscanum,5938134078,https://inaturalist-open-data.s3.amazonaws.com/photos/576350808/original.jpg,http://creativecommons.org/licenses/by-nc/4.0/,Efraín Octavio Aguilar Pérez,2048,1536
5938116268_0.jpg,Sedum jaliscanum,5938116268,https://inaturalist-open-data.s3.amazonaws.com/photos/576516877/original.jpg,http://creativecommons.org/licenses/by-nc/4.0/,Efraín Octavio Aguilar Pérez,1536,2048
5938265303_0.jpg,Sedum jaliscanum,5938265303,https://inaturalist-open-data.s3.amazonaws.com/photos/576381716/original.jpg,http://creativecommons.org/licenses/by-nc/4.0/,Efraín Octavio Aguilar Pérez,2048,1536
5938427017_0.jpg,Sedum jaliscanum,5938427017,https://inaturalist-open-data.s3.amazonaws.com/photos/576451378/original.jpg,http://creativecommons.org/licenses/by-nc/4.0/,Efraín Octavio Aguilar Pérez,2048,1536
5938262784_1.jpg,Sedum jaliscanum,5938262784,https://inaturalist-open-data.s3.amazonaws.com/photos/576440244/original.jpg,http://creativecommons.org/licenses/by-nc/4.0/,Efraín Octavio Aguilar Pérez,1365,2048
5938416575_0.jpg,Sedum jaliscanum,5938416575,https://inaturalist-open-data.s3.amazonaws.com/photos/576410732/original.jpg,http://creativecommons.org/licenses/by-nc/4.0/,Efraín Octavio Aguilar Pérez,1536,2048
5938136373_1.jpg,Sedum jaliscanum,5938136373,https://inaturalist-open-data.s3.amazonaws.com/photos/576551216/original.jpg,http://creativecommons.org/licenses/by-nc/4.0/,Efraín Octavio Aguilar Pérez,1536,2048
5938269717_0.jpg,Sedum jaliscanum,5938269717,https://inaturalist-open-data.s3.amazonaws.com/photos/576448740/original.jpg,http://creativecommons.org/licenses/by-nc/4.0/,Efraín Octavio Aguilar Pérez,1536,2048
5938310545_0.jpg,Sedum jaliscanum,5938310545,https://inaturalist-open-data.s3.amazonaws.com/photos/576544074/original.jpg,http://creativecommons.org/licenses/by-nc/4.0/,Efraín Octavio Aguilar Pérez,2048,1536
5938356839_0.jpg,Sedum jaliscanum,5938356839,https://inaturalist-open-data.s3.amazonaws.com/photos/576349501/original.jpg,http://creativecommons.org/licenses/by-nc/4.0/,Efraín Octavio Aguilar Pérez,2048,1365
5938136373_0.jpg,Sedum jaliscanum,5938136373,https://inaturalist-open-data.s3.amazonaws.com/photos/576551201/original.jpg,http://creativecommons.org/licenses/by-nc/4.0/,Efraín Octavio Aguilar Pérez,2048,1536
5938262784_0.jpg,Sedum jaliscanum,5938262784,https://inaturalist-open-data.s3.amazonaws.com/photos/576440260/original.jpg,http://creativecommons.org/licenses/by-nc/4.0/,Efraín Octavio Aguilar Pérez,1365,2048
5938578998_0.jpg,Sedum jaliscanum,5938578998,https://inaturalist-open-data.s3.amazonaws.com/photos/576540421/original.jpg,http://creativecommons.org/licenses/by-nc/4.0/,Efraín Octavio Aguilar Pérez,1536,2048
5938540759_0.jpg,Sedum jaliscanum,5938540759,https://inaturalist-open-data.s3.amazonaws.com/photos/576546442/original.jpg,http://creativecommons.org/licenses/by-nc/4.0/,Efraín Octavio Aguilar Pérez,1536,2048
5938439918_1.jpg,Sedum jaliscanum,5938439918,https://inaturalist-open-data.s3.amazonaws.com/photos/576543550/original.jpg,http://creativecommons.org/licenses/by-nc/4.0/,Efraín Octavio Aguilar Pérez,1536,2048
5938439918_0.jpg,Sedum jaliscanum,5938439918,https://inaturalist-open-data.s3.amazonaws.com/photos/576543552/original.jpg,http://creativecommons.org/licenses/by-nc/4.0/,Efraín Octavio Aguilar Pérez,1536,2048
5938578998_1.jpg,Sedum jaliscanum,5938578998,https://inaturalist-open-data.s3.amazonaws.com/photos/576540377/original.jpg,http://creativecommons.org/licenses/by-nc/4.0/,Efraín Octavio Aguilar Pérez,1536,2048
5938491279_0.jpg,Sedum jaliscanum,5938491279,https://inaturalist-open-data.s3.amazonaws.com/photos/576450045/original.jpg,http://creativecommons.org/licenses/by-nc/4.0/,Efraín Octavio Aguilar Pérez,2048,1536
5938483189_0.jpg,Sedum jaliscanum,5938483189,https://inaturalist-open-data.s3.amazonaws.com/photos/576348018/original.jpg,http://creativecommons.org/licenses/by-nc/4.0/,Efraín Octavio Aguilar Pérez,2048,1536
5938483189_1.jpg,Sedum jaliscanum,5938483189,https://inaturalist-open-data.s3.amazonaws.com/photos/576348745/original.jpg,http://creativecommons.org/licenses/by-nc/4.0/,Efraín Octavio Aguilar Pérez,2048,1536
5938509097_0.jpg,Sedum jaliscanum,5938509097,https://inaturalist-open-data.s3.amazonaws.com/photos/576438229/original.jpg,http://creativecommons.org/licenses/by-nc/4.0/,Efraín Octavio Aguilar Pérez,1536,2048
5938603491_0.jpg,Sedum jaliscanum,5938603491,https://inaturalist-open-data.s3.amazonaws.com/photos/576353563/original.jpg,http://creativecommons.org/licenses/by-nc/4.0/,Efraín Octavio Aguilar Pérez,2048,1536
5938475946_0.jpg,Sedum jaliscanum,5938475946,https://inaturalist-open-data.s3.amazonaws.com/photos/576443287/original.jpg,http://creativecommons.org/licenses/by-nc/4.0/,Efraín Octavio Aguilar Pérez,1536,2048
6413977381_0.jpg,Passiflora exsudans,6413977381,https://inaturalist-open-data.s3.amazonaws.com/photos/683174041/original.jpg,http://creativecommons.org/licenses/by-nc/4.0/,mdelapuente,1536,2048
6400474645_1.jpg,Passiflora exsudans,6400474645,https://inaturalist-open-data.s3.amazonaws.com/photos/675668711/original.jpg,http://creativecommons.org/licenses/by-nc/4.0/,Maria F Razo,1536,2048
6400474645_0.jpg,Passiflora exsudans,6400474645,https://inaturalist-open-data.s3.amazonaws.com/photos/675668661/original.jpg,http://creativecommons.org/licenses/by-nc/4.0/,Maria F Razo,1536,2048
6399488017_1.jpg,Passiflora exsudans,6399488017,https://inaturalist-open-data.s3.amazonaws.com/photos/675586737/original.jpg,http://creativecommons.org/licenses/by-nc/4.0/,Nao,2048,1536
6131612845_1.jpg,Passiflora exsudans,6131612845,https://inaturalist-open-data.s3.amazonaws.com/photos/610241487/original.jpg,http://creativecommons.org/licenses/by/4.0/,Peter Quakenbush,1536,2048
6399488017_2.jpg,Passiflora exsudans,6399488017,https://inaturalist-open-data.s3.amazonaws.com/photos/675586783/original.jpg,http://creativecommons.org/licenses/by-nc/4.0/,Nao,2048,1536
6131612845_0.jpg,Passiflora exsudans,6131612845,https://inaturalist-open-data.s3.amazonaws.com/photos/610241473/original.jpg,http://creativecommons.org/licenses/by/4.0/,Peter Quakenbush,1536,2048
6399488017_0.jpg,Passiflora exsudans,6399488017,https://inaturalist-open-data.s3.amazonaws.com/photos/675586689/original.jpg,http://creativecommons.org/licenses/by-nc/4.0/,Nao,2048,1536
6399488017_4.jpg,Passiflora exsudans,6399488017,https://inaturalist-open-data.s3.amazonaws.com/photos/675586879/original.jpg,http://creativecommons.org/licenses/by-nc/4.0/,Nao,1536,2048
6399488017_3.jpg,Passiflora exsudans,6399488017,https://inaturalist-open-data.s3.amazonaws.com/photos/675586845/original.jpg,http://creativecommons.org/licenses/by-nc/4.0/,Nao,1536,2048
6422334615_2.jpg,Passiflora exsudans,6422334615,https://inaturalist-open-data.s3.amazonaws.com/photos/685703342/original.jpg,http://creativecommons.org/licenses/by-nc/4.0/,Styv De Jesús Calva,1200,1600
6422334615_3.jpg,Passiflora exsudans,6422334615,https://inaturalist-open-data.s3.amazonaws.com/photos/685703371/original.jpg,http://creativecommons.org/licenses/by-nc/4.0/,Styv De Jesús Calva,1200,1600
6422334615_0.jpg,Passiflora exsudans,6422334615,https://inaturalist-open-data.s3.amazonaws.com/photos/685699372/original.jpg,http://creativecommons.org/licenses/by-nc/4.0/,Styv De Jesús Calva,1536,2048
6422334615_1.jpg,Passiflora exsudans,6422334615,https://inaturalist-open-data.s3.amazonaws.com/photos/685703309/original.jpg,http://creativecommons.org/licenses/by-nc/4.0/,Styv De Jesús Calva,1200,1600
6480048768_0.jpg,Passiflora exsudans,6480048768,https://inaturalist-open-data.s3.amazonaws.com/photos/714169225/original.jpg,http://creativecommons.org/licenses/by-nc/4.0/,J. M. Guerrero-Campa,2048,1536
5153076072_1.jpg,Passiflora exsudans,5153076072,https://inaturalist-open-data.s3.amazonaws.com/photos/498990410/original.jpeg,http://creativecommons.org/licenses/by-nc/4.0/,Verónica,1536,2048
5153076072_0.jpg,Passiflora exsudans,5153076072,https://inaturalist-open-data.s3.amazonaws.com/photos/498990378/original.jpeg,http://creativecommons.org/licenses/by-nc/4.0/,Verónica,1536,2048
6431710428_1.jpg,Passiflora exsudans,6431710428,https://inaturalist-open-data.s3.amazonaws.com/photos/691104926/original.jpg,http://creativecommons.org/licenses/by-nc/4.0/,Ricardo Villanueva Torres,2048,1536
6431710428_0.jpg,Passiflora exsudans,6431710428,https://inaturalist-open-data.s3.amazonaws.com/photos/691104896/original.jpg,http://creativecommons.org/licenses/by-nc/4.0/,Ricardo Villanueva Torres,2048,1536
5759730602_1.jpg,Passiflora exsudans,5759730602,https://inaturalist-open-data.s3.amazonaws.com/photos/557615345/original.jpg,http://creativecommons.org/licenses/by-nc/4.0/,carhervid,1200,1600
5759730602_0.jpg,Passiflora exsudans,5759730602,https://inaturalist-open-data.s3.amazonaws.com/photos/557615265/original.jpg,http://creativecommons.org/licenses/by-nc/4.0/,carhervid,1200,1600
5760460496_3.jpg,Passiflora exsudans,5760460496,https://inaturalist-open-data.s3.amazonaws.com/photos/561090784/original.jpg,http://creativecommons.org/licenses/by-nc/4.0/,mvz-juangonzalezromero,1536,2048
5760460496_0.jpg,Passiflora exsudans,5760460496,https://inaturalist-open-data.s3.amazonaws.com/photos/561090652/original.jpg,http://creativecommons.org/licenses/by-nc/4.0/,mvz-juangonzalezromero,1536,2048
5760460496_4.jpg,Passiflora exsudans,5760460496,https://inaturalist-open-data.s3.amazonaws.com/photos/561091515/original.jpg,http://creativecommons.org/licenses/by-nc/4.0/,mvz-juangonzalezromero,1536,2048
5760460496_2.jpg,Passiflora exsudans,5760460496,https://inaturalist-open-data.s3.amazonaws.com/photos/561090755/original.jpg,http://creativecommons.org/licenses/by-nc/4.0/,mvz-juangonzalezromero,1536,2048
5292462826_0.jpg,Passiflora exsudans,5292462826,https://inaturalist-open-data.s3.amazonaws.com/photos/551416423/original.jpg,http://creativecommons.org/licenses/by-nc/4.0/,Gerardo Escobar,1758,1795
5760460496_1.jpg,Passiflora exsudans,5760460496,https://inaturalist-open-data.s3.amazonaws.com/photos/561090672/original.jpg,http://creativecommons.org/licenses/by-nc/4.0/,mvz-juangonzalezromero,1536,2048
5292303753_0.jpg,Passiflora exsudans,5292303753,https://inaturalist-open-data.s3.amazonaws.com/photos/551417075/original.jpg,http://creativecommons.org/licenses/by-nc/4.0/,Gerardo Escobar,1686,2048
5760460496_5.jpg,Passiflora exsudans,5760460496,https://inaturalist-open-data.s3.amazonaws.com/photos/561090742/original.jpg,http://creativecommons.org/licenses/by-nc/4.0/,mvz-juangonzalezromero,1536,2048
5231030247_0.jpg,Passiflora exsudans,5231030247,https://inaturalist-open-data.s3.amazonaws.com/photos/540303396/original.jpg,http://creativecommons.org/licenses/by-nc/4.0/,Oscar Rios,2048,1536
6147380705_0.jpg,Passiflora exsudans,6147380705,https://inaturalist-open-data.s3.amazonaws.com/photos/612829232/original.jpg,http://creativecommons.org/licenses/by-nc/4.0/,vicsteinmann,2048,1365
5828719507_0.jpg,Passiflora exsudans,5828719507,https://inaturalist-open-data.s3.amazonaws.com/photos/565090683/original.jpg,http://creativecommons.org/licenses/by-nc/4.0/,Luis Mazy,1536,2048
5828719507_1.jpg,Passiflora exsudans,5828719507,https://inaturalist-open-data.s3.amazonaws.com/photos/565090749/original.jpg,http://creativecommons.org/licenses/by-nc/4.0/,Luis Mazy,1536,2048
6147380705_3.jpg,Passiflora exsudans,6147380705,https://inaturalist-open-data.s3.amazonaws.com/photos/612829229/original.jpg,http://creativecommons.org/licenses/by-nc/4.0/,vicsteinmann,2048,1536
5828719507_2.jpg,Passiflora exsudans,5828719507,https://inaturalist-open-data.s3.amazonaws.com/photos/565090798/original.jpg,http://creativecommons.org/licenses/by-nc/4.0/,Luis Mazy,1536,2048
6147380705_2.jpg,Passiflora exsudans,6147380705,https://inaturalist-open-data.s3.amazonaws.com/photos/612829208/original.jpg,http://creativecommons.org/licenses/by-nc/4.0/,vicsteinmann,2048,1365
5828405000_0.jpg,Passiflora exsudans,5828405000,https://inaturalist-open-data.s3.amazonaws.com/photos/564836224/original.jpg,http://creativecommons.org/licenses/by-nc/4.0/,America Pérez Vega,1536,2048
6147380705_1.jpg,Passiflora exsudans,6147380705,https://inaturalist-open-data.s3.amazonaws.com/photos/612829210/original.jpg,http://creativecommons.org/licenses/by-nc/4.0/,vicsteinmann,2048,1365
5892491647_0.jpg,Passiflora exsudans,5892491647,https://inaturalist-open-data.s3.amazonaws.com/photos/588508484/original.jpg,http://creativecommons.org/licenses/by-nc/4.0/,mvz-juangonzalezromero,1536,2048
5892491647_1.jpg,Passiflora exsudans,5892491647,https://inaturalist-open-data.s3.amazonaws.com/photos/588508378/original.jpg,http://creativecommons.org/licenses/by-nc/4.0/,mvz-juangonzalezromero,1536,2048
5892491647_4.jpg,Passiflora exsudans,5892491647,https://inaturalist-open-data.s3.amazonaws.com/photos/588508812/original.jpg,http://creativecommons.org/licenses/by-nc/4.0/,mvz-juangonzalezromero,1536,2048
5892491647_6.jpg,Passiflora exsudans,5892491647,https://inaturalist-open-data.s3.amazonaws.com/photos/588508115/original.jpg,http://creativecommons.org/licenses/by-nc/4.0/,mvz-juangonzalezromero,1536,2048
5892491647_7.jpg,Passiflora exsudans,5892491647,https://inaturalist-open-data.s3.amazonaws.com/photos/588508093/original.jpg,http://creativecommons.org/licenses/by-nc/4.0/,mvz-juangonzalezromero,1536,2048
5839929207_0.jpg,Passiflora exsudans,5839929207,https://inaturalist-open-data.s3.amazonaws.com/photos/577387399/original.jpg,http://creativecommons.org/licenses/by-nc/4.0/,Efraín Octavio Aguilar Pérez,1536,2048
5892491647_2.jpg,Passiflora exsudans,5892491647,https://inaturalist-open-data.s3.amazonaws.com/photos/588508465/original.jpg,http://creativecommons.org/licenses/by-nc/4.0/,mvz-juangonzalezromero,1536,2048
5892491647_5.jpg,Passiflora exsudans,5892491647,https://inaturalist-open-data.s3.amazonaws.com/photos/588508810/original.jpg,http://creativecommons.org/licenses/by-nc/4.0/,mvz-juangonzalezromero,1536,2048
5892491647_3.jpg,Passiflora exsudans,5892491647,https://inaturalist-open-data.s3.amazonaws.com/photos/588508788/original.jpg,http://creativecommons.org/licenses/by-nc/4.0/,mvz-juangonzalezromero,1536,2048
5890238466_0.jpg,Passiflora exsudans,5890238466,https://inaturalist-open-data.s3.amazonaws.com/photos/586839270/original.jpg,http://creativecommons.org/licenses/by-nc/4.0/,German Cuali Valdez,1536,2048
5897654045_0.jpg,Passiflora exsudans,5897654045,https://inaturalist-open-data.s3.amazonaws.com/photos/592379173/original.jpg,http://creativecommons.org/licenses/by-nc/4.0/,mvz-juangonzalezromero,1536,2048
5897654045_2.jpg,Passiflora exsudans,5897654045,https://inaturalist-open-data.s3.amazonaws.com/photos/592379220/original.jpg,http://creativecommons.org/licenses/by-nc/4.0/,mvz-juangonzalezromero,1536,2048
5897654045_3.jpg,Passiflora exsudans,5897654045,https://inaturalist-open-data.s3.amazonaws.com/photos/592379343/original.jpg,http://creativecommons.org/licenses/by-nc/4.0/,mvz-juangonzalezromero,1536,2048
5892839733_0.jpg,Passiflora exsudans,5892839733,https://inaturalist-open-data.s3.amazonaws.com/photos/588198244/original.jpg,http://creativecommons.org/licenses/by-nc/4.0/,Marco Polo amarillas vargas,1365,2048
5897654045_1.jpg,Passiflora exsudans,5897654045,https://inaturalist-open-data.s3.amazonaws.com/photos/592379171/original.jpg,http://creativecommons.org/licenses/by-nc/4.0/,mvz-juangonzalezromero,1536,2048
5897654045_6.jpg,Passiflora exsudans,5897654045,https://inaturalist-open-data.s3.amazonaws.com/photos/592378974/original.jpg,http://creativecommons.org/licenses/by-nc/4.0/,mvz-juangonzalezromero,1536,2048
5897654045_4.jpg,Passiflora exsudans,5897654045,https://inaturalist-open-data.s3.amazonaws.com/photos/592379400/original.jpg,http://creativecommons.org/licenses/by-nc/4.0/,mvz-juangonzalezromero,1536,2048
5897654045_5.jpg,Passiflora exsudans,5897654045,https://inaturalist-open-data.s3.amazonaws.com/photos/592379589/original.jpg,http://creativecommons.org/licenses/by-nc/4.0/,mvz-juangonzalezromero,1536,2048
5897654045_7.jpg,Passiflora exsudans,5897654045,https://inaturalist-open-data.s3.amazonaws.com/photos/592379224/original.jpg,http://creativecommons.org/licenses/by-nc/4.0/,mvz-juangonzalezromero,1536,2048
5897654045_8.jpg,Passiflora exsudans,5897654045,https://inaturalist-open-data.s3.amazonaws.com/photos/592379257/original.jpg,http://creativecommons.org/licenses/by-nc/4.0/,mvz-juangonzalezromero,1536,2048
5897654045_9.jpg,Passiflora exsudans,5897654045,https://inaturalist-open-data.s3.amazonaws.com/photos/592379261/original.jpg,http://creativecommons.org/licenses/by-nc/4.0/,mvz-juangonzalezromero,1536,2048
5897654045_10.jpg,Passiflora exsudans,5897654045,https://inaturalist-open-data.s3.amazonaws.com/photos/592379302/original.jpg,http://creativecommons.org/licenses/by-nc/4.0/,mvz-juangonzalezromero,1536,2048
5897654045_13.jpg,Passiflora exsudans,5897654045,https://inaturalist-open-data.s3.amazonaws.com/photos/592379347/original.jpg,http://creativecommons.org/licenses/by-nc/4.0/,mvz-juangonzalezromero,1536,2048
5897654045_11.jpg,Passiflora exsudans,5897654045,https://inaturalist-open-data.s3.amazonaws.com/photos/592379297/original.jpg,http://creativecommons.org/licenses/by-nc/4.0/,mvz-juangonzalezromero,1536,2048
5897654045_12.jpg,Passiflora exsudans,5897654045,https://inaturalist-open-data.s3.amazonaws.com/photos/592378943/original.jpg,http://creativecommons.org/licenses/by-nc/4.0/,mvz-juangonzalezromero,1536,2048
5897654045_14.jpg,Passiflora exsudans,5897654045,https://inaturalist-open-data.s3.amazonaws.com/photos/592379408/original.jpg,http://creativecommons.org/licenses/by-nc/4.0/,mvz-juangonzalezromero,1536,2048
5897654045_17.jpg,Passiflora exsudans,5897654045,https://inaturalist-open-data.s3.amazonaws.com/photos/592379436/original.jpg,http://creativecommons.org/licenses/by-nc/4.0/,mvz-juangonzalezromero,1536,2048
5897654045_15.jpg,Passiflora exsudans,5897654045,https://inaturalist-open-data.s3.amazonaws.com/photos/592379573/original.jpg,http://creativecommons.org/licenses/by-nc/4.0/,mvz-juangonzalezromero,1536,2048
5897654045_16.jpg,Passiflora exsudans,5897654045,https://inaturalist-open-data.s3.amazonaws.com/photos/592379462/original.jpg,http://creativecommons.org/licenses/by-nc/4.0/,mvz-juangonzalezromero,1536,2048
5897654045_18.jpg,Passiflora exsudans,5897654045,https://inaturalist-open-data.s3.amazonaws.com/photos/592379295/original.jpg,http://creativecommons.org/licenses/by-nc/4.0/,mvz-juangonzalezromero,1536,2048
5903792997_0.jpg,Passiflora exsudans,5903792997,https://inaturalist-open-data.s3.amazonaws.com/photos/593933711/original.jpg,http://creativecommons.org/licenses/by-nc/4.0/,mvz-juangonzalezromero,1536,2048
5903792997_1.jpg,Passiflora exsudans,5903792997,https://inaturalist-open-data.s3.amazonaws.com/photos/593933638/original.jpg,http://creativecommons.org/licenses/by-nc/4.0/,mvz-juangonzalezromero,1536,2048
5903792997_4.jpg,Passiflora exsudans,5903792997,https://inaturalist-open-data.s3.amazonaws.com/photos/593934047/original.jpg,http://creativecommons.org/licenses/by-nc/4.0/,mvz-juangonzalezromero,1536,2048
5903792997_3.jpg,Passiflora exsudans,5903792997,https://inaturalist-open-data.s3.amazonaws.com/photos/593934052/original.jpg,http://creativecommons.org/licenses/by-nc/4.0/,mvz-juangonzalezromero,1536,2048
5903792997_5.jpg,Passiflora exsudans,5903792997,https://inaturalist-open-data.s3.amazonaws.com/photos/593934112/original.jpg,http://creativecommons.org/licenses/by-nc/4.0/,mvz-juangonzalezromero,1536,2048
5903792997_2.jpg,Passiflora exsudans,5903792997,https://inaturalist-open-data.s3.amazonaws.com/photos/593933640/original.jpg,http://creativecommons.org/licenses/by-nc/4.0/,mvz-juangonzalezromero,1536,2048
5903792997_6.jpg,Passiflora exsudans,5903792997,https://inaturalist-open-data.s3.amazonaws.com/photos/593934126/original.jpg,http://creativecommons.org/licenses/by-nc/4.0/,mvz-juangonzalezromero,1536,2048
5908996299_0.jpg,Passiflora exsudans,5908996299,https://inaturalist-open-data.s3.amazonaws.com/photos/596886906/original.jpg,http://creativecommons.org/licenses/by-nc/4.0/,mvz-juangonzalezromero,1536,2048
5908996299_1.jpg,Passiflora exsudans,5908996299,https://inaturalist-open-data.s3.amazonaws.com/photos/596886997/original.jpg,http://creativecommons.org/licenses/by-nc/4.0/,mvz-juangonzalezromero,1536,2048
5897762031_0.jpg,Passiflora exsudans,5897762031,https://inaturalist-open-data.s3.amazonaws.com/photos/592919519/original.jpg,http://creativecommons.org/licenses/by-nc/4.0/,Antonio Sarabia,1536,2048
5908996299_2.jpg,Passiflora exsudans,5908996299,https://inaturalist-open-data.s3.amazonaws.com/photos/596887111/original.jpg,http://creativecommons.org/licenses/by-nc/4.0/,mvz-juangonzalezromero,1536,2048
5908996299_4.jpg,Passiflora exsudans,5908996299,https://inaturalist-open-data.s3.amazonaws.com/photos/596887155/original.jpg,http://creativecommons.org/licenses/by-nc/4.0/,mvz-juangonzalezromero,1536,2048
5908996299_3.jpg,Passiflora exsudans,5908996299,https://inaturalist-open-data.s3.amazonaws.com/photos/596887047/original.jpg,http://creativecommons.org/licenses/by-nc/4.0/,mvz-juangonzalezromero,1536,2048
5908996299_6.jpg,Passiflora exsudans,5908996299,https://inaturalist-open-data.s3.amazonaws.com/photos/596887302/original.jpg,http://creativecommons.org/licenses/by-nc/4.0/,mvz-juangonzalezromero,1536,2048
5908996299_5.jpg,Passiflora exsudans,5908996299,https://inaturalist-open-data.s3.amazonaws.com/photos/596887178/original.jpg,http://creativecommons.org/licenses/by-nc/4.0/,mvz-juangonzalezromero,1536,2048
6130672785_1.jpg,Cucurbita foetidissima,6130672785,https://inaturalist-open-data.s3.amazonaws.com/photos/607833329/original.jpg,http://creativecommons.org/licenses/by-nc/4.0/,Sherrie,1536,2048
6130431919_0.jpg,Cucurbita foetidissima,6130431919,https://inaturalist-open-data.s3.amazonaws.com/photos/607315437/original.jpg,http://creativecommons.org/licenses/by-nc/4.0/,RainbowHummingbird,1536,2048
6130533976_0.jpg,Cucurbita foetidissima,6130533976,https://inaturalist-open-data.s3.amazonaws.com/photos/606515092/original.jpg,http://creativecommons.org/licenses/by-nc/4.0/,Jeff Nesta,1542,2048
6130672785_0.jpg,Cucurbita foetidissima,6130672785,https://inaturalist-open-data.s3.amazonaws.com/photos/607833313/original.jpg,http://creativecommons.org/licenses/by-nc/4.0/,Sherrie,1536,2048
6130794869_0.jpg,Cucurbita foetidissima,6130794869,https://inaturalist-open-data.s3.amazonaws.com/photos/605976314/original.jpg,http://creativecommons.org/licenses/by-nc/4.0/,Kerry Pickens,1536,2048
6131153050_2.jpg,Cucurbita foetidissima,6131153050,https://inaturalist-open-data.s3.amazonaws.com/photos/607000242/original.jpg,http://creativecommons.org/licenses/by-nc/4.0/,Kevin Castelluccio,1542,2048
6131153050_1.jpg,Cucurbita foetidissima,6131153050,https://inaturalist-open-data.s3.amazonaws.com/photos/607000186/original.jpg,http://creativecommons.org/licenses/by-nc/4.0/,Kevin Castelluccio,1542,2048
6131153050_3.jpg,Cucurbita foetidissima,6131153050,https://inaturalist-open-data.s3.amazonaws.com/photos/607000299/original.jpg,http://creativecommons.org/licenses/by-nc/4.0/,Kevin Castelluccio,1542,2048
6131153050_0.jpg,Cucurbita foetidissima,6131153050,https://inaturalist-open-data.s3.amazonaws.com/photos/607000141/original.jpg,http://creativecommons.org/licenses/by-nc/4.0/,Kevin Castelluccio,1542,2048
6131437618_0.jpg,Cucurbita foetidissima,6131437618,https://inaturalist-open-data.s3.amazonaws.com/photos/605944458/original.jpg,http://creativecommons.org/licenses/by-nc/4.0/,lawnboyroy,1536,2048
6131616499_0.jpg,Cucurbita foetidissima,6131616499,https://inaturalist-open-data.s3.amazonaws.com/photos/609021164/original.jpg,http://creativecommons.org/licenses/by-nc/4.0/,plantsplants300,1152,2048
6130618633_0.jpg,Cucurbita foetidissima,6130618633,https://inaturalist-open-data.s3.amazonaws.com/photos/605221737/original.jpg,http://creativecommons.org/licenses/by-nc/4.0/,Logan Crees,1542,2048
6133180438_0.jpg,Cucurbita foetidissima,6133180438,https://inaturalist-open-data.s3.amazonaws.com/photos/611771364/original.jpg,http://creativecommons.org/licenses/by-nc/4.0/,petegordon,2048,630
6133338004_1.jpg,Cucurbita foetidissima,6133338004,https://inaturalist-open-data.s3.amazonaws.com/photos/612361116/original.jpg,http://creativecommons.org/licenses/by-nc/4.0/,Steven Kurniawidjaja,2048,1365
6133197406_0.jpg,Cucurbita foetidissima,6133197406,https://inaturalist-open-data.s3.amazonaws.com/photos/605782703/original.jpg,http://creativecommons.org/licenses/by-nc/4.0/,Lynn Seman,1536,2048
6159554521_0.jpg,Cucurbita foetidissima,6159554521,https://inaturalist-open-data.s3.amazonaws.com/photos/609057105/original.jpg,http://creativecommons.org/licenses/by/4.0/,Mauricio Calderón,1536,2048
6133117338_0.jpg,Cucurbita foetidissima,6133117338,https://inaturalist-open-data.s3.amazonaws.com/photos/612614182/original.jpg,http://creativecommons.org/publicdomain/zero/1.0/,Judy Aschner,2048,1536
6133117338_2.jpg,Cucurbita foetidissima,6133117338,https://inaturalist-open-data.s3.amazonaws.com/photos/612614158/original.jpg,http://creativecommons.org/publicdomain/zero/1.0/,Judy Aschner,1536,2048
6162848050_0.jpg,Cucurbita foetidissima,6162848050,https://inaturalist-open-data.s3.amazonaws.com/photos/616451221/original.jpg,http://creativecommons.org/licenses/by-nc/4.0/,Bella Jaimez,768,1024
6133513708_0.jpg,Cucurbita foetidissima,6133513708,https://inaturalist-open-data.s3.amazonaws.com/photos/609847515/original.jpg,http://creativecommons.org/licenses/by-nc/4.0/,jadenmcfarland,1536,2048
6162848050_1.jpg,Cucurbita foetidissima,6162848050,https://inaturalist-open-data.s3.amazonaws.com/photos/616451236/original.jpg,http://creativecommons.org/licenses/by-nc/4.0/,Bella Jaimez,768,1024
6133338004_0.jpg,Cucurbita foetidissima,6133338004,https://inaturalist-open-data.s3.amazonaws.com/photos/612361106/original.jpg,http://creativecommons.org/licenses/by-nc/4.0/,Steven Kurniawidjaja,2048,1365
6133513708_1.jpg,Cucurbita foetidissima,6133513708,https://inaturalist-open-data.s3.amazonaws.com/photos/609847520/original.jpg,http://creativecommons.org/licenses/by-nc/4.0/,jadenmcfarland,1536,2048
6133117338_1.jpg,Cucurbita foetidissima,6133117338,https://inaturalist-open-data.s3.amazonaws.com/photos/612614184/original.jpg,http://creativecommons.org/publicdomain/zero/1.0/,Judy Aschner,2048,1536
6162848050_2.jpg,Cucurbita foetidissima,6162848050,https://inaturalist-open-data.s3.amazonaws.com/photos/616451244/original.jpg,http://creativecommons.org/licenses/by-nc/4.0/,Bella Jaimez,768,1024
6171181848_2.jpg,Cucurbita foetidissima,6171181848,https://inaturalist-open-data.s3.amazonaws.com/photos/620436349/original.jpg,http://creativecommons.org/licenses/by-nc/4.0/,ameadow,1536,2048
6171181848_1.jpg,Cucurbita foetidissima,6171181848,https://inaturalist-open-data.s3.amazonaws.com/photos/620436362/original.jpg,http://creativecommons.org/licenses/by-nc/4.0/,ameadow,1536,2048
6171181848_0.jpg,Cucurbita foetidissima,6171181848,https://inaturalist-open-data.s3.amazonaws.com/photos/620436354/original.jpg,http://creativecommons.org/licenses/by-nc/4.0/,ameadow,1536,2048
6159335557_0.jpg,Cucurbita foetidissima,6159335557,https://inaturalist-open-data.s3.amazonaws.com/photos/613708495/original.jpg,http://creativecommons.org/licenses/by-nc/4.0/,austiinfrankliin,1536,2048
6147323067_0.jpg,Cucurbita foetidissima,6147323067,https://inaturalist-open-data.s3.amazonaws.com/photos/613733018/original.jpg,http://creativecommons.org/licenses/by-nc/4.0/,austiinfrankliin,1536,2048
6147252727_0.jpg,Cucurbita foetidissima,6147252727,https://inaturalist-open-data.s3.amazonaws.com/photos/613732997/original.jpg,http://creativecommons.org/licenses/by-nc/4.0/,austiinfrankliin,1536,2048
6147570371_0.jpg,Cucurbita foetidissima,6147570371,https://inaturalist-open-data.s3.amazonaws.com/photos/613733034/original.jpg,http://creativecommons.org/licenses/by-nc/4.0/,austiinfrankliin,1536,2048
6185398149_2.jpg,Cucurbita foetidissima,6185398149,https://inaturalist-open-data.s3.amazonaws.com/photos/616363320/original.jpg,http://creativecommons.org/licenses/by-nc/4.0/,Laci Lightfoot,1536,2048
6147166802_0.jpg,Cucurbita foetidissima,6147166802,https://inaturalist-open-data.s3.amazonaws.com/photos/613530318/original.jpg,http://creativecommons.org/licenses/by-nc/4.0/,Joseph Decruyenaere,1536,2048
6185398149_0.jpg,Cucurbita foetidissima,6185398149,https://inaturalist-open-data.s3.amazonaws.com/photos/616363305/original.jpg,http://creativecommons.org/licenses/by-nc/4.0/,Laci Lightfoot,1536,2048
6159391429_0.jpg,Cucurbita foetidissima,6159391429,https://inaturalist-open-data.s3.amazonaws.com/photos/616287709/original.jpg,http://creativecommons.org/licenses/by/4.0/,Kylie Etter,1536,2048
6185398149_1.jpg,Cucurbita foetidissima,6185398149,https://inaturalist-open-data.s3.amazonaws.com/photos/616363307/original.jpg,http://creativecommons.org/licenses/by-nc/4.0/,Laci Lightfoot,1536,2048
6185398149_3.jpg,Cucurbita foetidissima,6185398149,https://inaturalist-open-data.s3.amazonaws.com/photos/616363333/original.jpg,http://creativecommons.org/licenses/by-nc/4.0/,Laci Lightfoot,1536,2048
6159453758_0.jpg,Cucurbita foetidissima,6159453758,https://inaturalist-open-data.s3.amazonaws.com/photos/614033252/original.jpg,http://creativecommons.org/licenses/by-nc/4.0/,Wendy Walker,2048,1536
6159391429_1.jpg,Cucurbita foetidissima,6159391429,https://inaturalist-open-data.s3.amazonaws.com/photos/616287717/original.jpg,http://creativecommons.org/licenses/by/4.0/,Kylie Etter,1536,2048
6147166802_1.jpg,Cucurbita foetidissima,6147166802,https://inaturalist-open-data.s3.amazonaws.com/photos/613530312/original.jpg,http://creativecommons.org/licenses/by-nc/4.0/,Joseph Decruyenaere,1536,2048
6159453758_1.jpg,Cucurbita foetidissima,6159453758,https://inaturalist-open-data.s3.amazonaws.com/photos/614033389/original.jpg,http://creativecommons.org/licenses/by-nc/4.0/,Wendy Walker,2048,1536
6334879424_1.jpg,Cucurbita foetidissima,6334879424,https://inaturalist-open-data.s3.amazonaws.com/photos/662979394/original.jpg,http://creativecommons.org/licenses/by-nc/4.0/,Daniel Hetzel,2048,1536
6334879424_0.jpg,Cucurbita foetidissima,6334879424,https://inaturalist-open-data.s3.amazonaws.com/photos/662979395/original.jpg,http://creativecommons.org/licenses/by-nc/4.0/,Daniel Hetzel,2048,1536
6171085928_0.jpg,Cucurbita foetidissima,6171085928,https://inaturalist-open-data.s3.amazonaws.com/photos/616668946/original.jpg,http://creativecommons.org/licenses/by-nc/4.0/,milliejohnson,2048,1536
6170891488_1.jpg,Cucurbita foetidissima,6170891488,https://inaturalist-open-data.s3.amazonaws.com/photos/616287733/original.jpg,http://creativecommons.org/licenses/by/4.0/,Kylie Etter,1536,2048
6170891488_0.jpg,Cucurbita foetidissima,6170891488,https://inaturalist-open-data.s3.amazonaws.com/photos/616287742/original.jpg,http://creativecommons.org/licenses/by/4.0/,Kylie Etter,1536,2048
6171370649_0.jpg,Cucurbita foetidissima,6171370649,https://inaturalist-open-data.s3.amazonaws.com/photos/619315101/original.jpg,http://creativecommons.org/licenses/by-nc/4.0/,Mila Vass,1536,2048
6178935860_0.jpg,Cucurbita foetidissima,6178935860,https://inaturalist-open-data.s3.amazonaws.com/photos/625117317/original.jpg,http://creativecommons.org/licenses/by-nc/4.0/,tristent,1152,2048
6170984983_1.jpg,Cucurbita foetidissima,6170984983,https://inaturalist-open-data.s3.amazonaws.com/photos/619584149/original.jpg,http://creativecommons.org/licenses/by/4.0/,Ryan Donnelly,1536,2048
6170984983_0.jpg,Cucurbita foetidissima,6170984983,https://inaturalist-open-data.s3.amazonaws.com/photos/619584154/original.jpg,http://creativecommons.org/licenses/by/4.0/,Ryan Donnelly,1536,2048
6178549552_0.jpg,Cucurbita foetidissima,6178549552,https://inaturalist-open-data.s3.amazonaws.com/photos/621206914/original.jpg,http://creativecommons.org/licenses/by-nc/4.0/,anvald1837,1536,2048
6159648185_0.jpg,Cucurbita foetidissima,6159648185,https://inaturalist-open-data.s3.amazonaws.com/photos/616488384/original.jpg,http://creativecommons.org/licenses/by-nc/4.0/,Thomas Lacy,2048,2048
6178788719_1.jpg,Cucurbita foetidissima,6178788719,https://inaturalist-open-data.s3.amazonaws.com/photos/621256389/original.jpg,http://creativecommons.org/licenses/by-nc/4.0/,gingerbug12,1542,2048
6178788719_2.jpg,Cucurbita foetidissima,6178788719,https://inaturalist-open-data.s3.amazonaws.com/photos/621256563/original.jpg,http://creativecommons.org/licenses/by-nc/4.0/,gingerbug12,1152,2048
6179142012_0.jpg,Cucurbita foetidissima,6179142012,https://inaturalist-open-data.s3.amazonaws.com/photos/621869983/original.jpg,http://creativecommons.org/licenses/by-nc/4.0/,Melissa Pearson,1534,2048
6179186067_3.jpg,Cucurbita foetidissima,6179186067,https://inaturalist-open-data.s3.amazonaws.com/photos/621504773/original.jpg,http://creativecommons.org/licenses/by-nc/4.0/,David Willis,2048,2048
6179186067_2.jpg,Cucurbita foetidissima,6179186067,https://inaturalist-open-data.s3.amazonaws.com/photos/621504752/original.jpg,http://creativecommons.org/licenses/by-nc/4.0/,David Willis,2048,2048
6179186067_1.jpg,Cucurbita foetidissima,6179186067,https://inaturalist-open-data.s3.amazonaws.com/photos/621504716/original.jpg,http://creativecommons.org/licenses/by-nc/4.0/,David Willis,2048,2048
6179186067_0.jpg,Cucurbita foetidissima,6179186067,https://inaturalist-open-data.s3.amazonaws.com/photos/621504689/original.jpg,http://creativecommons.org/licenses/by-nc/4.0/,David Willis,2048,2048
6179041449_0.jpg,Cucurbita foetidissima,6179041449,https://inaturalist-open-data.s3.amazonaws.com/photos/625119568/original.jpg,http://creativecommons.org/licenses/by-nc/4.0/,tristent,1152,2048
6178788719_0.jpg,Cucurbita foetidissima,6178788719,https://inaturalist-open-data.s3.amazonaws.com/photos/621256159/original.jpg,http://creativecommons.org/licenses/by-nc/4.0/,gingerbug12,1152,2048
6179193396_0.jpg,Cucurbita foetidissima,6179193396,https://inaturalist-open-data.s3.amazonaws.com/photos/622859308/original.jpg,http://creativecommons.org/publicdomain/zero/1.0/,Casey Cowan,1536,2048
6178780471_0.jpg,Cucurbita foetidissima,6178780471,https://inaturalist-open-data.s3.amazonaws.com/photos/621672688/original.jpg,http://creativecommons.org/licenses/by-nc/4.0/,rakelvos,1152,2048
6179186067_4.jpg,Cucurbita foetidissima,6179186067,https://inaturalist-open-data.s3.amazonaws.com/photos/621504802/original.jpg,http://creativecommons.org/licenses/by-nc/4.0/,David Willis,2048,2048
6184813570_0.jpg,Cucurbita foetidissima,6184813570,https://inaturalist-open-data.s3.amazonaws.com/photos/624734716/original.jpg,http://creativecommons.org/licenses/by-nc/4.0/,Justin L.,2048,1152
6179445364_1.jpg,Cucurbita foetidissima,6179445364,https://inaturalist-open-data.s3.amazonaws.com/photos/623649314/original.jpg,http://creativecommons.org/licenses/by-nc/4.0/,Caden Carlson,1536,2048
6179445364_2.jpg,Cucurbita foetidissima,6179445364,https://inaturalist-open-data.s3.amazonaws.com/photos/623649312/original.jpg,http://creativecommons.org/licenses/by-nc/4.0/,Caden Carlson,1536,2048
6179445364_0.jpg,Cucurbita foetidissima,6179445364,https://inaturalist-open-data.s3.amazonaws.com/photos/623649311/original.jpg,http://creativecommons.org/licenses/by-nc/4.0/,Caden Carlson,1536,2048
6184813570_1.jpg,Cucurbita foetidissima,6184813570,https://inaturalist-open-data.s3.amazonaws.com/photos/624734835/original.jpg,http://creativecommons.org/licenses/by-nc/4.0/,Justin L.,1536,2048
6184813570_2.jpg,Cucurbita foetidissima,6184813570,https://inaturalist-open-data.s3.amazonaws.com/photos/624734703/original.jpg,http://creativecommons.org/licenses/by-nc/4.0/,Justin L.,1536,2048
6184991607_1.jpg,Cucurbita foetidissima,6184991607,https://inaturalist-open-data.s3.amazonaws.com/photos/629062807/original.jpg,http://creativecommons.org/licenses/by-nc/4.0/,swabbie,1536,2048
6184921549_0.jpg,Cucurbita foetidissima,6184921549,https://inaturalist-open-data.s3.amazonaws.com/photos/623374702/original.jpg,http://creativecommons.org/licenses/by-nc/4.0/,Leighton Reid,2048,1152
6184991607_0.jpg,Cucurbita foetidissima,6184991607,https://inaturalist-open-data.s3.amazonaws.com/photos/629062743/original.jpg,http://creativecommons.org/licenses/by-nc/4.0/,swabbie,1536,2048
6185127195_0.jpg,Cucurbita foetidissima,6185127195,https://inaturalist-open-data.s3.amazonaws.com/photos/630509103/original.jpg,http://creativecommons.org/licenses/by/4.0/,Natasha Haggard,1153,2048
6184893162_1.jpg,Cucurbita foetidissima,6184893162,https://inaturalist-open-data.s3.amazonaws.com/photos/628099343/original.jpg,http://creativecommons.org/licenses/by-nc/4.0/,Setine,1542,2048
6184893162_0.jpg,Cucurbita foetidissima,6184893162,https://inaturalist-open-data.s3.amazonaws.com/photos/628099229/original.jpg,http://creativecommons.org/licenses/by-nc/4.0/,Setine,1542,2048
6185034799_0.jpg,Cucurbita foetidissima,6185034799,https://inaturalist-open-data.s3.amazonaws.com/photos/629337718/original.jpg,http://creativecommons.org/licenses/by-nc/4.0/,Barry Keith,1536,2048
6185060369_0.jpg,Cucurbita foetidissima,6185060369,https://inaturalist-open-data.s3.amazonaws.com/photos/629072666/original.jpg,http://creativecommons.org/licenses/by-nc/4.0/,Elk (she/he),2048,1536
6184929362_0.jpg,Cucurbita foetidissima,6184929362,https://inaturalist-open-data.s3.amazonaws.com/photos/630227596/original.jpg,http://creativecommons.org/licenses/by-nc/4.0/,Chase Wilson,1536,2048
6185117440_0.jpg,Cucurbita foetidissima,6185117440,https://inaturalist-open-data.s3.amazonaws.com/photos/630783616/original.jpg,http://creativecommons.org/licenses/by-nc/4.0/,arbutusatx,1536,2048
6185204234_0.jpg,Cucurbita foetidissima,6185204234,https://inaturalist-open-data.s3.amazonaws.com/photos/626931808/original.jpg,http://creativecommons.org/licenses/by-nc/4.0/,lynnwchen,2048,1368
6185624294_1.jpg,Cucurbita foetidissima,6185624294,https://inaturalist-open-data.s3.amazonaws.com/photos/622745674/original.jpg,http://creativecommons.org/licenses/by-nc/4.0/,Elijah S.,1151,2048
6185624294_0.jpg,Cucurbita foetidissima,6185624294,https://inaturalist-open-data.s3.amazonaws.com/photos/622745563/original.jpg,http://creativecommons.org/licenses/by-nc/4.0/,Elijah S.,1151,2048
6185338759_0.jpg,Cucurbita foetidissima,6185338759,https://inaturalist-open-data.s3.amazonaws.com/photos/629315936/original.jpg,http://creativecommons.org/licenses/by-nc/4.0/,sersabas,1152,2048
6185249237_1.jpg,Cucurbita foetidissima,6185249237,https://inaturalist-open-data.s3.amazonaws.com/photos/634030346/original.jpg,http://creativecommons.org/licenses/by-nc/4.0/,mikaylacowan,1536,2048
6185205300_0.jpg,Cucurbita foetidissima,6185205300,https://inaturalist-open-data.s3.amazonaws.com/photos/624035610/original.jpg,http://creativecommons.org/licenses/by-nc/4.0/,angel_paulk,1152,2048
6185249237_0.jpg,Cucurbita foetidissima,6185249237,https://inaturalist-open-data.s3.amazonaws.com/photos/634030134/original.jpg,http://creativecommons.org/licenses/by-nc/4.0/,mikaylacowan,1536,2048
6185592376_0.jpg,Cucurbita foetidissima,6185592376,https://inaturalist-open-data.s3.amazonaws.com/photos/620748277/original.jpg,http://creativecommons.org/licenses/by-nc/4.0/,silliestman335,1536,2048
6185432731_0.jpg,Cucurbita foetidissima,6185432731,https://inaturalist-open-data.s3.amazonaws.com/photos/630680043/original.jpg,http://creativecommons.org/licenses/by-nc/4.0/,Chase Wilson,1536,2048
6185503760_0.jpg,Cucurbita foetidissima,6185503760,https://inaturalist-open-data.s3.amazonaws.com/photos/626033450/original.jpg,http://creativecommons.org/licenses/by-nc/4.0/,grace peek,1536,2048
6185770499_5.jpg,Cucurbita foetidissima,6185770499,https://inaturalist-open-data.s3.amazonaws.com/photos/630558434/original.jpg,http://creativecommons.org/licenses/by-nc/4.0/,David Willis,2048,2048
6185770499_7.jpg,Cucurbita foetidissima,6185770499,https://inaturalist-open-data.s3.amazonaws.com/photos/630558557/original.jpg,http://creativecommons.org/licenses/by-nc/4.0/,David Willis,2048,2048
6185762477_0.jpg,Cucurbita foetidissima,6185762477,https://inaturalist-open-data.s3.amazonaws.com/photos/630057385/original.jpg,http://creativecommons.org/licenses/by-nc/4.0/,jennduncan,1536,2048
6185770499_1.jpg,Cucurbita foetidissima,6185770499,https://inaturalist-open-data.s3.amazonaws.com/photos/630558198/original.jpg,http://creativecommons.org/licenses/by-nc/4.0/,David Willis,2048,2048
6185770499_0.jpg,Cucurbita foetidissima,6185770499,https://inaturalist-open-data.s3.amazonaws.com/photos/630558133/original.jpg,http://creativecommons.org/licenses/by-nc/4.0/,David Willis,2048,2048
6185770499_6.jpg,Cucurbita foetidissima,6185770499,https://inaturalist-open-data.s3.amazonaws.com/photos/630558499/original.jpg,http://creativecommons.org/licenses/by-nc/4.0/,David Willis,2048,2048
6185770499_8.jpg,Cucurbita foetidissima,6185770499,https://inaturalist-open-data.s3.amazonaws.com/photos/630558589/original.jpg,http://creativecommons.org/licenses/by-nc/4.0/,David Willis,2048,2048
6185770499_4.jpg,Cucurbita foetidissima,6185770499,https://inaturalist-open-data.s3.amazonaws.com/photos/630558385/original.jpg,http://creativecommons.org/licenses/by-nc/4.0/,David Willis,2048,2048
6185770499_3.jpg,Cucurbita foetidissima,6185770499,https://inaturalist-open-data.s3.amazonaws.com/photos/630558327/original.jpg,http://creativecommons.org/licenses/by-nc/4.0/,David Willis,2048,2048
6185770499_2.jpg,Cucurbita foetidissima,6185770499,https://inaturalist-open-data.s3.amazonaws.com/photos/630558258/original.jpg,http://creativecommons.org/licenses/by-nc/4.0/,David Willis,2048,2048
6185874704_0.jpg,Cucurbita foetidissima,6185874704,https://inaturalist-open-data.s3.amazonaws.com/photos/629488154/original.jpg,http://creativecommons.org/licenses/by-nc/4.0/,Isaac Eastland,2048,1536
6185770499_9.jpg,Cucurbita foetidissima,6185770499,https://inaturalist-open-data.s3.amazonaws.com/photos/630558643/original.jpg,http://creativecommons.org/licenses/by-nc/4.0/,David Willis,2048,2048
6186004891_1.jpg,Cucurbita foetidissima,6186004891,https://inaturalist-open-data.s3.amazonaws.com/photos/625712098/original.jpg,http://creativecommons.org/licenses/by-nc/4.0/,possiblybuddha,1536,2048
6186004891_0.jpg,Cucurbita foetidissima,6186004891,https://inaturalist-open-data.s3.amazonaws.com/photos/625712066/original.jpg,http://creativecommons.org/licenses/by-nc/4.0/,possiblybuddha,1536,2048
6185892015_0.jpg,Cucurbita foetidissima,6185892015,https://inaturalist-open-data.s3.amazonaws.com/photos/626679926/original.jpg,http://creativecommons.org/licenses/by-nc/4.0/,mattjfagan,1152,2048
6185932514_0.jpg,Cucurbita foetidissima,6185932514,https://inaturalist-open-data.s3.amazonaws.com/photos/628966304/original.jpg,http://creativecommons.org/licenses/by-nc/4.0/,Paolo Pietropaolo,2048,1536
6185923744_0.jpg,Cucurbita foetidissima,6185923744,https://inaturalist-open-data.s3.amazonaws.com/photos/629252780/original.jpg,http://creativecommons.org/licenses/by-nc/4.0/,Lesly Rebollar,2048,1536
6185940453_0.jpg,Cucurbita foetidissima,6185940453,https://inaturalist-open-data.s3.amazonaws.com/photos/628184137/original.jpg,http://creativecommons.org/licenses/by-nc/4.0/,David Weber,1152,2048
6187963984_0.jpg,Cucurbita foetidissima,6187963984,https://inaturalist-open-data.s3.amazonaws.com/photos/632491780/original.jpg,http://creativecommons.org/licenses/by-nc/4.0/,cailannathun,1536,2048
6187907105_0.jpg,Cucurbita foetidissima,6187907105,https://inaturalist-open-data.s3.amazonaws.com/photos/631501301/original.jpg,http://creativecommons.org/licenses/by-nc/4.0/,txnaturewatch,2048,1536
6188168722_0.jpg,Cucurbita foetidissima,6188168722,https://inaturalist-open-data.s3.amazonaws.com/photos/631633038/original.jpg,http://creativecommons.org/licenses/by-nc/4.0/,Jack Cochran,1536,2048
6188147975_0.jpg,Cucurbita foetidissima,6188147975,https://inaturalist-open-data.s3.amazonaws.com/photos/631480038/original.jpg,http://creativecommons.org/licenses/by-nc/4.0/,H.D.,1152,2048
6186088988_0.jpg,Cucurbita foetidissima,6186088988,https://inaturalist-open-data.s3.amazonaws.com/photos/628612743/original.jpg,http://creativecommons.org/licenses/by-nc/4.0/,"Mike Quinn, San Marcos",2048,1152
6187919451_0.jpg,Cucurbita foetidissima,6187919451,https://inaturalist-open-data.s3.amazonaws.com/photos/631166579/original.jpg,http://creativecommons.org/licenses/by-nc/4.0/,Hope Hespenheide,1536,2048
6188194094_0.jpg,Cucurbita foetidissima,6188194094,https://inaturalist-open-data.s3.amazonaws.com/photos/633990059/original.jpg,http://creativecommons.org/licenses/by-nc/4.0/,mia miranda,1536,2048
6186142564_0.jpg,Cucurbita foetidissima,6186142564,https://inaturalist-open-data.s3.amazonaws.com/photos/630288305/original.jpg,http://creativecommons.org/licenses/by/4.0/,Rajan Rao,1536,2048
6188274769_3.jpg,Cucurbita foetidissima,6188274769,https://inaturalist-open-data.s3.amazonaws.com/photos/630812787/original.jpg,http://creativecommons.org/licenses/by-nc/4.0/,Richard Alward,1152,2048
6188274769_2.jpg,Cucurbita foetidissima,6188274769,https://inaturalist-open-data.s3.amazonaws.com/photos/630812766/original.jpg,http://creativecommons.org/licenses/by-nc/4.0/,Richard Alward,1152,2048
6188496826_0.jpg,Cucurbita foetidissima,6188496826,https://inaturalist-open-data.s3.amazonaws.com/photos/630679138/original.jpg,http://creativecommons.org/licenses/by-nc/4.0/,hikerchicktx,2048,1536
6188274769_1.jpg,Cucurbita foetidissima,6188274769,https://inaturalist-open-data.s3.amazonaws.com/photos/630812738/original.jpg,http://creativecommons.org/licenses/by-nc/4.0/,Richard Alward,1152,2048
6188274769_4.jpg,Cucurbita foetidissima,6188274769,https://inaturalist-open-data.s3.amazonaws.com/photos/630812818/original.jpg,http://creativecommons.org/licenses/by-nc/4.0/,Richard Alward,1152,2048
6188274769_0.jpg,Cucurbita foetidissima,6188274769,https://inaturalist-open-data.s3.amazonaws.com/photos/630812710/original.jpg,http://creativecommons.org/licenses/by-nc/4.0/,Richard Alward,1152,2048
6188424650_0.jpg,Cucurbita foetidissima,6188424650,https://inaturalist-open-data.s3.amazonaws.com/photos/631003616/original.jpg,http://creativecommons.org/licenses/by-nc/4.0/,kv2024,1536,2048
6188559241_0.jpg,Cucurbita foetidissima,6188559241,https://inaturalist-open-data.s3.amazonaws.com/photos/630693103/original.jpg,http://creativecommons.org/licenses/by-nc/4.0/,David M. Hillis,1536,2048
6188414520_0.jpg,Cucurbita foetidissima,6188414520,https://inaturalist-open-data.s3.amazonaws.com/photos/631361631/original.jpg,http://creativecommons.org/licenses/by-nc/4.0/,lendonpartain,1152,2048
6188381955_0.jpg,Cucurbita foetidissima,6188381955,https://inaturalist-open-data.s3.amazonaws.com/photos/632610228/original.jpg,http://creativecommons.org/licenses/by-nc/4.0/,Venturajb,1152,2048
6188508148_0.jpg,Cucurbita foetidissima,6188508148,https://inaturalist-open-data.s3.amazonaws.com/photos/630110784/original.jpg,http://creativecommons.org/licenses/by-nc/4.0/,aidenbarrett,1152,2048
6188261618_0.jpg,Cucurbita foetidissima,6188261618,https://inaturalist-open-data.s3.amazonaws.com/photos/631135395/original.jpg,http://creativecommons.org/licenses/by/4.0/,shinylatias,2048,1434
6195685945_0.jpg,Cucurbita foetidissima,6195685945,https://inaturalist-open-data.s3.amazonaws.com/photos/621466505/original.jpg,http://creativecommons.org/licenses/by-nc/4.0/,Roberto,924,2048
6195689949_1.jpg,Cucurbita foetidissima,6195689949,https://inaturalist-open-data.s3.amazonaws.com/photos/635427056/original.jpg,http://creativecommons.org/licenses/by-nc/4.0/,marsy gonzalez,2048,1536
6188587690_0.jpg,Cucurbita foetidissima,6188587690,https://inaturalist-open-data.s3.amazonaws.com/photos/629986119/original.jpg,http://creativecommons.org/licenses/by-nc/4.0/,hikerchicktx,1536,2048
6234781190_0.jpg,Cucurbita foetidissima,6234781190,https://inaturalist-open-data.s3.amazonaws.com/photos/639860889/original.jpg,http://creativecommons.org/licenses/by-nc/4.0/,Barry Keith,1536,2048
6235346983_1.jpg,Cucurbita foetidissima,6235346983,https://inaturalist-open-data.s3.amazonaws.com/photos/643355866/original.jpg,http://creativecommons.org/licenses/by-nc/4.0/,sweiser,1536,2048
6235620419_0.jpg,Cucurbita foetidissima,6235620419,https://inaturalist-open-data.s3.amazonaws.com/photos/643932205/original.jpg,http://creativecommons.org/licenses/by-nc/4.0/,James Lentz,1152,2048
6195689949_0.jpg,Cucurbita foetidissima,6195689949,https://inaturalist-open-data.s3.amazonaws.com/photos/635426919/original.jpg,http://creativecommons.org/licenses/by-nc/4.0/,marsy gonzalez,2048,1536
6195689949_2.jpg,Cucurbita foetidissima,6195689949,https://inaturalist-open-data.s3.amazonaws.com/photos/635427064/original.jpg,http://creativecommons.org/licenses/by-nc/4.0/,marsy gonzalez,2048,1536
6235322525_0.jpg,Cucurbita foetidissima,6235322525,https://inaturalist-open-data.s3.amazonaws.com/photos/647559519/original.jpg,http://creativecommons.org/licenses/by-nc/4.0/,pdshell,1152,2048
6320805625_0.jpg,Cucurbita foetidissima,6320805625,https://inaturalist-open-data.s3.amazonaws.com/photos/660108095/original.jpg,http://creativecommons.org/licenses/by-nc/4.0/,gabi_f,1536,2048
6235346983_0.jpg,Cucurbita foetidissima,6235346983,https://inaturalist-open-data.s3.amazonaws.com/photos/643355892/original.jpg,http://creativecommons.org/licenses/by-nc/4.0/,sweiser,2048,1536
5938110264_0.jpg,Mirabilis jalapa,5938110264,https://inaturalist-open-data.s3.amazonaws.com/photos/605665595/original.jpg,http://creativecommons.org/licenses/by-nc/4.0/,reyescharles2012,2048,1536
5938123402_0.jpg,Mirabilis jalapa,5938123402,https://inaturalist-open-data.s3.amazonaws.com/photos/605253972/original.jpg,http://creativecommons.org/licenses/by-nc/4.0/,Bipasha David,1536,2048
5938067467_2.jpg,Mirabilis jalapa,5938067467,https://inaturalist-open-data.s3.amazonaws.com/photos/605326897/original.jpg,http://creativecommons.org/licenses/by-nc/4.0/,Jordi López-Pujol,2048,1536
5938067467_1.jpg,Mirabilis jalapa,5938067467,https://inaturalist-open-data.s3.amazonaws.com/photos/605326882/original.jpg,http://creativecommons.org/licenses/by-nc/4.0/,Jordi López-Pujol,2048,1536
5938110264_1.jpg,Mirabilis jalapa,5938110264,https://inaturalist-open-data.s3.amazonaws.com/photos/605665651/original.jpg,http://creativecommons.org/licenses/by-nc/4.0/,reyescharles2012,2048,1536
5938067467_0.jpg,Mirabilis jalapa,5938067467,https://inaturalist-open-data.s3.amazonaws.com/photos/605326872/original.jpg,http://creativecommons.org/licenses/by-nc/4.0/,Jordi López-Pujol,2048,1536
5938123596_0.jpg,Mirabilis jalapa,5938123596,https://inaturalist-open-data.s3.amazonaws.com/photos/605574748/original.jpg,http://creativecommons.org/licenses/by-nc/4.0/,inat_5v3a,1536,2048
5938067467_3.jpg,Mirabilis jalapa,5938067467,https://inaturalist-open-data.s3.amazonaws.com/photos/605326910/original.jpg,http://creativecommons.org/licenses/by-nc/4.0/,Jordi López-Pujol,2048,1536
5938078518_0.jpg,Mirabilis jalapa,5938078518,https://inaturalist-open-data.s3.amazonaws.com/photos/605576006/original.jpg,http://creativecommons.org/licenses/by-nc/4.0/,Monique Camilleri,1536,2048
5938153935_0.jpg,Mirabilis jalapa,5938153935,https://inaturalist-open-data.s3.amazonaws.com/photos/604388644/original.jpg,http://creativecommons.org/licenses/by-nc/4.0/,Bipasha David,1536,2048
5938201979_0.jpg,Mirabilis jalapa,5938201979,https://inaturalist-open-data.s3.amazonaws.com/photos/605216958/original.jpg,http://creativecommons.org/licenses/by-nc/4.0/,eckerd,2048,1536
5938067467_4.jpg,Mirabilis jalapa,5938067467,https://inaturalist-open-data.s3.amazonaws.com/photos/605326922/original.jpg,http://creativecommons.org/licenses/by-nc/4.0/,Jordi López-Pujol,1536,2048
5938261286_0.jpg,Mirabilis jalapa,5938261286,https://inaturalist-open-data.s3.amazonaws.com/photos/605662229/original.jpg,http://creativecommons.org/licenses/by-nc/4.0/,Manu Fréchette,1152,2048
5938499172_0.jpg,Mirabilis jalapa,5938499172,https://inaturalist-open-data.s3.amazonaws.com/photos/605082356/original.jpg,http://creativecommons.org/licenses/by-nc/4.0/,agnes,921,2048
5938446791_3.jpg,Mirabilis jalapa,5938446791,https://inaturalist-open-data.s3.amazonaws.com/photos/604415744/original.jpg,http://creativecommons.org/licenses/by-nc/4.0/,Madi,1542,2048
5938523143_0.jpg,Mirabilis jalapa,5938523143,https://inaturalist-open-data.s3.amazonaws.com/photos/604553619/original.jpg,http://creativecommons.org/licenses/by-nc/4.0/,Jerry Morrisey,2048,1160
5938446791_0.jpg,Mirabilis jalapa,5938446791,https://inaturalist-open-data.s3.amazonaws.com/photos/604415675/original.jpg,http://creativecommons.org/licenses/by-nc/4.0/,Madi,1542,2048
6129848766_0.jpg,Mirabilis jalapa,6129848766,https://inaturalist-open-data.s3.amazonaws.com/photos/609859132/original.jpg,http://creativecommons.org/licenses/by-nc/4.0/,ambak,1542,2048
5938446791_1.jpg,Mirabilis jalapa,5938446791,https://inaturalist-open-data.s3.amazonaws.com/photos/604415700/original.jpg,http://creativecommons.org/licenses/by-nc/4.0/,Madi,1542,2048
5938446791_2.jpg,Mirabilis jalapa,5938446791,https://inaturalist-open-data.s3.amazonaws.com/photos/604415718/original.jpg,http://creativecommons.org/licenses/by-nc/4.0/,Madi,1542,2048
5938700156_0.jpg,Mirabilis jalapa,5938700156,https://inaturalist-open-data.s3.amazonaws.com/photos/605187994/original.jpg,http://creativecommons.org/licenses/by-nc/4.0/,Anjani fatma Naila,1536,2048
5938476525_0.jpg,Mirabilis jalapa,5938476525,https://inaturalist-open-data.s3.amazonaws.com/photos/605034230/original.jpg,http://creativecommons.org/licenses/by-nc/4.0/,Shizco Allycia,1536,2048
5938430749_0.jpg,Mirabilis jalapa,5938430749,https://inaturalist-open-data.s3.amazonaws.com/photos/605027871/original.jpg,http://creativecommons.org/licenses/by-nc/4.0/,Steve Wu,1152,2048
6129848766_1.jpg,Mirabilis jalapa,6129848766,https://inaturalist-open-data.s3.amazonaws.com/photos/609859158/original.jpg,http://creativecommons.org/licenses/by-nc/4.0/,ambak,1542,2048
6129858776_0.jpg,Mirabilis jalapa,6129858776,https://inaturalist-open-data.s3.amazonaws.com/photos/606466784/original.jpg,http://creativecommons.org/licenses/by-nc/4.0/,Adid Jimenez,2048,1536
6129858776_2.jpg,Mirabilis jalapa,6129858776,https://inaturalist-open-data.s3.amazonaws.com/photos/606466853/original.jpg,http://creativecommons.org/licenses/by-nc/4.0/,Adid Jimenez,2048,1536
6129858776_1.jpg,Mirabilis jalapa,6129858776,https://inaturalist-open-data.s3.amazonaws.com/photos/606466785/original.jpg,http://creativecommons.org/licenses/by-nc/4.0/,Adid Jimenez,2048,1536
6129927679_0.jpg,Mirabilis jalapa,6129927679,https://inaturalist-open-data.s3.amazonaws.com/photos/605394480/original.jpg,http://creativecommons.org/licenses/by-nc/4.0/,Xuzhán Velasco,1536,2048
6129908206_0.jpg,Mirabilis jalapa,6129908206,https://inaturalist-open-data.s3.amazonaws.com/photos/606987504/original.jpg,http://creativecommons.org/licenses/by-nc/4.0/,Amalia Estrada,1363,2048
6129927679_1.jpg,Mirabilis jalapa,6129927679,https://inaturalist-open-data.s3.amazonaws.com/photos/605394501/original.jpg,http://creativecommons.org/licenses/by-nc/4.0/,Xuzhán Velasco,1536,2048
6129927679_2.jpg,Mirabilis jalapa,6129927679,https://inaturalist-open-data.s3.amazonaws.com/photos/605394520/original.jpg,http://creativecommons.org/licenses/by-nc/4.0/,Xuzhán Velasco,1536,2048
6129885267_1.jpg,Mirabilis jalapa,6129885267,https://inaturalist-open-data.s3.amazonaws.com/photos/609121235/original.jpg,http://creativecommons.org/licenses/by-nc/4.0/,Krimzz,2048,1536
6129989025_0.jpg,Mirabilis jalapa,6129989025,https://inaturalist-open-data.s3.amazonaws.com/photos/607191713/original.jpg,http://creativecommons.org/licenses/by-nc/4.0/,Laura maree,1153,2048
6129885267_0.jpg,Mirabilis jalapa,6129885267,https://inaturalist-open-data.s3.amazonaws.com/photos/609121044/original.jpg,http://creativecommons.org/licenses/by-nc/4.0/,Krimzz,2048,1536
6129908515_0.jpg,Mirabilis jalapa,6129908515,https://inaturalist-open-data.s3.amazonaws.com/photos/606810652/original.jpg,http://creativecommons.org/licenses/by-nc/4.0/,歐陽秀華,924,2048
6129900907_0.jpg,Mirabilis jalapa,6129900907,https://inaturalist-open-data.s3.amazonaws.com/photos/609902872/original.jpg,http://creativecommons.org/licenses/by-nc/4.0/,Bipasha David,1753,2048
6129933347_0.jpg,Mirabilis jalapa,6129933347,https://inaturalist-open-data.s3.amazonaws.com/photos/610914080/original.jpg,http://creativecommons.org/licenses/by-nc/4.0/,micah_jeramy,1152,2048
6130048186_0.jpg,Mirabilis jalapa,6130048186,https://inaturalist-open-data.s3.amazonaws.com/photos/610590198/original.jpg,http://creativecommons.org/licenses/by-nc/4.0/,Justin Pua,1080,1838
6130082304_0.jpg,Mirabilis jalapa,6130082304,https://inaturalist-open-data.s3.amazonaws.com/photos/606656937/original.jpg,http://creativecommons.org/licenses/by/4.0/,José Nicolás Amuchastegui,960,1280
6130072266_1.jpg,Mirabilis jalapa,6130072266,https://inaturalist-open-data.s3.amazonaws.com/photos/607462529/original.jpg,http://creativecommons.org/licenses/by-nc/4.0/,faluke,1536,2048
6130161459_1.jpg,Mirabilis jalapa,6130161459,https://inaturalist-open-data.s3.amazonaws.com/photos/607425889/original.jpg,http://creativecommons.org/licenses/by-nc/4.0/,Sophie Mowles,2048,1536
6130161459_0.jpg,Mirabilis jalapa,6130161459,https://inaturalist-open-data.s3.amazonaws.com/photos/607425860/original.jpg,http://creativecommons.org/licenses/by-nc/4.0/,Sophie Mowles,2048,1536
6130086785_0.jpg,Mirabilis jalapa,6130086785,https://inaturalist-open-data.s3.amazonaws.com/photos/607860712/original.jpg,http://creativecommons.org/licenses/by-nc/4.0/,Bipasha David,1827,2048
6130148977_0.jpg,Mirabilis jalapa,6130148977,https://inaturalist-open-data.s3.amazonaws.com/photos/609030507/original.jpg,http://creativecommons.org/licenses/by-nc/4.0/,Marcelo Carvalhal,1536,2048
6130072266_0.jpg,Mirabilis jalapa,6130072266,https://inaturalist-open-data.s3.amazonaws.com/photos/607462522/original.jpg,http://creativecommons.org/licenses/by-nc/4.0/,faluke,1536,2048
6130114840_0.jpg,Mirabilis jalapa,6130114840,https://inaturalist-open-data.s3.amazonaws.com/photos/607579383/original.jpg,http://creativecommons.org/licenses/by-nc/4.0/,YARETZY GUADALUPE MATEOS GARZON,1536,2048
6130161459_2.jpg,Mirabilis jalapa,6130161459,https://inaturalist-open-data.s3.amazonaws.com/photos/607425888/original.jpg,http://creativecommons.org/licenses/by-nc/4.0/,Sophie Mowles,2048,1536
6130066849_0.jpg,Mirabilis jalapa,6130066849,https://inaturalist-open-data.s3.amazonaws.com/photos/607191698/original.jpg,http://creativecommons.org/licenses/by-nc/4.0/,Natan Mendonça,1536,2048
6130161459_4.jpg,Mirabilis jalapa,6130161459,https://inaturalist-open-data.s3.amazonaws.com/photos/607425917/original.jpg,http://creativecommons.org/licenses/by-nc/4.0/,Sophie Mowles,2048,1536
6130161459_3.jpg,Mirabilis jalapa,6130161459,https://inaturalist-open-data.s3.amazonaws.com/photos/607425891/original.jpg,http://creativecommons.org/licenses/by-nc/4.0/,Sophie Mowles,2048,1536
6130125195_0.jpg,Mirabilis jalapa,6130125195,https://inaturalist-open-data.s3.amazonaws.com/photos/608704684/original.jpg,http://creativecommons.org/licenses/by-nc/4.0/,Thabiso M Mokotjomela,1536,2048
6130161459_5.jpg,Mirabilis jalapa,6130161459,https://inaturalist-open-data.s3.amazonaws.com/photos/607425922/original.jpg,http://creativecommons.org/licenses/by-nc/4.0/,Sophie Mowles,2048,1536
6130206233_2.jpg,Mirabilis jalapa,6130206233,https://inaturalist-open-data.s3.amazonaws.com/photos/607392197/original.jpg,http://creativecommons.org/licenses/by-nc/4.0/,Sizwe Ntshangase,1536,2048
6130206233_0.jpg,Mirabilis jalapa,6130206233,https://inaturalist-open-data.s3.amazonaws.com/photos/607392155/original.jpg,http://creativecommons.org/licenses/by-nc/4.0/,Sizwe Ntshangase,1536,2048
6130206505_0.jpg,Mirabilis jalapa,6130206505,https://inaturalist-open-data.s3.amazonaws.com/photos/610609159/original.jpg,http://creativecommons.org/licenses/by-nc/4.0/,Bipasha David,1536,2048
6130189593_0.jpg,Mirabilis jalapa,6130189593,https://inaturalist-open-data.s3.amazonaws.com/photos/609873673/original.jpg,http://creativecommons.org/licenses/by-nc/4.0/,Sangyun Kim,1536,2048
6130206233_1.jpg,Mirabilis jalapa,6130206233,https://inaturalist-open-data.s3.amazonaws.com/photos/607392182/original.jpg,http://creativecommons.org/licenses/by-nc/4.0/,Sizwe Ntshangase,1536,2048
6130206233_3.jpg,Mirabilis jalapa,6130206233,https://inaturalist-open-data.s3.amazonaws.com/photos/607392231/original.jpg,http://creativecommons.org/licenses/by-nc/4.0/,Sizwe Ntshangase,1536,2048
6130213719_0.jpg,Mirabilis jalapa,6130213719,https://inaturalist-open-data.s3.amazonaws.com/photos/606487631/original.jpg,http://creativecommons.org/licenses/by-nc/4.0/,marc n williams,2048,1536
6130203733_0.jpg,Mirabilis jalapa,6130203733,https://inaturalist-open-data.s3.amazonaws.com/photos/606982182/original.jpg,http://creativecommons.org/licenses/by-nc/4.0/,dmhealy,1536,2048
6130213719_2.jpg,Mirabilis jalapa,6130213719,https://inaturalist-open-data.s3.amazonaws.com/photos/606487691/original.jpg,http://creativecommons.org/licenses/by-nc/4.0/,marc n williams,2048,1536
6130213719_1.jpg,Mirabilis jalapa,6130213719,https://inaturalist-open-data.s3.amazonaws.com/photos/606487660/original.jpg,http://creativecommons.org/licenses/by-nc/4.0/,marc n williams,2048,1536
6130207013_0.jpg,Mirabilis jalapa,6130207013,https://inaturalist-open-data.s3.amazonaws.com/photos/610416850/original.jpg,http://creativecommons.org/licenses/by-nc/4.0/,Thabiso M Mokotjomela,1536,2048
6130213719_3.jpg,Mirabilis jalapa,6130213719,https://inaturalist-open-data.s3.amazonaws.com/photos/606487731/original.jpg,http://creativecommons.org/licenses/by-nc/4.0/,marc n williams,1536,2048
6130227467_0.jpg,Mirabilis jalapa,6130227467,https://inaturalist-open-data.s3.amazonaws.com/photos/606107667/original.jpg,http://creativecommons.org/licenses/by-nc/4.0/,อรสินี ยอดเพ็ชร,1152,2048
6130207028_0.jpg,Mirabilis jalapa,6130207028,https://inaturalist-open-data.s3.amazonaws.com/photos/610435627/original.jpg,http://creativecommons.org/licenses/by-nc/4.0/,Thabiso M Mokotjomela,1536,2048
6130258970_1.jpg,Mirabilis jalapa,6130258970,https://inaturalist-open-data.s3.amazonaws.com/photos/607160778/original.jpg,http://creativecommons.org/licenses/by-nc/4.0/,蔡美慧,1500,1050
6130258970_0.jpg,Mirabilis jalapa,6130258970,https://inaturalist-open-data.s3.amazonaws.com/photos/607160770/original.jpg,http://creativecommons.org/licenses/by-nc/4.0/,蔡美慧,1500,1050
6130266053_0.jpg,Mirabilis jalapa,6130266053,https://inaturalist-open-data.s3.amazonaws.com/photos/609931751/original.jpg,http://creativecommons.org/licenses/by-nc/4.0/,Terry Rheeder,1152,2048
6130263867_0.jpg,Mirabilis jalapa,6130263867,https://inaturalist-open-data.s3.amazonaws.com/photos/608897322/original.jpg,http://creativecommons.org/licenses/by-nc/4.0/,Bipasha David,2048,1735
6130232664_1.jpg,Mirabilis jalapa,6130232664,https://inaturalist-open-data.s3.amazonaws.com/photos/609557166/original.jpg,http://creativecommons.org/licenses/by-nc/4.0/,Adid Jimenez,2048,1536
6130232664_0.jpg,Mirabilis jalapa,6130232664,https://inaturalist-open-data.s3.amazonaws.com/photos/609557163/original.jpg,http://creativecommons.org/licenses/by-nc/4.0/,Adid Jimenez,2048,1536
6130247458_1.jpg,Mirabilis jalapa,6130247458,https://inaturalist-open-data.s3.amazonaws.com/photos/609522854/original.jpg,http://creativecommons.org/licenses/by-nc/4.0/,Ash,1536,2048
6130232664_2.jpg,Mirabilis jalapa,6130232664,https://inaturalist-open-data.s3.amazonaws.com/photos/609557183/original.jpg,http://creativecommons.org/licenses/by-nc/4.0/,Adid Jimenez,2048,1536
6130266574_0.jpg,Mirabilis jalapa,6130266574,https://inaturalist-open-data.s3.amazonaws.com/photos/606794334/original.jpg,http://creativecommons.org/licenses/by-nc/4.0/,Bipasha David,1536,2048
6130326767_0.jpg,Mirabilis jalapa,6130326767,https://inaturalist-open-data.s3.amazonaws.com/photos/607031776/original.jpg,http://creativecommons.org/licenses/by-nc/4.0/,Adid Jimenez,1536,2048
6130247458_0.jpg,Mirabilis jalapa,6130247458,https://inaturalist-open-data.s3.amazonaws.com/photos/609522853/original.jpg,http://creativecommons.org/licenses/by-nc/4.0/,Ash,1152,2048
6130293705_0.jpg,Mirabilis jalapa,6130293705,https://inaturalist-open-data.s3.amazonaws.com/photos/610874685/original.jpg,http://creativecommons.org/licenses/by-nc/4.0/,Bipasha David,1927,2048
6130326767_1.jpg,Mirabilis jalapa,6130326767,https://inaturalist-open-data.s3.amazonaws.com/photos/607031775/original.jpg,http://creativecommons.org/licenses/by-nc/4.0/,Adid Jimenez,1536,2048
6130326767_2.jpg,Mirabilis jalapa,6130326767,https://inaturalist-open-data.s3.amazonaws.com/photos/607031779/original.jpg,http://creativecommons.org/licenses/by-nc/4.0/,Adid Jimenez,1536,2048
6130370676_0.jpg,Mirabilis jalapa,6130370676,https://inaturalist-open-data.s3.amazonaws.com/photos/608908403/original.jpg,http://creativecommons.org/licenses/by-nc/4.0/,nielmuller,1200,1600
6130432461_1.jpg,Mirabilis jalapa,6130432461,https://inaturalist-open-data.s3.amazonaws.com/photos/609073181/original.jpg,http://creativecommons.org/licenses/by-nc/4.0/,James K. Wetterer,2048,1536
6130432461_0.jpg,Mirabilis jalapa,6130432461,https://inaturalist-open-data.s3.amazonaws.com/photos/609073155/original.jpg,http://creativecommons.org/licenses/by-nc/4.0/,James K. Wetterer,2048,1536
6130395813_0.jpg,Mirabilis jalapa,6130395813,https://inaturalist-open-data.s3.amazonaws.com/photos/608859341/original.jpg,http://creativecommons.org/licenses/by-nc/4.0/,Balin Winbirth A,921,2048
6130377499_0.jpg,Mirabilis jalapa,6130377499,https://inaturalist-open-data.s3.amazonaws.com/photos/610248524/original.jpg,http://creativecommons.org/licenses/by-nc/4.0/,Rosie Nawojka,1536,2048
6130432461_2.jpg,Mirabilis jalapa,6130432461,https://inaturalist-open-data.s3.amazonaws.com/photos/609073204/original.jpg,http://creativecommons.org/licenses/by-nc/4.0/,James K. Wetterer,1536,2048
6130466830_0.jpg,Mirabilis jalapa,6130466830,https://inaturalist-open-data.s3.amazonaws.com/photos/606292621/original.jpg,http://creativecommons.org/licenses/by-nc/4.0/,linafloppa,1536,2048
6130461934_1.jpg,Mirabilis jalapa,6130461934,https://inaturalist-open-data.s3.amazonaws.com/photos/606096391/original.jpg,http://creativecommons.org/licenses/by-nc/4.0/,juliecoetzee,1536,2048
6130461934_0.jpg,Mirabilis jalapa,6130461934,https://inaturalist-open-data.s3.amazonaws.com/photos/606096348/original.jpg,http://creativecommons.org/licenses/by-nc/4.0/,juliecoetzee,1536,2048
6130466976_0.jpg,Mirabilis jalapa,6130466976,https://inaturalist-open-data.s3.amazonaws.com/photos/606583312/original.jpg,http://creativecommons.org/licenses/by-nc/4.0/,Bipasha David,1536,2048
6130440326_0.jpg,Mirabilis jalapa,6130440326,https://inaturalist-open-data.s3.amazonaws.com/photos/608092457/original.jpg,http://creativecommons.org/licenses/by-nc/4.0/,Thabiso M Mokotjomela,1536,2048
6130522591_1.jpg,Mirabilis jalapa,6130522591,https://inaturalist-open-data.s3.amazonaws.com/photos/606182097/original.jpg,http://creativecommons.org/licenses/by/4.0/,nmoorhatch,2048,1496
6130522591_0.jpg,Mirabilis jalapa,6130522591,https://inaturalist-open-data.s3.amazonaws.com/photos/606182086/original.jpg,http://creativecommons.org/licenses/by/4.0/,nmoorhatch,2048,1288
6130522591_2.jpg,Mirabilis jalapa,6130522591,https://inaturalist-open-data.s3.amazonaws.com/photos/606182103/original.jpg,http://creativecommons.org/licenses/by/4.0/,nmoorhatch,2048,1204
6130536910_2.jpg,Mirabilis jalapa,6130536910,https://inaturalist-open-data.s3.amazonaws.com/photos/607305147/original.jpg,http://creativecommons.org/licenses/by-nc/4.0/,James K. Wetterer,2048,1536
6130536910_1.jpg,Mirabilis jalapa,6130536910,https://inaturalist-open-data.s3.amazonaws.com/photos/607305127/original.jpg,http://creativecommons.org/licenses/by-nc/4.0/,James K. Wetterer,1536,2048
6130536910_0.jpg,Mirabilis jalapa,6130536910,https://inaturalist-open-data.s3.amazonaws.com/photos/607305097/original.jpg,http://creativecommons.org/licenses/by-nc/4.0/,James K. Wetterer,2048,1536
6130536910_3.jpg,Mirabilis jalapa,6130536910,https://inaturalist-open-data.s3.amazonaws.com/photos/607305170/original.jpg,http://creativecommons.org/licenses/by-nc/4.0/,James K. Wetterer,1536,2048
6130584652_0.jpg,Mirabilis jalapa,6130584652,https://inaturalist-open-data.s3.amazonaws.com/photos/608820429/original.jpg,http://creativecommons.org/licenses/by-nc/4.0/,Bipasha David,2048,1785
6130591533_0.jpg,Mirabilis jalapa,6130591533,https://inaturalist-open-data.s3.amazonaws.com/photos/607736086/original.jpg,http://creativecommons.org/licenses/by-nc/4.0/,jeanelz,1695,2048
6130549697_0.jpg,Mirabilis jalapa,6130549697,https://inaturalist-open-data.s3.amazonaws.com/photos/606869960/original.jpg,http://creativecommons.org/licenses/by-nc/4.0/,birdman_australia,1536,2048
6130642564_0.jpg,Mirabilis jalapa,6130642564,https://inaturalist-open-data.s3.amazonaws.com/photos/607308695/original.jpg,http://creativecommons.org/licenses/by-nc/4.0/,Alberto Gámez,1536,2048
6130662543_0.jpg,Mirabilis jalapa,6130662543,https://inaturalist-open-data.s3.amazonaws.com/photos/606077866/original.jpg,http://creativecommons.org/licenses/by-nc/4.0/,enzorosey,1536,2048
6130662543_2.jpg,Mirabilis jalapa,6130662543,https://inaturalist-open-data.s3.amazonaws.com/photos/606077898/original.jpg,http://creativecommons.org/licenses/by-nc/4.0/,enzorosey,1536,2048
6130662543_4.jpg,Mirabilis jalapa,6130662543,https://inaturalist-open-data.s3.amazonaws.com/photos/606077926/original.jpg,http://creativecommons.org/licenses/by-nc/4.0/,enzorosey,2048,1536
6130591533_2.jpg,Mirabilis jalapa,6130591533,https://inaturalist-open-data.s3.amazonaws.com/photos/607736030/original.jpg,http://creativecommons.org/licenses/by-nc/4.0/,jeanelz,1455,1756
6130662543_1.jpg,Mirabilis jalapa,6130662543,https://inaturalist-open-data.s3.amazonaws.com/photos/606077882/original.jpg,http://creativecommons.org/licenses/by-nc/4.0/,enzorosey,1536,2048
6130591533_1.jpg,Mirabilis jalapa,6130591533,https://inaturalist-open-data.s3.amazonaws.com/photos/607735983/original.jpg,http://creativecommons.org/licenses/by-nc/4.0/,jeanelz,1955,1869
6130662543_5.jpg,Mirabilis jalapa,6130662543,https://inaturalist-open-data.s3.amazonaws.com/photos/606077939/original.jpg,http://creativecommons.org/licenses/by-nc/4.0/,enzorosey,1536,2048
6130683499_0.jpg,Mirabilis jalapa,6130683499,https://inaturalist-open-data.s3.amazonaws.com/photos/608705896/original.jpg,http://creativecommons.org/licenses/by-nc/4.0/,Thabiso M Mokotjomela,2048,1980
6130591533_3.jpg,Mirabilis jalapa,6130591533,https://inaturalist-open-data.s3.amazonaws.com/photos/607735966/original.jpg,http://creativecommons.org/licenses/by-nc/4.0/,jeanelz,1340,2048
6130662543_3.jpg,Mirabilis jalapa,6130662543,https://inaturalist-open-data.s3.amazonaws.com/photos/606077911/original.jpg,http://creativecommons.org/licenses/by-nc/4.0/,enzorosey,2048,1536
