archivo,clase_v1,occurrence_key,split
dataset_serb_bloque1/Arbutus_xalapensis/6130079519_0.jpg,Arbutus_spp,6130079519,val
dataset_serb_bloque1/Arbutus_xalapensis/5938459925_0.jpg,Arbutus_spp,5938459925,val
dataset_serb_bloque1/Arbutus_xalapensis/5938459925_1.jpg,Arbutus_spp,5938459925,val
dataset_serb_bloque1/Arbutus_xalapensis/6130095435_0.jpg,Arbutus_spp,6130095435,val
dataset_serb_bloque1/Arbutus_tessellata/6236177818_0.jpg,Arbutus_spp,6236177818,val
dataset_serb_bloque1/Arbutus_tessellata/6147382582_0.jpg,Arbutus_spp,6147382582,val
dataset_serb_bloque1/Arbutus_tessellata/6147382582_2.jpg,Arbutus_spp,6147382582,val
dataset_serb_bloque1/Arbutus_tessellata/6147382582_1.jpg,Arbutus_spp,6147382582,val
dataset_serb_bloque1/Arbutus_xalapensis/6131075056_1.jpg,Arbutus_spp,6131075056,val
dataset_serb_bloque1/Arbutus_xalapensis/6131075056_0.jpg,Arbutus_spp,6131075056,val
dataset_serb_bloque1/Arbutus_tessellata/6179258473_0.jpg,Arbutus_spp,6179258473,test
dataset_serb_bloque1/Arbutus_xalapensis/6130239402_1.jpg,Arbutus_spp,6130239402,test
dataset_serb_bloque1/Arbutus_xalapensis/6130239402_0.jpg,Arbutus_spp,6130239402,test
dataset_serb_bloque1/Arbutus_xalapensis/5938479945_0.jpg,Arbutus_spp,5938479945,test
dataset_serb_bloque1/Arbutus_xalapensis/5938479945_1.jpg,Arbutus_spp,5938479945,test
dataset_serb_bloque1/Arbutus_tessellata/6187910505_2.jpg,Arbutus_spp,6187910505,test
dataset_serb_bloque1/Arbutus_tessellata/6187910505_3.jpg,Arbutus_spp,6187910505,test
dataset_serb_bloque1/Arbutus_tessellata/6187910505_1.jpg,Arbutus_spp,6187910505,test
dataset_serb_bloque1/Arbutus_tessellata/6187910505_0.jpg,Arbutus_spp,6187910505,test
dataset_serb_bloque1/Arbutus_tessellata/6130859597_0.jpg,Arbutus_spp,6130859597,test
dataset_serb_bloque1/Arbutus_tessellata/6170912794_0.jpg,Arbutus_spp,6170912794,test
dataset_serb_bloque1/Arbutus_xalapensis/6130939476_1.jpg,Arbutus_spp,6130939476,train
dataset_serb_bloque1/Arbutus_xalapensis/6130939476_0.jpg,Arbutus_spp,6130939476,train
dataset_serb_bloque1/Arbutus_xalapensis/6130669627_0.jpg,Arbutus_spp,6130669627,train
dataset_serb_bloque1/Arbutus_xalapensis/6130669627_1.jpg,Arbutus_spp,6130669627,train
dataset_serb_bloque1/Arbutus_xalapensis/6130372149_0.jpg,Arbutus_spp,6130372149,train
dataset_serb_bloque1/Arbutus_xalapensis/6130372149_1.jpg,Arbutus_spp,6130372149,train
dataset_serb_bloque1/Arbutus_tessellata/6195982083_1.jpg,Arbutus_spp,6195982083,train
dataset_serb_bloque1/Arbutus_tessellata/6195982083_2.jpg,Arbutus_spp,6195982083,train
dataset_serb_bloque1/Arbutus_tessellata/6195982083_0.jpg,Arbutus_spp,6195982083,train
dataset_serb_bloque1/Arbutus_tessellata/6195982083_3.jpg,Arbutus_spp,6195982083,train
dataset_serb_bloque1/Arbutus_tessellata/6235059430_1.jpg,Arbutus_spp,6235059430,train
dataset_serb_bloque1/Arbutus_tessellata/6235059430_0.jpg,Arbutus_spp,6235059430,train
dataset_serb_bloque1/Arbutus_tessellata/6235059430_2.jpg,Arbutus_spp,6235059430,train
dataset_serb_bloque1/Arbutus_tessellata/6159447848_0.jpg,Arbutus_spp,6159447848,train
dataset_serb_bloque1/Arbutus_xalapensis/6130569667_0.jpg,Arbutus_spp,6130569667,train
dataset_serb_bloque1/Arbutus_xalapensis/6130569667_2.jpg,Arbutus_spp,6130569667,train
dataset_serb_bloque1/Arbutus_xalapensis/6130569667_1.jpg,Arbutus_spp,6130569667,train
dataset_serb_bloque1/Arbutus_xalapensis/6130939216_0.jpg,Arbutus_spp,6130939216,train
dataset_serb_bloque1/Arbutus_xalapensis/6130939216_1.jpg,Arbutus_spp,6130939216,train
dataset_serb_bloque1/Arbutus_xalapensis/6130939216_2.jpg,Arbutus_spp,6130939216,train
dataset_serb_bloque1/Arbutus_xalapensis/6130771701_0.jpg,Arbutus_spp,6130771701,train
dataset_serb_bloque1/Arbutus_tessellata/6185523418_0.jpg,Arbutus_spp,6185523418,train
dataset_serb_bloque1/Arbutus_tessellata/6236186961_4.jpg,Arbutus_spp,6236186961,train
dataset_serb_bloque1/Arbutus_tessellata/6236186961_3.jpg,Arbutus_spp,6236186961,train
dataset_serb_bloque1/Arbutus_tessellata/6236186961_0.jpg,Arbutus_spp,6236186961,train
dataset_serb_bloque1/Arbutus_tessellata/6236186961_1.jpg,Arbutus_spp,6236186961,train
dataset_serb_bloque1/Arbutus_tessellata/6236186961_2.jpg,Arbutus_spp,6236186961,train
dataset_serb_bloque1/Arbutus_tessellata/6179087476_0.jpg,Arbutus_spp,6179087476,train
dataset_serb_bloque1/Arbutus_xalapensis/6130751209_0.jpg,Arbutus_spp,6130751209,train
dataset_serb_bloque1/Arbutus_xalapensis/6130667699_0.jpg,Arbutus_spp,6130667699,train
dataset_serb_bloque1/Arbutus_tessellata/6253198910_1.jpg,Arbutus_spp,6253198910,train
dataset_serb_bloque1/Arbutus_tessellata/6253198910_0.jpg,Arbutus_spp,6253198910,train
dataset_serb_bloque1/Arbutus_tessellata/6253198910_2.jpg,Arbutus_spp,6253198910,train
dataset_serb_bloque1/Arbutus_tessellata/6253198910_3.jpg,Arbutus_spp,6253198910,train
dataset_serb_bloque1/Arbutus_tessellata/6195840202_0.jpg,Arbutus_spp,6195840202,train
dataset_serb_bloque1/Arbutus_tessellata/6195840202_1.jpg,Arbutus_spp,6195840202,train
dataset_serb_bloque1/Arbutus_tessellata/6195840202_2.jpg,Arbutus_spp,6195840202,train
dataset_serb_bloque1/Arbutus_xalapensis/5938322231_4.jpg,Arbutus_spp,5938322231,train
dataset_serb_bloque1/Arbutus_xalapensis/5938322231_1.jpg,Arbutus_spp,5938322231,train
dataset_serb_bloque1/Arbutus_xalapensis/5938322231_3.jpg,Arbutus_spp,5938322231,train
dataset_serb_bloque1/Arbutus_xalapensis/5938322231_2.jpg,Arbutus_spp,5938322231,train
dataset_serb_bloque1/Arbutus_xalapensis/5938322231_5.jpg,Arbutus_spp,5938322231,train
dataset_serb_bloque1/Arbutus_xalapensis/5938322231_0.jpg,Arbutus_spp,5938322231,train
dataset_serb_bloque1/Arbutus_xalapensis/5938163027_1.jpg,Arbutus_spp,5938163027,train
dataset_serb_bloque1/Arbutus_xalapensis/5938163027_0.jpg,Arbutus_spp,5938163027,train
dataset_serb_bloque1/Arbutus_tessellata/6236226140_0.jpg,Arbutus_spp,6236226140,train
dataset_serb_bloque1/Arbutus_tessellata/6159660263_0.jpg,Arbutus_spp,6159660263,train
dataset_serb_bloque1/Arbutus_xalapensis/5938604511_0.jpg,Arbutus_spp,5938604511,train
dataset_serb_bloque1/Arbutus_xalapensis/5938658189_0.jpg,Arbutus_spp,5938658189,train
dataset_serb_bloque1/Arbutus_xalapensis/5938658189_1.jpg,Arbutus_spp,5938658189,train
dataset_serb_bloque1/Arbutus_xalapensis/6129993246_0.jpg,Arbutus_spp,6129993246,train
dataset_serb_bloque1/Arbutus_xalapensis/6129993246_2.jpg,Arbutus_spp,6129993246,train
dataset_serb_bloque1/Arbutus_xalapensis/6129993246_1.jpg,Arbutus_spp,6129993246,train
dataset_serb_bloque1/Arbutus_xalapensis/6130598420_5.jpg,Arbutus_spp,6130598420,train
dataset_serb_bloque1/Arbutus_xalapensis/6130598420_2.jpg,Arbutus_spp,6130598420,train
dataset_serb_bloque1/Arbutus_xalapensis/6130598420_3.jpg,Arbutus_spp,6130598420,train
dataset_serb_bloque1/Arbutus_xalapensis/6130598420_0.jpg,Arbutus_spp,6130598420,train
dataset_serb_bloque1/Arbutus_xalapensis/6130598420_4.jpg,Arbutus_spp,6130598420,train
dataset_serb_bloque1/Arbutus_xalapensis/6130598420_1.jpg,Arbutus_spp,6130598420,train
dataset_serb_bloque1/Arbutus_xalapensis/6130604102_0.jpg,Arbutus_spp,6130604102,train
dataset_serb_bloque1/Arbutus_xalapensis/6130669327_0.jpg,Arbutus_spp,6130669327,train
dataset_serb_bloque1/Arbutus_xalapensis/5938214623_2.jpg,Arbutus_spp,5938214623,train
dataset_serb_bloque1/Arbutus_xalapensis/5938214623_0.jpg,Arbutus_spp,5938214623,train
dataset_serb_bloque1/Arbutus_xalapensis/5938214623_1.jpg,Arbutus_spp,5938214623,train
dataset_serb_bloque1/Arbutus_xalapensis/6129844184_0.jpg,Arbutus_spp,6129844184,train
dataset_serb_bloque1/Cupressus_lusitanica/6253340185_0.jpg,Cupressus lusitanica,6253340185,val
dataset_serb_bloque1/Cupressus_lusitanica/6252406084_0.jpg,Cupressus lusitanica,6252406084,val
dataset_serb_bloque1/Cupressus_lusitanica/6236154764_0.jpg,Cupressus lusitanica,6236154764,val
dataset_serb_bloque1/Cupressus_lusitanica/6236154764_1.jpg,Cupressus lusitanica,6236154764,val
dataset_serb_bloque1/Cupressus_lusitanica/6235167260_0.jpg,Cupressus lusitanica,6235167260,val
dataset_serb_bloque1/Cupressus_lusitanica/6274226721_1.jpg,Cupressus lusitanica,6274226721,val
dataset_serb_bloque1/Cupressus_lusitanica/6274226721_0.jpg,Cupressus lusitanica,6274226721,val
dataset_serb_bloque1/Cupressus_lusitanica/6253262995_0.jpg,Cupressus lusitanica,6253262995,val
dataset_serb_bloque1/Cupressus_lusitanica/6188491068_0.jpg,Cupressus lusitanica,6188491068,val
dataset_serb_bloque1/Cupressus_lusitanica/6188306840_0.jpg,Cupressus lusitanica,6188306840,val
dataset_serb_bloque1/Cupressus_lusitanica/6251468520_1.jpg,Cupressus lusitanica,6251468520,test
dataset_serb_bloque1/Cupressus_lusitanica/6251468520_0.jpg,Cupressus lusitanica,6251468520,test
dataset_serb_bloque1/Cupressus_lusitanica/6431228322_0.jpg,Cupressus lusitanica,6431228322,test
dataset_serb_bloque1/Cupressus_lusitanica/6252387103_0.jpg,Cupressus lusitanica,6252387103,test
dataset_serb_bloque1/Cupressus_lusitanica/6252387103_1.jpg,Cupressus lusitanica,6252387103,test
dataset_serb_bloque1/Cupressus_lusitanica/6252387103_2.jpg,Cupressus lusitanica,6252387103,test
dataset_serb_bloque1/Cupressus_lusitanica/6235175176_0.jpg,Cupressus lusitanica,6235175176,test
dataset_serb_bloque1/Cupressus_lusitanica/6440992134_0.jpg,Cupressus lusitanica,6440992134,test
dataset_serb_bloque1/Cupressus_lusitanica/6253226793_0.jpg,Cupressus lusitanica,6253226793,test
dataset_serb_bloque1/Cupressus_lusitanica/6431695858_3.jpg,Cupressus lusitanica,6431695858,test
dataset_serb_bloque1/Cupressus_lusitanica/6431695858_1.jpg,Cupressus lusitanica,6431695858,test
dataset_serb_bloque1/Cupressus_lusitanica/6431695858_2.jpg,Cupressus lusitanica,6431695858,test
dataset_serb_bloque1/Cupressus_lusitanica/6431695858_0.jpg,Cupressus lusitanica,6431695858,test
dataset_serb_bloque1/Cupressus_lusitanica/6251766870_0.jpg,Cupressus lusitanica,6251766870,test
dataset_serb_bloque1/Cupressus_lusitanica/6431472480_0.jpg,Cupressus lusitanica,6431472480,train
dataset_serb_bloque1/Cupressus_lusitanica/6431472480_1.jpg,Cupressus lusitanica,6431472480,train
dataset_serb_bloque1/Cupressus_lusitanica/6399846852_2.jpg,Cupressus lusitanica,6399846852,train
dataset_serb_bloque1/Cupressus_lusitanica/6399846852_1.jpg,Cupressus lusitanica,6399846852,train
dataset_serb_bloque1/Cupressus_lusitanica/6399846852_0.jpg,Cupressus lusitanica,6399846852,train
dataset_serb_bloque1/Cupressus_lusitanica/6413038555_0.jpg,Cupressus lusitanica,6413038555,train
dataset_serb_bloque1/Cupressus_lusitanica/6413038555_1.jpg,Cupressus lusitanica,6413038555,train
dataset_serb_bloque1/Cupressus_lusitanica/6273188663_4.jpg,Cupressus lusitanica,6273188663,train
dataset_serb_bloque1/Cupressus_lusitanica/6273188663_1.jpg,Cupressus lusitanica,6273188663,train
dataset_serb_bloque1/Cupressus_lusitanica/6273188663_2.jpg,Cupressus lusitanica,6273188663,train
dataset_serb_bloque1/Cupressus_lusitanica/6273188663_0.jpg,Cupressus lusitanica,6273188663,train
dataset_serb_bloque1/Cupressus_lusitanica/6273188663_3.jpg,Cupressus lusitanica,6273188663,train
dataset_serb_bloque1/Cupressus_lusitanica/6234799053_1.jpg,Cupressus lusitanica,6234799053,train
dataset_serb_bloque1/Cupressus_lusitanica/6234799053_0.jpg,Cupressus lusitanica,6234799053,train
dataset_serb_bloque1/Cupressus_lusitanica/6441184118_0.jpg,Cupressus lusitanica,6441184118,train
dataset_serb_bloque1/Cupressus_lusitanica/6441184118_1.jpg,Cupressus lusitanica,6441184118,train
dataset_serb_bloque1/Cupressus_lusitanica/6413314679_0.jpg,Cupressus lusitanica,6413314679,train
dataset_serb_bloque1/Cupressus_lusitanica/6274091484_0.jpg,Cupressus lusitanica,6274091484,train
dataset_serb_bloque1/Cupressus_lusitanica/6274091484_1.jpg,Cupressus lusitanica,6274091484,train
dataset_serb_bloque1/Cupressus_lusitanica/6235309727_1.jpg,Cupressus lusitanica,6235309727,train
dataset_serb_bloque1/Cupressus_lusitanica/6235309727_0.jpg,Cupressus lusitanica,6235309727,train
dataset_serb_bloque1/Cupressus_lusitanica/6252387596_0.jpg,Cupressus lusitanica,6252387596,train
dataset_serb_bloque1/Cupressus_lusitanica/6252387596_1.jpg,Cupressus lusitanica,6252387596,train
dataset_serb_bloque1/Cupressus_lusitanica/6252387596_2.jpg,Cupressus lusitanica,6252387596,train
dataset_serb_bloque1/Cupressus_lusitanica/6273681600_2.jpg,Cupressus lusitanica,6273681600,train
dataset_serb_bloque1/Cupressus_lusitanica/6273681600_0.jpg,Cupressus lusitanica,6273681600,train
dataset_serb_bloque1/Cupressus_lusitanica/6273681600_1.jpg,Cupressus lusitanica,6273681600,train
dataset_serb_bloque1/Cupressus_lusitanica/6235065488_0.jpg,Cupressus lusitanica,6235065488,train
dataset_serb_bloque1/Cupressus_lusitanica/6334024635_0.jpg,Cupressus lusitanica,6334024635,train
dataset_serb_bloque1/Cupressus_lusitanica/6234517698_1.jpg,Cupressus lusitanica,6234517698,train
dataset_serb_bloque1/Cupressus_lusitanica/6234517698_0.jpg,Cupressus lusitanica,6234517698,train
dataset_serb_bloque1/Cupressus_lusitanica/6234517698_2.jpg,Cupressus lusitanica,6234517698,train
dataset_serb_bloque1/Cupressus_lusitanica/6253318809_1.jpg,Cupressus lusitanica,6253318809,train
dataset_serb_bloque1/Cupressus_lusitanica/6253318809_0.jpg,Cupressus lusitanica,6253318809,train
dataset_serb_bloque1/Cupressus_lusitanica/6430930747_0.jpg,Cupressus lusitanica,6430930747,train
dataset_serb_bloque1/Cupressus_lusitanica/6430930747_2.jpg,Cupressus lusitanica,6430930747,train
dataset_serb_bloque1/Cupressus_lusitanica/6430930747_1.jpg,Cupressus lusitanica,6430930747,train
dataset_serb_bloque1/Cupressus_lusitanica/6413131482_0.jpg,Cupressus lusitanica,6413131482,train
dataset_serb_bloque1/Cupressus_lusitanica/6400770442_0.jpg,Cupressus lusitanica,6400770442,train
dataset_serb_bloque1/Cupressus_lusitanica/6236257403_0.jpg,Cupressus lusitanica,6236257403,train
dataset_serb_bloque1/Cupressus_lusitanica/6431651540_1.jpg,Cupressus lusitanica,6431651540,train
dataset_serb_bloque1/Cupressus_lusitanica/6431651540_0.jpg,Cupressus lusitanica,6431651540,train
dataset_serb_bloque1/Cupressus_lusitanica/6234649075_0.jpg,Cupressus lusitanica,6234649075,train
dataset_serb_bloque1/Cupressus_lusitanica/6235906451_0.jpg,Cupressus lusitanica,6235906451,train
dataset_serb_bloque1/Cupressus_lusitanica/6321054350_0.jpg,Cupressus lusitanica,6321054350,train
dataset_serb_bloque1/Cupressus_lusitanica/6252833971_0.jpg,Cupressus lusitanica,6252833971,train
dataset_serb_bloque1/Cupressus_lusitanica/6352283695_1.jpg,Cupressus lusitanica,6352283695,train
dataset_serb_bloque1/Cupressus_lusitanica/6352283695_0.jpg,Cupressus lusitanica,6352283695,train
dataset_serb_bloque1/Cupressus_lusitanica/6352283695_2.jpg,Cupressus lusitanica,6352283695,train
dataset_serb_bloque1/Cupressus_lusitanica/6353360377_0.jpg,Cupressus lusitanica,6353360377,train
dataset_serb_bloque1/Cupressus_lusitanica/6252249792_1.jpg,Cupressus lusitanica,6252249792,train
dataset_serb_bloque1/Cupressus_lusitanica/6252249792_0.jpg,Cupressus lusitanica,6252249792,train
dataset_serb_bloque1/Cupressus_lusitanica/6320878436_0.jpg,Cupressus lusitanica,6320878436,train
dataset_serb_bloque1/Cupressus_lusitanica/6234706352_0.jpg,Cupressus lusitanica,6234706352,train
dataset_serb_bloque1/Cupressus_lusitanica/6252935210_0.jpg,Cupressus lusitanica,6252935210,train
dataset_serb_bloque1/Cupressus_lusitanica/6252935210_1.jpg,Cupressus lusitanica,6252935210,train
dataset_serb_bloque1/Cupressus_lusitanica/6234968710_0.jpg,Cupressus lusitanica,6234968710,train
dataset_serb_bloque1/Cupressus_lusitanica/6274333593_0.jpg,Cupressus lusitanica,6274333593,train
dataset_serb_bloque1/Cupressus_lusitanica/6253363189_0.jpg,Cupressus lusitanica,6253363189,train
dataset_serb_bloque1/Cupressus_lusitanica/6413327402_0.jpg,Cupressus lusitanica,6413327402,train
dataset_serb_bloque1/Cupressus_lusitanica/6195807838_0.jpg,Cupressus lusitanica,6195807838,train
dataset_serb_bloque1/Cupressus_lusitanica/6251660926_0.jpg,Cupressus lusitanica,6251660926,train
dataset_serb_bloque1/Cupressus_lusitanica/6334653653_0.jpg,Cupressus lusitanica,6334653653,train
dataset_serb_bloque1/Cupressus_lusitanica/6441452999_0.jpg,Cupressus lusitanica,6441452999,train
dataset_serb_bloque1/Cupressus_lusitanica/6441452999_1.jpg,Cupressus lusitanica,6441452999,train
dataset_serb_bloque1/Cupressus_lusitanica/6441452999_2.jpg,Cupressus lusitanica,6441452999,train
dataset_serb_bloque1/Cupressus_lusitanica/6441214129_0.jpg,Cupressus lusitanica,6441214129,train
dataset_serb_bloque1/Cupressus_lusitanica/6252760968_1.jpg,Cupressus lusitanica,6252760968,train
dataset_serb_bloque1/Cupressus_lusitanica/6252760968_3.jpg,Cupressus lusitanica,6252760968,train
dataset_serb_bloque1/Cupressus_lusitanica/6252760968_0.jpg,Cupressus lusitanica,6252760968,train
dataset_serb_bloque1/Cupressus_lusitanica/6252760968_2.jpg,Cupressus lusitanica,6252760968,train
dataset_serb_bloque1/Pinus_devoniana/6252800389_1.jpg,Pinus_spp,6252800389,val
dataset_serb_bloque1/Pinus_devoniana/6252800389_0.jpg,Pinus_spp,6252800389,val
dataset_serb_bloque1/Pinus_lumholtzii/6252245861_1.jpg,Pinus_spp,6252245861,val
dataset_serb_bloque1/Pinus_lumholtzii/6252245861_0.jpg,Pinus_spp,6252245861,val
dataset_serb_bloque1/Pinus_lumholtzii/6252245861_2.jpg,Pinus_spp,6252245861,val
dataset_serb_bloque1/Pinus_lumholtzii/6252245861_4.jpg,Pinus_spp,6252245861,val
dataset_serb_bloque1/Pinus_lumholtzii/6252245861_3.jpg,Pinus_spp,6252245861,val
dataset_serb_bloque1/Pinus_lumholtzii/6252245861_5.jpg,Pinus_spp,6252245861,val
dataset_serb_bloque1/Pinus_lumholtzii/6430931540_0.jpg,Pinus_spp,6430931540,val
dataset_serb_bloque1/Pinus_lumholtzii/6430931540_2.jpg,Pinus_spp,6430931540,val
dataset_serb_bloque1/Pinus_lumholtzii/6430931540_1.jpg,Pinus_spp,6430931540,val
dataset_serb_bloque1/Pinus_oocarpa/5167290690_0.jpg,Pinus_spp,5167290690,val
dataset_serb_bloque1/Pinus_devoniana/6352501370_0.jpg,Pinus_spp,6352501370,val
dataset_serb_bloque1/Pinus_devoniana/6352501370_3.jpg,Pinus_spp,6352501370,val
dataset_serb_bloque1/Pinus_devoniana/6352501370_4.jpg,Pinus_spp,6352501370,val
dataset_serb_bloque1/Pinus_devoniana/6352501370_2.jpg,Pinus_spp,6352501370,val
dataset_serb_bloque1/Pinus_devoniana/6352501370_1.jpg,Pinus_spp,6352501370,val
dataset_serb_bloque1/Pinus_devoniana/6441376385_1.jpg,Pinus_spp,6441376385,val
dataset_serb_bloque1/Pinus_devoniana/6441376385_2.jpg,Pinus_spp,6441376385,val
dataset_serb_bloque1/Pinus_devoniana/6441376385_3.jpg,Pinus_spp,6441376385,val
dataset_serb_bloque1/Pinus_devoniana/6441376385_0.jpg,Pinus_spp,6441376385,val
dataset_serb_bloque1/Pinus_oocarpa/5154518734_0.jpg,Pinus_spp,5154518734,test
dataset_serb_bloque1/Pinus_oocarpa/6185706394_1.jpg,Pinus_spp,6185706394,test
dataset_serb_bloque1/Pinus_oocarpa/6185706394_0.jpg,Pinus_spp,6185706394,test
dataset_serb_bloque1/Pinus_oocarpa/5167453843_0.jpg,Pinus_spp,5167453843,test
dataset_serb_bloque1/Pinus_devoniana/5292297474_0.jpg,Pinus_spp,5292297474,test
dataset_serb_bloque1/Pinus_oocarpa/5108082497_0.jpg,Pinus_spp,5108082497,test
dataset_serb_bloque1/Pinus_oocarpa/6159456107_2.jpg,Pinus_spp,6159456107,test
dataset_serb_bloque1/Pinus_oocarpa/6159456107_1.jpg,Pinus_spp,6159456107,test
dataset_serb_bloque1/Pinus_oocarpa/6159456107_3.jpg,Pinus_spp,6159456107,test
dataset_serb_bloque1/Pinus_oocarpa/6159456107_0.jpg,Pinus_spp,6159456107,test
dataset_serb_bloque1/Pinus_oocarpa/5076964587_1.jpg,Pinus_spp,5076964587,train
dataset_serb_bloque1/Pinus_oocarpa/5076964587_0.jpg,Pinus_spp,5076964587,train
dataset_serb_bloque1/Pinus_oocarpa/5076964587_2.jpg,Pinus_spp,5076964587,train
dataset_serb_bloque1/Pinus_oocarpa/6481305925_4.jpg,Pinus_spp,6481305925,train
dataset_serb_bloque1/Pinus_oocarpa/6481305925_3.jpg,Pinus_spp,6481305925,train
dataset_serb_bloque1/Pinus_oocarpa/6481305925_2.jpg,Pinus_spp,6481305925,train
dataset_serb_bloque1/Pinus_oocarpa/6481305925_0.jpg,Pinus_spp,6481305925,train
dataset_serb_bloque1/Pinus_oocarpa/6481305925_1.jpg,Pinus_spp,6481305925,train
dataset_serb_bloque1/Pinus_devoniana/5077107369_0.jpg,Pinus_spp,5077107369,train
dataset_serb_bloque1/Pinus_devoniana/6159610535_0.jpg,Pinus_spp,6159610535,train
dataset_serb_bloque1/Pinus_devoniana/6159610535_1.jpg,Pinus_spp,6159610535,train
dataset_serb_bloque1/Pinus_lumholtzii/6441561595_1.jpg,Pinus_spp,6441561595,train
dataset_serb_bloque1/Pinus_lumholtzii/6441561595_0.jpg,Pinus_spp,6441561595,train
dataset_serb_bloque1/Pinus_oocarpa/6353158880_2.jpg,Pinus_spp,6353158880,train
dataset_serb_bloque1/Pinus_oocarpa/6353158880_1.jpg,Pinus_spp,6353158880,train
dataset_serb_bloque1/Pinus_oocarpa/6353158880_0.jpg,Pinus_spp,6353158880,train
dataset_serb_bloque1/Pinus_lumholtzii/6441280161_0.jpg,Pinus_spp,6441280161,train
dataset_serb_bloque1/Pinus_devoniana/6130498069_0.jpg,Pinus_spp,6130498069,train
dataset_serb_bloque1/Pinus_oocarpa/6147557723_3.jpg,Pinus_spp,6147557723,train
dataset_serb_bloque1/Pinus_oocarpa/6147557723_1.jpg,Pinus_spp,6147557723,train
dataset_serb_bloque1/Pinus_oocarpa/6147557723_0.jpg,Pinus_spp,6147557723,train
dataset_serb_bloque1/Pinus_oocarpa/6147557723_2.jpg,Pinus_spp,6147557723,train
dataset_serb_bloque1/Pinus_lumholtzii/6253319813_1.jpg,Pinus_spp,6253319813,train
dataset_serb_bloque1/Pinus_lumholtzii/6253319813_0.jpg,Pinus_spp,6253319813,train
dataset_serb_bloque1/Pinus_devoniana/6518344371_5.jpg,Pinus_spp,6518344371,train
dataset_serb_bloque1/Pinus_devoniana/6518344371_2.jpg,Pinus_spp,6518344371,train
dataset_serb_bloque1/Pinus_devoniana/6518344371_0.jpg,Pinus_spp,6518344371,train
dataset_serb_bloque1/Pinus_devoniana/6518344371_4.jpg,Pinus_spp,6518344371,train
dataset_serb_bloque1/Pinus_devoniana/6518344371_3.jpg,Pinus_spp,6518344371,train
dataset_serb_bloque1/Pinus_devoniana/6518344371_6.jpg,Pinus_spp,6518344371,train
dataset_serb_bloque1/Pinus_devoniana/6518344371_1.jpg,Pinus_spp,6518344371,train
dataset_serb_bloque1/Pinus_devoniana/6185442150_0.jpg,Pinus_spp,6185442150,train
dataset_serb_bloque1/Pinus_devoniana/6352758813_0.jpg,Pinus_spp,6352758813,train
dataset_serb_bloque1/Pinus_oocarpa/5176695605_0.jpg,Pinus_spp,5176695605,train
dataset_serb_bloque1/Pinus_oocarpa/6352609474_2.jpg,Pinus_spp,6352609474,train
dataset_serb_bloque1/Pinus_oocarpa/6352609474_4.jpg,Pinus_spp,6352609474,train
dataset_serb_bloque1/Pinus_oocarpa/6352609474_5.jpg,Pinus_spp,6352609474,train
dataset_serb_bloque1/Pinus_oocarpa/6352609474_3.jpg,Pinus_spp,6352609474,train
dataset_serb_bloque1/Pinus_oocarpa/6352609474_1.jpg,Pinus_spp,6352609474,train
dataset_serb_bloque1/Pinus_oocarpa/6352609474_0.jpg,Pinus_spp,6352609474,train
dataset_serb_bloque1/Pinus_devoniana/6179100093_0.jpg,Pinus_spp,6179100093,train
dataset_serb_bloque1/Pinus_devoniana/6253193566_0.jpg,Pinus_spp,6253193566,train
dataset_serb_bloque1/Pinus_oocarpa/5167590374_0.jpg,Pinus_spp,5167590374,train
dataset_serb_bloque1/Pinus_lumholtzii/5166953510_0.jpg,Pinus_spp,5166953510,train
dataset_serb_bloque1/Pinus_devoniana/6170894049_1.jpg,Pinus_spp,6170894049,train
dataset_serb_bloque1/Pinus_devoniana/6170894049_0.jpg,Pinus_spp,6170894049,train
dataset_serb_bloque1/Pinus_devoniana/6170894049_2.jpg,Pinus_spp,6170894049,train
dataset_serb_bloque1/Pinus_devoniana/5291891671_1.jpg,Pinus_spp,5291891671,train
dataset_serb_bloque1/Pinus_devoniana/5291891671_2.jpg,Pinus_spp,5291891671,train
dataset_serb_bloque1/Pinus_devoniana/5291891671_3.jpg,Pinus_spp,5291891671,train
dataset_serb_bloque1/Pinus_devoniana/5291891671_0.jpg,Pinus_spp,5291891671,train
dataset_serb_bloque1/Pinus_devoniana/6353131423_0.jpg,Pinus_spp,6353131423,train
dataset_serb_bloque1/Pinus_oocarpa/6273348997_3.jpg,Pinus_spp,6273348997,train
dataset_serb_bloque1/Pinus_oocarpa/6273348997_1.jpg,Pinus_spp,6273348997,train
dataset_serb_bloque1/Pinus_oocarpa/6273348997_2.jpg,Pinus_spp,6273348997,train
dataset_serb_bloque1/Pinus_oocarpa/6273348997_0.jpg,Pinus_spp,6273348997,train
dataset_serb_bloque1/Pinus_oocarpa/6353385759_4.jpg,Pinus_spp,6353385759,train
dataset_serb_bloque1/Pinus_oocarpa/6353385759_1.jpg,Pinus_spp,6353385759,train
dataset_serb_bloque1/Pinus_oocarpa/6353385759_5.jpg,Pinus_spp,6353385759,train
dataset_serb_bloque1/Pinus_oocarpa/6353385759_0.jpg,Pinus_spp,6353385759,train
dataset_serb_bloque1/Pinus_oocarpa/6353385759_2.jpg,Pinus_spp,6353385759,train
dataset_serb_bloque1/Pinus_oocarpa/6353385759_3.jpg,Pinus_spp,6353385759,train
dataset_serb_bloque1/Pinus_devoniana/6518398900_0.jpg,Pinus_spp,6518398900,train
dataset_serb_bloque1/Pinus_devoniana/6518398900_1.jpg,Pinus_spp,6518398900,train
dataset_serb_bloque1/Pinus_oocarpa/6234253654_0.jpg,Pinus_spp,6234253654,train
dataset_serb_bloque1/Pinus_oocarpa/6234253654_1.jpg,Pinus_spp,6234253654,train
dataset_serb_bloque1/Pinus_lumholtzii/6451538012_0.jpg,Pinus_spp,6451538012,train
dataset_serb_bloque1/Pinus_lumholtzii/6451538012_1.jpg,Pinus_spp,6451538012,train
dataset_serb_bloque1/Pinus_lumholtzii/6159260546_0.jpg,Pinus_spp,6159260546,train
dataset_serb_bloque1/Clethra_rosei/3802768809_1.jpg,Clethra rosei,3802768809,val
dataset_serb_bloque1/Clethra_rosei/3802768809_0.jpg,Clethra rosei,3802768809,val
dataset_serb_bloque1/Clethra_rosei/4424266805_1.jpg,Clethra rosei,4424266805,val
dataset_serb_bloque1/Clethra_rosei/4424266805_0.jpg,Clethra rosei,4424266805,val
dataset_serb_bloque1/Clethra_rosei/3044568342_1.jpg,Clethra rosei,3044568342,val
dataset_serb_bloque1/Clethra_rosei/3044568342_0.jpg,Clethra rosei,3044568342,val
dataset_serb_bloque1/Clethra_rosei/3113656658_0.jpg,Clethra rosei,3113656658,val
dataset_serb_bloque1/Clethra_rosei/3113656658_1.jpg,Clethra rosei,3113656658,val
dataset_serb_bloque1/Clethra_rosei/3113656658_3.jpg,Clethra rosei,3113656658,val
dataset_serb_bloque1/Clethra_rosei/3113656658_2.jpg,Clethra rosei,3113656658,val
dataset_serb_bloque1/Clethra_rosei/3325535038_1.jpg,Clethra rosei,3325535038,test
dataset_serb_bloque1/Clethra_rosei/3325535038_0.jpg,Clethra rosei,3325535038,test
dataset_serb_bloque1/Clethra_rosei/2350305504_0.jpg,Clethra rosei,2350305504,test
dataset_serb_bloque1/Clethra_rosei/2350305504_1.jpg,Clethra rosei,2350305504,test
dataset_serb_bloque1/Clethra_rosei/2350327341_2.jpg,Clethra rosei,2350327341,test
dataset_serb_bloque1/Clethra_rosei/2350327341_3.jpg,Clethra rosei,2350327341,test
dataset_serb_bloque1/Clethra_rosei/2350327341_0.jpg,Clethra rosei,2350327341,test
dataset_serb_bloque1/Clethra_rosei/2350327341_1.jpg,Clethra rosei,2350327341,test
dataset_serb_bloque1/Clethra_rosei/1838404484_1.jpg,Clethra rosei,1838404484,test
dataset_serb_bloque1/Clethra_rosei/1838404484_0.jpg,Clethra rosei,1838404484,test
dataset_serb_bloque1/Clethra_rosei/3113629641_3.jpg,Clethra rosei,3113629641,train
dataset_serb_bloque1/Clethra_rosei/3113629641_2.jpg,Clethra rosei,3113629641,train
dataset_serb_bloque1/Clethra_rosei/3113629641_1.jpg,Clethra rosei,3113629641,train
dataset_serb_bloque1/Clethra_rosei/3113629641_0.jpg,Clethra rosei,3113629641,train
dataset_serb_bloque1/Clethra_rosei/4127143379_2.jpg,Clethra rosei,4127143379,train
dataset_serb_bloque1/Clethra_rosei/4127143379_1.jpg,Clethra rosei,4127143379,train
dataset_serb_bloque1/Clethra_rosei/4127143379_0.jpg,Clethra rosei,4127143379,train
dataset_serb_bloque1/Clethra_rosei/2283007556_0.jpg,Clethra rosei,2283007556,train
dataset_serb_bloque1/Clethra_rosei/3039136417_0.jpg,Clethra rosei,3039136417,train
dataset_serb_bloque1/Clethra_rosei/3039136417_4.jpg,Clethra rosei,3039136417,train
dataset_serb_bloque1/Clethra_rosei/3039136417_1.jpg,Clethra rosei,3039136417,train
dataset_serb_bloque1/Clethra_rosei/3039136417_2.jpg,Clethra rosei,3039136417,train
dataset_serb_bloque1/Clethra_rosei/3039136417_3.jpg,Clethra rosei,3039136417,train
dataset_serb_bloque1/Clethra_rosei/6133328210_3.jpg,Clethra rosei,6133328210,train
dataset_serb_bloque1/Clethra_rosei/6133328210_2.jpg,Clethra rosei,6133328210,train
dataset_serb_bloque1/Clethra_rosei/6133328210_4.jpg,Clethra rosei,6133328210,train
dataset_serb_bloque1/Clethra_rosei/6133328210_5.jpg,Clethra rosei,6133328210,train
dataset_serb_bloque1/Clethra_rosei/6133328210_1.jpg,Clethra rosei,6133328210,train
dataset_serb_bloque1/Clethra_rosei/6133328210_0.jpg,Clethra rosei,6133328210,train
dataset_serb_bloque1/Clethra_rosei/2603543356_0.jpg,Clethra rosei,2603543356,train
dataset_serb_bloque1/Clethra_rosei/2603543356_1.jpg,Clethra rosei,2603543356,train
dataset_serb_bloque1/Clethra_rosei/1839254507_0.jpg,Clethra rosei,1839254507,train
dataset_serb_bloque1/Clethra_rosei/1839254507_1.jpg,Clethra rosei,1839254507,train
dataset_serb_bloque1/Clethra_rosei/1839254507_2.jpg,Clethra rosei,1839254507,train
dataset_serb_bloque1/Clethra_rosei/3070670578_2.jpg,Clethra rosei,3070670578,train
dataset_serb_bloque1/Clethra_rosei/3070670578_0.jpg,Clethra rosei,3070670578,train
dataset_serb_bloque1/Clethra_rosei/3070670578_1.jpg,Clethra rosei,3070670578,train
dataset_serb_bloque1/Clethra_rosei/2814026651_0.jpg,Clethra rosei,2814026651,train
dataset_serb_bloque1/Clethra_rosei/4994523982_3.jpg,Clethra rosei,4994523982,train
dataset_serb_bloque1/Clethra_rosei/4994523982_0.jpg,Clethra rosei,4994523982,train
dataset_serb_bloque1/Clethra_rosei/4994523982_1.jpg,Clethra rosei,4994523982,train
dataset_serb_bloque1/Clethra_rosei/4994523982_2.jpg,Clethra rosei,4994523982,train
dataset_serb_bloque1/Clethra_rosei/3017995690_1.jpg,Clethra rosei,3017995690,train
dataset_serb_bloque1/Clethra_rosei/3017995690_0.jpg,Clethra rosei,3017995690,train
dataset_serb_bloque1/Clethra_rosei/2634422950_0.jpg,Clethra rosei,2634422950,train
dataset_serb_bloque1/Clethra_rosei/2634422950_1.jpg,Clethra rosei,2634422950,train
dataset_serb_bloque1/Clethra_rosei/6480962588_0.jpg,Clethra rosei,6480962588,train
dataset_serb_bloque1/Clethra_rosei/5198488312_0.jpg,Clethra rosei,5198488312,train
dataset_serb_bloque1/Clethra_rosei/5198488312_2.jpg,Clethra rosei,5198488312,train
dataset_serb_bloque1/Clethra_rosei/5198488312_1.jpg,Clethra rosei,5198488312,train
dataset_serb_bloque1/Clethra_rosei/2238961111_0.jpg,Clethra rosei,2238961111,train
dataset_serb_bloque1/Clethra_rosei/2238961111_1.jpg,Clethra rosei,2238961111,train
dataset_serb_bloque1/Clethra_rosei/4921561295_0.jpg,Clethra rosei,4921561295,train
dataset_serb_bloque1/Clethra_rosei/4921561295_1.jpg,Clethra rosei,4921561295,train
dataset_serb_bloque1/Clethra_rosei/1453079776_0.jpg,Clethra rosei,1453079776,train
dataset_serb_bloque1/Clethra_rosei/1453079776_1.jpg,Clethra rosei,1453079776,train
dataset_serb_bloque1/Clethra_rosei/3802668441_0.jpg,Clethra rosei,3802668441,train
dataset_serb_bloque1/Clethra_rosei/3802668441_1.jpg,Clethra rosei,3802668441,train
dataset_serb_bloque1/Ostrya_virginiana/6162794203_0.jpg,Ostrya virginiana,6162794203,val
dataset_serb_bloque1/Ostrya_virginiana/6131001967_1.jpg,Ostrya virginiana,6131001967,val
dataset_serb_bloque1/Ostrya_virginiana/6131001967_0.jpg,Ostrya virginiana,6131001967,val
dataset_serb_bloque1/Ostrya_virginiana/6147335702_2.jpg,Ostrya virginiana,6147335702,val
dataset_serb_bloque1/Ostrya_virginiana/6147335702_0.jpg,Ostrya virginiana,6147335702,val
dataset_serb_bloque1/Ostrya_virginiana/6147335702_1.jpg,Ostrya virginiana,6147335702,val
dataset_serb_bloque1/Ostrya_virginiana/6162836527_0.jpg,Ostrya virginiana,6162836527,val
dataset_serb_bloque1/Ostrya_virginiana/6131620427_0.jpg,Ostrya virginiana,6131620427,val
dataset_serb_bloque1/Ostrya_virginiana/6131041387_0.jpg,Ostrya virginiana,6131041387,val
dataset_serb_bloque1/Ostrya_virginiana/6130674619_0.jpg,Ostrya virginiana,6130674619,test
dataset_serb_bloque1/Ostrya_virginiana/6130982314_0.jpg,Ostrya virginiana,6130982314,test
dataset_serb_bloque1/Ostrya_virginiana/6130982314_2.jpg,Ostrya virginiana,6130982314,test
dataset_serb_bloque1/Ostrya_virginiana/6130982314_1.jpg,Ostrya virginiana,6130982314,test
dataset_serb_bloque1/Ostrya_virginiana/6130601134_0.jpg,Ostrya virginiana,6130601134,test
dataset_serb_bloque1/Ostrya_virginiana/6130730962_1.jpg,Ostrya virginiana,6130730962,test
dataset_serb_bloque1/Ostrya_virginiana/6130730962_0.jpg,Ostrya virginiana,6130730962,test
dataset_serb_bloque1/Ostrya_virginiana/6130730962_2.jpg,Ostrya virginiana,6130730962,test
dataset_serb_bloque1/Ostrya_virginiana/6133187925_3.jpg,Ostrya virginiana,6133187925,test
dataset_serb_bloque1/Ostrya_virginiana/6133187925_4.jpg,Ostrya virginiana,6133187925,test
dataset_serb_bloque1/Ostrya_virginiana/6133187925_5.jpg,Ostrya virginiana,6133187925,test
dataset_serb_bloque1/Ostrya_virginiana/6133187925_2.jpg,Ostrya virginiana,6133187925,test
dataset_serb_bloque1/Ostrya_virginiana/6133187925_0.jpg,Ostrya virginiana,6133187925,test
dataset_serb_bloque1/Ostrya_virginiana/6133187925_1.jpg,Ostrya virginiana,6133187925,test
dataset_serb_bloque1/Ostrya_virginiana/6131129753_1.jpg,Ostrya virginiana,6131129753,test
dataset_serb_bloque1/Ostrya_virginiana/6131129753_0.jpg,Ostrya virginiana,6131129753,test
dataset_serb_bloque1/Ostrya_virginiana/6131129753_2.jpg,Ostrya virginiana,6131129753,test
dataset_serb_bloque1/Ostrya_virginiana/6131210828_0.jpg,Ostrya virginiana,6131210828,train
dataset_serb_bloque1/Ostrya_virginiana/6131210828_1.jpg,Ostrya virginiana,6131210828,train
dataset_serb_bloque1/Ostrya_virginiana/6131252840_1.jpg,Ostrya virginiana,6131252840,train
dataset_serb_bloque1/Ostrya_virginiana/6131252840_0.jpg,Ostrya virginiana,6131252840,train
dataset_serb_bloque1/Ostrya_virginiana/6131252840_2.jpg,Ostrya virginiana,6131252840,train
dataset_serb_bloque1/Ostrya_virginiana/6130789320_3.jpg,Ostrya virginiana,6130789320,train
dataset_serb_bloque1/Ostrya_virginiana/6130789320_2.jpg,Ostrya virginiana,6130789320,train
dataset_serb_bloque1/Ostrya_virginiana/6130789320_0.jpg,Ostrya virginiana,6130789320,train
dataset_serb_bloque1/Ostrya_virginiana/6130789320_1.jpg,Ostrya virginiana,6130789320,train
dataset_serb_bloque1/Ostrya_virginiana/6162770307_0.jpg,Ostrya virginiana,6162770307,train
dataset_serb_bloque1/Ostrya_virginiana/6162803707_0.jpg,Ostrya virginiana,6162803707,train
dataset_serb_bloque1/Ostrya_virginiana/6130622200_0.jpg,Ostrya virginiana,6130622200,train
dataset_serb_bloque1/Ostrya_virginiana/6130622200_2.jpg,Ostrya virginiana,6130622200,train
dataset_serb_bloque1/Ostrya_virginiana/6130622200_1.jpg,Ostrya virginiana,6130622200,train
dataset_serb_bloque1/Ostrya_virginiana/6131244262_0.jpg,Ostrya virginiana,6131244262,train
dataset_serb_bloque1/Ostrya_virginiana/6131424857_1.jpg,Ostrya virginiana,6131424857,train
dataset_serb_bloque1/Ostrya_virginiana/6131424857_0.jpg,Ostrya virginiana,6131424857,train
dataset_serb_bloque1/Ostrya_virginiana/6131179328_0.jpg,Ostrya virginiana,6131179328,train
dataset_serb_bloque1/Ostrya_virginiana/6131179328_2.jpg,Ostrya virginiana,6131179328,train
dataset_serb_bloque1/Ostrya_virginiana/6131179328_1.jpg,Ostrya virginiana,6131179328,train
dataset_serb_bloque1/Ostrya_virginiana/6131533348_0.jpg,Ostrya virginiana,6131533348,train
dataset_serb_bloque1/Ostrya_virginiana/6131533348_2.jpg,Ostrya virginiana,6131533348,train
dataset_serb_bloque1/Ostrya_virginiana/6131533348_1.jpg,Ostrya virginiana,6131533348,train
dataset_serb_bloque1/Ostrya_virginiana/6131533348_4.jpg,Ostrya virginiana,6131533348,train
dataset_serb_bloque1/Ostrya_virginiana/6131533348_3.jpg,Ostrya virginiana,6131533348,train
dataset_serb_bloque1/Ostrya_virginiana/6130591550_0.jpg,Ostrya virginiana,6130591550,train
dataset_serb_bloque1/Ostrya_virginiana/6131248610_1.jpg,Ostrya virginiana,6131248610,train
dataset_serb_bloque1/Ostrya_virginiana/6131248610_0.jpg,Ostrya virginiana,6131248610,train
dataset_serb_bloque1/Ostrya_virginiana/6131248610_3.jpg,Ostrya virginiana,6131248610,train
dataset_serb_bloque1/Ostrya_virginiana/6131248610_2.jpg,Ostrya virginiana,6131248610,train
dataset_serb_bloque1/Ostrya_virginiana/6133560547_1.jpg,Ostrya virginiana,6133560547,train
dataset_serb_bloque1/Ostrya_virginiana/6133560547_0.jpg,Ostrya virginiana,6133560547,train
dataset_serb_bloque1/Ostrya_virginiana/6133560547_3.jpg,Ostrya virginiana,6133560547,train
dataset_serb_bloque1/Ostrya_virginiana/6133560547_2.jpg,Ostrya virginiana,6133560547,train
dataset_serb_bloque1/Ostrya_virginiana/6162798142_0.jpg,Ostrya virginiana,6162798142,train
dataset_serb_bloque1/Ostrya_virginiana/6159415074_0.jpg,Ostrya virginiana,6159415074,train
dataset_serb_bloque1/Ostrya_virginiana/6159415074_1.jpg,Ostrya virginiana,6159415074,train
dataset_serb_bloque1/Ostrya_virginiana/6159415074_2.jpg,Ostrya virginiana,6159415074,train
dataset_serb_bloque1/Ostrya_virginiana/6159415074_3.jpg,Ostrya virginiana,6159415074,train
dataset_serb_bloque1/Ostrya_virginiana/6130939317_0.jpg,Ostrya virginiana,6130939317,train
dataset_serb_bloque1/Ostrya_virginiana/6131679790_1.jpg,Ostrya virginiana,6131679790,train
dataset_serb_bloque1/Ostrya_virginiana/6131679790_0.jpg,Ostrya virginiana,6131679790,train
dataset_serb_bloque1/Ostrya_virginiana/6133125824_0.jpg,Ostrya virginiana,6133125824,train
dataset_serb_bloque1/Ostrya_virginiana/6133215834_1.jpg,Ostrya virginiana,6133215834,train
dataset_serb_bloque1/Ostrya_virginiana/6133215834_0.jpg,Ostrya virginiana,6133215834,train
dataset_serb_bloque1/Ostrya_virginiana/6131563730_0.jpg,Ostrya virginiana,6131563730,train
dataset_serb_bloque1/Ostrya_virginiana/6131563730_2.jpg,Ostrya virginiana,6131563730,train
dataset_serb_bloque1/Ostrya_virginiana/6131563730_1.jpg,Ostrya virginiana,6131563730,train
dataset_serb_bloque1/Ostrya_virginiana/6130747481_0.jpg,Ostrya virginiana,6130747481,train
dataset_serb_bloque1/Ostrya_virginiana/6130508824_0.jpg,Ostrya virginiana,6130508824,train
dataset_serb_bloque1/Ostrya_virginiana/6147393913_0.jpg,Ostrya virginiana,6147393913,train
dataset_serb_bloque1/Ostrya_virginiana/6131262320_0.jpg,Ostrya virginiana,6131262320,train
dataset_serb_bloque1/Ostrya_virginiana/6130505271_0.jpg,Ostrya virginiana,6130505271,train
dataset_serb_bloque1/Ostrya_virginiana/6159557367_1.jpg,Ostrya virginiana,6159557367,train
dataset_serb_bloque1/Ostrya_virginiana/6159557367_0.jpg,Ostrya virginiana,6159557367,train
dataset_serb_bloque1/Ostrya_virginiana/6162760608_4.jpg,Ostrya virginiana,6162760608,train
dataset_serb_bloque1/Ostrya_virginiana/6162760608_2.jpg,Ostrya virginiana,6162760608,train
dataset_serb_bloque1/Ostrya_virginiana/6162760608_3.jpg,Ostrya virginiana,6162760608,train
dataset_serb_bloque1/Ostrya_virginiana/6162760608_0.jpg,Ostrya virginiana,6162760608,train
dataset_serb_bloque1/Ostrya_virginiana/6162760608_1.jpg,Ostrya virginiana,6162760608,train
dataset_serb_bloque1/Ostrya_virginiana/6130979145_0.jpg,Ostrya virginiana,6130979145,train
dataset_serb_bloque1/Ostrya_virginiana/6130979145_1.jpg,Ostrya virginiana,6130979145,train
dataset_serb_bloque1/Fraxinus_uhdei/6185990533_0.jpg,Fraxinus uhdei,6185990533,val
dataset_serb_bloque1/Fraxinus_uhdei/6186081364_2.jpg,Fraxinus uhdei,6186081364,val
dataset_serb_bloque1/Fraxinus_uhdei/6186081364_0.jpg,Fraxinus uhdei,6186081364,val
dataset_serb_bloque1/Fraxinus_uhdei/6186081364_1.jpg,Fraxinus uhdei,6186081364,val
dataset_serb_bloque1/Fraxinus_uhdei/6185350738_4.jpg,Fraxinus uhdei,6185350738,val
dataset_serb_bloque1/Fraxinus_uhdei/6185350738_1.jpg,Fraxinus uhdei,6185350738,val
dataset_serb_bloque1/Fraxinus_uhdei/6185350738_3.jpg,Fraxinus uhdei,6185350738,val
dataset_serb_bloque1/Fraxinus_uhdei/6185350738_5.jpg,Fraxinus uhdei,6185350738,val
dataset_serb_bloque1/Fraxinus_uhdei/6185350738_0.jpg,Fraxinus uhdei,6185350738,val
dataset_serb_bloque1/Fraxinus_uhdei/6185350738_2.jpg,Fraxinus uhdei,6185350738,val
dataset_serb_bloque1/Fraxinus_uhdei/6184826548_1.jpg,Fraxinus uhdei,6184826548,val
dataset_serb_bloque1/Fraxinus_uhdei/6184826548_2.jpg,Fraxinus uhdei,6184826548,val
dataset_serb_bloque1/Fraxinus_uhdei/6184826548_0.jpg,Fraxinus uhdei,6184826548,val
dataset_serb_bloque1/Fraxinus_uhdei/6234373307_0.jpg,Fraxinus uhdei,6234373307,val
dataset_serb_bloque1/Fraxinus_uhdei/6188177652_1.jpg,Fraxinus uhdei,6188177652,val
dataset_serb_bloque1/Fraxinus_uhdei/6188177652_0.jpg,Fraxinus uhdei,6188177652,val
dataset_serb_bloque1/Fraxinus_uhdei/6234291438_0.jpg,Fraxinus uhdei,6234291438,val
dataset_serb_bloque1/Fraxinus_uhdei/6171299191_0.jpg,Fraxinus uhdei,6171299191,test
dataset_serb_bloque1/Fraxinus_uhdei/6171165209_0.jpg,Fraxinus uhdei,6171165209,test
dataset_serb_bloque1/Fraxinus_uhdei/6178461333_0.jpg,Fraxinus uhdei,6178461333,test
dataset_serb_bloque1/Fraxinus_uhdei/6178363387_0.jpg,Fraxinus uhdei,6178363387,test
dataset_serb_bloque1/Fraxinus_uhdei/6235253115_0.jpg,Fraxinus uhdei,6235253115,test
dataset_serb_bloque1/Fraxinus_uhdei/6234314130_0.jpg,Fraxinus uhdei,6234314130,test
dataset_serb_bloque1/Fraxinus_uhdei/6234314130_1.jpg,Fraxinus uhdei,6234314130,test
dataset_serb_bloque1/Fraxinus_uhdei/6184954618_0.jpg,Fraxinus uhdei,6184954618,test
dataset_serb_bloque1/Fraxinus_uhdei/6184954618_1.jpg,Fraxinus uhdei,6184954618,test
dataset_serb_bloque1/Fraxinus_uhdei/6184954618_2.jpg,Fraxinus uhdei,6184954618,test
dataset_serb_bloque1/Fraxinus_uhdei/6178371452_0.jpg,Fraxinus uhdei,6178371452,train
dataset_serb_bloque1/Fraxinus_uhdei/6185299138_0.jpg,Fraxinus uhdei,6185299138,train
dataset_serb_bloque1/Fraxinus_uhdei/6185658394_0.jpg,Fraxinus uhdei,6185658394,train
dataset_serb_bloque1/Fraxinus_uhdei/6185055003_0.jpg,Fraxinus uhdei,6185055003,train
dataset_serb_bloque1/Fraxinus_uhdei/6179474518_0.jpg,Fraxinus uhdei,6179474518,train
dataset_serb_bloque1/Fraxinus_uhdei/6179246065_0.jpg,Fraxinus uhdei,6179246065,train
dataset_serb_bloque1/Fraxinus_uhdei/6195468608_2.jpg,Fraxinus uhdei,6195468608,train
dataset_serb_bloque1/Fraxinus_uhdei/6195468608_0.jpg,Fraxinus uhdei,6195468608,train
dataset_serb_bloque1/Fraxinus_uhdei/6195468608_1.jpg,Fraxinus uhdei,6195468608,train
dataset_serb_bloque1/Fraxinus_uhdei/6179181147_0.jpg,Fraxinus uhdei,6179181147,train
dataset_serb_bloque1/Fraxinus_uhdei/6179181147_1.jpg,Fraxinus uhdei,6179181147,train
dataset_serb_bloque1/Fraxinus_uhdei/6171186112_1.jpg,Fraxinus uhdei,6171186112,train
dataset_serb_bloque1/Fraxinus_uhdei/6171186112_0.jpg,Fraxinus uhdei,6171186112,train
dataset_serb_bloque1/Fraxinus_uhdei/6431255777_0.jpg,Fraxinus uhdei,6431255777,train
dataset_serb_bloque1/Fraxinus_uhdei/6235394050_1.jpg,Fraxinus uhdei,6235394050,train
dataset_serb_bloque1/Fraxinus_uhdei/6235394050_0.jpg,Fraxinus uhdei,6235394050,train
dataset_serb_bloque1/Fraxinus_uhdei/6171282244_1.jpg,Fraxinus uhdei,6171282244,train
dataset_serb_bloque1/Fraxinus_uhdei/6171282244_2.jpg,Fraxinus uhdei,6171282244,train
dataset_serb_bloque1/Fraxinus_uhdei/6171282244_0.jpg,Fraxinus uhdei,6171282244,train
dataset_serb_bloque1/Fraxinus_uhdei/6442018836_0.jpg,Fraxinus uhdei,6442018836,train
dataset_serb_bloque1/Fraxinus_uhdei/6178845238_0.jpg,Fraxinus uhdei,6178845238,train
dataset_serb_bloque1/Fraxinus_uhdei/6178845238_1.jpg,Fraxinus uhdei,6178845238,train
dataset_serb_bloque1/Fraxinus_uhdei/6178845238_2.jpg,Fraxinus uhdei,6178845238,train
dataset_serb_bloque1/Fraxinus_uhdei/6188185013_0.jpg,Fraxinus uhdei,6188185013,train
dataset_serb_bloque1/Fraxinus_uhdei/6178317904_0.jpg,Fraxinus uhdei,6178317904,train
dataset_serb_bloque1/Fraxinus_uhdei/6185794505_1.jpg,Fraxinus uhdei,6185794505,train
dataset_serb_bloque1/Fraxinus_uhdei/6185794505_0.jpg,Fraxinus uhdei,6185794505,train
dataset_serb_bloque1/Fraxinus_uhdei/6163260544_0.jpg,Fraxinus uhdei,6163260544,train
dataset_serb_bloque1/Fraxinus_uhdei/6163260544_1.jpg,Fraxinus uhdei,6163260544,train
dataset_serb_bloque1/Fraxinus_uhdei/6234789326_0.jpg,Fraxinus uhdei,6234789326,train
dataset_serb_bloque1/Fraxinus_uhdei/6234433733_0.jpg,Fraxinus uhdei,6234433733,train
dataset_serb_bloque1/Fraxinus_uhdei/6234433733_1.jpg,Fraxinus uhdei,6234433733,train
dataset_serb_bloque1/Fraxinus_uhdei/6170819429_0.jpg,Fraxinus uhdei,6170819429,train
dataset_serb_bloque1/Fraxinus_uhdei/6235438396_0.jpg,Fraxinus uhdei,6235438396,train
dataset_serb_bloque1/Fraxinus_uhdei/6235438396_1.jpg,Fraxinus uhdei,6235438396,train
dataset_serb_bloque1/Fraxinus_uhdei/6162804958_0.jpg,Fraxinus uhdei,6162804958,train
dataset_serb_bloque1/Fraxinus_uhdei/6234718729_0.jpg,Fraxinus uhdei,6234718729,train
dataset_serb_bloque1/Fraxinus_uhdei/6234795842_0.jpg,Fraxinus uhdei,6234795842,train
dataset_serb_bloque1/Fraxinus_uhdei/6352914417_1.jpg,Fraxinus uhdei,6352914417,train
dataset_serb_bloque1/Fraxinus_uhdei/6352914417_0.jpg,Fraxinus uhdei,6352914417,train
dataset_serb_bloque1/Fraxinus_uhdei/6234326418_0.jpg,Fraxinus uhdei,6234326418,train
dataset_serb_bloque1/Fraxinus_uhdei/6234326418_1.jpg,Fraxinus uhdei,6234326418,train
dataset_serb_bloque1/Fraxinus_uhdei/6234419659_0.jpg,Fraxinus uhdei,6234419659,train
dataset_serb_bloque1/Fraxinus_uhdei/6162987145_1.jpg,Fraxinus uhdei,6162987145,train
dataset_serb_bloque1/Fraxinus_uhdei/6162987145_0.jpg,Fraxinus uhdei,6162987145,train
dataset_serb_bloque1/Fraxinus_uhdei/6184862364_2.jpg,Fraxinus uhdei,6184862364,train
dataset_serb_bloque1/Fraxinus_uhdei/6184862364_0.jpg,Fraxinus uhdei,6184862364,train
dataset_serb_bloque1/Fraxinus_uhdei/6184862364_1.jpg,Fraxinus uhdei,6184862364,train
dataset_serb_bloque1/Fraxinus_uhdei/6171124295_0.jpg,Fraxinus uhdei,6171124295,train
dataset_serb_bloque1/Fraxinus_uhdei/6178648880_0.jpg,Fraxinus uhdei,6178648880,train
dataset_serb_bloque1/Fraxinus_uhdei/6178823194_1.jpg,Fraxinus uhdei,6178823194,train
dataset_serb_bloque1/Fraxinus_uhdei/6178823194_2.jpg,Fraxinus uhdei,6178823194,train
dataset_serb_bloque1/Fraxinus_uhdei/6178823194_0.jpg,Fraxinus uhdei,6178823194,train
dataset_serb_bloque1/Fraxinus_uhdei/6171261343_1.jpg,Fraxinus uhdei,6171261343,train
dataset_serb_bloque1/Fraxinus_uhdei/6171261343_0.jpg,Fraxinus uhdei,6171261343,train
dataset_serb_bloque1/Salix_humboldtiana/5037229046_0.jpg,Salix humboldtiana,5037229046,val
dataset_serb_bloque1/Salix_humboldtiana/5037229046_1.jpg,Salix humboldtiana,5037229046,val
dataset_serb_bloque1/Salix_humboldtiana/5063993130_1.jpg,Salix humboldtiana,5063993130,val
dataset_serb_bloque1/Salix_humboldtiana/5063993130_0.jpg,Salix humboldtiana,5063993130,val
dataset_serb_bloque1/Salix_humboldtiana/6519502716_0.jpg,Salix humboldtiana,6519502716,val
dataset_serb_bloque1/Salix_humboldtiana/6236465712_0.jpg,Salix humboldtiana,6236465712,val
dataset_serb_bloque1/Salix_humboldtiana/6236465712_1.jpg,Salix humboldtiana,6236465712,val
dataset_serb_bloque1/Salix_humboldtiana/6273803842_0.jpg,Salix humboldtiana,6273803842,val
dataset_serb_bloque1/Salix_humboldtiana/6441820929_0.jpg,Salix humboldtiana,6441820929,val
dataset_serb_bloque1/Salix_humboldtiana/6441820929_1.jpg,Salix humboldtiana,6441820929,val
dataset_serb_bloque1/Salix_humboldtiana/6195883960_2.jpg,Salix humboldtiana,6195883960,val
dataset_serb_bloque1/Salix_humboldtiana/6195883960_0.jpg,Salix humboldtiana,6195883960,val
dataset_serb_bloque1/Salix_humboldtiana/6195883960_1.jpg,Salix humboldtiana,6195883960,val
dataset_serb_bloque1/Salix_humboldtiana/5077105896_0.jpg,Salix humboldtiana,5077105896,test
dataset_serb_bloque1/Salix_humboldtiana/6398662036_1.jpg,Salix humboldtiana,6398662036,test
dataset_serb_bloque1/Salix_humboldtiana/6398662036_0.jpg,Salix humboldtiana,6398662036,test
dataset_serb_bloque1/Salix_humboldtiana/6398662036_2.jpg,Salix humboldtiana,6398662036,test
dataset_serb_bloque1/Salix_humboldtiana/6414054945_1.jpg,Salix humboldtiana,6414054945,test
dataset_serb_bloque1/Salix_humboldtiana/6414054945_0.jpg,Salix humboldtiana,6414054945,test
dataset_serb_bloque1/Salix_humboldtiana/6252918498_0.jpg,Salix humboldtiana,6252918498,test
dataset_serb_bloque1/Salix_humboldtiana/6399162023_0.jpg,Salix humboldtiana,6399162023,test
dataset_serb_bloque1/Salix_humboldtiana/6159561620_5.jpg,Salix humboldtiana,6159561620,test
dataset_serb_bloque1/Salix_humboldtiana/6159561620_3.jpg,Salix humboldtiana,6159561620,test
dataset_serb_bloque1/Salix_humboldtiana/6159561620_0.jpg,Salix humboldtiana,6159561620,test
dataset_serb_bloque1/Salix_humboldtiana/6159561620_2.jpg,Salix humboldtiana,6159561620,test
dataset_serb_bloque1/Salix_humboldtiana/6159561620_4.jpg,Salix humboldtiana,6159561620,test
dataset_serb_bloque1/Salix_humboldtiana/6159561620_1.jpg,Salix humboldtiana,6159561620,test
dataset_serb_bloque1/Salix_humboldtiana/6422450450_1.jpg,Salix humboldtiana,6422450450,test
dataset_serb_bloque1/Salix_humboldtiana/6422450450_0.jpg,Salix humboldtiana,6422450450,test
dataset_serb_bloque1/Salix_humboldtiana/6236138306_0.jpg,Salix humboldtiana,6236138306,train
dataset_serb_bloque1/Salix_humboldtiana/6252148848_0.jpg,Salix humboldtiana,6252148848,train
dataset_serb_bloque1/Salix_humboldtiana/6352355345_0.jpg,Salix humboldtiana,6352355345,train
dataset_serb_bloque1/Salix_humboldtiana/6352355345_1.jpg,Salix humboldtiana,6352355345,train
dataset_serb_bloque1/Salix_humboldtiana/6480704288_0.jpg,Salix humboldtiana,6480704288,train
dataset_serb_bloque1/Salix_humboldtiana/6480704288_1.jpg,Salix humboldtiana,6480704288,train
dataset_serb_bloque1/Salix_humboldtiana/6480704288_2.jpg,Salix humboldtiana,6480704288,train
dataset_serb_bloque1/Salix_humboldtiana/6353425939_2.jpg,Salix humboldtiana,6353425939,train
dataset_serb_bloque1/Salix_humboldtiana/6353425939_4.jpg,Salix humboldtiana,6353425939,train
dataset_serb_bloque1/Salix_humboldtiana/6353425939_0.jpg,Salix humboldtiana,6353425939,train
dataset_serb_bloque1/Salix_humboldtiana/6353425939_1.jpg,Salix humboldtiana,6353425939,train
dataset_serb_bloque1/Salix_humboldtiana/6353425939_3.jpg,Salix humboldtiana,6353425939,train
dataset_serb_bloque1/Salix_humboldtiana/6399932343_1.jpg,Salix humboldtiana,6399932343,train
dataset_serb_bloque1/Salix_humboldtiana/6399932343_0.jpg,Salix humboldtiana,6399932343,train
dataset_serb_bloque1/Salix_humboldtiana/6399932343_2.jpg,Salix humboldtiana,6399932343,train
dataset_serb_bloque1/Salix_humboldtiana/6480179405_0.jpg,Salix humboldtiana,6480179405,train
dataset_serb_bloque1/Salix_humboldtiana/6480179405_1.jpg,Salix humboldtiana,6480179405,train
dataset_serb_bloque1/Salix_humboldtiana/6147665433_2.jpg,Salix humboldtiana,6147665433,train
dataset_serb_bloque1/Salix_humboldtiana/6147665433_1.jpg,Salix humboldtiana,6147665433,train
dataset_serb_bloque1/Salix_humboldtiana/6147665433_0.jpg,Salix humboldtiana,6147665433,train
dataset_serb_bloque1/Salix_humboldtiana/6147665433_3.jpg,Salix humboldtiana,6147665433,train
dataset_serb_bloque1/Salix_humboldtiana/5063008761_0.jpg,Salix humboldtiana,5063008761,train
dataset_serb_bloque1/Salix_humboldtiana/5063008761_1.jpg,Salix humboldtiana,5063008761,train
dataset_serb_bloque1/Salix_humboldtiana/5063008761_2.jpg,Salix humboldtiana,5063008761,train
dataset_serb_bloque1/Salix_humboldtiana/5063785900_0.jpg,Salix humboldtiana,5063785900,train
dataset_serb_bloque1/Salix_humboldtiana/6273286786_1.jpg,Salix humboldtiana,6273286786,train
dataset_serb_bloque1/Salix_humboldtiana/6273286786_0.jpg,Salix humboldtiana,6273286786,train
dataset_serb_bloque1/Salix_humboldtiana/5037006533_0.jpg,Salix humboldtiana,5037006533,train
dataset_serb_bloque1/Salix_humboldtiana/5037006533_2.jpg,Salix humboldtiana,5037006533,train
dataset_serb_bloque1/Salix_humboldtiana/5037006533_1.jpg,Salix humboldtiana,5037006533,train
dataset_serb_bloque1/Salix_humboldtiana/5007668710_0.jpg,Salix humboldtiana,5007668710,train
dataset_serb_bloque1/Salix_humboldtiana/5007668710_1.jpg,Salix humboldtiana,5007668710,train
dataset_serb_bloque1/Salix_humboldtiana/6274295670_1.jpg,Salix humboldtiana,6274295670,train
dataset_serb_bloque1/Salix_humboldtiana/6274295670_0.jpg,Salix humboldtiana,6274295670,train
dataset_serb_bloque1/Salix_humboldtiana/6413750965_0.jpg,Salix humboldtiana,6413750965,train
dataset_serb_bloque1/Salix_humboldtiana/6251607975_0.jpg,Salix humboldtiana,6251607975,train
dataset_serb_bloque1/Salix_humboldtiana/5036895492_0.jpg,Salix humboldtiana,5036895492,train
dataset_serb_bloque1/Salix_humboldtiana/6518946968_2.jpg,Salix humboldtiana,6518946968,train
dataset_serb_bloque1/Salix_humboldtiana/6518946968_0.jpg,Salix humboldtiana,6518946968,train
dataset_serb_bloque1/Salix_humboldtiana/6518946968_3.jpg,Salix humboldtiana,6518946968,train
dataset_serb_bloque1/Salix_humboldtiana/6518946968_1.jpg,Salix humboldtiana,6518946968,train
dataset_serb_bloque1/Salix_humboldtiana/6441905398_2.jpg,Salix humboldtiana,6441905398,train
dataset_serb_bloque1/Salix_humboldtiana/6441905398_1.jpg,Salix humboldtiana,6441905398,train
dataset_serb_bloque1/Salix_humboldtiana/6441905398_0.jpg,Salix humboldtiana,6441905398,train
dataset_serb_bloque1/Salix_humboldtiana/5062986620_0.jpg,Salix humboldtiana,5062986620,train
dataset_serb_bloque1/Salix_humboldtiana/5062986620_1.jpg,Salix humboldtiana,5062986620,train
dataset_serb_bloque1/Salix_humboldtiana/6500246618_1.jpg,Salix humboldtiana,6500246618,train
dataset_serb_bloque1/Salix_humboldtiana/6500246618_0.jpg,Salix humboldtiana,6500246618,train
dataset_serb_bloque1/Salix_humboldtiana/6352302663_1.jpg,Salix humboldtiana,6352302663,train
dataset_serb_bloque1/Salix_humboldtiana/6352302663_0.jpg,Salix humboldtiana,6352302663,train
dataset_serb_bloque1/Salix_humboldtiana/6235691794_0.jpg,Salix humboldtiana,6235691794,train
dataset_serb_bloque1/Salix_humboldtiana/6235691794_1.jpg,Salix humboldtiana,6235691794,train
dataset_serb_bloque1/Salix_humboldtiana/6235691794_3.jpg,Salix humboldtiana,6235691794,train
dataset_serb_bloque1/Salix_humboldtiana/6235691794_2.jpg,Salix humboldtiana,6235691794,train
dataset_serb_bloque1/Salix_humboldtiana/5087239147_2.jpg,Salix humboldtiana,5087239147,train
dataset_serb_bloque1/Salix_humboldtiana/5087239147_1.jpg,Salix humboldtiana,5087239147,train
dataset_serb_bloque1/Salix_humboldtiana/5087239147_3.jpg,Salix humboldtiana,5087239147,train
dataset_serb_bloque1/Salix_humboldtiana/5087239147_0.jpg,Salix humboldtiana,5087239147,train
dataset_serb_bloque1/Salix_humboldtiana/6333967762_1.jpg,Salix humboldtiana,6333967762,train
dataset_serb_bloque1/Salix_humboldtiana/6333967762_0.jpg,Salix humboldtiana,6333967762,train
dataset_serb_bloque1/Salix_humboldtiana/5063904786_0.jpg,Salix humboldtiana,5063904786,train
dataset_serb_bloque1/Salix_humboldtiana/5063904786_1.jpg,Salix humboldtiana,5063904786,train
dataset_serb_bloque1/Salix_humboldtiana/6335009610_0.jpg,Salix humboldtiana,6335009610,train
dataset_serb_bloque1/Salix_humboldtiana/6399208755_1.jpg,Salix humboldtiana,6399208755,train
dataset_serb_bloque1/Salix_humboldtiana/6399208755_0.jpg,Salix humboldtiana,6399208755,train
dataset_serb_bloque1/Salix_humboldtiana/6498855479_0.jpg,Salix humboldtiana,6498855479,train
dataset_serb_bloque1/Salix_humboldtiana/5140479876_0.jpg,Salix humboldtiana,5140479876,train
dataset_serb_bloque1/Salix_humboldtiana/6188667554_0.jpg,Salix humboldtiana,6188667554,train
dataset_serb_bloque1/Salix_humboldtiana/5063630435_0.jpg,Salix humboldtiana,5063630435,train
dataset_serb_bloque1/Salix_humboldtiana/6252112896_0.jpg,Salix humboldtiana,6252112896,train
dataset_serb_bloque1/Salix_humboldtiana/6519036757_0.jpg,Salix humboldtiana,6519036757,train
dataset_serb_bloque1/Abies_religiosa/5076841268_1.jpg,Abies religiosa,5076841268,val
dataset_serb_bloque1/Abies_religiosa/5076841268_0.jpg,Abies religiosa,5076841268,val
dataset_serb_bloque1/Abies_religiosa/5063530764_0.jpg,Abies religiosa,5063530764,val
dataset_serb_bloque1/Abies_religiosa/5166926503_0.jpg,Abies religiosa,5166926503,val
dataset_serb_bloque1/Abies_religiosa/5167438026_0.jpg,Abies religiosa,5167438026,val
dataset_serb_bloque1/Abies_religiosa/5062946462_1.jpg,Abies religiosa,5062946462,val
dataset_serb_bloque1/Abies_religiosa/5062946462_0.jpg,Abies religiosa,5062946462,val
dataset_serb_bloque1/Abies_religiosa/5166892810_0.jpg,Abies religiosa,5166892810,val
dataset_serb_bloque1/Abies_religiosa/5133442453_1.jpg,Abies religiosa,5133442453,val
dataset_serb_bloque1/Abies_religiosa/5133442453_0.jpg,Abies religiosa,5133442453,val
dataset_serb_bloque1/Abies_religiosa/5076845155_0.jpg,Abies religiosa,5076845155,test
dataset_serb_bloque1/Abies_religiosa/5166821673_0.jpg,Abies religiosa,5166821673,test
dataset_serb_bloque1/Abies_religiosa/6431751788_0.jpg,Abies religiosa,6431751788,test
dataset_serb_bloque1/Abies_religiosa/6431066728_0.jpg,Abies religiosa,6431066728,test
dataset_serb_bloque1/Abies_religiosa/6431217758_0.jpg,Abies religiosa,6431217758,test
dataset_serb_bloque1/Abies_religiosa/6422103535_0.jpg,Abies religiosa,6422103535,test
dataset_serb_bloque1/Abies_religiosa/6400850715_0.jpg,Abies religiosa,6400850715,test
dataset_serb_bloque1/Abies_religiosa/5087505075_1.jpg,Abies religiosa,5087505075,train
dataset_serb_bloque1/Abies_religiosa/5087505075_0.jpg,Abies religiosa,5087505075,train
dataset_serb_bloque1/Abies_religiosa/5063020937_0.jpg,Abies religiosa,5063020937,train
dataset_serb_bloque1/Abies_religiosa/5063335712_1.jpg,Abies religiosa,5063335712,train
dataset_serb_bloque1/Abies_religiosa/5063335712_0.jpg,Abies religiosa,5063335712,train
dataset_serb_bloque1/Abies_religiosa/6430995554_0.jpg,Abies religiosa,6430995554,train
dataset_serb_bloque1/Abies_religiosa/5087282187_2.jpg,Abies religiosa,5087282187,train
dataset_serb_bloque1/Abies_religiosa/5087282187_1.jpg,Abies religiosa,5087282187,train
dataset_serb_bloque1/Abies_religiosa/5087282187_0.jpg,Abies religiosa,5087282187,train
dataset_serb_bloque1/Abies_religiosa/5087282187_3.jpg,Abies religiosa,5087282187,train
dataset_serb_bloque1/Abies_religiosa/5087282187_4.jpg,Abies religiosa,5087282187,train
dataset_serb_bloque1/Abies_religiosa/6480879546_1.jpg,Abies religiosa,6480879546,train
dataset_serb_bloque1/Abies_religiosa/6480879546_0.jpg,Abies religiosa,6480879546,train
dataset_serb_bloque1/Abies_religiosa/5167188701_6.jpg,Abies religiosa,5167188701,train
dataset_serb_bloque1/Abies_religiosa/5167188701_4.jpg,Abies religiosa,5167188701,train
dataset_serb_bloque1/Abies_religiosa/5167188701_0.jpg,Abies religiosa,5167188701,train
dataset_serb_bloque1/Abies_religiosa/5167188701_5.jpg,Abies religiosa,5167188701,train
dataset_serb_bloque1/Abies_religiosa/5167188701_2.jpg,Abies religiosa,5167188701,train
dataset_serb_bloque1/Abies_religiosa/5167188701_3.jpg,Abies religiosa,5167188701,train
dataset_serb_bloque1/Abies_religiosa/5167188701_1.jpg,Abies religiosa,5167188701,train
dataset_serb_bloque1/Abies_religiosa/5076843231_1.jpg,Abies religiosa,5076843231,train
dataset_serb_bloque1/Abies_religiosa/5076843231_0.jpg,Abies religiosa,5076843231,train
dataset_serb_bloque1/Abies_religiosa/5062971608_0.jpg,Abies religiosa,5062971608,train
dataset_serb_bloque1/Abies_religiosa/6252334448_2.jpg,Abies religiosa,6252334448,train
dataset_serb_bloque1/Abies_religiosa/6252334448_0.jpg,Abies religiosa,6252334448,train
dataset_serb_bloque1/Abies_religiosa/6252334448_1.jpg,Abies religiosa,6252334448,train
dataset_serb_bloque1/Abies_religiosa/6252334448_3.jpg,Abies religiosa,6252334448,train
dataset_serb_bloque1/Abies_religiosa/6252334448_5.jpg,Abies religiosa,6252334448,train
dataset_serb_bloque1/Abies_religiosa/6252334448_6.jpg,Abies religiosa,6252334448,train
dataset_serb_bloque1/Abies_religiosa/6252334448_4.jpg,Abies religiosa,6252334448,train
dataset_serb_bloque1/Abies_religiosa/5062956397_1.jpg,Abies religiosa,5062956397,train
dataset_serb_bloque1/Abies_religiosa/5062956397_0.jpg,Abies religiosa,5062956397,train
dataset_serb_bloque1/Abies_religiosa/5104340373_0.jpg,Abies religiosa,5104340373,train
dataset_serb_bloque1/Abies_religiosa/5167910950_0.jpg,Abies religiosa,5167910950,train
dataset_serb_bloque1/Abies_religiosa/5063250555_3.jpg,Abies religiosa,5063250555,train
dataset_serb_bloque1/Abies_religiosa/5063250555_2.jpg,Abies religiosa,5063250555,train
dataset_serb_bloque1/Abies_religiosa/5063250555_1.jpg,Abies religiosa,5063250555,train
dataset_serb_bloque1/Abies_religiosa/5063250555_0.jpg,Abies religiosa,5063250555,train
dataset_serb_bloque1/Abies_religiosa/5063250555_4.jpg,Abies religiosa,5063250555,train
dataset_serb_bloque1/Abies_religiosa/5087905240_0.jpg,Abies religiosa,5087905240,train
dataset_serb_bloque1/Abies_religiosa/5167837714_0.jpg,Abies religiosa,5167837714,train
dataset_serb_bloque1/Abies_religiosa/6423127552_0.jpg,Abies religiosa,6423127552,train
dataset_serb_bloque1/Abies_religiosa/6423127552_1.jpg,Abies religiosa,6423127552,train
dataset_serb_bloque1/Abies_religiosa/5167097781_0.jpg,Abies religiosa,5167097781,train
dataset_serb_bloque1/Abies_religiosa/5076915362_1.jpg,Abies religiosa,5076915362,train
dataset_serb_bloque1/Abies_religiosa/5076915362_0.jpg,Abies religiosa,5076915362,train
dataset_serb_bloque1/Abies_religiosa/6321203492_1.jpg,Abies religiosa,6321203492,train
dataset_serb_bloque1/Abies_religiosa/6321203492_2.jpg,Abies religiosa,6321203492,train
dataset_serb_bloque1/Abies_religiosa/6321203492_0.jpg,Abies religiosa,6321203492,train
dataset_serb_bloque1/Abies_religiosa/5062986576_0.jpg,Abies religiosa,5062986576,train
dataset_serb_bloque1/Abies_religiosa/5069939794_0.jpg,Abies religiosa,5069939794,train
dataset_serb_bloque1/Abies_religiosa/5062995572_0.jpg,Abies religiosa,5062995572,train
dataset_serb_bloque1/Abies_religiosa/6431087972_0.jpg,Abies religiosa,6431087972,train
dataset_serb_bloque1/Abies_religiosa/6441870721_0.jpg,Abies religiosa,6441870721,train
dataset_serb_bloque1/Abies_religiosa/5063605366_0.jpg,Abies religiosa,5063605366,train
dataset_serb_bloque1/Abies_religiosa/5063605366_1.jpg,Abies religiosa,5063605366,train
dataset_serb_bloque1/Abies_religiosa/6273377730_0.jpg,Abies religiosa,6273377730,train
dataset_serb_bloque1/Abies_religiosa/6253339887_0.jpg,Abies religiosa,6253339887,train
dataset_serb_bloque1/Abies_religiosa/6253339887_1.jpg,Abies religiosa,6253339887,train
dataset_serb_bloque1/Abies_religiosa/5231630526_0.jpg,Abies religiosa,5231630526,train
dataset_serb_bloque1/Abies_religiosa/5231630526_1.jpg,Abies religiosa,5231630526,train
dataset_serb_bloque1/Abies_religiosa/6423070709_0.jpg,Abies religiosa,6423070709,train
dataset_serb_bloque1/Abies_religiosa/6423070709_1.jpg,Abies religiosa,6423070709,train
dataset_serb_bloque1/Abies_religiosa/6452254076_0.jpg,Abies religiosa,6452254076,train
dataset_serb_bloque1/Abies_religiosa/5062981460_1.jpg,Abies religiosa,5062981460,train
dataset_serb_bloque1/Abies_religiosa/5062981460_0.jpg,Abies religiosa,5062981460,train
dataset_serb_bloque1/Abies_religiosa/5133202092_0.jpg,Abies religiosa,5133202092,train
dataset_serb_bloque1/Abies_religiosa/6481288999_0.jpg,Abies religiosa,6481288999,train
dataset_serb_bloque1/Juniperus_flaccida/6252339519_0.jpg,Juniperus flaccida,6252339519,val
dataset_serb_bloque1/Juniperus_flaccida/6196047544_0.jpg,Juniperus flaccida,6196047544,val
dataset_serb_bloque1/Juniperus_flaccida/6274241515_0.jpg,Juniperus flaccida,6274241515,val
dataset_serb_bloque1/Juniperus_flaccida/6185329093_0.jpg,Juniperus flaccida,6185329093,val
dataset_serb_bloque1/Juniperus_flaccida/6430852501_5.jpg,Juniperus flaccida,6430852501,val
dataset_serb_bloque1/Juniperus_flaccida/6430852501_1.jpg,Juniperus flaccida,6430852501,val
dataset_serb_bloque1/Juniperus_flaccida/6430852501_3.jpg,Juniperus flaccida,6430852501,val
dataset_serb_bloque1/Juniperus_flaccida/6430852501_4.jpg,Juniperus flaccida,6430852501,val
dataset_serb_bloque1/Juniperus_flaccida/6430852501_2.jpg,Juniperus flaccida,6430852501,val
dataset_serb_bloque1/Juniperus_flaccida/6430852501_0.jpg,Juniperus flaccida,6430852501,val
dataset_serb_bloque1/Juniperus_flaccida/6184944238_0.jpg,Juniperus flaccida,6184944238,val
dataset_serb_bloque1/Juniperus_flaccida/6441248030_0.jpg,Juniperus flaccida,6441248030,val
dataset_serb_bloque1/Juniperus_flaccida/6195500968_1.jpg,Juniperus flaccida,6195500968,test
dataset_serb_bloque1/Juniperus_flaccida/6195500968_0.jpg,Juniperus flaccida,6195500968,test
dataset_serb_bloque1/Juniperus_flaccida/6195628042_1.jpg,Juniperus flaccida,6195628042,test
dataset_serb_bloque1/Juniperus_flaccida/6195628042_2.jpg,Juniperus flaccida,6195628042,test
dataset_serb_bloque1/Juniperus_flaccida/6195628042_0.jpg,Juniperus flaccida,6195628042,test
dataset_serb_bloque1/Juniperus_flaccida/6431156498_3.jpg,Juniperus flaccida,6431156498,test
dataset_serb_bloque1/Juniperus_flaccida/6431156498_0.jpg,Juniperus flaccida,6431156498,test
dataset_serb_bloque1/Juniperus_flaccida/6431156498_1.jpg,Juniperus flaccida,6431156498,test
dataset_serb_bloque1/Juniperus_flaccida/6431156498_2.jpg,Juniperus flaccida,6431156498,test
dataset_serb_bloque1/Juniperus_flaccida/6179565385_0.jpg,Juniperus flaccida,6179565385,test
dataset_serb_bloque1/Juniperus_flaccida/6431637853_1.jpg,Juniperus flaccida,6431637853,test
dataset_serb_bloque1/Juniperus_flaccida/6431637853_0.jpg,Juniperus flaccida,6431637853,test
dataset_serb_bloque1/Juniperus_flaccida/6273764002_3.jpg,Juniperus flaccida,6273764002,test
dataset_serb_bloque1/Juniperus_flaccida/6273764002_2.jpg,Juniperus flaccida,6273764002,test
dataset_serb_bloque1/Juniperus_flaccida/6273764002_0.jpg,Juniperus flaccida,6273764002,test
dataset_serb_bloque1/Juniperus_flaccida/6273764002_1.jpg,Juniperus flaccida,6273764002,test
dataset_serb_bloque1/Juniperus_flaccida/6185772645_1.jpg,Juniperus flaccida,6185772645,test
dataset_serb_bloque1/Juniperus_flaccida/6185772645_0.jpg,Juniperus flaccida,6185772645,test
dataset_serb_bloque1/Juniperus_flaccida/6423021477_0.jpg,Juniperus flaccida,6423021477,train
dataset_serb_bloque1/Juniperus_flaccida/6236237613_2.jpg,Juniperus flaccida,6236237613,train
dataset_serb_bloque1/Juniperus_flaccida/6236237613_0.jpg,Juniperus flaccida,6236237613,train
dataset_serb_bloque1/Juniperus_flaccida/6236237613_1.jpg,Juniperus flaccida,6236237613,train
dataset_serb_bloque1/Juniperus_flaccida/6334667479_1.jpg,Juniperus flaccida,6334667479,train
dataset_serb_bloque1/Juniperus_flaccida/6334667479_0.jpg,Juniperus flaccida,6334667479,train
dataset_serb_bloque1/Juniperus_flaccida/6334328346_0.jpg,Juniperus flaccida,6334328346,train
dataset_serb_bloque1/Juniperus_flaccida/6185493416_0.jpg,Juniperus flaccida,6185493416,train
dataset_serb_bloque1/Juniperus_flaccida/6188217878_1.jpg,Juniperus flaccida,6188217878,train
dataset_serb_bloque1/Juniperus_flaccida/6188217878_0.jpg,Juniperus flaccida,6188217878,train
dataset_serb_bloque1/Juniperus_flaccida/6253306671_1.jpg,Juniperus flaccida,6253306671,train
dataset_serb_bloque1/Juniperus_flaccida/6253306671_2.jpg,Juniperus flaccida,6253306671,train
dataset_serb_bloque1/Juniperus_flaccida/6253306671_0.jpg,Juniperus flaccida,6253306671,train
dataset_serb_bloque1/Juniperus_flaccida/6273424797_3.jpg,Juniperus flaccida,6273424797,train
dataset_serb_bloque1/Juniperus_flaccida/6273424797_2.jpg,Juniperus flaccida,6273424797,train
dataset_serb_bloque1/Juniperus_flaccida/6273424797_0.jpg,Juniperus flaccida,6273424797,train
dataset_serb_bloque1/Juniperus_flaccida/6273424797_1.jpg,Juniperus flaccida,6273424797,train
dataset_serb_bloque1/Juniperus_flaccida/6236005473_0.jpg,Juniperus flaccida,6236005473,train
dataset_serb_bloque1/Juniperus_flaccida/6399113238_0.jpg,Juniperus flaccida,6399113238,train
dataset_serb_bloque1/Juniperus_flaccida/6253204053_0.jpg,Juniperus flaccida,6253204053,train
dataset_serb_bloque1/Juniperus_flaccida/6253204053_1.jpg,Juniperus flaccida,6253204053,train
dataset_serb_bloque1/Juniperus_flaccida/6442080700_0.jpg,Juniperus flaccida,6442080700,train
dataset_serb_bloque1/Juniperus_flaccida/6442080700_1.jpg,Juniperus flaccida,6442080700,train
dataset_serb_bloque1/Juniperus_flaccida/6430981853_0.jpg,Juniperus flaccida,6430981853,train
dataset_serb_bloque1/Juniperus_flaccida/6430824323_0.jpg,Juniperus flaccida,6430824323,train
dataset_serb_bloque1/Juniperus_flaccida/6430824323_2.jpg,Juniperus flaccida,6430824323,train
dataset_serb_bloque1/Juniperus_flaccida/6430824323_1.jpg,Juniperus flaccida,6430824323,train
dataset_serb_bloque1/Juniperus_flaccida/6185039410_1.jpg,Juniperus flaccida,6185039410,train
dataset_serb_bloque1/Juniperus_flaccida/6185039410_0.jpg,Juniperus flaccida,6185039410,train
dataset_serb_bloque1/Juniperus_flaccida/6236435791_1.jpg,Juniperus flaccida,6236435791,train
dataset_serb_bloque1/Juniperus_flaccida/6236435791_0.jpg,Juniperus flaccida,6236435791,train
dataset_serb_bloque1/Juniperus_flaccida/6236435791_2.jpg,Juniperus flaccida,6236435791,train
dataset_serb_bloque1/Juniperus_flaccida/6273542601_0.jpg,Juniperus flaccida,6273542601,train
dataset_serb_bloque1/Juniperus_flaccida/6320117086_0.jpg,Juniperus flaccida,6320117086,train
dataset_serb_bloque1/Juniperus_flaccida/6179546711_0.jpg,Juniperus flaccida,6179546711,train
dataset_serb_bloque1/Juniperus_flaccida/6236160833_1.jpg,Juniperus flaccida,6236160833,train
dataset_serb_bloque1/Juniperus_flaccida/6236160833_3.jpg,Juniperus flaccida,6236160833,train
dataset_serb_bloque1/Juniperus_flaccida/6236160833_0.jpg,Juniperus flaccida,6236160833,train
dataset_serb_bloque1/Juniperus_flaccida/6236160833_2.jpg,Juniperus flaccida,6236160833,train
dataset_serb_bloque1/Juniperus_flaccida/6273482995_1.jpg,Juniperus flaccida,6273482995,train
dataset_serb_bloque1/Juniperus_flaccida/6273482995_0.jpg,Juniperus flaccida,6273482995,train
dataset_serb_bloque1/Juniperus_flaccida/6188437383_0.jpg,Juniperus flaccida,6188437383,train
dataset_serb_bloque1/Juniperus_flaccida/6236051397_1.jpg,Juniperus flaccida,6236051397,train
dataset_serb_bloque1/Juniperus_flaccida/6236051397_0.jpg,Juniperus flaccida,6236051397,train
dataset_serb_bloque1/Juniperus_flaccida/6251580208_0.jpg,Juniperus flaccida,6251580208,train
dataset_serb_bloque1/Juniperus_flaccida/6251580208_1.jpg,Juniperus flaccida,6251580208,train
dataset_serb_bloque1/Juniperus_flaccida/6234168526_0.jpg,Juniperus flaccida,6234168526,train
dataset_serb_bloque1/Juniperus_flaccida/6519068411_0.jpg,Juniperus flaccida,6519068411,train
dataset_serb_bloque1/Juniperus_flaccida/6236437679_1.jpg,Juniperus flaccida,6236437679,train
dataset_serb_bloque1/Juniperus_flaccida/6236437679_0.jpg,Juniperus flaccida,6236437679,train
dataset_serb_bloque1/Juniperus_flaccida/6188117894_0.jpg,Juniperus flaccida,6188117894,train
dataset_serb_bloque1/Juniperus_flaccida/6188117894_1.jpg,Juniperus flaccida,6188117894,train
dataset_serb_bloque1/Juniperus_flaccida/6188117894_2.jpg,Juniperus flaccida,6188117894,train
dataset_serb_bloque1/Juniperus_flaccida/6234581348_0.jpg,Juniperus flaccida,6234581348,train
dataset_serb_bloque1/Juniperus_flaccida/6234581348_1.jpg,Juniperus flaccida,6234581348,train
dataset_serb_bloque1/Juniperus_flaccida/6320089537_2.jpg,Juniperus flaccida,6320089537,train
dataset_serb_bloque1/Juniperus_flaccida/6320089537_0.jpg,Juniperus flaccida,6320089537,train
dataset_serb_bloque1/Juniperus_flaccida/6320089537_1.jpg,Juniperus flaccida,6320089537,train
dataset_serb_bloque1/Juniperus_flaccida/6195884791_0.jpg,Juniperus flaccida,6195884791,train
dataset_serb_bloque1/Juniperus_flaccida/6195884791_2.jpg,Juniperus flaccida,6195884791,train
dataset_serb_bloque1/Juniperus_flaccida/6195884791_1.jpg,Juniperus flaccida,6195884791,train
dataset_serb_bloque1/Juniperus_flaccida/6320422417_0.jpg,Juniperus flaccida,6320422417,train
dataset_serb_bloque1/Juniperus_flaccida/6320422417_1.jpg,Juniperus flaccida,6320422417,train
dataset_serb_bloque1/Juniperus_flaccida/6185110106_0.jpg,Juniperus flaccida,6185110106,train
dataset_serb_bloque1/Juniperus_flaccida/6185110106_1.jpg,Juniperus flaccida,6185110106,train
dataset_serb_bloque1/Prunus_serotina/6131138624_0.jpg,Prunus serotina,6131138624,val
dataset_serb_bloque1/Prunus_serotina/6133214009_0.jpg,Prunus serotina,6133214009,val
dataset_serb_bloque1/Prunus_serotina/6133214009_1.jpg,Prunus serotina,6133214009,val
dataset_serb_bloque1/Prunus_serotina/6163373045_0.jpg,Prunus serotina,6163373045,val
dataset_serb_bloque1/Prunus_serotina/6163385614_0.jpg,Prunus serotina,6163385614,val
dataset_serb_bloque1/Prunus_serotina/6133285007_2.jpg,Prunus serotina,6133285007,val
dataset_serb_bloque1/Prunus_serotina/6133285007_0.jpg,Prunus serotina,6133285007,val
dataset_serb_bloque1/Prunus_serotina/6133285007_1.jpg,Prunus serotina,6133285007,val
dataset_serb_bloque1/Prunus_serotina/6133182826_2.jpg,Prunus serotina,6133182826,val
dataset_serb_bloque1/Prunus_serotina/6133182826_1.jpg,Prunus serotina,6133182826,val
dataset_serb_bloque1/Prunus_serotina/6133182826_0.jpg,Prunus serotina,6133182826,val
dataset_serb_bloque1/Prunus_serotina/6159200710_1.jpg,Prunus serotina,6159200710,val
dataset_serb_bloque1/Prunus_serotina/6159200710_0.jpg,Prunus serotina,6159200710,val
dataset_serb_bloque1/Prunus_serotina/6159200710_2.jpg,Prunus serotina,6159200710,val
dataset_serb_bloque1/Prunus_serotina/6178557391_0.jpg,Prunus serotina,6178557391,val
dataset_serb_bloque1/Prunus_serotina/6195744348_1.jpg,Prunus serotina,6195744348,val
dataset_serb_bloque1/Prunus_serotina/6195744348_2.jpg,Prunus serotina,6195744348,val
dataset_serb_bloque1/Prunus_serotina/6195744348_0.jpg,Prunus serotina,6195744348,val
dataset_serb_bloque1/Prunus_serotina/6162870061_0.jpg,Prunus serotina,6162870061,val
dataset_serb_bloque1/Prunus_serotina/6133487802_0.jpg,Prunus serotina,6133487802,val
dataset_serb_bloque1/Prunus_serotina/6163293944_0.jpg,Prunus serotina,6163293944,val
dataset_serb_bloque1/Prunus_serotina/6163081847_0.jpg,Prunus serotina,6163081847,test
dataset_serb_bloque1/Prunus_serotina/6163249684_0.jpg,Prunus serotina,6163249684,test
dataset_serb_bloque1/Prunus_serotina/6131664865_0.jpg,Prunus serotina,6131664865,test
dataset_serb_bloque1/Prunus_serotina/6131664865_1.jpg,Prunus serotina,6131664865,test
dataset_serb_bloque1/Prunus_serotina/6133091156_0.jpg,Prunus serotina,6133091156,test
dataset_serb_bloque1/Prunus_serotina/6133091156_1.jpg,Prunus serotina,6133091156,test
dataset_serb_bloque1/Prunus_serotina/6133431119_1.jpg,Prunus serotina,6133431119,test
dataset_serb_bloque1/Prunus_serotina/6133431119_2.jpg,Prunus serotina,6133431119,test
dataset_serb_bloque1/Prunus_serotina/6133431119_0.jpg,Prunus serotina,6133431119,test
dataset_serb_bloque1/Prunus_serotina/6179433703_1.jpg,Prunus serotina,6179433703,test
dataset_serb_bloque1/Prunus_serotina/6179433703_2.jpg,Prunus serotina,6179433703,test
dataset_serb_bloque1/Prunus_serotina/6179433703_0.jpg,Prunus serotina,6179433703,test
dataset_serb_bloque1/Prunus_serotina/6163126097_1.jpg,Prunus serotina,6163126097,test
dataset_serb_bloque1/Prunus_serotina/6163126097_2.jpg,Prunus serotina,6163126097,test
dataset_serb_bloque1/Prunus_serotina/6163126097_0.jpg,Prunus serotina,6163126097,test
dataset_serb_bloque1/Prunus_serotina/6131360129_0.jpg,Prunus serotina,6131360129,test
dataset_serb_bloque1/Prunus_serotina/6147656376_1.jpg,Prunus serotina,6147656376,test
dataset_serb_bloque1/Prunus_serotina/6147656376_2.jpg,Prunus serotina,6147656376,test
dataset_serb_bloque1/Prunus_serotina/6147656376_4.jpg,Prunus serotina,6147656376,test
dataset_serb_bloque1/Prunus_serotina/6147656376_3.jpg,Prunus serotina,6147656376,test
dataset_serb_bloque1/Prunus_serotina/6147656376_0.jpg,Prunus serotina,6147656376,test
dataset_serb_bloque1/Prunus_serotina/6133261421_2.jpg,Prunus serotina,6133261421,test
dataset_serb_bloque1/Prunus_serotina/6133261421_0.jpg,Prunus serotina,6133261421,test
dataset_serb_bloque1/Prunus_serotina/6133261421_1.jpg,Prunus serotina,6133261421,test
dataset_serb_bloque1/Prunus_serotina/6147175849_2.jpg,Prunus serotina,6147175849,test
dataset_serb_bloque1/Prunus_serotina/6147175849_1.jpg,Prunus serotina,6147175849,test
dataset_serb_bloque1/Prunus_serotina/6147175849_0.jpg,Prunus serotina,6147175849,test
dataset_serb_bloque1/Prunus_serotina/6163275201_0.jpg,Prunus serotina,6163275201,test
dataset_serb_bloque1/Prunus_serotina/6131091077_0.jpg,Prunus serotina,6131091077,train
dataset_serb_bloque1/Prunus_serotina/6133185189_0.jpg,Prunus serotina,6133185189,train
dataset_serb_bloque1/Prunus_serotina/6131305005_2.jpg,Prunus serotina,6131305005,train
dataset_serb_bloque1/Prunus_serotina/6131305005_1.jpg,Prunus serotina,6131305005,train
dataset_serb_bloque1/Prunus_serotina/6131305005_4.jpg,Prunus serotina,6131305005,train
dataset_serb_bloque1/Prunus_serotina/6131305005_5.jpg,Prunus serotina,6131305005,train
dataset_serb_bloque1/Prunus_serotina/6131305005_3.jpg,Prunus serotina,6131305005,train
dataset_serb_bloque1/Prunus_serotina/6131305005_0.jpg,Prunus serotina,6131305005,train
dataset_serb_bloque1/Prunus_serotina/6133148839_0.jpg,Prunus serotina,6133148839,train
dataset_serb_bloque1/Prunus_serotina/6159561307_0.jpg,Prunus serotina,6159561307,train
dataset_serb_bloque1/Prunus_serotina/6159561307_2.jpg,Prunus serotina,6159561307,train
dataset_serb_bloque1/Prunus_serotina/6159561307_1.jpg,Prunus serotina,6159561307,train
dataset_serb_bloque1/Prunus_serotina/6235448972_0.jpg,Prunus serotina,6235448972,train
dataset_serb_bloque1/Prunus_serotina/6163220324_0.jpg,Prunus serotina,6163220324,train
dataset_serb_bloque1/Prunus_serotina/6133192673_0.jpg,Prunus serotina,6133192673,train
dataset_serb_bloque1/Prunus_serotina/6131539637_2.jpg,Prunus serotina,6131539637,train
dataset_serb_bloque1/Prunus_serotina/6131539637_0.jpg,Prunus serotina,6131539637,train
dataset_serb_bloque1/Prunus_serotina/6131539637_1.jpg,Prunus serotina,6131539637,train
dataset_serb_bloque1/Prunus_serotina/6185231735_2.jpg,Prunus serotina,6185231735,train
dataset_serb_bloque1/Prunus_serotina/6185231735_1.jpg,Prunus serotina,6185231735,train
dataset_serb_bloque1/Prunus_serotina/6185231735_0.jpg,Prunus serotina,6185231735,train
dataset_serb_bloque1/Prunus_serotina/6133199154_0.jpg,Prunus serotina,6133199154,train
dataset_serb_bloque1/Prunus_serotina/6131119800_0.jpg,Prunus serotina,6131119800,train
dataset_serb_bloque1/Prunus_serotina/6133142693_1.jpg,Prunus serotina,6133142693,train
dataset_serb_bloque1/Prunus_serotina/6133142693_0.jpg,Prunus serotina,6133142693,train
dataset_serb_bloque1/Prunus_serotina/6133142693_4.jpg,Prunus serotina,6133142693,train
dataset_serb_bloque1/Prunus_serotina/6133142693_2.jpg,Prunus serotina,6133142693,train
dataset_serb_bloque1/Prunus_serotina/6133142693_3.jpg,Prunus serotina,6133142693,train
dataset_serb_bloque1/Prunus_serotina/6163154401_0.jpg,Prunus serotina,6163154401,train
dataset_serb_bloque1/Prunus_serotina/6163003545_0.jpg,Prunus serotina,6163003545,train
dataset_serb_bloque1/Prunus_serotina/6131637718_0.jpg,Prunus serotina,6131637718,train
dataset_serb_bloque1/Prunus_serotina/6162988439_0.jpg,Prunus serotina,6162988439,train
dataset_serb_bloque1/Prunus_serotina/6162952095_0.jpg,Prunus serotina,6162952095,train
dataset_serb_bloque1/Prunus_serotina/6131666805_1.jpg,Prunus serotina,6131666805,train
dataset_serb_bloque1/Prunus_serotina/6131666805_0.jpg,Prunus serotina,6131666805,train
dataset_serb_bloque1/Prunus_serotina/6163305489_0.jpg,Prunus serotina,6163305489,train
dataset_serb_bloque1/Prunus_serotina/6188524471_0.jpg,Prunus serotina,6188524471,train
dataset_serb_bloque1/Prunus_serotina/6163084323_0.jpg,Prunus serotina,6163084323,train
dataset_serb_bloque1/Prunus_serotina/6131444529_0.jpg,Prunus serotina,6131444529,train
dataset_serb_bloque1/Prunus_serotina/6131430571_0.jpg,Prunus serotina,6131430571,train
dataset_serb_bloque1/Prunus_serotina/6163195822_0.jpg,Prunus serotina,6163195822,train
dataset_serb_bloque1/Prunus_serotina/6179506742_3.jpg,Prunus serotina,6179506742,train
dataset_serb_bloque1/Prunus_serotina/6179506742_0.jpg,Prunus serotina,6179506742,train
dataset_serb_bloque1/Prunus_serotina/6179506742_2.jpg,Prunus serotina,6179506742,train
dataset_serb_bloque1/Prunus_serotina/6179506742_1.jpg,Prunus serotina,6179506742,train
dataset_serb_bloque1/Prunus_serotina/6334511486_0.jpg,Prunus serotina,6334511486,train
dataset_serb_bloque1/Prunus_serotina/6163312007_0.jpg,Prunus serotina,6163312007,train
dataset_serb_bloque1/Prunus_serotina/6133158384_0.jpg,Prunus serotina,6133158384,train
dataset_serb_bloque1/Prunus_serotina/6133158384_2.jpg,Prunus serotina,6133158384,train
dataset_serb_bloque1/Prunus_serotina/6133158384_3.jpg,Prunus serotina,6133158384,train
dataset_serb_bloque1/Prunus_serotina/6133158384_1.jpg,Prunus serotina,6133158384,train
dataset_serb_bloque1/Prunus_serotina/6133452386_4.jpg,Prunus serotina,6133452386,train
dataset_serb_bloque1/Prunus_serotina/6133452386_2.jpg,Prunus serotina,6133452386,train
dataset_serb_bloque1/Prunus_serotina/6133452386_1.jpg,Prunus serotina,6133452386,train
dataset_serb_bloque1/Prunus_serotina/6133452386_3.jpg,Prunus serotina,6133452386,train
dataset_serb_bloque1/Prunus_serotina/6133452386_5.jpg,Prunus serotina,6133452386,train
dataset_serb_bloque1/Prunus_serotina/6133452386_0.jpg,Prunus serotina,6133452386,train
dataset_serb_bloque1/Prunus_serotina/6163003049_0.jpg,Prunus serotina,6163003049,train
dataset_serb_bloque1/Prunus_serotina/6163263860_0.jpg,Prunus serotina,6163263860,train
dataset_serb_bloque1/Prunus_serotina/6131294843_0.jpg,Prunus serotina,6131294843,train
dataset_serb_bloque1/Prunus_serotina/6162764575_0.jpg,Prunus serotina,6162764575,train
dataset_serb_bloque1/Prunus_serotina/6131633095_0.jpg,Prunus serotina,6131633095,train
dataset_serb_bloque1/Prunus_serotina/6162798657_0.jpg,Prunus serotina,6162798657,train
dataset_serb_bloque1/Prunus_serotina/6131580788_2.jpg,Prunus serotina,6131580788,train
dataset_serb_bloque1/Prunus_serotina/6131580788_0.jpg,Prunus serotina,6131580788,train
dataset_serb_bloque1/Prunus_serotina/6131580788_1.jpg,Prunus serotina,6131580788,train
dataset_serb_bloque1/Prunus_serotina/6133046139_0.jpg,Prunus serotina,6133046139,train
dataset_serb_bloque1/Prunus_serotina/6163191474_0.jpg,Prunus serotina,6163191474,train
dataset_serb_bloque1/Prunus_serotina/6163329122_0.jpg,Prunus serotina,6163329122,train
dataset_serb_bloque1/Prunus_serotina/6162968874_0.jpg,Prunus serotina,6162968874,train
dataset_serb_bloque1/Prunus_serotina/6152271965_2.jpg,Prunus serotina,6152271965,train
dataset_serb_bloque1/Prunus_serotina/6152271965_4.jpg,Prunus serotina,6152271965,train
dataset_serb_bloque1/Prunus_serotina/6152271965_3.jpg,Prunus serotina,6152271965,train
dataset_serb_bloque1/Prunus_serotina/6152271965_1.jpg,Prunus serotina,6152271965,train
dataset_serb_bloque1/Prunus_serotina/6152271965_0.jpg,Prunus serotina,6152271965,train
dataset_serb_bloque1/Prunus_serotina/6131252896_0.jpg,Prunus serotina,6131252896,train
dataset_serb_bloque1/Prunus_serotina/6131252896_1.jpg,Prunus serotina,6131252896,train
dataset_serb_bloque1/Prunus_serotina/6131633231_3.jpg,Prunus serotina,6131633231,train
dataset_serb_bloque1/Prunus_serotina/6131633231_0.jpg,Prunus serotina,6131633231,train
dataset_serb_bloque1/Prunus_serotina/6131633231_2.jpg,Prunus serotina,6131633231,train
dataset_serb_bloque1/Prunus_serotina/6131633231_1.jpg,Prunus serotina,6131633231,train
dataset_serb_bloque1/Prunus_serotina/6163141222_0.jpg,Prunus serotina,6163141222,train
dataset_serb_bloque1/Prunus_serotina/6131638088_0.jpg,Prunus serotina,6131638088,train
dataset_serb_bloque1/Prunus_serotina/6162968877_0.jpg,Prunus serotina,6162968877,train
dataset_serb_bloque1/Prunus_serotina/6162968877_1.jpg,Prunus serotina,6162968877,train
dataset_serb_bloque1/Prunus_serotina/6131228650_0.jpg,Prunus serotina,6131228650,train
dataset_serb_bloque1/Prunus_serotina/6163401505_0.jpg,Prunus serotina,6163401505,train
dataset_serb_bloque1/Prunus_serotina/6131646615_0.jpg,Prunus serotina,6131646615,train
dataset_serb_bloque1/Prunus_serotina/6131646615_1.jpg,Prunus serotina,6131646615,train
dataset_serb_bloque1/Prunus_serotina/6131375741_0.jpg,Prunus serotina,6131375741,train
dataset_serb_bloque1/Prunus_serotina/6131623384_3.jpg,Prunus serotina,6131623384,train
dataset_serb_bloque1/Prunus_serotina/6131623384_2.jpg,Prunus serotina,6131623384,train
dataset_serb_bloque1/Prunus_serotina/6131623384_0.jpg,Prunus serotina,6131623384,train
dataset_serb_bloque1/Prunus_serotina/6131623384_1.jpg,Prunus serotina,6131623384,train
dataset_serb_bloque1/Prunus_serotina/6131623384_4.jpg,Prunus serotina,6131623384,train
dataset_serb_bloque1/Prunus_serotina/6131111137_2.jpg,Prunus serotina,6131111137,train
dataset_serb_bloque1/Prunus_serotina/6131111137_0.jpg,Prunus serotina,6131111137,train
dataset_serb_bloque1/Prunus_serotina/6131111137_1.jpg,Prunus serotina,6131111137,train
dataset_serb_bloque1/Prunus_serotina/6178545955_1.jpg,Prunus serotina,6178545955,train
dataset_serb_bloque1/Prunus_serotina/6178545955_0.jpg,Prunus serotina,6178545955,train
dataset_serb_bloque1/Prunus_serotina/6178545955_3.jpg,Prunus serotina,6178545955,train
dataset_serb_bloque1/Prunus_serotina/6178545955_2.jpg,Prunus serotina,6178545955,train
dataset_serb_bloque1/Prunus_serotina/6163137327_0.jpg,Prunus serotina,6163137327,train
dataset_serb_bloque1/Prunus_serotina/6178532432_2.jpg,Prunus serotina,6178532432,train
dataset_serb_bloque1/Prunus_serotina/6178532432_1.jpg,Prunus serotina,6178532432,train
dataset_serb_bloque1/Prunus_serotina/6178532432_3.jpg,Prunus serotina,6178532432,train
dataset_serb_bloque1/Prunus_serotina/6178532432_0.jpg,Prunus serotina,6178532432,train
dataset_serb_bloque1/Prunus_serotina/6178532432_4.jpg,Prunus serotina,6178532432,train
dataset_serb_bloque1/Taxodium_mucronatum/6133605444_0.jpg,Taxodium mucronatum,6133605444,val
dataset_serb_bloque1/Taxodium_mucronatum/6133605444_1.jpg,Taxodium mucronatum,6133605444,val
dataset_serb_bloque1/Taxodium_mucronatum/6163297628_0.jpg,Taxodium mucronatum,6163297628,val
dataset_serb_bloque1/Taxodium_mucronatum/6185380048_0.jpg,Taxodium mucronatum,6185380048,val
dataset_serb_bloque1/Taxodium_mucronatum/6133063681_0.jpg,Taxodium mucronatum,6133063681,val
dataset_serb_bloque1/Taxodium_mucronatum/6235041655_0.jpg,Taxodium mucronatum,6235041655,val
dataset_serb_bloque1/Taxodium_mucronatum/6133565357_0.jpg,Taxodium mucronatum,6133565357,val
dataset_serb_bloque1/Taxodium_mucronatum/6133565357_1.jpg,Taxodium mucronatum,6133565357,val
dataset_serb_bloque1/Taxodium_mucronatum/6171384336_0.jpg,Taxodium mucronatum,6171384336,val
dataset_serb_bloque1/Taxodium_mucronatum/6185811110_1.jpg,Taxodium mucronatum,6185811110,val
dataset_serb_bloque1/Taxodium_mucronatum/6185811110_0.jpg,Taxodium mucronatum,6185811110,val
dataset_serb_bloque1/Taxodium_mucronatum/6185811110_2.jpg,Taxodium mucronatum,6185811110,val
dataset_serb_bloque1/Taxodium_mucronatum/6179243469_0.jpg,Taxodium mucronatum,6179243469,test
dataset_serb_bloque1/Taxodium_mucronatum/6179243469_1.jpg,Taxodium mucronatum,6179243469,test
dataset_serb_bloque1/Taxodium_mucronatum/6179243469_3.jpg,Taxodium mucronatum,6179243469,test
dataset_serb_bloque1/Taxodium_mucronatum/6179243469_2.jpg,Taxodium mucronatum,6179243469,test
dataset_serb_bloque1/Taxodium_mucronatum/6133095464_0.jpg,Taxodium mucronatum,6133095464,test
dataset_serb_bloque1/Taxodium_mucronatum/6133452394_1.jpg,Taxodium mucronatum,6133452394,test
dataset_serb_bloque1/Taxodium_mucronatum/6133452394_2.jpg,Taxodium mucronatum,6133452394,test
dataset_serb_bloque1/Taxodium_mucronatum/6133452394_0.jpg,Taxodium mucronatum,6133452394,test
dataset_serb_bloque1/Taxodium_mucronatum/6163396517_0.jpg,Taxodium mucronatum,6163396517,test
dataset_serb_bloque1/Taxodium_mucronatum/6184741674_0.jpg,Taxodium mucronatum,6184741674,test
dataset_serb_bloque1/Taxodium_mucronatum/6178432675_0.jpg,Taxodium mucronatum,6178432675,test
dataset_serb_bloque1/Taxodium_mucronatum/6178432675_2.jpg,Taxodium mucronatum,6178432675,test
dataset_serb_bloque1/Taxodium_mucronatum/6178432675_1.jpg,Taxodium mucronatum,6178432675,test
dataset_serb_bloque1/Taxodium_mucronatum/6133359297_0.jpg,Taxodium mucronatum,6133359297,test
dataset_serb_bloque1/Taxodium_mucronatum/6133359297_1.jpg,Taxodium mucronatum,6133359297,test
dataset_serb_bloque1/Taxodium_mucronatum/6147292805_0.jpg,Taxodium mucronatum,6147292805,test
dataset_serb_bloque1/Taxodium_mucronatum/6178970172_1.jpg,Taxodium mucronatum,6178970172,train
dataset_serb_bloque1/Taxodium_mucronatum/6178970172_0.jpg,Taxodium mucronatum,6178970172,train
dataset_serb_bloque1/Taxodium_mucronatum/6133305762_0.jpg,Taxodium mucronatum,6133305762,train
dataset_serb_bloque1/Taxodium_mucronatum/6163262149_0.jpg,Taxodium mucronatum,6163262149,train
dataset_serb_bloque1/Taxodium_mucronatum/6480930869_0.jpg,Taxodium mucronatum,6480930869,train
dataset_serb_bloque1/Taxodium_mucronatum/6133306508_1.jpg,Taxodium mucronatum,6133306508,train
dataset_serb_bloque1/Taxodium_mucronatum/6133306508_0.jpg,Taxodium mucronatum,6133306508,train
dataset_serb_bloque1/Taxodium_mucronatum/6178589216_0.jpg,Taxodium mucronatum,6178589216,train
dataset_serb_bloque1/Taxodium_mucronatum/6147274421_0.jpg,Taxodium mucronatum,6147274421,train
dataset_serb_bloque1/Taxodium_mucronatum/6171090864_0.jpg,Taxodium mucronatum,6171090864,train
dataset_serb_bloque1/Taxodium_mucronatum/6500442687_0.jpg,Taxodium mucronatum,6500442687,train
dataset_serb_bloque1/Taxodium_mucronatum/6452324632_0.jpg,Taxodium mucronatum,6452324632,train
dataset_serb_bloque1/Taxodium_mucronatum/6452324632_1.jpg,Taxodium mucronatum,6452324632,train
dataset_serb_bloque1/Taxodium_mucronatum/6133389369_0.jpg,Taxodium mucronatum,6133389369,train
dataset_serb_bloque1/Taxodium_mucronatum/6133521658_0.jpg,Taxodium mucronatum,6133521658,train
dataset_serb_bloque1/Taxodium_mucronatum/6179092470_0.jpg,Taxodium mucronatum,6179092470,train
dataset_serb_bloque1/Taxodium_mucronatum/6133375873_0.jpg,Taxodium mucronatum,6133375873,train
dataset_serb_bloque1/Taxodium_mucronatum/6185530407_3.jpg,Taxodium mucronatum,6185530407,train
dataset_serb_bloque1/Taxodium_mucronatum/6185530407_1.jpg,Taxodium mucronatum,6185530407,train
dataset_serb_bloque1/Taxodium_mucronatum/6185530407_0.jpg,Taxodium mucronatum,6185530407,train
dataset_serb_bloque1/Taxodium_mucronatum/6185530407_2.jpg,Taxodium mucronatum,6185530407,train
dataset_serb_bloque1/Taxodium_mucronatum/6147323567_1.jpg,Taxodium mucronatum,6147323567,train
dataset_serb_bloque1/Taxodium_mucronatum/6147323567_0.jpg,Taxodium mucronatum,6147323567,train
dataset_serb_bloque1/Taxodium_mucronatum/6188235400_0.jpg,Taxodium mucronatum,6188235400,train
dataset_serb_bloque1/Taxodium_mucronatum/6334052318_0.jpg,Taxodium mucronatum,6334052318,train
dataset_serb_bloque1/Taxodium_mucronatum/6159145611_0.jpg,Taxodium mucronatum,6159145611,train
dataset_serb_bloque1/Taxodium_mucronatum/6133296814_2.jpg,Taxodium mucronatum,6133296814,train
dataset_serb_bloque1/Taxodium_mucronatum/6133296814_0.jpg,Taxodium mucronatum,6133296814,train
dataset_serb_bloque1/Taxodium_mucronatum/6133296814_1.jpg,Taxodium mucronatum,6133296814,train
dataset_serb_bloque1/Taxodium_mucronatum/6185343817_1.jpg,Taxodium mucronatum,6185343817,train
dataset_serb_bloque1/Taxodium_mucronatum/6185343817_0.jpg,Taxodium mucronatum,6185343817,train
dataset_serb_bloque1/Taxodium_mucronatum/6159441437_1.jpg,Taxodium mucronatum,6159441437,train
dataset_serb_bloque1/Taxodium_mucronatum/6159441437_0.jpg,Taxodium mucronatum,6159441437,train
dataset_serb_bloque1/Taxodium_mucronatum/6185624796_0.jpg,Taxodium mucronatum,6185624796,train
dataset_serb_bloque1/Taxodium_mucronatum/6178579322_0.jpg,Taxodium mucronatum,6178579322,train
dataset_serb_bloque1/Taxodium_mucronatum/6178579322_1.jpg,Taxodium mucronatum,6178579322,train
dataset_serb_bloque1/Taxodium_mucronatum/6178579322_2.jpg,Taxodium mucronatum,6178579322,train
dataset_serb_bloque1/Taxodium_mucronatum/6178516465_0.jpg,Taxodium mucronatum,6178516465,train
dataset_serb_bloque1/Taxodium_mucronatum/6133061948_0.jpg,Taxodium mucronatum,6133061948,train
dataset_serb_bloque1/Taxodium_mucronatum/6252903523_3.jpg,Taxodium mucronatum,6252903523,train
dataset_serb_bloque1/Taxodium_mucronatum/6252903523_2.jpg,Taxodium mucronatum,6252903523,train
dataset_serb_bloque1/Taxodium_mucronatum/6252903523_1.jpg,Taxodium mucronatum,6252903523,train
dataset_serb_bloque1/Taxodium_mucronatum/6252903523_0.jpg,Taxodium mucronatum,6252903523,train
dataset_serb_bloque1/Taxodium_mucronatum/6133091685_0.jpg,Taxodium mucronatum,6133091685,train
dataset_serb_bloque1/Taxodium_mucronatum/6147270587_0.jpg,Taxodium mucronatum,6147270587,train
dataset_serb_bloque1/Taxodium_mucronatum/6133455946_2.jpg,Taxodium mucronatum,6133455946,train
dataset_serb_bloque1/Taxodium_mucronatum/6133455946_3.jpg,Taxodium mucronatum,6133455946,train
dataset_serb_bloque1/Taxodium_mucronatum/6133455946_1.jpg,Taxodium mucronatum,6133455946,train
dataset_serb_bloque1/Taxodium_mucronatum/6133455946_0.jpg,Taxodium mucronatum,6133455946,train
dataset_serb_bloque1/Taxodium_mucronatum/6178801443_0.jpg,Taxodium mucronatum,6178801443,train
dataset_serb_bloque1/Taxodium_mucronatum/6178801443_2.jpg,Taxodium mucronatum,6178801443,train
dataset_serb_bloque1/Taxodium_mucronatum/6178801443_1.jpg,Taxodium mucronatum,6178801443,train
dataset_serb_bloque1/Taxodium_mucronatum/6162790193_0.jpg,Taxodium mucronatum,6162790193,train
dataset_serb_bloque1/Taxodium_mucronatum/6133348423_0.jpg,Taxodium mucronatum,6133348423,train
dataset_serb_bloque1/Taxodium_mucronatum/6133348423_1.jpg,Taxodium mucronatum,6133348423,train
dataset_serb_bloque1/Taxodium_mucronatum/6178444341_0.jpg,Taxodium mucronatum,6178444341,train
dataset_serb_bloque1/Taxodium_mucronatum/6179089087_0.jpg,Taxodium mucronatum,6179089087,train
dataset_serb_bloque1/Taxodium_mucronatum/6163362358_0.jpg,Taxodium mucronatum,6163362358,train
dataset_serb_bloque1/Taxodium_mucronatum/6147509545_1.jpg,Taxodium mucronatum,6147509545,train
dataset_serb_bloque1/Taxodium_mucronatum/6147509545_0.jpg,Taxodium mucronatum,6147509545,train
dataset_serb_bloque1/Taxodium_mucronatum/6252199794_0.jpg,Taxodium mucronatum,6252199794,train
dataset_serb_bloque1/Taxodium_mucronatum/6185738226_0.jpg,Taxodium mucronatum,6185738226,train
dataset_serb_bloque1/Taxodium_mucronatum/6159243241_0.jpg,Taxodium mucronatum,6159243241,train
dataset_serb_bloque1/Cornus_disciflora/4512088777_1.jpg,Cornus disciflora,4512088777,val
dataset_serb_bloque1/Cornus_disciflora/4512088777_0.jpg,Cornus disciflora,4512088777,val
dataset_serb_bloque1/Cornus_disciflora/6131194654_0.jpg,Cornus disciflora,6131194654,val
dataset_serb_bloque1/Cornus_disciflora/6131194654_1.jpg,Cornus disciflora,6131194654,val
dataset_serb_bloque1/Cornus_disciflora/5935625513_0.jpg,Cornus disciflora,5935625513,val
dataset_serb_bloque1/Cornus_disciflora/5935625513_1.jpg,Cornus disciflora,5935625513,val
dataset_serb_bloque1/Cornus_disciflora/5935625513_2.jpg,Cornus disciflora,5935625513,val
dataset_serb_bloque1/Cornus_disciflora/5908803854_3.jpg,Cornus disciflora,5908803854,val
dataset_serb_bloque1/Cornus_disciflora/5908803854_2.jpg,Cornus disciflora,5908803854,val
dataset_serb_bloque1/Cornus_disciflora/5908803854_1.jpg,Cornus disciflora,5908803854,val
dataset_serb_bloque1/Cornus_disciflora/5908803854_0.jpg,Cornus disciflora,5908803854,val
dataset_serb_bloque1/Cornus_disciflora/5062872206_1.jpg,Cornus disciflora,5062872206,val
dataset_serb_bloque1/Cornus_disciflora/5062872206_3.jpg,Cornus disciflora,5062872206,val
dataset_serb_bloque1/Cornus_disciflora/5062872206_0.jpg,Cornus disciflora,5062872206,val
dataset_serb_bloque1/Cornus_disciflora/5062872206_2.jpg,Cornus disciflora,5062872206,val
dataset_serb_bloque1/Cornus_disciflora/5938369134_0.jpg,Cornus disciflora,5938369134,test
dataset_serb_bloque1/Cornus_disciflora/5938369134_1.jpg,Cornus disciflora,5938369134,test
dataset_serb_bloque1/Cornus_disciflora/5938369134_2.jpg,Cornus disciflora,5938369134,test
dataset_serb_bloque1/Cornus_disciflora/4853198769_0.jpg,Cornus disciflora,4853198769,test
dataset_serb_bloque1/Cornus_disciflora/5062906242_1.jpg,Cornus disciflora,5062906242,test
dataset_serb_bloque1/Cornus_disciflora/5062906242_0.jpg,Cornus disciflora,5062906242,test
dataset_serb_bloque1/Cornus_disciflora/5062906242_2.jpg,Cornus disciflora,5062906242,test
dataset_serb_bloque1/Cornus_disciflora/5167203183_5.jpg,Cornus disciflora,5167203183,test
dataset_serb_bloque1/Cornus_disciflora/5167203183_4.jpg,Cornus disciflora,5167203183,test
dataset_serb_bloque1/Cornus_disciflora/5167203183_0.jpg,Cornus disciflora,5167203183,test
dataset_serb_bloque1/Cornus_disciflora/5167203183_1.jpg,Cornus disciflora,5167203183,test
dataset_serb_bloque1/Cornus_disciflora/5167203183_3.jpg,Cornus disciflora,5167203183,test
dataset_serb_bloque1/Cornus_disciflora/5167203183_2.jpg,Cornus disciflora,5167203183,test
dataset_serb_bloque1/Cornus_disciflora/5909266224_1.jpg,Cornus disciflora,5909266224,test
dataset_serb_bloque1/Cornus_disciflora/5909266224_0.jpg,Cornus disciflora,5909266224,test
dataset_serb_bloque1/Cornus_disciflora/5153992570_2.jpg,Cornus disciflora,5153992570,train
dataset_serb_bloque1/Cornus_disciflora/5153992570_1.jpg,Cornus disciflora,5153992570,train
dataset_serb_bloque1/Cornus_disciflora/5153992570_0.jpg,Cornus disciflora,5153992570,train
dataset_serb_bloque1/Cornus_disciflora/5897687050_0.jpg,Cornus disciflora,5897687050,train
dataset_serb_bloque1/Cornus_disciflora/5897687050_2.jpg,Cornus disciflora,5897687050,train
dataset_serb_bloque1/Cornus_disciflora/5897687050_1.jpg,Cornus disciflora,5897687050,train
dataset_serb_bloque1/Cornus_disciflora/6130396702_0.jpg,Cornus disciflora,6130396702,train
dataset_serb_bloque1/Cornus_disciflora/6130396702_1.jpg,Cornus disciflora,6130396702,train
dataset_serb_bloque1/Cornus_disciflora/6130154357_1.jpg,Cornus disciflora,6130154357,train
dataset_serb_bloque1/Cornus_disciflora/6130154357_0.jpg,Cornus disciflora,6130154357,train
dataset_serb_bloque1/Cornus_disciflora/6130154357_2.jpg,Cornus disciflora,6130154357,train
dataset_serb_bloque1/Cornus_disciflora/4133898894_0.jpg,Cornus disciflora,4133898894,train
dataset_serb_bloque1/Cornus_disciflora/4133898894_1.jpg,Cornus disciflora,4133898894,train
dataset_serb_bloque1/Cornus_disciflora/4075618158_1.jpg,Cornus disciflora,4075618158,train
dataset_serb_bloque1/Cornus_disciflora/4075618158_0.jpg,Cornus disciflora,4075618158,train
dataset_serb_bloque1/Cornus_disciflora/4075618158_2.jpg,Cornus disciflora,4075618158,train
dataset_serb_bloque1/Cornus_disciflora/4075618158_3.jpg,Cornus disciflora,4075618158,train
dataset_serb_bloque1/Cornus_disciflora/4034781091_1.jpg,Cornus disciflora,4034781091,train
dataset_serb_bloque1/Cornus_disciflora/4034781091_0.jpg,Cornus disciflora,4034781091,train
dataset_serb_bloque1/Cornus_disciflora/4034781091_2.jpg,Cornus disciflora,4034781091,train
dataset_serb_bloque1/Cornus_disciflora/4034781091_3.jpg,Cornus disciflora,4034781091,train
dataset_serb_bloque1/Cornus_disciflora/4134094785_0.jpg,Cornus disciflora,4134094785,train
dataset_serb_bloque1/Cornus_disciflora/4134094785_1.jpg,Cornus disciflora,4134094785,train
dataset_serb_bloque1/Cornus_disciflora/4134094785_2.jpg,Cornus disciflora,4134094785,train
dataset_serb_bloque1/Cornus_disciflora/4852526953_0.jpg,Cornus disciflora,4852526953,train
dataset_serb_bloque1/Cornus_disciflora/4852526953_1.jpg,Cornus disciflora,4852526953,train
dataset_serb_bloque1/Cornus_disciflora/6130972851_0.jpg,Cornus disciflora,6130972851,train
dataset_serb_bloque1/Cornus_disciflora/6131577478_3.jpg,Cornus disciflora,6131577478,train
dataset_serb_bloque1/Cornus_disciflora/6131577478_2.jpg,Cornus disciflora,6131577478,train
dataset_serb_bloque1/Cornus_disciflora/6131577478_1.jpg,Cornus disciflora,6131577478,train
dataset_serb_bloque1/Cornus_disciflora/6131577478_0.jpg,Cornus disciflora,6131577478,train
dataset_serb_bloque1/Cornus_disciflora/4853106950_0.jpg,Cornus disciflora,4853106950,train
dataset_serb_bloque1/Cornus_disciflora/4853106950_2.jpg,Cornus disciflora,4853106950,train
dataset_serb_bloque1/Cornus_disciflora/4853106950_1.jpg,Cornus disciflora,4853106950,train
dataset_serb_bloque1/Cornus_disciflora/6179502262_0.jpg,Cornus disciflora,6179502262,train
dataset_serb_bloque1/Cornus_disciflora/6179502262_2.jpg,Cornus disciflora,6179502262,train
dataset_serb_bloque1/Cornus_disciflora/6179502262_1.jpg,Cornus disciflora,6179502262,train
dataset_serb_bloque1/Cornus_disciflora/6519936784_1.jpg,Cornus disciflora,6519936784,train
dataset_serb_bloque1/Cornus_disciflora/6519936784_0.jpg,Cornus disciflora,6519936784,train
dataset_serb_bloque1/Cornus_disciflora/5920439757_0.jpg,Cornus disciflora,5920439757,train
dataset_serb_bloque1/Cornus_disciflora/5932325267_0.jpg,Cornus disciflora,5932325267,train
dataset_serb_bloque1/Cornus_disciflora/5932325267_1.jpg,Cornus disciflora,5932325267,train
dataset_serb_bloque1/Cornus_disciflora/5932325267_2.jpg,Cornus disciflora,5932325267,train
dataset_serb_bloque1/Cornus_disciflora/6498138493_2.jpg,Cornus disciflora,6498138493,train
dataset_serb_bloque1/Cornus_disciflora/6498138493_1.jpg,Cornus disciflora,6498138493,train
dataset_serb_bloque1/Cornus_disciflora/6498138493_0.jpg,Cornus disciflora,6498138493,train
dataset_serb_bloque1/Cornus_disciflora/5908615446_1.jpg,Cornus disciflora,5908615446,train
dataset_serb_bloque1/Cornus_disciflora/5908615446_4.jpg,Cornus disciflora,5908615446,train
dataset_serb_bloque1/Cornus_disciflora/5908615446_5.jpg,Cornus disciflora,5908615446,train
dataset_serb_bloque1/Cornus_disciflora/5908615446_2.jpg,Cornus disciflora,5908615446,train
dataset_serb_bloque1/Cornus_disciflora/5908615446_3.jpg,Cornus disciflora,5908615446,train
dataset_serb_bloque1/Cornus_disciflora/5908615446_0.jpg,Cornus disciflora,5908615446,train
dataset_serb_bloque1/Cornus_disciflora/4919402669_3.jpg,Cornus disciflora,4919402669,train
dataset_serb_bloque1/Cornus_disciflora/4919402669_2.jpg,Cornus disciflora,4919402669,train
dataset_serb_bloque1/Cornus_disciflora/4919402669_1.jpg,Cornus disciflora,4919402669,train
dataset_serb_bloque1/Cornus_disciflora/4919402669_0.jpg,Cornus disciflora,4919402669,train
dataset_serb_bloque1/Cornus_disciflora/4133722028_2.jpg,Cornus disciflora,4133722028,train
dataset_serb_bloque1/Cornus_disciflora/4133722028_0.jpg,Cornus disciflora,4133722028,train
dataset_serb_bloque1/Cornus_disciflora/4133722028_1.jpg,Cornus disciflora,4133722028,train
dataset_serb_bloque1/Cornus_disciflora/5932731459_1.jpg,Cornus disciflora,5932731459,train
dataset_serb_bloque1/Cornus_disciflora/5932731459_0.jpg,Cornus disciflora,5932731459,train
dataset_serb_bloque1/Cornus_disciflora/5932731459_4.jpg,Cornus disciflora,5932731459,train
dataset_serb_bloque1/Cornus_disciflora/5932731459_2.jpg,Cornus disciflora,5932731459,train
dataset_serb_bloque1/Cornus_disciflora/5932731459_5.jpg,Cornus disciflora,5932731459,train
dataset_serb_bloque1/Cornus_disciflora/5932731459_3.jpg,Cornus disciflora,5932731459,train
dataset_serb_bloque1/Cornus_disciflora/4978394977_0.jpg,Cornus disciflora,4978394977,train
dataset_serb_bloque1/Cornus_disciflora/4978394977_1.jpg,Cornus disciflora,4978394977,train
dataset_serb_bloque1/Alnus_acuminata/6178810479_1.jpg,Alnus acuminata,6178810479,val
dataset_serb_bloque1/Alnus_acuminata/6178810479_0.jpg,Alnus acuminata,6178810479,val
dataset_serb_bloque1/Alnus_acuminata/6234888358_1.jpg,Alnus acuminata,6234888358,val
dataset_serb_bloque1/Alnus_acuminata/6234888358_3.jpg,Alnus acuminata,6234888358,val
dataset_serb_bloque1/Alnus_acuminata/6234888358_0.jpg,Alnus acuminata,6234888358,val
dataset_serb_bloque1/Alnus_acuminata/6234888358_2.jpg,Alnus acuminata,6234888358,val
dataset_serb_bloque1/Alnus_acuminata/6334156381_0.jpg,Alnus acuminata,6334156381,val
dataset_serb_bloque1/Alnus_acuminata/6334156381_4.jpg,Alnus acuminata,6334156381,val
dataset_serb_bloque1/Alnus_acuminata/6334156381_3.jpg,Alnus acuminata,6334156381,val
dataset_serb_bloque1/Alnus_acuminata/6334156381_5.jpg,Alnus acuminata,6334156381,val
dataset_serb_bloque1/Alnus_acuminata/6334156381_1.jpg,Alnus acuminata,6334156381,val
dataset_serb_bloque1/Alnus_acuminata/6334156381_2.jpg,Alnus acuminata,6334156381,val
dataset_serb_bloque1/Alnus_acuminata/6519506751_0.jpg,Alnus acuminata,6519506751,val
dataset_serb_bloque1/Alnus_acuminata/6519506751_1.jpg,Alnus acuminata,6519506751,val
dataset_serb_bloque1/Alnus_acuminata/6235608768_0.jpg,Alnus acuminata,6235608768,val
dataset_serb_bloque1/Alnus_acuminata/6178584764_0.jpg,Alnus acuminata,6178584764,val
dataset_serb_bloque1/Alnus_acuminata/6234608853_2.jpg,Alnus acuminata,6234608853,val
dataset_serb_bloque1/Alnus_acuminata/6234608853_0.jpg,Alnus acuminata,6234608853,val
dataset_serb_bloque1/Alnus_acuminata/6234608853_1.jpg,Alnus acuminata,6234608853,val
dataset_serb_bloque1/Alnus_acuminata/6334697562_0.jpg,Alnus acuminata,6334697562,test
dataset_serb_bloque1/Alnus_acuminata/6334651691_0.jpg,Alnus acuminata,6334651691,test
dataset_serb_bloque1/Alnus_acuminata/6235468830_1.jpg,Alnus acuminata,6235468830,test
dataset_serb_bloque1/Alnus_acuminata/6235468830_0.jpg,Alnus acuminata,6235468830,test
dataset_serb_bloque1/Alnus_acuminata/6352378781_0.jpg,Alnus acuminata,6352378781,test
dataset_serb_bloque1/Alnus_acuminata/6185379666_0.jpg,Alnus acuminata,6185379666,test
dataset_serb_bloque1/Alnus_acuminata/6498917866_0.jpg,Alnus acuminata,6498917866,test
dataset_serb_bloque1/Alnus_acuminata/6178762495_0.jpg,Alnus acuminata,6178762495,test
dataset_serb_bloque1/Alnus_acuminata/6273448877_1.jpg,Alnus acuminata,6273448877,train
dataset_serb_bloque1/Alnus_acuminata/6273448877_2.jpg,Alnus acuminata,6273448877,train
dataset_serb_bloque1/Alnus_acuminata/6273448877_0.jpg,Alnus acuminata,6273448877,train
dataset_serb_bloque1/Alnus_acuminata/6273642731_0.jpg,Alnus acuminata,6273642731,train
dataset_serb_bloque1/Alnus_acuminata/6333840874_1.jpg,Alnus acuminata,6333840874,train
dataset_serb_bloque1/Alnus_acuminata/6333840874_0.jpg,Alnus acuminata,6333840874,train
dataset_serb_bloque1/Alnus_acuminata/6333879527_0.jpg,Alnus acuminata,6333879527,train
dataset_serb_bloque1/Alnus_acuminata/6252395629_0.jpg,Alnus acuminata,6252395629,train
dataset_serb_bloque1/Alnus_acuminata/6333850301_1.jpg,Alnus acuminata,6333850301,train
dataset_serb_bloque1/Alnus_acuminata/6333850301_0.jpg,Alnus acuminata,6333850301,train
dataset_serb_bloque1/Alnus_acuminata/6334700434_0.jpg,Alnus acuminata,6334700434,train
dataset_serb_bloque1/Alnus_acuminata/6334895904_2.jpg,Alnus acuminata,6334895904,train
dataset_serb_bloque1/Alnus_acuminata/6334895904_3.jpg,Alnus acuminata,6334895904,train
dataset_serb_bloque1/Alnus_acuminata/6334895904_1.jpg,Alnus acuminata,6334895904,train
dataset_serb_bloque1/Alnus_acuminata/6334895904_0.jpg,Alnus acuminata,6334895904,train
dataset_serb_bloque1/Alnus_acuminata/6334825456_0.jpg,Alnus acuminata,6334825456,train
dataset_serb_bloque1/Alnus_acuminata/6334825456_1.jpg,Alnus acuminata,6334825456,train
dataset_serb_bloque1/Alnus_acuminata/6334657444_0.jpg,Alnus acuminata,6334657444,train
dataset_serb_bloque1/Alnus_acuminata/6334962863_0.jpg,Alnus acuminata,6334962863,train
dataset_serb_bloque1/Alnus_acuminata/6334962863_1.jpg,Alnus acuminata,6334962863,train
dataset_serb_bloque1/Alnus_acuminata/6334962863_3.jpg,Alnus acuminata,6334962863,train
dataset_serb_bloque1/Alnus_acuminata/6334962863_2.jpg,Alnus acuminata,6334962863,train
dataset_serb_bloque1/Alnus_acuminata/6333879349_0.jpg,Alnus acuminata,6333879349,train
dataset_serb_bloque1/Alnus_acuminata/6333879349_1.jpg,Alnus acuminata,6333879349,train
dataset_serb_bloque1/Alnus_acuminata/6185460444_1.jpg,Alnus acuminata,6185460444,train
dataset_serb_bloque1/Alnus_acuminata/6185460444_0.jpg,Alnus acuminata,6185460444,train
dataset_serb_bloque1/Alnus_acuminata/6499074250_0.jpg,Alnus acuminata,6499074250,train
dataset_serb_bloque1/Alnus_acuminata/6253043592_3.jpg,Alnus acuminata,6253043592,train
dataset_serb_bloque1/Alnus_acuminata/6253043592_2.jpg,Alnus acuminata,6253043592,train
dataset_serb_bloque1/Alnus_acuminata/6253043592_4.jpg,Alnus acuminata,6253043592,train
dataset_serb_bloque1/Alnus_acuminata/6253043592_1.jpg,Alnus acuminata,6253043592,train
dataset_serb_bloque1/Alnus_acuminata/6253043592_0.jpg,Alnus acuminata,6253043592,train
dataset_serb_bloque1/Alnus_acuminata/6253043592_5.jpg,Alnus acuminata,6253043592,train
dataset_serb_bloque1/Alnus_acuminata/6335004000_0.jpg,Alnus acuminata,6335004000,train
dataset_serb_bloque1/Alnus_acuminata/6334191514_2.jpg,Alnus acuminata,6334191514,train
dataset_serb_bloque1/Alnus_acuminata/6334191514_3.jpg,Alnus acuminata,6334191514,train
dataset_serb_bloque1/Alnus_acuminata/6334191514_1.jpg,Alnus acuminata,6334191514,train
dataset_serb_bloque1/Alnus_acuminata/6334191514_4.jpg,Alnus acuminata,6334191514,train
dataset_serb_bloque1/Alnus_acuminata/6334191514_0.jpg,Alnus acuminata,6334191514,train
dataset_serb_bloque1/Alnus_acuminata/6499181811_0.jpg,Alnus acuminata,6499181811,train
dataset_serb_bloque1/Alnus_acuminata/6334549725_0.jpg,Alnus acuminata,6334549725,train
dataset_serb_bloque1/Alnus_acuminata/6273874119_0.jpg,Alnus acuminata,6273874119,train
dataset_serb_bloque1/Alnus_acuminata/6498143598_0.jpg,Alnus acuminata,6498143598,train
dataset_serb_bloque1/Alnus_acuminata/6498143598_2.jpg,Alnus acuminata,6498143598,train
dataset_serb_bloque1/Alnus_acuminata/6498143598_3.jpg,Alnus acuminata,6498143598,train
dataset_serb_bloque1/Alnus_acuminata/6498143598_1.jpg,Alnus acuminata,6498143598,train
dataset_serb_bloque1/Alnus_acuminata/6334830493_2.jpg,Alnus acuminata,6334830493,train
dataset_serb_bloque1/Alnus_acuminata/6334830493_1.jpg,Alnus acuminata,6334830493,train
dataset_serb_bloque1/Alnus_acuminata/6334830493_0.jpg,Alnus acuminata,6334830493,train
dataset_serb_bloque1/Alnus_acuminata/6234367892_0.jpg,Alnus acuminata,6234367892,train
dataset_serb_bloque1/Alnus_acuminata/6422584842_0.jpg,Alnus acuminata,6422584842,train
dataset_serb_bloque1/Alnus_acuminata/6234267109_1.jpg,Alnus acuminata,6234267109,train
dataset_serb_bloque1/Alnus_acuminata/6234267109_0.jpg,Alnus acuminata,6234267109,train
dataset_serb_bloque1/Alnus_acuminata/6236417542_0.jpg,Alnus acuminata,6236417542,train
dataset_serb_bloque1/Alnus_acuminata/6334801456_0.jpg,Alnus acuminata,6334801456,train
dataset_serb_bloque1/Alnus_acuminata/6185005931_0.jpg,Alnus acuminata,6185005931,train
dataset_serb_bloque1/Alnus_acuminata/6185005931_1.jpg,Alnus acuminata,6185005931,train
dataset_serb_bloque1/Alnus_acuminata/6334599800_0.jpg,Alnus acuminata,6334599800,train
dataset_serb_bloque1/Alnus_acuminata/6334699882_1.jpg,Alnus acuminata,6334699882,train
dataset_serb_bloque1/Alnus_acuminata/6334699882_0.jpg,Alnus acuminata,6334699882,train
dataset_serb_bloque1/Alnus_acuminata/6235426407_1.jpg,Alnus acuminata,6235426407,train
dataset_serb_bloque1/Alnus_acuminata/6235426407_0.jpg,Alnus acuminata,6235426407,train
dataset_serb_bloque1/Alnus_acuminata/6236261945_0.jpg,Alnus acuminata,6236261945,train
dataset_serb_bloque1/Alnus_acuminata/6334377498_0.jpg,Alnus acuminata,6334377498,train
dataset_serb_bloque1/Alnus_acuminata/6195286511_0.jpg,Alnus acuminata,6195286511,train
dataset_serb_bloque2/Quercus_resinosa/6133094640_2.jpg,Quercus_spp,6133094640,val
dataset_serb_bloque2/Quercus_resinosa/6133094640_1.jpg,Quercus_spp,6133094640,val
dataset_serb_bloque2/Quercus_resinosa/6133094640_3.jpg,Quercus_spp,6133094640,val
dataset_serb_bloque2/Quercus_resinosa/6133094640_4.jpg,Quercus_spp,6133094640,val
dataset_serb_bloque2/Quercus_resinosa/6133094640_0.jpg,Quercus_spp,6133094640,val
dataset_serb_bloque2/Quercus_castanea/6185322557_3.jpg,Quercus_spp,6185322557,val
dataset_serb_bloque2/Quercus_castanea/6185322557_2.jpg,Quercus_spp,6185322557,val
dataset_serb_bloque2/Quercus_castanea/6185322557_4.jpg,Quercus_spp,6185322557,val
dataset_serb_bloque2/Quercus_castanea/6185322557_1.jpg,Quercus_spp,6185322557,val
dataset_serb_bloque2/Quercus_castanea/6185322557_0.jpg,Quercus_spp,6185322557,val
dataset_serb_bloque2/Quercus_resinosa/6159606941_0.jpg,Quercus_spp,6159606941,val
dataset_serb_bloque2/Quercus_castanea/6235762222_0.jpg,Quercus_spp,6235762222,val
dataset_serb_bloque2/Quercus_resinosa/6252033235_1.jpg,Quercus_spp,6252033235,val
dataset_serb_bloque2/Quercus_resinosa/6252033235_0.jpg,Quercus_spp,6252033235,val
dataset_serb_bloque2/Quercus_castanea/6184946765_0.jpg,Quercus_spp,6184946765,test
dataset_serb_bloque2/Quercus_laeta/5231062904_0.jpg,Quercus_spp,5231062904,test
dataset_serb_bloque2/Quercus_laeta/5231062904_1.jpg,Quercus_spp,5231062904,test
dataset_serb_bloque2/Quercus_magnoliifolia/5063278999_0.jpg,Quercus_spp,5063278999,test
dataset_serb_bloque2/Quercus_laeta/6499861592_0.jpg,Quercus_spp,6499861592,test
dataset_serb_bloque2/Quercus_laeta/6499861592_1.jpg,Quercus_spp,6499861592,test
dataset_serb_bloque2/Quercus_laeta/6499861592_2.jpg,Quercus_spp,6499861592,test
dataset_serb_bloque2/Quercus_laeta/5231247030_1.jpg,Quercus_spp,5231247030,test
dataset_serb_bloque2/Quercus_laeta/5231247030_0.jpg,Quercus_spp,5231247030,test
dataset_serb_bloque2/Quercus_laeta/5231247030_2.jpg,Quercus_spp,5231247030,test
dataset_serb_bloque2/Quercus_laeta/5837809719_2.jpg,Quercus_spp,5837809719,train
dataset_serb_bloque2/Quercus_laeta/5837809719_1.jpg,Quercus_spp,5837809719,train
dataset_serb_bloque2/Quercus_laeta/5837809719_0.jpg,Quercus_spp,5837809719,train
dataset_serb_bloque2/Quercus_laeta/5837809719_3.jpg,Quercus_spp,5837809719,train
dataset_serb_bloque2/Quercus_castanea/6184876829_0.jpg,Quercus_spp,6184876829,train
dataset_serb_bloque2/Quercus_castanea/6184876829_1.jpg,Quercus_spp,6184876829,train
dataset_serb_bloque2/Quercus_castanea/6184876829_2.jpg,Quercus_spp,6184876829,train
dataset_serb_bloque2/Quercus_magnoliifolia/5069923461_3.jpg,Quercus_spp,5069923461,train
dataset_serb_bloque2/Quercus_magnoliifolia/5069923461_5.jpg,Quercus_spp,5069923461,train
dataset_serb_bloque2/Quercus_magnoliifolia/5069923461_0.jpg,Quercus_spp,5069923461,train
dataset_serb_bloque2/Quercus_magnoliifolia/5069923461_1.jpg,Quercus_spp,5069923461,train
dataset_serb_bloque2/Quercus_magnoliifolia/5069923461_4.jpg,Quercus_spp,5069923461,train
dataset_serb_bloque2/Quercus_magnoliifolia/5069923461_2.jpg,Quercus_spp,5069923461,train
dataset_serb_bloque2/Quercus_magnoliifolia/5086943873_1.jpg,Quercus_spp,5086943873,train
dataset_serb_bloque2/Quercus_magnoliifolia/5086943873_0.jpg,Quercus_spp,5086943873,train
dataset_serb_bloque2/Quercus_resinosa/6234949746_0.jpg,Quercus_spp,6234949746,train
dataset_serb_bloque2/Quercus_resinosa/6234949746_1.jpg,Quercus_spp,6234949746,train
dataset_serb_bloque2/Quercus_resinosa/6130025275_1.jpg,Quercus_spp,6130025275,train
dataset_serb_bloque2/Quercus_resinosa/6130025275_0.jpg,Quercus_spp,6130025275,train
dataset_serb_bloque2/Quercus_resinosa/6159465904_1.jpg,Quercus_spp,6159465904,train
dataset_serb_bloque2/Quercus_resinosa/6159465904_0.jpg,Quercus_spp,6159465904,train
dataset_serb_bloque2/Quercus_resinosa/6159465904_2.jpg,Quercus_spp,6159465904,train
dataset_serb_bloque2/Quercus_magnoliifolia/4519128692_2.jpg,Quercus_spp,4519128692,train
dataset_serb_bloque2/Quercus_magnoliifolia/4519128692_3.jpg,Quercus_spp,4519128692,train
dataset_serb_bloque2/Quercus_magnoliifolia/4519128692_0.jpg,Quercus_spp,4519128692,train
dataset_serb_bloque2/Quercus_magnoliifolia/4519128692_4.jpg,Quercus_spp,4519128692,train
dataset_serb_bloque2/Quercus_magnoliifolia/4519128692_1.jpg,Quercus_spp,4519128692,train
dataset_serb_bloque2/Quercus_laeta/5837841896_1.jpg,Quercus_spp,5837841896,train
dataset_serb_bloque2/Quercus_laeta/5837841896_0.jpg,Quercus_spp,5837841896,train
dataset_serb_bloque2/Quercus_resinosa/6480046577_1.jpg,Quercus_spp,6480046577,train
dataset_serb_bloque2/Quercus_resinosa/6480046577_0.jpg,Quercus_spp,6480046577,train
dataset_serb_bloque2/Quercus_castanea/6253237318_0.jpg,Quercus_spp,6253237318,train
dataset_serb_bloque2/Quercus_castanea/6253237318_1.jpg,Quercus_spp,6253237318,train
dataset_serb_bloque2/Quercus_magnoliifolia/4901096415_0.jpg,Quercus_spp,4901096415,train
dataset_serb_bloque2/Quercus_magnoliifolia/4901096415_6.jpg,Quercus_spp,4901096415,train
dataset_serb_bloque2/Quercus_magnoliifolia/4901096415_5.jpg,Quercus_spp,4901096415,train
dataset_serb_bloque2/Quercus_magnoliifolia/4901096415_1.jpg,Quercus_spp,4901096415,train
dataset_serb_bloque2/Quercus_magnoliifolia/4901096415_2.jpg,Quercus_spp,4901096415,train
dataset_serb_bloque2/Quercus_magnoliifolia/4901096415_4.jpg,Quercus_spp,4901096415,train
dataset_serb_bloque2/Quercus_magnoliifolia/4901096415_3.jpg,Quercus_spp,4901096415,train
dataset_serb_bloque2/Quercus_castanea/6236374701_0.jpg,Quercus_spp,6236374701,train
dataset_serb_bloque2/Quercus_magnoliifolia/5889244719_1.jpg,Quercus_spp,5889244719,train
dataset_serb_bloque2/Quercus_magnoliifolia/5889244719_3.jpg,Quercus_spp,5889244719,train
dataset_serb_bloque2/Quercus_magnoliifolia/5889244719_0.jpg,Quercus_spp,5889244719,train
dataset_serb_bloque2/Quercus_magnoliifolia/5889244719_2.jpg,Quercus_spp,5889244719,train
dataset_serb_bloque2/Quercus_resinosa/6147418888_1.jpg,Quercus_spp,6147418888,train
dataset_serb_bloque2/Quercus_resinosa/6147418888_0.jpg,Quercus_spp,6147418888,train
dataset_serb_bloque2/Quercus_laeta/5837679576_1.jpg,Quercus_spp,5837679576,train
dataset_serb_bloque2/Quercus_laeta/5837679576_0.jpg,Quercus_spp,5837679576,train
dataset_serb_bloque2/Quercus_castanea/6236478458_0.jpg,Quercus_spp,6236478458,train
dataset_serb_bloque2/Quercus_magnoliifolia/5844152353_1.jpg,Quercus_spp,5844152353,train
dataset_serb_bloque2/Quercus_magnoliifolia/5844152353_2.jpg,Quercus_spp,5844152353,train
dataset_serb_bloque2/Quercus_magnoliifolia/5844152353_0.jpg,Quercus_spp,5844152353,train
dataset_serb_bloque2/Quercus_magnoliifolia/4921651728_3.jpg,Quercus_spp,4921651728,train
dataset_serb_bloque2/Quercus_magnoliifolia/4921651728_2.jpg,Quercus_spp,4921651728,train
dataset_serb_bloque2/Quercus_magnoliifolia/4921651728_1.jpg,Quercus_spp,4921651728,train
dataset_serb_bloque2/Quercus_magnoliifolia/4921651728_0.jpg,Quercus_spp,4921651728,train
dataset_serb_bloque2/Quercus_laeta/5154695620_6.jpg,Quercus_spp,5154695620,train
dataset_serb_bloque2/Quercus_laeta/5154695620_0.jpg,Quercus_spp,5154695620,train
dataset_serb_bloque2/Quercus_laeta/5154695620_4.jpg,Quercus_spp,5154695620,train
dataset_serb_bloque2/Quercus_laeta/5154695620_3.jpg,Quercus_spp,5154695620,train
dataset_serb_bloque2/Quercus_laeta/5154695620_1.jpg,Quercus_spp,5154695620,train
dataset_serb_bloque2/Quercus_laeta/5154695620_2.jpg,Quercus_spp,5154695620,train
dataset_serb_bloque2/Quercus_laeta/5154695620_5.jpg,Quercus_spp,5154695620,train
dataset_serb_bloque2/Quercus_castanea/6185195739_0.jpg,Quercus_spp,6185195739,train
dataset_serb_bloque2/Quercus_castanea/6185195739_1.jpg,Quercus_spp,6185195739,train
dataset_serb_bloque2/Quercus_laeta/5837662320_1.jpg,Quercus_spp,5837662320,train
dataset_serb_bloque2/Quercus_laeta/5837662320_2.jpg,Quercus_spp,5837662320,train
dataset_serb_bloque2/Quercus_laeta/5837662320_0.jpg,Quercus_spp,5837662320,train
dataset_serb_bloque2/Quercus_laeta/5837662320_3.jpg,Quercus_spp,5837662320,train
dataset_serb_bloque2/Buddleja_sessiliflora/6178860901_1.jpg,Buddleja sessiliflora,6178860901,val
dataset_serb_bloque2/Buddleja_sessiliflora/6178860901_0.jpg,Buddleja sessiliflora,6178860901,val
dataset_serb_bloque2/Buddleja_sessiliflora/6162874222_0.jpg,Buddleja sessiliflora,6162874222,val
dataset_serb_bloque2/Buddleja_sessiliflora/6147228824_1.jpg,Buddleja sessiliflora,6147228824,val
dataset_serb_bloque2/Buddleja_sessiliflora/6147228824_0.jpg,Buddleja sessiliflora,6147228824,val
dataset_serb_bloque2/Buddleja_sessiliflora/6159150998_0.jpg,Buddleja sessiliflora,6159150998,val
dataset_serb_bloque2/Buddleja_sessiliflora/6147606368_1.jpg,Buddleja sessiliflora,6147606368,val
dataset_serb_bloque2/Buddleja_sessiliflora/6147606368_0.jpg,Buddleja sessiliflora,6147606368,val
dataset_serb_bloque2/Buddleja_sessiliflora/6162789734_0.jpg,Buddleja sessiliflora,6162789734,val
dataset_serb_bloque2/Buddleja_sessiliflora/6162789734_1.jpg,Buddleja sessiliflora,6162789734,val
dataset_serb_bloque2/Buddleja_sessiliflora/6178375319_0.jpg,Buddleja sessiliflora,6178375319,test
dataset_serb_bloque2/Buddleja_sessiliflora/6178375319_1.jpg,Buddleja sessiliflora,6178375319,test
dataset_serb_bloque2/Buddleja_sessiliflora/6159642875_0.jpg,Buddleja sessiliflora,6159642875,test
dataset_serb_bloque2/Buddleja_sessiliflora/6159642875_1.jpg,Buddleja sessiliflora,6159642875,test
dataset_serb_bloque2/Buddleja_sessiliflora/6133221492_0.jpg,Buddleja sessiliflora,6133221492,test
dataset_serb_bloque2/Buddleja_sessiliflora/6133221492_1.jpg,Buddleja sessiliflora,6133221492,test
dataset_serb_bloque2/Buddleja_sessiliflora/6147408012_0.jpg,Buddleja sessiliflora,6147408012,test
dataset_serb_bloque2/Buddleja_sessiliflora/6147408012_1.jpg,Buddleja sessiliflora,6147408012,test
dataset_serb_bloque2/Buddleja_sessiliflora/6147408012_4.jpg,Buddleja sessiliflora,6147408012,test
dataset_serb_bloque2/Buddleja_sessiliflora/6147408012_3.jpg,Buddleja sessiliflora,6147408012,test
dataset_serb_bloque2/Buddleja_sessiliflora/6147408012_5.jpg,Buddleja sessiliflora,6147408012,test
dataset_serb_bloque2/Buddleja_sessiliflora/6147408012_2.jpg,Buddleja sessiliflora,6147408012,test
dataset_serb_bloque2/Buddleja_sessiliflora/6188380545_0.jpg,Buddleja sessiliflora,6188380545,test
dataset_serb_bloque2/Buddleja_sessiliflora/6171234362_1.jpg,Buddleja sessiliflora,6171234362,test
dataset_serb_bloque2/Buddleja_sessiliflora/6171234362_0.jpg,Buddleja sessiliflora,6171234362,test
dataset_serb_bloque2/Buddleja_sessiliflora/6178986945_1.jpg,Buddleja sessiliflora,6178986945,train
dataset_serb_bloque2/Buddleja_sessiliflora/6178986945_0.jpg,Buddleja sessiliflora,6178986945,train
dataset_serb_bloque2/Buddleja_sessiliflora/6178328662_0.jpg,Buddleja sessiliflora,6178328662,train
dataset_serb_bloque2/Buddleja_sessiliflora/6178328662_1.jpg,Buddleja sessiliflora,6178328662,train
dataset_serb_bloque2/Buddleja_sessiliflora/6159691730_0.jpg,Buddleja sessiliflora,6159691730,train
dataset_serb_bloque2/Buddleja_sessiliflora/6159691730_1.jpg,Buddleja sessiliflora,6159691730,train
dataset_serb_bloque2/Buddleja_sessiliflora/6163252703_0.jpg,Buddleja sessiliflora,6163252703,train
dataset_serb_bloque2/Buddleja_sessiliflora/6163252703_1.jpg,Buddleja sessiliflora,6163252703,train
dataset_serb_bloque2/Buddleja_sessiliflora/6163241883_1.jpg,Buddleja sessiliflora,6163241883,train
dataset_serb_bloque2/Buddleja_sessiliflora/6163241883_2.jpg,Buddleja sessiliflora,6163241883,train
dataset_serb_bloque2/Buddleja_sessiliflora/6163241883_0.jpg,Buddleja sessiliflora,6163241883,train
dataset_serb_bloque2/Buddleja_sessiliflora/6162857604_0.jpg,Buddleja sessiliflora,6162857604,train
dataset_serb_bloque2/Buddleja_sessiliflora/6162857604_1.jpg,Buddleja sessiliflora,6162857604,train
dataset_serb_bloque2/Buddleja_sessiliflora/6179400713_0.jpg,Buddleja sessiliflora,6179400713,train
dataset_serb_bloque2/Buddleja_sessiliflora/6171029212_2.jpg,Buddleja sessiliflora,6171029212,train
dataset_serb_bloque2/Buddleja_sessiliflora/6171029212_1.jpg,Buddleja sessiliflora,6171029212,train
dataset_serb_bloque2/Buddleja_sessiliflora/6171029212_3.jpg,Buddleja sessiliflora,6171029212,train
dataset_serb_bloque2/Buddleja_sessiliflora/6171029212_4.jpg,Buddleja sessiliflora,6171029212,train
dataset_serb_bloque2/Buddleja_sessiliflora/6171029212_0.jpg,Buddleja sessiliflora,6171029212,train
dataset_serb_bloque2/Buddleja_sessiliflora/6147355933_0.jpg,Buddleja sessiliflora,6147355933,train
dataset_serb_bloque2/Buddleja_sessiliflora/6147355933_1.jpg,Buddleja sessiliflora,6147355933,train
dataset_serb_bloque2/Buddleja_sessiliflora/6147355933_4.jpg,Buddleja sessiliflora,6147355933,train
dataset_serb_bloque2/Buddleja_sessiliflora/6147355933_3.jpg,Buddleja sessiliflora,6147355933,train
dataset_serb_bloque2/Buddleja_sessiliflora/6147355933_2.jpg,Buddleja sessiliflora,6147355933,train
dataset_serb_bloque2/Buddleja_sessiliflora/6179095080_1.jpg,Buddleja sessiliflora,6179095080,train
dataset_serb_bloque2/Buddleja_sessiliflora/6179095080_0.jpg,Buddleja sessiliflora,6179095080,train
dataset_serb_bloque2/Buddleja_sessiliflora/6159304861_0.jpg,Buddleja sessiliflora,6159304861,train
dataset_serb_bloque2/Buddleja_sessiliflora/6159304861_2.jpg,Buddleja sessiliflora,6159304861,train
dataset_serb_bloque2/Buddleja_sessiliflora/6159304861_1.jpg,Buddleja sessiliflora,6159304861,train
dataset_serb_bloque2/Buddleja_sessiliflora/6178927376_0.jpg,Buddleja sessiliflora,6178927376,train
dataset_serb_bloque2/Buddleja_sessiliflora/6178927376_1.jpg,Buddleja sessiliflora,6178927376,train
dataset_serb_bloque2/Buddleja_sessiliflora/6178736564_0.jpg,Buddleja sessiliflora,6178736564,train
dataset_serb_bloque2/Buddleja_sessiliflora/6147280760_4.jpg,Buddleja sessiliflora,6147280760,train
dataset_serb_bloque2/Buddleja_sessiliflora/6147280760_2.jpg,Buddleja sessiliflora,6147280760,train
dataset_serb_bloque2/Buddleja_sessiliflora/6147280760_0.jpg,Buddleja sessiliflora,6147280760,train
dataset_serb_bloque2/Buddleja_sessiliflora/6147280760_3.jpg,Buddleja sessiliflora,6147280760,train
dataset_serb_bloque2/Buddleja_sessiliflora/6147280760_1.jpg,Buddleja sessiliflora,6147280760,train
dataset_serb_bloque2/Buddleja_sessiliflora/6147280760_5.jpg,Buddleja sessiliflora,6147280760,train
dataset_serb_bloque2/Buddleja_sessiliflora/6159558953_0.jpg,Buddleja sessiliflora,6159558953,train
dataset_serb_bloque2/Buddleja_sessiliflora/6147229957_2.jpg,Buddleja sessiliflora,6147229957,train
dataset_serb_bloque2/Buddleja_sessiliflora/6147229957_3.jpg,Buddleja sessiliflora,6147229957,train
dataset_serb_bloque2/Buddleja_sessiliflora/6147229957_1.jpg,Buddleja sessiliflora,6147229957,train
dataset_serb_bloque2/Buddleja_sessiliflora/6147229957_0.jpg,Buddleja sessiliflora,6147229957,train
dataset_serb_bloque2/Buddleja_sessiliflora/6159333247_0.jpg,Buddleja sessiliflora,6159333247,train
dataset_serb_bloque2/Buddleja_sessiliflora/6159333247_1.jpg,Buddleja sessiliflora,6159333247,train
dataset_serb_bloque2/Buddleja_sessiliflora/6163121379_0.jpg,Buddleja sessiliflora,6163121379,train
dataset_serb_bloque2/Buddleja_sessiliflora/6163121379_2.jpg,Buddleja sessiliflora,6163121379,train
dataset_serb_bloque2/Buddleja_sessiliflora/6163121379_1.jpg,Buddleja sessiliflora,6163121379,train
dataset_serb_bloque2/Buddleja_sessiliflora/6133326710_1.jpg,Buddleja sessiliflora,6133326710,train
dataset_serb_bloque2/Buddleja_sessiliflora/6133326710_0.jpg,Buddleja sessiliflora,6133326710,train
dataset_serb_bloque2/Buddleja_sessiliflora/6178880097_1.jpg,Buddleja sessiliflora,6178880097,train
dataset_serb_bloque2/Buddleja_sessiliflora/6178880097_0.jpg,Buddleja sessiliflora,6178880097,train
dataset_serb_bloque2/Buddleja_sessiliflora/6179282063_3.jpg,Buddleja sessiliflora,6179282063,train
dataset_serb_bloque2/Buddleja_sessiliflora/6179282063_0.jpg,Buddleja sessiliflora,6179282063,train
dataset_serb_bloque2/Buddleja_sessiliflora/6179282063_4.jpg,Buddleja sessiliflora,6179282063,train
dataset_serb_bloque2/Buddleja_sessiliflora/6179282063_2.jpg,Buddleja sessiliflora,6179282063,train
dataset_serb_bloque2/Buddleja_sessiliflora/6179282063_1.jpg,Buddleja sessiliflora,6179282063,train
dataset_serb_bloque2/Buddleja_sessiliflora/6179282063_5.jpg,Buddleja sessiliflora,6179282063,train
dataset_serb_bloque2/Buddleja_sessiliflora/6133238943_1.jpg,Buddleja sessiliflora,6133238943,train
dataset_serb_bloque2/Buddleja_sessiliflora/6133238943_2.jpg,Buddleja sessiliflora,6133238943,train
dataset_serb_bloque2/Buddleja_sessiliflora/6133238943_3.jpg,Buddleja sessiliflora,6133238943,train
dataset_serb_bloque2/Buddleja_sessiliflora/6133238943_0.jpg,Buddleja sessiliflora,6133238943,train
dataset_serb_bloque2/Buddleja_sessiliflora/6147442115_1.jpg,Buddleja sessiliflora,6147442115,train
dataset_serb_bloque2/Buddleja_sessiliflora/6147442115_2.jpg,Buddleja sessiliflora,6147442115,train
dataset_serb_bloque2/Buddleja_sessiliflora/6147442115_0.jpg,Buddleja sessiliflora,6147442115,train
dataset_serb_bloque2/Buddleja_sessiliflora/6178345584_0.jpg,Buddleja sessiliflora,6178345584,train
dataset_serb_bloque2/Buddleja_sessiliflora/6147707328_1.jpg,Buddleja sessiliflora,6147707328,train
dataset_serb_bloque2/Buddleja_sessiliflora/6147707328_0.jpg,Buddleja sessiliflora,6147707328,train
dataset_serb_bloque2/Buddleja_sessiliflora/6163334578_0.jpg,Buddleja sessiliflora,6163334578,train
dataset_serb_bloque2/Buddleja_sessiliflora/6163188639_0.jpg,Buddleja sessiliflora,6163188639,train
dataset_serb_bloque2/Buddleja_sessiliflora/6163320282_0.jpg,Buddleja sessiliflora,6163320282,train
dataset_serb_bloque2/Symphoricarpos_microphyllus/4102765651_0.jpg,Symphoricarpos microphyllus,4102765651,val
dataset_serb_bloque2/Symphoricarpos_microphyllus/4424212596_0.jpg,Symphoricarpos microphyllus,4424212596,val
dataset_serb_bloque2/Symphoricarpos_microphyllus/4127396703_1.jpg,Symphoricarpos microphyllus,4127396703,val
dataset_serb_bloque2/Symphoricarpos_microphyllus/4127396703_0.jpg,Symphoricarpos microphyllus,4127396703,val
dataset_serb_bloque2/Symphoricarpos_microphyllus/4145636241_1.jpg,Symphoricarpos microphyllus,4145636241,val
dataset_serb_bloque2/Symphoricarpos_microphyllus/4145636241_0.jpg,Symphoricarpos microphyllus,4145636241,val
dataset_serb_bloque2/Symphoricarpos_microphyllus/4458637307_0.jpg,Symphoricarpos microphyllus,4458637307,val
dataset_serb_bloque2/Symphoricarpos_microphyllus/4424156187_0.jpg,Symphoricarpos microphyllus,4424156187,val
dataset_serb_bloque2/Symphoricarpos_microphyllus/4424156187_1.jpg,Symphoricarpos microphyllus,4424156187,val
dataset_serb_bloque2/Symphoricarpos_microphyllus/4424156187_2.jpg,Symphoricarpos microphyllus,4424156187,val
dataset_serb_bloque2/Symphoricarpos_microphyllus/4424156187_3.jpg,Symphoricarpos microphyllus,4424156187,val
dataset_serb_bloque2/Symphoricarpos_microphyllus/4852393281_0.jpg,Symphoricarpos microphyllus,4852393281,val
dataset_serb_bloque2/Symphoricarpos_microphyllus/4453693168_0.jpg,Symphoricarpos microphyllus,4453693168,val
dataset_serb_bloque2/Symphoricarpos_microphyllus/4453693168_1.jpg,Symphoricarpos microphyllus,4453693168,val
dataset_serb_bloque2/Symphoricarpos_microphyllus/3923588040_0.jpg,Symphoricarpos microphyllus,3923588040,val
dataset_serb_bloque2/Symphoricarpos_microphyllus/4424302829_0.jpg,Symphoricarpos microphyllus,4424302829,val
dataset_serb_bloque2/Symphoricarpos_microphyllus/4851821541_0.jpg,Symphoricarpos microphyllus,4851821541,test
dataset_serb_bloque2/Symphoricarpos_microphyllus/4851821541_1.jpg,Symphoricarpos microphyllus,4851821541,test
dataset_serb_bloque2/Symphoricarpos_microphyllus/4458574662_2.jpg,Symphoricarpos microphyllus,4458574662,test
dataset_serb_bloque2/Symphoricarpos_microphyllus/4458574662_1.jpg,Symphoricarpos microphyllus,4458574662,test
dataset_serb_bloque2/Symphoricarpos_microphyllus/4458574662_0.jpg,Symphoricarpos microphyllus,4458574662,test
dataset_serb_bloque2/Symphoricarpos_microphyllus/4420724386_0.jpg,Symphoricarpos microphyllus,4420724386,test
dataset_serb_bloque2/Symphoricarpos_microphyllus/4424332444_0.jpg,Symphoricarpos microphyllus,4424332444,test
dataset_serb_bloque2/Symphoricarpos_microphyllus/4424332444_1.jpg,Symphoricarpos microphyllus,4424332444,test
dataset_serb_bloque2/Symphoricarpos_microphyllus/3802395460_0.jpg,Symphoricarpos microphyllus,3802395460,test
dataset_serb_bloque2/Symphoricarpos_microphyllus/4424645756_0.jpg,Symphoricarpos microphyllus,4424645756,test
dataset_serb_bloque2/Symphoricarpos_microphyllus/4458332227_0.jpg,Symphoricarpos microphyllus,4458332227,test
dataset_serb_bloque2/Symphoricarpos_microphyllus/4458332227_1.jpg,Symphoricarpos microphyllus,4458332227,test
dataset_serb_bloque2/Symphoricarpos_microphyllus/3860228582_0.jpg,Symphoricarpos microphyllus,3860228582,test
dataset_serb_bloque2/Symphoricarpos_microphyllus/3860228582_1.jpg,Symphoricarpos microphyllus,3860228582,test
dataset_serb_bloque2/Symphoricarpos_microphyllus/3860228582_2.jpg,Symphoricarpos microphyllus,3860228582,test
dataset_serb_bloque2/Symphoricarpos_microphyllus/4145440835_0.jpg,Symphoricarpos microphyllus,4145440835,test
dataset_serb_bloque2/Symphoricarpos_microphyllus/4465521971_1.jpg,Symphoricarpos microphyllus,4465521971,test
dataset_serb_bloque2/Symphoricarpos_microphyllus/4465521971_0.jpg,Symphoricarpos microphyllus,4465521971,test
dataset_serb_bloque2/Symphoricarpos_microphyllus/4111904456_0.jpg,Symphoricarpos microphyllus,4111904456,train
dataset_serb_bloque2/Symphoricarpos_microphyllus/4039355632_0.jpg,Symphoricarpos microphyllus,4039355632,train
dataset_serb_bloque2/Symphoricarpos_microphyllus/4936842186_2.jpg,Symphoricarpos microphyllus,4936842186,train
dataset_serb_bloque2/Symphoricarpos_microphyllus/4936842186_0.jpg,Symphoricarpos microphyllus,4936842186,train
dataset_serb_bloque2/Symphoricarpos_microphyllus/4936842186_1.jpg,Symphoricarpos microphyllus,4936842186,train
dataset_serb_bloque2/Symphoricarpos_microphyllus/4112033365_1.jpg,Symphoricarpos microphyllus,4112033365,train
dataset_serb_bloque2/Symphoricarpos_microphyllus/4112033365_0.jpg,Symphoricarpos microphyllus,4112033365,train
dataset_serb_bloque2/Symphoricarpos_microphyllus/3873800367_0.jpg,Symphoricarpos microphyllus,3873800367,train
dataset_serb_bloque2/Symphoricarpos_microphyllus/3873800367_2.jpg,Symphoricarpos microphyllus,3873800367,train
dataset_serb_bloque2/Symphoricarpos_microphyllus/3873800367_1.jpg,Symphoricarpos microphyllus,3873800367,train
dataset_serb_bloque2/Symphoricarpos_microphyllus/4430950147_0.jpg,Symphoricarpos microphyllus,4430950147,train
dataset_serb_bloque2/Symphoricarpos_microphyllus/4130229492_1.jpg,Symphoricarpos microphyllus,4130229492,train
dataset_serb_bloque2/Symphoricarpos_microphyllus/4130229492_2.jpg,Symphoricarpos microphyllus,4130229492,train
dataset_serb_bloque2/Symphoricarpos_microphyllus/4130229492_0.jpg,Symphoricarpos microphyllus,4130229492,train
dataset_serb_bloque2/Symphoricarpos_microphyllus/4130229492_4.jpg,Symphoricarpos microphyllus,4130229492,train
dataset_serb_bloque2/Symphoricarpos_microphyllus/4130229492_3.jpg,Symphoricarpos microphyllus,4130229492,train
dataset_serb_bloque2/Symphoricarpos_microphyllus/4130229492_5.jpg,Symphoricarpos microphyllus,4130229492,train
dataset_serb_bloque2/Symphoricarpos_microphyllus/4145452483_1.jpg,Symphoricarpos microphyllus,4145452483,train
dataset_serb_bloque2/Symphoricarpos_microphyllus/4145452483_0.jpg,Symphoricarpos microphyllus,4145452483,train
dataset_serb_bloque2/Symphoricarpos_microphyllus/4910656125_0.jpg,Symphoricarpos microphyllus,4910656125,train
dataset_serb_bloque2/Symphoricarpos_microphyllus/4424529396_0.jpg,Symphoricarpos microphyllus,4424529396,train
dataset_serb_bloque2/Symphoricarpos_microphyllus/4424529396_1.jpg,Symphoricarpos microphyllus,4424529396,train
dataset_serb_bloque2/Symphoricarpos_microphyllus/4130286415_5.jpg,Symphoricarpos microphyllus,4130286415,train
dataset_serb_bloque2/Symphoricarpos_microphyllus/4130286415_3.jpg,Symphoricarpos microphyllus,4130286415,train
dataset_serb_bloque2/Symphoricarpos_microphyllus/4130286415_4.jpg,Symphoricarpos microphyllus,4130286415,train
dataset_serb_bloque2/Symphoricarpos_microphyllus/4130286415_2.jpg,Symphoricarpos microphyllus,4130286415,train
dataset_serb_bloque2/Symphoricarpos_microphyllus/4130286415_6.jpg,Symphoricarpos microphyllus,4130286415,train
dataset_serb_bloque2/Symphoricarpos_microphyllus/4130286415_1.jpg,Symphoricarpos microphyllus,4130286415,train
dataset_serb_bloque2/Symphoricarpos_microphyllus/4130286415_0.jpg,Symphoricarpos microphyllus,4130286415,train
dataset_serb_bloque2/Symphoricarpos_microphyllus/4424612105_0.jpg,Symphoricarpos microphyllus,4424612105,train
dataset_serb_bloque2/Symphoricarpos_microphyllus/4852875829_1.jpg,Symphoricarpos microphyllus,4852875829,train
dataset_serb_bloque2/Symphoricarpos_microphyllus/4852875829_0.jpg,Symphoricarpos microphyllus,4852875829,train
dataset_serb_bloque2/Symphoricarpos_microphyllus/3892304959_1.jpg,Symphoricarpos microphyllus,3892304959,train
dataset_serb_bloque2/Symphoricarpos_microphyllus/3892304959_0.jpg,Symphoricarpos microphyllus,3892304959,train
dataset_serb_bloque2/Symphoricarpos_microphyllus/4067213772_0.jpg,Symphoricarpos microphyllus,4067213772,train
dataset_serb_bloque2/Symphoricarpos_microphyllus/6519179771_0.jpg,Symphoricarpos microphyllus,6519179771,train
dataset_serb_bloque2/Symphoricarpos_microphyllus/4138640419_0.jpg,Symphoricarpos microphyllus,4138640419,train
dataset_serb_bloque2/Symphoricarpos_microphyllus/6519080757_0.jpg,Symphoricarpos microphyllus,6519080757,train
dataset_serb_bloque2/Symphoricarpos_microphyllus/4535596024_0.jpg,Symphoricarpos microphyllus,4535596024,train
dataset_serb_bloque2/Symphoricarpos_microphyllus/4936996342_2.jpg,Symphoricarpos microphyllus,4936996342,train
dataset_serb_bloque2/Symphoricarpos_microphyllus/4936996342_0.jpg,Symphoricarpos microphyllus,4936996342,train
dataset_serb_bloque2/Symphoricarpos_microphyllus/4936996342_1.jpg,Symphoricarpos microphyllus,4936996342,train
dataset_serb_bloque2/Symphoricarpos_microphyllus/4424359613_0.jpg,Symphoricarpos microphyllus,4424359613,train
dataset_serb_bloque2/Symphoricarpos_microphyllus/3925110655_0.jpg,Symphoricarpos microphyllus,3925110655,train
dataset_serb_bloque2/Symphoricarpos_microphyllus/4121121027_0.jpg,Symphoricarpos microphyllus,4121121027,train
dataset_serb_bloque2/Symphoricarpos_microphyllus/4121121027_2.jpg,Symphoricarpos microphyllus,4121121027,train
dataset_serb_bloque2/Symphoricarpos_microphyllus/4121121027_1.jpg,Symphoricarpos microphyllus,4121121027,train
dataset_serb_bloque2/Symphoricarpos_microphyllus/4440933545_0.jpg,Symphoricarpos microphyllus,4440933545,train
dataset_serb_bloque2/Symphoricarpos_microphyllus/4440933545_9.jpg,Symphoricarpos microphyllus,4440933545,train
dataset_serb_bloque2/Symphoricarpos_microphyllus/4440933545_2.jpg,Symphoricarpos microphyllus,4440933545,train
dataset_serb_bloque2/Symphoricarpos_microphyllus/4440933545_1.jpg,Symphoricarpos microphyllus,4440933545,train
dataset_serb_bloque2/Symphoricarpos_microphyllus/4440933545_5.jpg,Symphoricarpos microphyllus,4440933545,train
dataset_serb_bloque2/Symphoricarpos_microphyllus/4440933545_16.jpg,Symphoricarpos microphyllus,4440933545,train
dataset_serb_bloque2/Symphoricarpos_microphyllus/4440933545_11.jpg,Symphoricarpos microphyllus,4440933545,train
dataset_serb_bloque2/Symphoricarpos_microphyllus/4440933545_15.jpg,Symphoricarpos microphyllus,4440933545,train
dataset_serb_bloque2/Symphoricarpos_microphyllus/4440933545_7.jpg,Symphoricarpos microphyllus,4440933545,train
dataset_serb_bloque2/Symphoricarpos_microphyllus/4440933545_8.jpg,Symphoricarpos microphyllus,4440933545,train
dataset_serb_bloque2/Symphoricarpos_microphyllus/4440933545_13.jpg,Symphoricarpos microphyllus,4440933545,train
dataset_serb_bloque2/Symphoricarpos_microphyllus/4440933545_10.jpg,Symphoricarpos microphyllus,4440933545,train
dataset_serb_bloque2/Symphoricarpos_microphyllus/4440933545_14.jpg,Symphoricarpos microphyllus,4440933545,train
dataset_serb_bloque2/Symphoricarpos_microphyllus/4440933545_18.jpg,Symphoricarpos microphyllus,4440933545,train
dataset_serb_bloque2/Symphoricarpos_microphyllus/4440933545_12.jpg,Symphoricarpos microphyllus,4440933545,train
dataset_serb_bloque2/Symphoricarpos_microphyllus/4440933545_3.jpg,Symphoricarpos microphyllus,4440933545,train
dataset_serb_bloque2/Symphoricarpos_microphyllus/4440933545_4.jpg,Symphoricarpos microphyllus,4440933545,train
dataset_serb_bloque2/Symphoricarpos_microphyllus/4440933545_17.jpg,Symphoricarpos microphyllus,4440933545,train
dataset_serb_bloque2/Symphoricarpos_microphyllus/4440933545_6.jpg,Symphoricarpos microphyllus,4440933545,train
dataset_serb_bloque2/Symphoricarpos_microphyllus/4516637097_0.jpg,Symphoricarpos microphyllus,4516637097,train
dataset_serb_bloque2/Symphoricarpos_microphyllus/4516637097_1.jpg,Symphoricarpos microphyllus,4516637097,train
dataset_serb_bloque2/Symphoricarpos_microphyllus/4430981696_1.jpg,Symphoricarpos microphyllus,4430981696,train
dataset_serb_bloque2/Symphoricarpos_microphyllus/4430981696_0.jpg,Symphoricarpos microphyllus,4430981696,train
dataset_serb_bloque2/Symphoricarpos_microphyllus/4424445626_0.jpg,Symphoricarpos microphyllus,4424445626,train
dataset_serb_bloque2/Symphoricarpos_microphyllus/4034627731_0.jpg,Symphoricarpos microphyllus,4034627731,train
dataset_serb_bloque2/Symphoricarpos_microphyllus/4034627731_1.jpg,Symphoricarpos microphyllus,4034627731,train
dataset_serb_bloque2/Symphoricarpos_microphyllus/4134102367_0.jpg,Symphoricarpos microphyllus,4134102367,train
dataset_serb_bloque2/Symphoricarpos_microphyllus/4134102367_1.jpg,Symphoricarpos microphyllus,4134102367,train
dataset_serb_bloque2/Symphoricarpos_microphyllus/4111713857_0.jpg,Symphoricarpos microphyllus,4111713857,train
dataset_serb_bloque2/Symphoricarpos_microphyllus/4111713857_1.jpg,Symphoricarpos microphyllus,4111713857,train
dataset_serb_bloque2/Symphoricarpos_microphyllus/4111713857_3.jpg,Symphoricarpos microphyllus,4111713857,train
dataset_serb_bloque2/Symphoricarpos_microphyllus/4111713857_2.jpg,Symphoricarpos microphyllus,4111713857,train
dataset_serb_bloque2/Symphoricarpos_microphyllus/4430538655_0.jpg,Symphoricarpos microphyllus,4430538655,train
dataset_serb_bloque2/Symphoricarpos_microphyllus/4172151375_0.jpg,Symphoricarpos microphyllus,4172151375,train
dataset_serb_bloque2/Symphoricarpos_microphyllus/4172151375_1.jpg,Symphoricarpos microphyllus,4172151375,train
dataset_serb_bloque2/Symphoricarpos_microphyllus/4172151375_2.jpg,Symphoricarpos microphyllus,4172151375,train
dataset_serb_bloque2/Symphoricarpos_microphyllus/4172151375_3.jpg,Symphoricarpos microphyllus,4172151375,train
dataset_serb_bloque2/Symphoricarpos_microphyllus/4102729907_0.jpg,Symphoricarpos microphyllus,4102729907,train
dataset_serb_bloque2/Symphoricarpos_microphyllus/4424342691_0.jpg,Symphoricarpos microphyllus,4424342691,train
dataset_serb_bloque2/Symphoricarpos_microphyllus/3986078719_0.jpg,Symphoricarpos microphyllus,3986078719,train
dataset_serb_bloque2/Symphoricarpos_microphyllus/3986078719_1.jpg,Symphoricarpos microphyllus,3986078719,train
dataset_serb_bloque2/Symphoricarpos_microphyllus/4424619843_0.jpg,Symphoricarpos microphyllus,4424619843,train
dataset_serb_bloque2/Symphoricarpos_microphyllus/4424619843_1.jpg,Symphoricarpos microphyllus,4424619843,train
dataset_serb_bloque2/Symphoricarpos_microphyllus/4407172288_4.jpg,Symphoricarpos microphyllus,4407172288,train
dataset_serb_bloque2/Symphoricarpos_microphyllus/4407172288_5.jpg,Symphoricarpos microphyllus,4407172288,train
dataset_serb_bloque2/Symphoricarpos_microphyllus/4407172288_6.jpg,Symphoricarpos microphyllus,4407172288,train
dataset_serb_bloque2/Symphoricarpos_microphyllus/4407172288_3.jpg,Symphoricarpos microphyllus,4407172288,train
dataset_serb_bloque2/Symphoricarpos_microphyllus/4407172288_2.jpg,Symphoricarpos microphyllus,4407172288,train
dataset_serb_bloque2/Symphoricarpos_microphyllus/4407172288_1.jpg,Symphoricarpos microphyllus,4407172288,train
dataset_serb_bloque2/Symphoricarpos_microphyllus/4407172288_0.jpg,Symphoricarpos microphyllus,4407172288,train
dataset_serb_bloque2/Symphoricarpos_microphyllus/4014965686_1.jpg,Symphoricarpos microphyllus,4014965686,train
dataset_serb_bloque2/Symphoricarpos_microphyllus/4014965686_0.jpg,Symphoricarpos microphyllus,4014965686,train
dataset_serb_bloque2/Symphoricarpos_microphyllus/4103256454_0.jpg,Symphoricarpos microphyllus,4103256454,train
dataset_serb_bloque2/Symphoricarpos_microphyllus/4103256454_1.jpg,Symphoricarpos microphyllus,4103256454,train
dataset_serb_bloque2/Symphoricarpos_microphyllus/4103256454_2.jpg,Symphoricarpos microphyllus,4103256454,train
dataset_serb_bloque2/Symphoricarpos_microphyllus/4021959684_5.jpg,Symphoricarpos microphyllus,4021959684,train
dataset_serb_bloque2/Symphoricarpos_microphyllus/4021959684_4.jpg,Symphoricarpos microphyllus,4021959684,train
dataset_serb_bloque2/Symphoricarpos_microphyllus/4021959684_7.jpg,Symphoricarpos microphyllus,4021959684,train
dataset_serb_bloque2/Symphoricarpos_microphyllus/4021959684_3.jpg,Symphoricarpos microphyllus,4021959684,train
dataset_serb_bloque2/Symphoricarpos_microphyllus/4021959684_8.jpg,Symphoricarpos microphyllus,4021959684,train
dataset_serb_bloque2/Symphoricarpos_microphyllus/4021959684_6.jpg,Symphoricarpos microphyllus,4021959684,train
dataset_serb_bloque2/Symphoricarpos_microphyllus/4021959684_0.jpg,Symphoricarpos microphyllus,4021959684,train
dataset_serb_bloque2/Symphoricarpos_microphyllus/4021959684_1.jpg,Symphoricarpos microphyllus,4021959684,train
dataset_serb_bloque2/Symphoricarpos_microphyllus/4021959684_2.jpg,Symphoricarpos microphyllus,4021959684,train
dataset_serb_bloque2/Symphoricarpos_microphyllus/4424488692_7.jpg,Symphoricarpos microphyllus,4424488692,train
dataset_serb_bloque2/Symphoricarpos_microphyllus/4424488692_5.jpg,Symphoricarpos microphyllus,4424488692,train
dataset_serb_bloque2/Symphoricarpos_microphyllus/4424488692_6.jpg,Symphoricarpos microphyllus,4424488692,train
dataset_serb_bloque2/Symphoricarpos_microphyllus/4424488692_4.jpg,Symphoricarpos microphyllus,4424488692,train
dataset_serb_bloque2/Symphoricarpos_microphyllus/4424488692_2.jpg,Symphoricarpos microphyllus,4424488692,train
dataset_serb_bloque2/Symphoricarpos_microphyllus/4424488692_1.jpg,Symphoricarpos microphyllus,4424488692,train
dataset_serb_bloque2/Symphoricarpos_microphyllus/4424488692_10.jpg,Symphoricarpos microphyllus,4424488692,train
dataset_serb_bloque2/Symphoricarpos_microphyllus/4424488692_0.jpg,Symphoricarpos microphyllus,4424488692,train
dataset_serb_bloque2/Symphoricarpos_microphyllus/4424488692_3.jpg,Symphoricarpos microphyllus,4424488692,train
dataset_serb_bloque2/Symphoricarpos_microphyllus/4424488692_9.jpg,Symphoricarpos microphyllus,4424488692,train
dataset_serb_bloque2/Symphoricarpos_microphyllus/4424488692_8.jpg,Symphoricarpos microphyllus,4424488692,train
dataset_serb_bloque2/Symphoricarpos_microphyllus/3858675902_1.jpg,Symphoricarpos microphyllus,3858675902,train
dataset_serb_bloque2/Symphoricarpos_microphyllus/3858675902_2.jpg,Symphoricarpos microphyllus,3858675902,train
dataset_serb_bloque2/Symphoricarpos_microphyllus/3858675902_0.jpg,Symphoricarpos microphyllus,3858675902,train
dataset_serb_bloque2/Symphoricarpos_microphyllus/4465701617_0.jpg,Symphoricarpos microphyllus,4465701617,train
dataset_serb_bloque2/Symphoricarpos_microphyllus/4145438510_2.jpg,Symphoricarpos microphyllus,4145438510,train
dataset_serb_bloque2/Symphoricarpos_microphyllus/4145438510_1.jpg,Symphoricarpos microphyllus,4145438510,train
dataset_serb_bloque2/Symphoricarpos_microphyllus/4145438510_0.jpg,Symphoricarpos microphyllus,4145438510,train
dataset_serb_bloque2/Crataegus_mexicana/6185227478_6.jpg,Crataegus mexicana,6185227478,val
dataset_serb_bloque2/Crataegus_mexicana/6185227478_7.jpg,Crataegus mexicana,6185227478,val
dataset_serb_bloque2/Crataegus_mexicana/6185227478_8.jpg,Crataegus mexicana,6185227478,val
dataset_serb_bloque2/Crataegus_mexicana/6185227478_3.jpg,Crataegus mexicana,6185227478,val
dataset_serb_bloque2/Crataegus_mexicana/6185227478_5.jpg,Crataegus mexicana,6185227478,val
dataset_serb_bloque2/Crataegus_mexicana/6185227478_13.jpg,Crataegus mexicana,6185227478,val
dataset_serb_bloque2/Crataegus_mexicana/6185227478_9.jpg,Crataegus mexicana,6185227478,val
dataset_serb_bloque2/Crataegus_mexicana/6185227478_0.jpg,Crataegus mexicana,6185227478,val
dataset_serb_bloque2/Crataegus_mexicana/6185227478_4.jpg,Crataegus mexicana,6185227478,val
dataset_serb_bloque2/Crataegus_mexicana/6185227478_1.jpg,Crataegus mexicana,6185227478,val
dataset_serb_bloque2/Crataegus_mexicana/6185227478_11.jpg,Crataegus mexicana,6185227478,val
dataset_serb_bloque2/Crataegus_mexicana/6185227478_12.jpg,Crataegus mexicana,6185227478,val
dataset_serb_bloque2/Crataegus_mexicana/6185227478_10.jpg,Crataegus mexicana,6185227478,val
dataset_serb_bloque2/Crataegus_mexicana/6185227478_2.jpg,Crataegus mexicana,6185227478,val
dataset_serb_bloque2/Crataegus_mexicana/6234900410_0.jpg,Crataegus mexicana,6234900410,val
dataset_serb_bloque2/Crataegus_mexicana/6195278892_3.jpg,Crataegus mexicana,6195278892,val
dataset_serb_bloque2/Crataegus_mexicana/6195278892_0.jpg,Crataegus mexicana,6195278892,val
dataset_serb_bloque2/Crataegus_mexicana/6195278892_1.jpg,Crataegus mexicana,6195278892,val
dataset_serb_bloque2/Crataegus_mexicana/6195278892_2.jpg,Crataegus mexicana,6195278892,val
dataset_serb_bloque2/Crataegus_mexicana/6235641684_0.jpg,Crataegus mexicana,6235641684,val
dataset_serb_bloque2/Crataegus_mexicana/6235641684_1.jpg,Crataegus mexicana,6235641684,val
dataset_serb_bloque2/Crataegus_mexicana/6234953811_0.jpg,Crataegus mexicana,6234953811,val
dataset_serb_bloque2/Crataegus_mexicana/6234953811_1.jpg,Crataegus mexicana,6234953811,val
dataset_serb_bloque2/Crataegus_mexicana/6234953811_2.jpg,Crataegus mexicana,6234953811,val
dataset_serb_bloque2/Crataegus_mexicana/6188250404_0.jpg,Crataegus mexicana,6188250404,test
dataset_serb_bloque2/Crataegus_mexicana/6195548065_1.jpg,Crataegus mexicana,6195548065,test
dataset_serb_bloque2/Crataegus_mexicana/6195548065_2.jpg,Crataegus mexicana,6195548065,test
dataset_serb_bloque2/Crataegus_mexicana/6195548065_0.jpg,Crataegus mexicana,6195548065,test
dataset_serb_bloque2/Crataegus_mexicana/6187908785_0.jpg,Crataegus mexicana,6187908785,test
dataset_serb_bloque2/Crataegus_mexicana/6235103050_0.jpg,Crataegus mexicana,6235103050,test
dataset_serb_bloque2/Crataegus_mexicana/6185737878_0.jpg,Crataegus mexicana,6185737878,test
dataset_serb_bloque2/Crataegus_mexicana/6252154254_0.jpg,Crataegus mexicana,6252154254,train
dataset_serb_bloque2/Crataegus_mexicana/6252154254_2.jpg,Crataegus mexicana,6252154254,train
dataset_serb_bloque2/Crataegus_mexicana/6252154254_3.jpg,Crataegus mexicana,6252154254,train
dataset_serb_bloque2/Crataegus_mexicana/6252154254_1.jpg,Crataegus mexicana,6252154254,train
dataset_serb_bloque2/Crataegus_mexicana/6235785162_0.jpg,Crataegus mexicana,6235785162,train
dataset_serb_bloque2/Crataegus_mexicana/6235785162_3.jpg,Crataegus mexicana,6235785162,train
dataset_serb_bloque2/Crataegus_mexicana/6235785162_2.jpg,Crataegus mexicana,6235785162,train
dataset_serb_bloque2/Crataegus_mexicana/6235785162_4.jpg,Crataegus mexicana,6235785162,train
dataset_serb_bloque2/Crataegus_mexicana/6235785162_1.jpg,Crataegus mexicana,6235785162,train
dataset_serb_bloque2/Crataegus_mexicana/6188001623_0.jpg,Crataegus mexicana,6188001623,train
dataset_serb_bloque2/Crataegus_mexicana/6252490828_1.jpg,Crataegus mexicana,6252490828,train
dataset_serb_bloque2/Crataegus_mexicana/6252490828_0.jpg,Crataegus mexicana,6252490828,train
dataset_serb_bloque2/Crataegus_mexicana/6235300738_0.jpg,Crataegus mexicana,6235300738,train
dataset_serb_bloque2/Crataegus_mexicana/6185059956_0.jpg,Crataegus mexicana,6185059956,train
dataset_serb_bloque2/Crataegus_mexicana/6236072899_1.jpg,Crataegus mexicana,6236072899,train
dataset_serb_bloque2/Crataegus_mexicana/6236072899_2.jpg,Crataegus mexicana,6236072899,train
dataset_serb_bloque2/Crataegus_mexicana/6236072899_0.jpg,Crataegus mexicana,6236072899,train
dataset_serb_bloque2/Crataegus_mexicana/6195929401_0.jpg,Crataegus mexicana,6195929401,train
dataset_serb_bloque2/Crataegus_mexicana/6235306306_0.jpg,Crataegus mexicana,6235306306,train
dataset_serb_bloque2/Crataegus_mexicana/6251583774_0.jpg,Crataegus mexicana,6251583774,train
dataset_serb_bloque2/Crataegus_mexicana/6431944803_0.jpg,Crataegus mexicana,6431944803,train
dataset_serb_bloque2/Crataegus_mexicana/6236200600_0.jpg,Crataegus mexicana,6236200600,train
dataset_serb_bloque2/Crataegus_mexicana/6236200600_2.jpg,Crataegus mexicana,6236200600,train
dataset_serb_bloque2/Crataegus_mexicana/6236200600_1.jpg,Crataegus mexicana,6236200600,train
dataset_serb_bloque2/Crataegus_mexicana/6185604185_1.jpg,Crataegus mexicana,6185604185,train
dataset_serb_bloque2/Crataegus_mexicana/6185604185_2.jpg,Crataegus mexicana,6185604185,train
dataset_serb_bloque2/Crataegus_mexicana/6185604185_0.jpg,Crataegus mexicana,6185604185,train
dataset_serb_bloque2/Crataegus_mexicana/6188257277_2.jpg,Crataegus mexicana,6188257277,train
dataset_serb_bloque2/Crataegus_mexicana/6188257277_3.jpg,Crataegus mexicana,6188257277,train
dataset_serb_bloque2/Crataegus_mexicana/6188257277_1.jpg,Crataegus mexicana,6188257277,train
dataset_serb_bloque2/Crataegus_mexicana/6188257277_0.jpg,Crataegus mexicana,6188257277,train
dataset_serb_bloque2/Crataegus_mexicana/6195329836_3.jpg,Crataegus mexicana,6195329836,train
dataset_serb_bloque2/Crataegus_mexicana/6195329836_2.jpg,Crataegus mexicana,6195329836,train
dataset_serb_bloque2/Crataegus_mexicana/6195329836_1.jpg,Crataegus mexicana,6195329836,train
dataset_serb_bloque2/Crataegus_mexicana/6195329836_0.jpg,Crataegus mexicana,6195329836,train
dataset_serb_bloque2/Crataegus_mexicana/6188308179_1.jpg,Crataegus mexicana,6188308179,train
dataset_serb_bloque2/Crataegus_mexicana/6188308179_0.jpg,Crataegus mexicana,6188308179,train
dataset_serb_bloque2/Crataegus_mexicana/6235143307_2.jpg,Crataegus mexicana,6235143307,train
dataset_serb_bloque2/Crataegus_mexicana/6235143307_3.jpg,Crataegus mexicana,6235143307,train
dataset_serb_bloque2/Crataegus_mexicana/6235143307_1.jpg,Crataegus mexicana,6235143307,train
dataset_serb_bloque2/Crataegus_mexicana/6235143307_4.jpg,Crataegus mexicana,6235143307,train
dataset_serb_bloque2/Crataegus_mexicana/6235143307_0.jpg,Crataegus mexicana,6235143307,train
dataset_serb_bloque2/Crataegus_mexicana/6236019932_0.jpg,Crataegus mexicana,6236019932,train
dataset_serb_bloque2/Crataegus_mexicana/6236446913_2.jpg,Crataegus mexicana,6236446913,train
dataset_serb_bloque2/Crataegus_mexicana/6236446913_0.jpg,Crataegus mexicana,6236446913,train
dataset_serb_bloque2/Crataegus_mexicana/6236446913_1.jpg,Crataegus mexicana,6236446913,train
dataset_serb_bloque2/Crataegus_mexicana/6234287492_1.jpg,Crataegus mexicana,6234287492,train
dataset_serb_bloque2/Crataegus_mexicana/6234287492_0.jpg,Crataegus mexicana,6234287492,train
dataset_serb_bloque2/Crataegus_mexicana/6234306344_1.jpg,Crataegus mexicana,6234306344,train
dataset_serb_bloque2/Crataegus_mexicana/6234306344_0.jpg,Crataegus mexicana,6234306344,train
dataset_serb_bloque2/Crataegus_mexicana/6334491850_0.jpg,Crataegus mexicana,6334491850,train
dataset_serb_bloque2/Acacia_pennatula/6334452989_0.jpg,Acacia pennatula,6334452989,val
dataset_serb_bloque2/Acacia_pennatula/6334452989_1.jpg,Acacia pennatula,6334452989,val
dataset_serb_bloque2/Acacia_pennatula/6236235458_1.jpg,Acacia pennatula,6236235458,val
dataset_serb_bloque2/Acacia_pennatula/6236235458_2.jpg,Acacia pennatula,6236235458,val
dataset_serb_bloque2/Acacia_pennatula/6236235458_0.jpg,Acacia pennatula,6236235458,val
dataset_serb_bloque2/Acacia_pennatula/5063194763_2.jpg,Acacia pennatula,5063194763,val
dataset_serb_bloque2/Acacia_pennatula/5063194763_0.jpg,Acacia pennatula,5063194763,val
dataset_serb_bloque2/Acacia_pennatula/5063194763_1.jpg,Acacia pennatula,5063194763,val
dataset_serb_bloque2/Acacia_pennatula/5063701448_0.jpg,Acacia pennatula,5063701448,val
dataset_serb_bloque2/Acacia_pennatula/5063701448_2.jpg,Acacia pennatula,5063701448,val
dataset_serb_bloque2/Acacia_pennatula/5063701448_1.jpg,Acacia pennatula,5063701448,val
dataset_serb_bloque2/Acacia_pennatula/6320882731_2.jpg,Acacia pennatula,6320882731,val
dataset_serb_bloque2/Acacia_pennatula/6320882731_1.jpg,Acacia pennatula,6320882731,val
dataset_serb_bloque2/Acacia_pennatula/6320882731_0.jpg,Acacia pennatula,6320882731,val
dataset_serb_bloque2/Acacia_pennatula/5037163168_0.jpg,Acacia pennatula,5037163168,val
dataset_serb_bloque2/Acacia_pennatula/6320882430_0.jpg,Acacia pennatula,6320882430,test
dataset_serb_bloque2/Acacia_pennatula/6274000661_0.jpg,Acacia pennatula,6274000661,test
dataset_serb_bloque2/Acacia_pennatula/6274000661_1.jpg,Acacia pennatula,6274000661,test
dataset_serb_bloque2/Acacia_pennatula/5063369692_0.jpg,Acacia pennatula,5063369692,test
dataset_serb_bloque2/Acacia_pennatula/5063369692_1.jpg,Acacia pennatula,5063369692,test
dataset_serb_bloque2/Acacia_pennatula/5063369692_2.jpg,Acacia pennatula,5063369692,test
dataset_serb_bloque2/Acacia_pennatula/6273438915_0.jpg,Acacia pennatula,6273438915,test
dataset_serb_bloque2/Acacia_pennatula/6273438915_1.jpg,Acacia pennatula,6273438915,test
dataset_serb_bloque2/Acacia_pennatula/6186037214_1.jpg,Acacia pennatula,6186037214,test
dataset_serb_bloque2/Acacia_pennatula/6186037214_0.jpg,Acacia pennatula,6186037214,test
dataset_serb_bloque2/Acacia_pennatula/6186037214_2.jpg,Acacia pennatula,6186037214,test
dataset_serb_bloque2/Acacia_pennatula/6480563759_0.jpg,Acacia pennatula,6480563759,test
dataset_serb_bloque2/Acacia_pennatula/5063672303_2.jpg,Acacia pennatula,5063672303,train
dataset_serb_bloque2/Acacia_pennatula/5063672303_1.jpg,Acacia pennatula,5063672303,train
dataset_serb_bloque2/Acacia_pennatula/5063672303_0.jpg,Acacia pennatula,5063672303,train
dataset_serb_bloque2/Acacia_pennatula/6235794101_5.jpg,Acacia pennatula,6235794101,train
dataset_serb_bloque2/Acacia_pennatula/6235794101_1.jpg,Acacia pennatula,6235794101,train
dataset_serb_bloque2/Acacia_pennatula/6235794101_0.jpg,Acacia pennatula,6235794101,train
dataset_serb_bloque2/Acacia_pennatula/6235794101_4.jpg,Acacia pennatula,6235794101,train
dataset_serb_bloque2/Acacia_pennatula/6235794101_3.jpg,Acacia pennatula,6235794101,train
dataset_serb_bloque2/Acacia_pennatula/6235794101_2.jpg,Acacia pennatula,6235794101,train
dataset_serb_bloque2/Acacia_pennatula/5063651852_2.jpg,Acacia pennatula,5063651852,train
dataset_serb_bloque2/Acacia_pennatula/5063651852_1.jpg,Acacia pennatula,5063651852,train
dataset_serb_bloque2/Acacia_pennatula/5063651852_0.jpg,Acacia pennatula,5063651852,train
dataset_serb_bloque2/Acacia_pennatula/5063651852_3.jpg,Acacia pennatula,5063651852,train
dataset_serb_bloque2/Acacia_pennatula/6235276025_0.jpg,Acacia pennatula,6235276025,train
dataset_serb_bloque2/Acacia_pennatula/6235276025_1.jpg,Acacia pennatula,6235276025,train
dataset_serb_bloque2/Acacia_pennatula/6188478454_0.jpg,Acacia pennatula,6188478454,train
dataset_serb_bloque2/Acacia_pennatula/6188480823_2.jpg,Acacia pennatula,6188480823,train
dataset_serb_bloque2/Acacia_pennatula/6188480823_0.jpg,Acacia pennatula,6188480823,train
dataset_serb_bloque2/Acacia_pennatula/6188480823_1.jpg,Acacia pennatula,6188480823,train
dataset_serb_bloque2/Acacia_pennatula/6188480823_3.jpg,Acacia pennatula,6188480823,train
dataset_serb_bloque2/Acacia_pennatula/6188480823_4.jpg,Acacia pennatula,6188480823,train
dataset_serb_bloque2/Acacia_pennatula/6519644305_1.jpg,Acacia pennatula,6519644305,train
dataset_serb_bloque2/Acacia_pennatula/6519644305_2.jpg,Acacia pennatula,6519644305,train
dataset_serb_bloque2/Acacia_pennatula/6519644305_0.jpg,Acacia pennatula,6519644305,train
dataset_serb_bloque2/Acacia_pennatula/5063735117_3.jpg,Acacia pennatula,5063735117,train
dataset_serb_bloque2/Acacia_pennatula/5063735117_0.jpg,Acacia pennatula,5063735117,train
dataset_serb_bloque2/Acacia_pennatula/5063735117_4.jpg,Acacia pennatula,5063735117,train
dataset_serb_bloque2/Acacia_pennatula/5063735117_2.jpg,Acacia pennatula,5063735117,train
dataset_serb_bloque2/Acacia_pennatula/5063735117_1.jpg,Acacia pennatula,5063735117,train
dataset_serb_bloque2/Acacia_pennatula/6234788566_0.jpg,Acacia pennatula,6234788566,train
dataset_serb_bloque2/Acacia_pennatula/6452189047_2.jpg,Acacia pennatula,6452189047,train
dataset_serb_bloque2/Acacia_pennatula/6452189047_4.jpg,Acacia pennatula,6452189047,train
dataset_serb_bloque2/Acacia_pennatula/6452189047_0.jpg,Acacia pennatula,6452189047,train
dataset_serb_bloque2/Acacia_pennatula/6452189047_3.jpg,Acacia pennatula,6452189047,train
dataset_serb_bloque2/Acacia_pennatula/6452189047_5.jpg,Acacia pennatula,6452189047,train
dataset_serb_bloque2/Acacia_pennatula/6452189047_1.jpg,Acacia pennatula,6452189047,train
dataset_serb_bloque2/Acacia_pennatula/6320933592_1.jpg,Acacia pennatula,6320933592,train
dataset_serb_bloque2/Acacia_pennatula/6320933592_0.jpg,Acacia pennatula,6320933592,train
dataset_serb_bloque2/Acacia_pennatula/6236519310_0.jpg,Acacia pennatula,6236519310,train
dataset_serb_bloque2/Acacia_pennatula/6500108052_0.jpg,Acacia pennatula,6500108052,train
dataset_serb_bloque2/Acacia_pennatula/6500108052_1.jpg,Acacia pennatula,6500108052,train
dataset_serb_bloque2/Acacia_pennatula/5063672302_0.jpg,Acacia pennatula,5063672302,train
dataset_serb_bloque2/Acacia_pennatula/5063672302_1.jpg,Acacia pennatula,5063672302,train
dataset_serb_bloque2/Acacia_pennatula/5063672302_2.jpg,Acacia pennatula,5063672302,train
dataset_serb_bloque2/Acacia_pennatula/5063682393_0.jpg,Acacia pennatula,5063682393,train
dataset_serb_bloque2/Acacia_pennatula/5063682393_1.jpg,Acacia pennatula,5063682393,train
dataset_serb_bloque2/Acacia_pennatula/5063682393_2.jpg,Acacia pennatula,5063682393,train
dataset_serb_bloque2/Acacia_pennatula/5062937814_0.jpg,Acacia pennatula,5062937814,train
dataset_serb_bloque2/Acacia_pennatula/5037131904_0.jpg,Acacia pennatula,5037131904,train
dataset_serb_bloque2/Acacia_pennatula/6274163352_2.jpg,Acacia pennatula,6274163352,train
dataset_serb_bloque2/Acacia_pennatula/6274163352_1.jpg,Acacia pennatula,6274163352,train
dataset_serb_bloque2/Acacia_pennatula/6274163352_0.jpg,Acacia pennatula,6274163352,train
dataset_serb_bloque2/Acacia_pennatula/6188334965_2.jpg,Acacia pennatula,6188334965,train
dataset_serb_bloque2/Acacia_pennatula/6188334965_1.jpg,Acacia pennatula,6188334965,train
dataset_serb_bloque2/Acacia_pennatula/6188334965_0.jpg,Acacia pennatula,6188334965,train
dataset_serb_bloque2/Acacia_pennatula/6413854032_0.jpg,Acacia pennatula,6413854032,train
dataset_serb_bloque2/Acacia_pennatula/6321133390_0.jpg,Acacia pennatula,6321133390,train
dataset_serb_bloque2/Acacia_pennatula/6470749969_1.jpg,Acacia pennatula,6470749969,train
dataset_serb_bloque2/Acacia_pennatula/6470749969_0.jpg,Acacia pennatula,6470749969,train
dataset_serb_bloque2/Acacia_pennatula/6470749969_2.jpg,Acacia pennatula,6470749969,train
dataset_serb_bloque2/Acacia_pennatula/6333947965_0.jpg,Acacia pennatula,6333947965,train
dataset_serb_bloque2/Acacia_pennatula/6333947965_1.jpg,Acacia pennatula,6333947965,train
dataset_serb_bloque2/Acacia_pennatula/6333947965_2.jpg,Acacia pennatula,6333947965,train
dataset_serb_bloque2/Acacia_pennatula/6320562375_1.jpg,Acacia pennatula,6320562375,train
dataset_serb_bloque2/Acacia_pennatula/6320562375_0.jpg,Acacia pennatula,6320562375,train
dataset_serb_bloque2/Acacia_pennatula/6188411692_2.jpg,Acacia pennatula,6188411692,train
dataset_serb_bloque2/Acacia_pennatula/6188411692_1.jpg,Acacia pennatula,6188411692,train
dataset_serb_bloque2/Acacia_pennatula/6188411692_0.jpg,Acacia pennatula,6188411692,train
dataset_serb_bloque2/Acacia_pennatula/5063590178_1.jpg,Acacia pennatula,5063590178,train
dataset_serb_bloque2/Acacia_pennatula/5063590178_2.jpg,Acacia pennatula,5063590178,train
dataset_serb_bloque2/Acacia_pennatula/5063590178_0.jpg,Acacia pennatula,5063590178,train
dataset_serb_bloque2/Acacia_pennatula/6171036242_2.jpg,Acacia pennatula,6171036242,train
dataset_serb_bloque2/Acacia_pennatula/6171036242_1.jpg,Acacia pennatula,6171036242,train
dataset_serb_bloque2/Acacia_pennatula/6171036242_0.jpg,Acacia pennatula,6171036242,train
dataset_serb_bloque2/Acacia_pennatula/6400728453_0.jpg,Acacia pennatula,6400728453,train
dataset_serb_bloque2/Guazuma_ulmifolia/6147291552_1.jpg,Guazuma ulmifolia,6147291552,val
dataset_serb_bloque2/Guazuma_ulmifolia/6147291552_0.jpg,Guazuma ulmifolia,6147291552,val
dataset_serb_bloque2/Guazuma_ulmifolia/6163076886_3.jpg,Guazuma ulmifolia,6163076886,val
dataset_serb_bloque2/Guazuma_ulmifolia/6163076886_0.jpg,Guazuma ulmifolia,6163076886,val
dataset_serb_bloque2/Guazuma_ulmifolia/6163076886_1.jpg,Guazuma ulmifolia,6163076886,val
dataset_serb_bloque2/Guazuma_ulmifolia/6163076886_2.jpg,Guazuma ulmifolia,6163076886,val
dataset_serb_bloque2/Guazuma_ulmifolia/6133478580_0.jpg,Guazuma ulmifolia,6133478580,val
dataset_serb_bloque2/Guazuma_ulmifolia/6147193388_0.jpg,Guazuma ulmifolia,6147193388,val
dataset_serb_bloque2/Guazuma_ulmifolia/6147193388_1.jpg,Guazuma ulmifolia,6147193388,val
dataset_serb_bloque2/Guazuma_ulmifolia/6131120176_0.jpg,Guazuma ulmifolia,6131120176,val
dataset_serb_bloque2/Guazuma_ulmifolia/6133200868_0.jpg,Guazuma ulmifolia,6133200868,test
dataset_serb_bloque2/Guazuma_ulmifolia/6133200868_1.jpg,Guazuma ulmifolia,6133200868,test
dataset_serb_bloque2/Guazuma_ulmifolia/6147462006_1.jpg,Guazuma ulmifolia,6147462006,test
dataset_serb_bloque2/Guazuma_ulmifolia/6147462006_5.jpg,Guazuma ulmifolia,6147462006,test
dataset_serb_bloque2/Guazuma_ulmifolia/6147462006_4.jpg,Guazuma ulmifolia,6147462006,test
dataset_serb_bloque2/Guazuma_ulmifolia/6147462006_0.jpg,Guazuma ulmifolia,6147462006,test
dataset_serb_bloque2/Guazuma_ulmifolia/6147462006_6.jpg,Guazuma ulmifolia,6147462006,test
dataset_serb_bloque2/Guazuma_ulmifolia/6147462006_7.jpg,Guazuma ulmifolia,6147462006,test
dataset_serb_bloque2/Guazuma_ulmifolia/6147462006_2.jpg,Guazuma ulmifolia,6147462006,test
dataset_serb_bloque2/Guazuma_ulmifolia/6147462006_3.jpg,Guazuma ulmifolia,6147462006,test
dataset_serb_bloque2/Guazuma_ulmifolia/6133390059_2.jpg,Guazuma ulmifolia,6133390059,test
dataset_serb_bloque2/Guazuma_ulmifolia/6133390059_4.jpg,Guazuma ulmifolia,6133390059,test
dataset_serb_bloque2/Guazuma_ulmifolia/6133390059_1.jpg,Guazuma ulmifolia,6133390059,test
dataset_serb_bloque2/Guazuma_ulmifolia/6133390059_3.jpg,Guazuma ulmifolia,6133390059,test
dataset_serb_bloque2/Guazuma_ulmifolia/6133390059_0.jpg,Guazuma ulmifolia,6133390059,test
dataset_serb_bloque2/Guazuma_ulmifolia/6133432173_0.jpg,Guazuma ulmifolia,6133432173,test
dataset_serb_bloque2/Guazuma_ulmifolia/6133440327_0.jpg,Guazuma ulmifolia,6133440327,test
dataset_serb_bloque2/Guazuma_ulmifolia/6133440327_1.jpg,Guazuma ulmifolia,6133440327,test
dataset_serb_bloque2/Guazuma_ulmifolia/6131168839_0.jpg,Guazuma ulmifolia,6131168839,train
dataset_serb_bloque2/Guazuma_ulmifolia/6147507656_2.jpg,Guazuma ulmifolia,6147507656,train
dataset_serb_bloque2/Guazuma_ulmifolia/6147507656_0.jpg,Guazuma ulmifolia,6147507656,train
dataset_serb_bloque2/Guazuma_ulmifolia/6147507656_3.jpg,Guazuma ulmifolia,6147507656,train
dataset_serb_bloque2/Guazuma_ulmifolia/6147507656_1.jpg,Guazuma ulmifolia,6147507656,train
dataset_serb_bloque2/Guazuma_ulmifolia/6147482401_0.jpg,Guazuma ulmifolia,6147482401,train
dataset_serb_bloque2/Guazuma_ulmifolia/6131112849_0.jpg,Guazuma ulmifolia,6131112849,train
dataset_serb_bloque2/Guazuma_ulmifolia/6131301378_0.jpg,Guazuma ulmifolia,6131301378,train
dataset_serb_bloque2/Guazuma_ulmifolia/6131301378_1.jpg,Guazuma ulmifolia,6131301378,train
dataset_serb_bloque2/Guazuma_ulmifolia/6131301378_2.jpg,Guazuma ulmifolia,6131301378,train
dataset_serb_bloque2/Guazuma_ulmifolia/6131343893_0.jpg,Guazuma ulmifolia,6131343893,train
dataset_serb_bloque2/Guazuma_ulmifolia/6498568810_4.jpg,Guazuma ulmifolia,6498568810,train
dataset_serb_bloque2/Guazuma_ulmifolia/6498568810_3.jpg,Guazuma ulmifolia,6498568810,train
dataset_serb_bloque2/Guazuma_ulmifolia/6498568810_2.jpg,Guazuma ulmifolia,6498568810,train
dataset_serb_bloque2/Guazuma_ulmifolia/6498568810_0.jpg,Guazuma ulmifolia,6498568810,train
dataset_serb_bloque2/Guazuma_ulmifolia/6498568810_1.jpg,Guazuma ulmifolia,6498568810,train
dataset_serb_bloque2/Guazuma_ulmifolia/6131606682_0.jpg,Guazuma ulmifolia,6131606682,train
dataset_serb_bloque2/Guazuma_ulmifolia/6131606682_1.jpg,Guazuma ulmifolia,6131606682,train
dataset_serb_bloque2/Guazuma_ulmifolia/6147216566_1.jpg,Guazuma ulmifolia,6147216566,train
dataset_serb_bloque2/Guazuma_ulmifolia/6147216566_0.jpg,Guazuma ulmifolia,6147216566,train
dataset_serb_bloque2/Guazuma_ulmifolia/6188487681_2.jpg,Guazuma ulmifolia,6188487681,train
dataset_serb_bloque2/Guazuma_ulmifolia/6188487681_1.jpg,Guazuma ulmifolia,6188487681,train
dataset_serb_bloque2/Guazuma_ulmifolia/6188487681_0.jpg,Guazuma ulmifolia,6188487681,train
dataset_serb_bloque2/Guazuma_ulmifolia/6131237636_0.jpg,Guazuma ulmifolia,6131237636,train
dataset_serb_bloque2/Guazuma_ulmifolia/6133192528_1.jpg,Guazuma ulmifolia,6133192528,train
dataset_serb_bloque2/Guazuma_ulmifolia/6133192528_0.jpg,Guazuma ulmifolia,6133192528,train
dataset_serb_bloque2/Guazuma_ulmifolia/6133192528_2.jpg,Guazuma ulmifolia,6133192528,train
dataset_serb_bloque2/Guazuma_ulmifolia/6133574695_0.jpg,Guazuma ulmifolia,6133574695,train
dataset_serb_bloque2/Guazuma_ulmifolia/6133469803_0.jpg,Guazuma ulmifolia,6133469803,train
dataset_serb_bloque2/Guazuma_ulmifolia/6133469803_1.jpg,Guazuma ulmifolia,6133469803,train
dataset_serb_bloque2/Guazuma_ulmifolia/6133469803_2.jpg,Guazuma ulmifolia,6133469803,train
dataset_serb_bloque2/Guazuma_ulmifolia/6133469803_3.jpg,Guazuma ulmifolia,6133469803,train
dataset_serb_bloque2/Guazuma_ulmifolia/6133469803_4.jpg,Guazuma ulmifolia,6133469803,train
dataset_serb_bloque2/Guazuma_ulmifolia/6133525478_1.jpg,Guazuma ulmifolia,6133525478,train
dataset_serb_bloque2/Guazuma_ulmifolia/6133525478_0.jpg,Guazuma ulmifolia,6133525478,train
dataset_serb_bloque2/Guazuma_ulmifolia/6170895141_1.jpg,Guazuma ulmifolia,6170895141,train
dataset_serb_bloque2/Guazuma_ulmifolia/6170895141_0.jpg,Guazuma ulmifolia,6170895141,train
dataset_serb_bloque2/Guazuma_ulmifolia/6133074979_2.jpg,Guazuma ulmifolia,6133074979,train
dataset_serb_bloque2/Guazuma_ulmifolia/6133074979_3.jpg,Guazuma ulmifolia,6133074979,train
dataset_serb_bloque2/Guazuma_ulmifolia/6133074979_4.jpg,Guazuma ulmifolia,6133074979,train
dataset_serb_bloque2/Guazuma_ulmifolia/6133074979_1.jpg,Guazuma ulmifolia,6133074979,train
dataset_serb_bloque2/Guazuma_ulmifolia/6133074979_0.jpg,Guazuma ulmifolia,6133074979,train
dataset_serb_bloque2/Guazuma_ulmifolia/6133447373_0.jpg,Guazuma ulmifolia,6133447373,train
dataset_serb_bloque2/Guazuma_ulmifolia/6133447373_2.jpg,Guazuma ulmifolia,6133447373,train
dataset_serb_bloque2/Guazuma_ulmifolia/6133447373_1.jpg,Guazuma ulmifolia,6133447373,train
dataset_serb_bloque2/Guazuma_ulmifolia/6147424789_1.jpg,Guazuma ulmifolia,6147424789,train
dataset_serb_bloque2/Guazuma_ulmifolia/6147424789_2.jpg,Guazuma ulmifolia,6147424789,train
dataset_serb_bloque2/Guazuma_ulmifolia/6147424789_0.jpg,Guazuma ulmifolia,6147424789,train
dataset_serb_bloque2/Guazuma_ulmifolia/6320172056_0.jpg,Guazuma ulmifolia,6320172056,train
dataset_serb_bloque2/Guazuma_ulmifolia/6320172056_2.jpg,Guazuma ulmifolia,6320172056,train
dataset_serb_bloque2/Guazuma_ulmifolia/6320172056_1.jpg,Guazuma ulmifolia,6320172056,train
dataset_serb_bloque2/Guazuma_ulmifolia/6131465957_0.jpg,Guazuma ulmifolia,6131465957,train
dataset_serb_bloque2/Guazuma_ulmifolia/6133224688_0.jpg,Guazuma ulmifolia,6133224688,train
dataset_serb_bloque2/Bursera_fagaroides/6147219770_0.jpg,Bursera_spp,6147219770,val
dataset_serb_bloque2/Bursera_bipinnata/5062996594_0.jpg,Bursera_spp,5062996594,val
dataset_serb_bloque2/Bursera_fagaroides/6133069680_0.jpg,Bursera_spp,6133069680,val
dataset_serb_bloque2/Bursera_fagaroides/6133069680_2.jpg,Bursera_spp,6133069680,val
dataset_serb_bloque2/Bursera_fagaroides/6133069680_1.jpg,Bursera_spp,6133069680,val
dataset_serb_bloque2/Bursera_fagaroides/6133069680_3.jpg,Bursera_spp,6133069680,val
dataset_serb_bloque2/Bursera_bipinnata/5177164278_1.jpg,Bursera_spp,5177164278,val
dataset_serb_bloque2/Bursera_bipinnata/5177164278_0.jpg,Bursera_spp,5177164278,val
dataset_serb_bloque2/Bursera_bipinnata/5177164278_2.jpg,Bursera_spp,5177164278,val
dataset_serb_bloque2/Bursera_fagaroides/6170862044_3.jpg,Bursera_spp,6170862044,val
dataset_serb_bloque2/Bursera_fagaroides/6170862044_2.jpg,Bursera_spp,6170862044,val
dataset_serb_bloque2/Bursera_fagaroides/6170862044_0.jpg,Bursera_spp,6170862044,val
dataset_serb_bloque2/Bursera_fagaroides/6170862044_1.jpg,Bursera_spp,6170862044,val
dataset_serb_bloque2/Bursera_bipinnata/5217041687_0.jpg,Bursera_spp,5217041687,val
dataset_serb_bloque2/Bursera_fagaroides/6170962445_3.jpg,Bursera_spp,6170962445,test
dataset_serb_bloque2/Bursera_fagaroides/6170962445_2.jpg,Bursera_spp,6170962445,test
dataset_serb_bloque2/Bursera_fagaroides/6170962445_4.jpg,Bursera_spp,6170962445,test
dataset_serb_bloque2/Bursera_fagaroides/6170962445_5.jpg,Bursera_spp,6170962445,test
dataset_serb_bloque2/Bursera_fagaroides/6170962445_0.jpg,Bursera_spp,6170962445,test
dataset_serb_bloque2/Bursera_fagaroides/6170962445_1.jpg,Bursera_spp,6170962445,test
dataset_serb_bloque2/Bursera_bipinnata/6498954778_0.jpg,Bursera_spp,6498954778,test
dataset_serb_bloque2/Bursera_fagaroides/6133322654_2.jpg,Bursera_spp,6133322654,test
dataset_serb_bloque2/Bursera_fagaroides/6133322654_1.jpg,Bursera_spp,6133322654,test
dataset_serb_bloque2/Bursera_fagaroides/6133322654_0.jpg,Bursera_spp,6133322654,test
dataset_serb_bloque2/Bursera_fagaroides/6130662525_0.jpg,Bursera_spp,6130662525,test
dataset_serb_bloque2/Bursera_fagaroides/6400455007_1.jpg,Bursera_spp,6400455007,test
dataset_serb_bloque2/Bursera_fagaroides/6400455007_0.jpg,Bursera_spp,6400455007,test
dataset_serb_bloque2/Bursera_bipinnata/5215929784_1.jpg,Bursera_spp,5215929784,test
dataset_serb_bloque2/Bursera_bipinnata/5215929784_3.jpg,Bursera_spp,5215929784,test
dataset_serb_bloque2/Bursera_bipinnata/5215929784_2.jpg,Bursera_spp,5215929784,test
dataset_serb_bloque2/Bursera_bipinnata/5215929784_0.jpg,Bursera_spp,5215929784,test
dataset_serb_bloque2/Bursera_fagaroides/5938190511_2.jpg,Bursera_spp,5938190511,train
dataset_serb_bloque2/Bursera_fagaroides/5938190511_1.jpg,Bursera_spp,5938190511,train
dataset_serb_bloque2/Bursera_fagaroides/5938190511_0.jpg,Bursera_spp,5938190511,train
dataset_serb_bloque2/Bursera_fagaroides/6147555176_3.jpg,Bursera_spp,6147555176,train
dataset_serb_bloque2/Bursera_fagaroides/6147555176_1.jpg,Bursera_spp,6147555176,train
dataset_serb_bloque2/Bursera_fagaroides/6147555176_2.jpg,Bursera_spp,6147555176,train
dataset_serb_bloque2/Bursera_fagaroides/6147555176_0.jpg,Bursera_spp,6147555176,train
dataset_serb_bloque2/Bursera_fagaroides/6399176516_1.jpg,Bursera_spp,6399176516,train
dataset_serb_bloque2/Bursera_fagaroides/6399176516_0.jpg,Bursera_spp,6399176516,train
dataset_serb_bloque2/Bursera_fagaroides/6399176516_4.jpg,Bursera_spp,6399176516,train
dataset_serb_bloque2/Bursera_fagaroides/6399176516_5.jpg,Bursera_spp,6399176516,train
dataset_serb_bloque2/Bursera_fagaroides/6399176516_2.jpg,Bursera_spp,6399176516,train
dataset_serb_bloque2/Bursera_fagaroides/6399176516_3.jpg,Bursera_spp,6399176516,train
dataset_serb_bloque2/Bursera_bipinnata/6159683831_0.jpg,Bursera_spp,6159683831,train
dataset_serb_bloque2/Bursera_fagaroides/6130628160_0.jpg,Bursera_spp,6130628160,train
dataset_serb_bloque2/Bursera_bipinnata/6499484644_0.jpg,Bursera_spp,6499484644,train
dataset_serb_bloque2/Bursera_bipinnata/5063935249_0.jpg,Bursera_spp,5063935249,train
dataset_serb_bloque2/Bursera_bipinnata/5063585113_0.jpg,Bursera_spp,5063585113,train
dataset_serb_bloque2/Bursera_fagaroides/6159400274_3.jpg,Bursera_spp,6159400274,train
dataset_serb_bloque2/Bursera_fagaroides/6159400274_1.jpg,Bursera_spp,6159400274,train
dataset_serb_bloque2/Bursera_fagaroides/6159400274_0.jpg,Bursera_spp,6159400274,train
dataset_serb_bloque2/Bursera_fagaroides/6159400274_2.jpg,Bursera_spp,6159400274,train
dataset_serb_bloque2/Bursera_fagaroides/6500227830_2.jpg,Bursera_spp,6500227830,train
dataset_serb_bloque2/Bursera_fagaroides/6500227830_0.jpg,Bursera_spp,6500227830,train
dataset_serb_bloque2/Bursera_fagaroides/6500227830_1.jpg,Bursera_spp,6500227830,train
dataset_serb_bloque2/Bursera_fagaroides/6171240807_1.jpg,Bursera_spp,6171240807,train
dataset_serb_bloque2/Bursera_fagaroides/6171240807_0.jpg,Bursera_spp,6171240807,train
dataset_serb_bloque2/Bursera_fagaroides/6171240807_2.jpg,Bursera_spp,6171240807,train
dataset_serb_bloque2/Bursera_fagaroides/6171240807_3.jpg,Bursera_spp,6171240807,train
dataset_serb_bloque2/Bursera_bipinnata/6499636406_1.jpg,Bursera_spp,6499636406,train
dataset_serb_bloque2/Bursera_bipinnata/6499636406_0.jpg,Bursera_spp,6499636406,train
dataset_serb_bloque2/Bursera_fagaroides/6131266051_0.jpg,Bursera_spp,6131266051,train
dataset_serb_bloque2/Bursera_bipinnata/5063592151_0.jpg,Bursera_spp,5063592151,train
dataset_serb_bloque2/Bursera_fagaroides/6171336513_0.jpg,Bursera_spp,6171336513,train
dataset_serb_bloque2/Bursera_fagaroides/6400565328_1.jpg,Bursera_spp,6400565328,train
dataset_serb_bloque2/Bursera_fagaroides/6400565328_0.jpg,Bursera_spp,6400565328,train
dataset_serb_bloque2/Bursera_fagaroides/6400565328_2.jpg,Bursera_spp,6400565328,train
dataset_serb_bloque2/Bursera_fagaroides/6400565328_3.jpg,Bursera_spp,6400565328,train
dataset_serb_bloque2/Bursera_fagaroides/6133495618_0.jpg,Bursera_spp,6133495618,train
dataset_serb_bloque2/Bursera_bipinnata/6334189673_0.jpg,Bursera_spp,6334189673,train
dataset_serb_bloque2/Bursera_bipinnata/6519537854_1.jpg,Bursera_spp,6519537854,train
dataset_serb_bloque2/Bursera_bipinnata/6519537854_0.jpg,Bursera_spp,6519537854,train
dataset_serb_bloque2/Bursera_fagaroides/6133594565_0.jpg,Bursera_spp,6133594565,train
dataset_serb_bloque2/Bursera_fagaroides/6133594565_2.jpg,Bursera_spp,6133594565,train
dataset_serb_bloque2/Bursera_fagaroides/6133594565_1.jpg,Bursera_spp,6133594565,train
dataset_serb_bloque2/Bursera_bipinnata/5063634900_0.jpg,Bursera_spp,5063634900,train
dataset_serb_bloque2/Bursera_fagaroides/6130827403_0.jpg,Bursera_spp,6130827403,train
dataset_serb_bloque2/Bursera_fagaroides/6130827403_1.jpg,Bursera_spp,6130827403,train
dataset_serb_bloque2/Bursera_fagaroides/6159637786_0.jpg,Bursera_spp,6159637786,train
dataset_serb_bloque2/Bursera_fagaroides/6399079986_3.jpg,Bursera_spp,6399079986,train
dataset_serb_bloque2/Bursera_fagaroides/6399079986_0.jpg,Bursera_spp,6399079986,train
dataset_serb_bloque2/Bursera_fagaroides/6399079986_1.jpg,Bursera_spp,6399079986,train
dataset_serb_bloque2/Bursera_fagaroides/6399079986_2.jpg,Bursera_spp,6399079986,train
dataset_serb_bloque2/Bursera_bipinnata/6500109361_2.jpg,Bursera_spp,6500109361,train
dataset_serb_bloque2/Bursera_bipinnata/6500109361_0.jpg,Bursera_spp,6500109361,train
dataset_serb_bloque2/Bursera_bipinnata/6500109361_1.jpg,Bursera_spp,6500109361,train
dataset_serb_bloque2/Bursera_fagaroides/6400078847_2.jpg,Bursera_spp,6400078847,train
dataset_serb_bloque2/Bursera_fagaroides/6400078847_3.jpg,Bursera_spp,6400078847,train
dataset_serb_bloque2/Bursera_fagaroides/6400078847_1.jpg,Bursera_spp,6400078847,train
dataset_serb_bloque2/Bursera_fagaroides/6400078847_4.jpg,Bursera_spp,6400078847,train
dataset_serb_bloque2/Bursera_fagaroides/6400078847_0.jpg,Bursera_spp,6400078847,train
dataset_serb_bloque2/Bursera_fagaroides/6147478579_1.jpg,Bursera_spp,6147478579,train
dataset_serb_bloque2/Bursera_fagaroides/6147478579_2.jpg,Bursera_spp,6147478579,train
dataset_serb_bloque2/Bursera_fagaroides/6147478579_0.jpg,Bursera_spp,6147478579,train
dataset_serb_bloque2/Bursera_bipinnata/6499951343_1.jpg,Bursera_spp,6499951343,train
dataset_serb_bloque2/Bursera_bipinnata/6499951343_0.jpg,Bursera_spp,6499951343,train
dataset_serb_bloque2/Bursera_bipinnata/6499951343_2.jpg,Bursera_spp,6499951343,train
dataset_serb_bloque2/Cercocarpus_macrophyllus/5036732653_1.jpg,Cercocarpus macrophyllus,5036732653,val
dataset_serb_bloque2/Cercocarpus_macrophyllus/5036732653_0.jpg,Cercocarpus macrophyllus,5036732653,val
dataset_serb_bloque2/Cercocarpus_macrophyllus/3705456166_1.jpg,Cercocarpus macrophyllus,3705456166,val
dataset_serb_bloque2/Cercocarpus_macrophyllus/3705456166_0.jpg,Cercocarpus macrophyllus,3705456166,val
dataset_serb_bloque2/Cercocarpus_macrophyllus/3705456166_2.jpg,Cercocarpus macrophyllus,3705456166,val
dataset_serb_bloque2/Cercocarpus_macrophyllus/6452677368_0.jpg,Cercocarpus macrophyllus,6452677368,val
dataset_serb_bloque2/Cercocarpus_macrophyllus/4137622079_0.jpg,Cercocarpus macrophyllus,4137622079,val
dataset_serb_bloque2/Cercocarpus_macrophyllus/4137622079_1.jpg,Cercocarpus macrophyllus,4137622079,val
dataset_serb_bloque2/Cercocarpus_macrophyllus/4137622079_2.jpg,Cercocarpus macrophyllus,4137622079,val
dataset_serb_bloque2/Cercocarpus_macrophyllus/4137622079_3.jpg,Cercocarpus macrophyllus,4137622079,val
dataset_serb_bloque2/Cercocarpus_macrophyllus/4137622079_4.jpg,Cercocarpus macrophyllus,4137622079,val
dataset_serb_bloque2/Cercocarpus_macrophyllus/4453807484_0.jpg,Cercocarpus macrophyllus,4453807484,test
dataset_serb_bloque2/Cercocarpus_macrophyllus/4453807484_5.jpg,Cercocarpus macrophyllus,4453807484,test
dataset_serb_bloque2/Cercocarpus_macrophyllus/4453807484_6.jpg,Cercocarpus macrophyllus,4453807484,test
dataset_serb_bloque2/Cercocarpus_macrophyllus/4453807484_4.jpg,Cercocarpus macrophyllus,4453807484,test
dataset_serb_bloque2/Cercocarpus_macrophyllus/4453807484_1.jpg,Cercocarpus macrophyllus,4453807484,test
dataset_serb_bloque2/Cercocarpus_macrophyllus/4453807484_3.jpg,Cercocarpus macrophyllus,4453807484,test
dataset_serb_bloque2/Cercocarpus_macrophyllus/4453807484_2.jpg,Cercocarpus macrophyllus,4453807484,test
dataset_serb_bloque2/Cercocarpus_macrophyllus/4137995855_0.jpg,Cercocarpus macrophyllus,4137995855,test
dataset_serb_bloque2/Cercocarpus_macrophyllus/4421218583_2.jpg,Cercocarpus macrophyllus,4421218583,test
dataset_serb_bloque2/Cercocarpus_macrophyllus/4421218583_0.jpg,Cercocarpus macrophyllus,4421218583,test
dataset_serb_bloque2/Cercocarpus_macrophyllus/4421218583_1.jpg,Cercocarpus macrophyllus,4421218583,test
dataset_serb_bloque2/Cercocarpus_macrophyllus/4453884666_2.jpg,Cercocarpus macrophyllus,4453884666,test
dataset_serb_bloque2/Cercocarpus_macrophyllus/4453884666_1.jpg,Cercocarpus macrophyllus,4453884666,test
dataset_serb_bloque2/Cercocarpus_macrophyllus/4453884666_3.jpg,Cercocarpus macrophyllus,4453884666,test
dataset_serb_bloque2/Cercocarpus_macrophyllus/4453884666_0.jpg,Cercocarpus macrophyllus,4453884666,test
dataset_serb_bloque2/Cercocarpus_macrophyllus/5008165397_0.jpg,Cercocarpus macrophyllus,5008165397,train
dataset_serb_bloque2/Cercocarpus_macrophyllus/5008165397_1.jpg,Cercocarpus macrophyllus,5008165397,train
dataset_serb_bloque2/Cercocarpus_macrophyllus/5008165397_2.jpg,Cercocarpus macrophyllus,5008165397,train
dataset_serb_bloque2/Cercocarpus_macrophyllus/6520505164_1.jpg,Cercocarpus macrophyllus,6520505164,train
dataset_serb_bloque2/Cercocarpus_macrophyllus/6520505164_0.jpg,Cercocarpus macrophyllus,6520505164,train
dataset_serb_bloque2/Cercocarpus_macrophyllus/3457166107_2.jpg,Cercocarpus macrophyllus,3457166107,train
dataset_serb_bloque2/Cercocarpus_macrophyllus/3457166107_1.jpg,Cercocarpus macrophyllus,3457166107,train
dataset_serb_bloque2/Cercocarpus_macrophyllus/3457166107_0.jpg,Cercocarpus macrophyllus,3457166107,train
dataset_serb_bloque2/Cercocarpus_macrophyllus/4892172188_5.jpg,Cercocarpus macrophyllus,4892172188,train
dataset_serb_bloque2/Cercocarpus_macrophyllus/4892172188_1.jpg,Cercocarpus macrophyllus,4892172188,train
dataset_serb_bloque2/Cercocarpus_macrophyllus/4892172188_4.jpg,Cercocarpus macrophyllus,4892172188,train
dataset_serb_bloque2/Cercocarpus_macrophyllus/4892172188_0.jpg,Cercocarpus macrophyllus,4892172188,train
dataset_serb_bloque2/Cercocarpus_macrophyllus/4892172188_7.jpg,Cercocarpus macrophyllus,4892172188,train
dataset_serb_bloque2/Cercocarpus_macrophyllus/4892172188_2.jpg,Cercocarpus macrophyllus,4892172188,train
dataset_serb_bloque2/Cercocarpus_macrophyllus/4892172188_3.jpg,Cercocarpus macrophyllus,4892172188,train
dataset_serb_bloque2/Cercocarpus_macrophyllus/4892172188_6.jpg,Cercocarpus macrophyllus,4892172188,train
dataset_serb_bloque2/Cercocarpus_macrophyllus/3466179545_0.jpg,Cercocarpus macrophyllus,3466179545,train
dataset_serb_bloque2/Cercocarpus_macrophyllus/3466179545_3.jpg,Cercocarpus macrophyllus,3466179545,train
dataset_serb_bloque2/Cercocarpus_macrophyllus/3466179545_2.jpg,Cercocarpus macrophyllus,3466179545,train
dataset_serb_bloque2/Cercocarpus_macrophyllus/3466179545_4.jpg,Cercocarpus macrophyllus,3466179545,train
dataset_serb_bloque2/Cercocarpus_macrophyllus/3466179545_1.jpg,Cercocarpus macrophyllus,3466179545,train
dataset_serb_bloque2/Cercocarpus_macrophyllus/5036897344_0.jpg,Cercocarpus macrophyllus,5036897344,train
dataset_serb_bloque2/Cercocarpus_macrophyllus/5036814274_0.jpg,Cercocarpus macrophyllus,5036814274,train
dataset_serb_bloque2/Cercocarpus_macrophyllus/4111693419_0.jpg,Cercocarpus macrophyllus,4111693419,train
dataset_serb_bloque2/Cercocarpus_macrophyllus/4111693419_1.jpg,Cercocarpus macrophyllus,4111693419,train
dataset_serb_bloque2/Cercocarpus_macrophyllus/4006639961_3.jpg,Cercocarpus macrophyllus,4006639961,train
dataset_serb_bloque2/Cercocarpus_macrophyllus/4006639961_2.jpg,Cercocarpus macrophyllus,4006639961,train
dataset_serb_bloque2/Cercocarpus_macrophyllus/4006639961_0.jpg,Cercocarpus macrophyllus,4006639961,train
dataset_serb_bloque2/Cercocarpus_macrophyllus/4006639961_1.jpg,Cercocarpus macrophyllus,4006639961,train
dataset_serb_bloque2/Cercocarpus_macrophyllus/3466278575_4.jpg,Cercocarpus macrophyllus,3466278575,train
dataset_serb_bloque2/Cercocarpus_macrophyllus/3466278575_3.jpg,Cercocarpus macrophyllus,3466278575,train
dataset_serb_bloque2/Cercocarpus_macrophyllus/3466278575_2.jpg,Cercocarpus macrophyllus,3466278575,train
dataset_serb_bloque2/Cercocarpus_macrophyllus/3466278575_0.jpg,Cercocarpus macrophyllus,3466278575,train
dataset_serb_bloque2/Cercocarpus_macrophyllus/3466278575_1.jpg,Cercocarpus macrophyllus,3466278575,train
dataset_serb_bloque2/Cercocarpus_macrophyllus/4129790415_0.jpg,Cercocarpus macrophyllus,4129790415,train
dataset_serb_bloque2/Cercocarpus_macrophyllus/4129790415_1.jpg,Cercocarpus macrophyllus,4129790415,train
dataset_serb_bloque2/Cercocarpus_macrophyllus/4129790415_2.jpg,Cercocarpus macrophyllus,4129790415,train
dataset_serb_bloque2/Cercocarpus_macrophyllus/6431629639_9.jpg,Cercocarpus macrophyllus,6431629639,train
dataset_serb_bloque2/Cercocarpus_macrophyllus/6431629639_5.jpg,Cercocarpus macrophyllus,6431629639,train
dataset_serb_bloque2/Cercocarpus_macrophyllus/6431629639_3.jpg,Cercocarpus macrophyllus,6431629639,train
dataset_serb_bloque2/Cercocarpus_macrophyllus/6431629639_4.jpg,Cercocarpus macrophyllus,6431629639,train
dataset_serb_bloque2/Cercocarpus_macrophyllus/6431629639_6.jpg,Cercocarpus macrophyllus,6431629639,train
dataset_serb_bloque2/Cercocarpus_macrophyllus/6431629639_8.jpg,Cercocarpus macrophyllus,6431629639,train
dataset_serb_bloque2/Cercocarpus_macrophyllus/6431629639_7.jpg,Cercocarpus macrophyllus,6431629639,train
dataset_serb_bloque2/Cercocarpus_macrophyllus/6431629639_2.jpg,Cercocarpus macrophyllus,6431629639,train
dataset_serb_bloque2/Cercocarpus_macrophyllus/6431629639_0.jpg,Cercocarpus macrophyllus,6431629639,train
dataset_serb_bloque2/Cercocarpus_macrophyllus/6431629639_1.jpg,Cercocarpus macrophyllus,6431629639,train
dataset_serb_bloque2/Cercocarpus_macrophyllus/6353415707_5.jpg,Cercocarpus macrophyllus,6353415707,train
dataset_serb_bloque2/Cercocarpus_macrophyllus/6353415707_1.jpg,Cercocarpus macrophyllus,6353415707,train
dataset_serb_bloque2/Cercocarpus_macrophyllus/6353415707_2.jpg,Cercocarpus macrophyllus,6353415707,train
dataset_serb_bloque2/Cercocarpus_macrophyllus/6353415707_3.jpg,Cercocarpus macrophyllus,6353415707,train
dataset_serb_bloque2/Cercocarpus_macrophyllus/6353415707_0.jpg,Cercocarpus macrophyllus,6353415707,train
dataset_serb_bloque2/Cercocarpus_macrophyllus/6353415707_4.jpg,Cercocarpus macrophyllus,6353415707,train
dataset_serb_bloque2/Cercocarpus_macrophyllus/4075764951_0.jpg,Cercocarpus macrophyllus,4075764951,train
dataset_serb_bloque2/Cercocarpus_macrophyllus/4075764951_2.jpg,Cercocarpus macrophyllus,4075764951,train
dataset_serb_bloque2/Cercocarpus_macrophyllus/4075764951_1.jpg,Cercocarpus macrophyllus,4075764951,train
dataset_serb_bloque2/Cercocarpus_macrophyllus/3698102187_4.jpg,Cercocarpus macrophyllus,3698102187,train
dataset_serb_bloque2/Cercocarpus_macrophyllus/3698102187_2.jpg,Cercocarpus macrophyllus,3698102187,train
dataset_serb_bloque2/Cercocarpus_macrophyllus/3698102187_0.jpg,Cercocarpus macrophyllus,3698102187,train
dataset_serb_bloque2/Cercocarpus_macrophyllus/3698102187_3.jpg,Cercocarpus macrophyllus,3698102187,train
dataset_serb_bloque2/Cercocarpus_macrophyllus/3698102187_1.jpg,Cercocarpus macrophyllus,3698102187,train
dataset_serb_bloque2/Cercocarpus_macrophyllus/5037218891_4.jpg,Cercocarpus macrophyllus,5037218891,train
dataset_serb_bloque2/Cercocarpus_macrophyllus/5037218891_0.jpg,Cercocarpus macrophyllus,5037218891,train
dataset_serb_bloque2/Cercocarpus_macrophyllus/5037218891_2.jpg,Cercocarpus macrophyllus,5037218891,train
dataset_serb_bloque2/Cercocarpus_macrophyllus/5037218891_3.jpg,Cercocarpus macrophyllus,5037218891,train
dataset_serb_bloque2/Cercocarpus_macrophyllus/5037218891_1.jpg,Cercocarpus macrophyllus,5037218891,train
dataset_serb_bloque2/Ipomoea_arborescens/5216231264_0.jpg,Ipomoea arborescens,5216231264,val
dataset_serb_bloque2/Ipomoea_arborescens/5231573525_0.jpg,Ipomoea arborescens,5231573525,val
dataset_serb_bloque2/Ipomoea_arborescens/5063098210_0.jpg,Ipomoea arborescens,5063098210,val
dataset_serb_bloque2/Ipomoea_arborescens/5088047146_0.jpg,Ipomoea arborescens,5088047146,val
dataset_serb_bloque2/Ipomoea_arborescens/5760850781_0.jpg,Ipomoea arborescens,5760850781,val
dataset_serb_bloque2/Ipomoea_arborescens/5088114016_0.jpg,Ipomoea arborescens,5088114016,val
dataset_serb_bloque2/Ipomoea_arborescens/5206246593_0.jpg,Ipomoea arborescens,5206246593,val
dataset_serb_bloque2/Ipomoea_arborescens/5088055998_0.jpg,Ipomoea arborescens,5088055998,test
dataset_serb_bloque2/Ipomoea_arborescens/5292731218_0.jpg,Ipomoea arborescens,5292731218,test
dataset_serb_bloque2/Ipomoea_arborescens/5292731218_1.jpg,Ipomoea arborescens,5292731218,test
dataset_serb_bloque2/Ipomoea_arborescens/6518414167_4.jpg,Ipomoea arborescens,6518414167,test
dataset_serb_bloque2/Ipomoea_arborescens/6518414167_3.jpg,Ipomoea arborescens,6518414167,test
dataset_serb_bloque2/Ipomoea_arborescens/6518414167_0.jpg,Ipomoea arborescens,6518414167,test
dataset_serb_bloque2/Ipomoea_arborescens/6518414167_1.jpg,Ipomoea arborescens,6518414167,test
dataset_serb_bloque2/Ipomoea_arborescens/6518414167_2.jpg,Ipomoea arborescens,6518414167,test
dataset_serb_bloque2/Ipomoea_arborescens/5063724458_0.jpg,Ipomoea arborescens,5063724458,test
dataset_serb_bloque2/Ipomoea_arborescens/5063724458_1.jpg,Ipomoea arborescens,5063724458,test
dataset_serb_bloque2/Ipomoea_arborescens/5008172830_1.jpg,Ipomoea arborescens,5008172830,test
dataset_serb_bloque2/Ipomoea_arborescens/5008172830_0.jpg,Ipomoea arborescens,5008172830,test
dataset_serb_bloque2/Ipomoea_arborescens/5238160534_1.jpg,Ipomoea arborescens,5238160534,test
dataset_serb_bloque2/Ipomoea_arborescens/5238160534_0.jpg,Ipomoea arborescens,5238160534,test
dataset_serb_bloque2/Ipomoea_arborescens/5292599444_0.jpg,Ipomoea arborescens,5292599444,test
dataset_serb_bloque2/Ipomoea_arborescens/6470464827_0.jpg,Ipomoea arborescens,6470464827,train
dataset_serb_bloque2/Ipomoea_arborescens/5153473006_1.jpg,Ipomoea arborescens,5153473006,train
dataset_serb_bloque2/Ipomoea_arborescens/5153473006_0.jpg,Ipomoea arborescens,5153473006,train
dataset_serb_bloque2/Ipomoea_arborescens/6498735029_0.jpg,Ipomoea arborescens,6498735029,train
dataset_serb_bloque2/Ipomoea_arborescens/5069908807_0.jpg,Ipomoea arborescens,5069908807,train
dataset_serb_bloque2/Ipomoea_arborescens/6400532632_0.jpg,Ipomoea arborescens,6400532632,train
dataset_serb_bloque2/Ipomoea_arborescens/5291923266_0.jpg,Ipomoea arborescens,5291923266,train
dataset_serb_bloque2/Ipomoea_arborescens/5229966199_1.jpg,Ipomoea arborescens,5229966199,train
dataset_serb_bloque2/Ipomoea_arborescens/5229966199_3.jpg,Ipomoea arborescens,5229966199,train
dataset_serb_bloque2/Ipomoea_arborescens/5229966199_2.jpg,Ipomoea arborescens,5229966199,train
dataset_serb_bloque2/Ipomoea_arborescens/5229966199_0.jpg,Ipomoea arborescens,5229966199,train
dataset_serb_bloque2/Ipomoea_arborescens/5063106020_0.jpg,Ipomoea arborescens,5063106020,train
dataset_serb_bloque2/Ipomoea_arborescens/6130480267_0.jpg,Ipomoea arborescens,6130480267,train
dataset_serb_bloque2/Ipomoea_arborescens/6335030923_0.jpg,Ipomoea arborescens,6335030923,train
dataset_serb_bloque2/Ipomoea_arborescens/5167068840_1.jpg,Ipomoea arborescens,5167068840,train
dataset_serb_bloque2/Ipomoea_arborescens/5167068840_0.jpg,Ipomoea arborescens,5167068840,train
dataset_serb_bloque2/Ipomoea_arborescens/5231140469_0.jpg,Ipomoea arborescens,5231140469,train
dataset_serb_bloque2/Ipomoea_arborescens/5167501823_0.jpg,Ipomoea arborescens,5167501823,train
dataset_serb_bloque2/Ipomoea_arborescens/5167501823_1.jpg,Ipomoea arborescens,5167501823,train
dataset_serb_bloque2/Ipomoea_arborescens/5760286496_0.jpg,Ipomoea arborescens,5760286496,train
dataset_serb_bloque2/Ipomoea_arborescens/5237474044_0.jpg,Ipomoea arborescens,5237474044,train
dataset_serb_bloque2/Ipomoea_arborescens/5063525678_1.jpg,Ipomoea arborescens,5063525678,train
dataset_serb_bloque2/Ipomoea_arborescens/5063525678_0.jpg,Ipomoea arborescens,5063525678,train
dataset_serb_bloque2/Ipomoea_arborescens/5036908622_0.jpg,Ipomoea arborescens,5036908622,train
dataset_serb_bloque2/Ipomoea_arborescens/6518393990_2.jpg,Ipomoea arborescens,6518393990,train
dataset_serb_bloque2/Ipomoea_arborescens/6518393990_1.jpg,Ipomoea arborescens,6518393990,train
dataset_serb_bloque2/Ipomoea_arborescens/6518393990_0.jpg,Ipomoea arborescens,6518393990,train
dataset_serb_bloque2/Ipomoea_arborescens/6334181807_0.jpg,Ipomoea arborescens,6334181807,train
dataset_serb_bloque2/Ipomoea_arborescens/5166985525_0.jpg,Ipomoea arborescens,5166985525,train
dataset_serb_bloque2/Ipomoea_arborescens/5087949426_0.jpg,Ipomoea arborescens,5087949426,train
dataset_serb_bloque2/Ipomoea_arborescens/6520311708_1.jpg,Ipomoea arborescens,6520311708,train
dataset_serb_bloque2/Ipomoea_arborescens/6520311708_0.jpg,Ipomoea arborescens,6520311708,train
dataset_serb_bloque2/Ipomoea_arborescens/5760983619_0.jpg,Ipomoea arborescens,5760983619,train
dataset_serb_bloque2/Ipomoea_arborescens/5760983619_1.jpg,Ipomoea arborescens,5760983619,train
dataset_serb_bloque2/Ipomoea_arborescens/5760983619_2.jpg,Ipomoea arborescens,5760983619,train
dataset_serb_bloque2/Ipomoea_arborescens/5760983619_3.jpg,Ipomoea arborescens,5760983619,train
dataset_serb_bloque2/Ipomoea_arborescens/5064009540_2.jpg,Ipomoea arborescens,5064009540,train
dataset_serb_bloque2/Ipomoea_arborescens/5064009540_0.jpg,Ipomoea arborescens,5064009540,train
dataset_serb_bloque2/Ipomoea_arborescens/5064009540_1.jpg,Ipomoea arborescens,5064009540,train
dataset_serb_bloque2/Ipomoea_arborescens/5064009540_3.jpg,Ipomoea arborescens,5064009540,train
dataset_serb_bloque2/Ipomoea_arborescens/5238296172_0.jpg,Ipomoea arborescens,5238296172,train
dataset_serb_bloque2/Ipomoea_arborescens/5238296172_1.jpg,Ipomoea arborescens,5238296172,train
dataset_serb_bloque2/Ipomoea_arborescens/5088106727_0.jpg,Ipomoea arborescens,5088106727,train
dataset_serb_bloque2/Ipomoea_arborescens/5088106727_1.jpg,Ipomoea arborescens,5088106727,train
dataset_serb_bloque2/Ipomoea_arborescens/6334182708_0.jpg,Ipomoea arborescens,6334182708,train
dataset_serb_bloque2/Ipomoea_arborescens/6413442885_0.jpg,Ipomoea arborescens,6413442885,train
dataset_serb_bloque2/Ipomoea_arborescens/5153561544_0.jpg,Ipomoea arborescens,5153561544,train
dataset_serb_bloque2/Ipomoea_arborescens/5104505978_1.jpg,Ipomoea arborescens,5104505978,train
dataset_serb_bloque2/Ipomoea_arborescens/5104505978_0.jpg,Ipomoea arborescens,5104505978,train
dataset_serb_bloque2/Ipomoea_arborescens/6498880894_0.jpg,Ipomoea arborescens,6498880894,train
dataset_serb_bloque2/Ipomoea_arborescens/6498880894_1.jpg,Ipomoea arborescens,6498880894,train
dataset_serb_bloque2/Ipomoea_arborescens/6498880894_2.jpg,Ipomoea arborescens,6498880894,train
dataset_serb_bloque2/Ipomoea_arborescens/5063282322_0.jpg,Ipomoea arborescens,5063282322,train
dataset_serb_bloque2/Ipomoea_arborescens/5292272702_0.jpg,Ipomoea arborescens,5292272702,train
dataset_serb_bloque2/Ipomoea_arborescens/5292272702_1.jpg,Ipomoea arborescens,5292272702,train
dataset_serb_bloque2/Ipomoea_arborescens/6500269864_1.jpg,Ipomoea arborescens,6500269864,train
dataset_serb_bloque2/Ipomoea_arborescens/6500269864_0.jpg,Ipomoea arborescens,6500269864,train
dataset_serb_bloque2/Ipomoea_arborescens/6500269864_2.jpg,Ipomoea arborescens,6500269864,train
dataset_serb_bloque2/Ficus_insipida/6334310718_1.jpg,Ficus insipida,6334310718,val
dataset_serb_bloque2/Ficus_insipida/6334310718_3.jpg,Ficus insipida,6334310718,val
dataset_serb_bloque2/Ficus_insipida/6334310718_0.jpg,Ficus insipida,6334310718,val
dataset_serb_bloque2/Ficus_insipida/6334310718_2.jpg,Ficus insipida,6334310718,val
dataset_serb_bloque2/Ficus_insipida/6334310718_4.jpg,Ficus insipida,6334310718,val
dataset_serb_bloque2/Ficus_insipida/6184959644_0.jpg,Ficus insipida,6184959644,val
dataset_serb_bloque2/Ficus_insipida/6400642030_4.jpg,Ficus insipida,6400642030,val
dataset_serb_bloque2/Ficus_insipida/6400642030_5.jpg,Ficus insipida,6400642030,val
dataset_serb_bloque2/Ficus_insipida/6400642030_1.jpg,Ficus insipida,6400642030,val
dataset_serb_bloque2/Ficus_insipida/6400642030_2.jpg,Ficus insipida,6400642030,val
dataset_serb_bloque2/Ficus_insipida/6400642030_3.jpg,Ficus insipida,6400642030,val
dataset_serb_bloque2/Ficus_insipida/6400642030_0.jpg,Ficus insipida,6400642030,val
dataset_serb_bloque2/Ficus_insipida/6178488371_3.jpg,Ficus insipida,6178488371,val
dataset_serb_bloque2/Ficus_insipida/6178488371_1.jpg,Ficus insipida,6178488371,val
dataset_serb_bloque2/Ficus_insipida/6178488371_4.jpg,Ficus insipida,6178488371,val
dataset_serb_bloque2/Ficus_insipida/6178488371_5.jpg,Ficus insipida,6178488371,val
dataset_serb_bloque2/Ficus_insipida/6178488371_2.jpg,Ficus insipida,6178488371,val
dataset_serb_bloque2/Ficus_insipida/6178488371_0.jpg,Ficus insipida,6178488371,val
dataset_serb_bloque2/Ficus_insipida/6179094417_2.jpg,Ficus insipida,6179094417,val
dataset_serb_bloque2/Ficus_insipida/6179094417_0.jpg,Ficus insipida,6179094417,val
dataset_serb_bloque2/Ficus_insipida/6179094417_3.jpg,Ficus insipida,6179094417,val
dataset_serb_bloque2/Ficus_insipida/6179094417_1.jpg,Ficus insipida,6179094417,val
dataset_serb_bloque2/Ficus_insipida/6179094417_4.jpg,Ficus insipida,6179094417,val
dataset_serb_bloque2/Ficus_insipida/6185833285_0.jpg,Ficus insipida,6185833285,test
dataset_serb_bloque2/Ficus_insipida/6188274133_2.jpg,Ficus insipida,6188274133,test
dataset_serb_bloque2/Ficus_insipida/6188274133_0.jpg,Ficus insipida,6188274133,test
dataset_serb_bloque2/Ficus_insipida/6188274133_1.jpg,Ficus insipida,6188274133,test
dataset_serb_bloque2/Ficus_insipida/6185638999_0.jpg,Ficus insipida,6185638999,test
dataset_serb_bloque2/Ficus_insipida/6185432423_1.jpg,Ficus insipida,6185432423,test
dataset_serb_bloque2/Ficus_insipida/6185432423_2.jpg,Ficus insipida,6185432423,test
dataset_serb_bloque2/Ficus_insipida/6185432423_0.jpg,Ficus insipida,6185432423,test
dataset_serb_bloque2/Ficus_insipida/6235037858_0.jpg,Ficus insipida,6235037858,test
dataset_serb_bloque2/Ficus_insipida/6274130392_0.jpg,Ficus insipida,6274130392,train
dataset_serb_bloque2/Ficus_insipida/6274130392_2.jpg,Ficus insipida,6274130392,train
dataset_serb_bloque2/Ficus_insipida/6274130392_1.jpg,Ficus insipida,6274130392,train
dataset_serb_bloque2/Ficus_insipida/6274130392_3.jpg,Ficus insipida,6274130392,train
dataset_serb_bloque2/Ficus_insipida/6178696618_0.jpg,Ficus insipida,6178696618,train
dataset_serb_bloque2/Ficus_insipida/6187915481_1.jpg,Ficus insipida,6187915481,train
dataset_serb_bloque2/Ficus_insipida/6187915481_3.jpg,Ficus insipida,6187915481,train
dataset_serb_bloque2/Ficus_insipida/6187915481_0.jpg,Ficus insipida,6187915481,train
dataset_serb_bloque2/Ficus_insipida/6187915481_2.jpg,Ficus insipida,6187915481,train
dataset_serb_bloque2/Ficus_insipida/6518950453_1.jpg,Ficus insipida,6518950453,train
dataset_serb_bloque2/Ficus_insipida/6518950453_0.jpg,Ficus insipida,6518950453,train
dataset_serb_bloque2/Ficus_insipida/6518950453_4.jpg,Ficus insipida,6518950453,train
dataset_serb_bloque2/Ficus_insipida/6518950453_2.jpg,Ficus insipida,6518950453,train
dataset_serb_bloque2/Ficus_insipida/6518950453_3.jpg,Ficus insipida,6518950453,train
dataset_serb_bloque2/Ficus_insipida/6320518586_0.jpg,Ficus insipida,6320518586,train
dataset_serb_bloque2/Ficus_insipida/6320518586_1.jpg,Ficus insipida,6320518586,train
dataset_serb_bloque2/Ficus_insipida/6352533609_0.jpg,Ficus insipida,6352533609,train
dataset_serb_bloque2/Ficus_insipida/6352533609_1.jpg,Ficus insipida,6352533609,train
dataset_serb_bloque2/Ficus_insipida/6188092019_2.jpg,Ficus insipida,6188092019,train
dataset_serb_bloque2/Ficus_insipida/6188092019_0.jpg,Ficus insipida,6188092019,train
dataset_serb_bloque2/Ficus_insipida/6188092019_3.jpg,Ficus insipida,6188092019,train
dataset_serb_bloque2/Ficus_insipida/6188092019_4.jpg,Ficus insipida,6188092019,train
dataset_serb_bloque2/Ficus_insipida/6188092019_5.jpg,Ficus insipida,6188092019,train
dataset_serb_bloque2/Ficus_insipida/6188092019_1.jpg,Ficus insipida,6188092019,train
dataset_serb_bloque2/Ficus_insipida/6253285407_0.jpg,Ficus insipida,6253285407,train
dataset_serb_bloque2/Ficus_insipida/6519335568_0.jpg,Ficus insipida,6519335568,train
dataset_serb_bloque2/Ficus_insipida/6469665102_2.jpg,Ficus insipida,6469665102,train
dataset_serb_bloque2/Ficus_insipida/6469665102_0.jpg,Ficus insipida,6469665102,train
dataset_serb_bloque2/Ficus_insipida/6469665102_1.jpg,Ficus insipida,6469665102,train
dataset_serb_bloque2/Ficus_insipida/6195343192_0.jpg,Ficus insipida,6195343192,train
dataset_serb_bloque2/Ficus_insipida/6195343192_1.jpg,Ficus insipida,6195343192,train
dataset_serb_bloque2/Ficus_insipida/6195343192_2.jpg,Ficus insipida,6195343192,train
dataset_serb_bloque2/Ficus_insipida/6251628750_0.jpg,Ficus insipida,6251628750,train
dataset_serb_bloque2/Ficus_insipida/6518932660_1.jpg,Ficus insipida,6518932660,train
dataset_serb_bloque2/Ficus_insipida/6518932660_0.jpg,Ficus insipida,6518932660,train
dataset_serb_bloque2/Ficus_insipida/6185799682_0.jpg,Ficus insipida,6185799682,train
dataset_serb_bloque2/Ficus_insipida/6195487604_0.jpg,Ficus insipida,6195487604,train
dataset_serb_bloque2/Ficus_insipida/6195487604_2.jpg,Ficus insipida,6195487604,train
dataset_serb_bloque2/Ficus_insipida/6195487604_3.jpg,Ficus insipida,6195487604,train
dataset_serb_bloque2/Ficus_insipida/6195487604_1.jpg,Ficus insipida,6195487604,train
dataset_serb_bloque2/Ficus_insipida/6273342140_0.jpg,Ficus insipida,6273342140,train
dataset_serb_bloque2/Ficus_insipida/6195667566_2.jpg,Ficus insipida,6195667566,train
dataset_serb_bloque2/Ficus_insipida/6195667566_3.jpg,Ficus insipida,6195667566,train
dataset_serb_bloque2/Ficus_insipida/6195667566_0.jpg,Ficus insipida,6195667566,train
dataset_serb_bloque2/Ficus_insipida/6195667566_1.jpg,Ficus insipida,6195667566,train
dataset_serb_bloque2/Ficus_insipida/6195503982_0.jpg,Ficus insipida,6195503982,train
dataset_serb_bloque2/Ficus_insipida/6185080480_0.jpg,Ficus insipida,6185080480,train
dataset_serb_bloque2/Ficus_insipida/6519241851_0.jpg,Ficus insipida,6519241851,train
dataset_serb_bloque2/Ficus_insipida/6352483414_1.jpg,Ficus insipida,6352483414,train
dataset_serb_bloque2/Ficus_insipida/6352483414_0.jpg,Ficus insipida,6352483414,train
dataset_serb_bloque2/Ficus_insipida/6179040728_3.jpg,Ficus insipida,6179040728,train
dataset_serb_bloque2/Ficus_insipida/6179040728_1.jpg,Ficus insipida,6179040728,train
dataset_serb_bloque2/Ficus_insipida/6179040728_0.jpg,Ficus insipida,6179040728,train
dataset_serb_bloque2/Ficus_insipida/6179040728_2.jpg,Ficus insipida,6179040728,train
dataset_serb_bloque2/Erythrina_flabelliformis/6452386086_0.jpg,Erythrina flabelliformis,6452386086,val
dataset_serb_bloque2/Erythrina_flabelliformis/6498354457_0.jpg,Erythrina flabelliformis,6498354457,val
dataset_serb_bloque2/Erythrina_flabelliformis/6498354457_1.jpg,Erythrina flabelliformis,6498354457,val
dataset_serb_bloque2/Erythrina_flabelliformis/6498455482_1.jpg,Erythrina flabelliformis,6498455482,val
dataset_serb_bloque2/Erythrina_flabelliformis/6498455482_0.jpg,Erythrina flabelliformis,6498455482,val
dataset_serb_bloque2/Erythrina_flabelliformis/5830318883_2.jpg,Erythrina flabelliformis,5830318883,val
dataset_serb_bloque2/Erythrina_flabelliformis/5830318883_0.jpg,Erythrina flabelliformis,5830318883,val
dataset_serb_bloque2/Erythrina_flabelliformis/5830318883_1.jpg,Erythrina flabelliformis,5830318883,val
dataset_serb_bloque2/Erythrina_flabelliformis/6479614594_1.jpg,Erythrina flabelliformis,6479614594,val
dataset_serb_bloque2/Erythrina_flabelliformis/6479614594_0.jpg,Erythrina flabelliformis,6479614594,val
dataset_serb_bloque2/Erythrina_flabelliformis/5104538766_1.jpg,Erythrina flabelliformis,5104538766,val
dataset_serb_bloque2/Erythrina_flabelliformis/5104538766_0.jpg,Erythrina flabelliformis,5104538766,val
dataset_serb_bloque2/Erythrina_flabelliformis/6519174712_0.jpg,Erythrina flabelliformis,6519174712,val
dataset_serb_bloque2/Erythrina_flabelliformis/6519174712_1.jpg,Erythrina flabelliformis,6519174712,val
dataset_serb_bloque2/Erythrina_flabelliformis/6519174712_2.jpg,Erythrina flabelliformis,6519174712,val
dataset_serb_bloque2/Erythrina_flabelliformis/5176815999_0.jpg,Erythrina flabelliformis,5176815999,val
dataset_serb_bloque2/Erythrina_flabelliformis/5176815999_1.jpg,Erythrina flabelliformis,5176815999,val
dataset_serb_bloque2/Erythrina_flabelliformis/5176815999_2.jpg,Erythrina flabelliformis,5176815999,val
dataset_serb_bloque2/Erythrina_flabelliformis/6479209851_1.jpg,Erythrina flabelliformis,6479209851,val
dataset_serb_bloque2/Erythrina_flabelliformis/6479209851_2.jpg,Erythrina flabelliformis,6479209851,val
dataset_serb_bloque2/Erythrina_flabelliformis/6479209851_0.jpg,Erythrina flabelliformis,6479209851,val
dataset_serb_bloque2/Erythrina_flabelliformis/6431869608_0.jpg,Erythrina flabelliformis,6431869608,val
dataset_serb_bloque2/Erythrina_flabelliformis/5063040148_2.jpg,Erythrina flabelliformis,5063040148,val
dataset_serb_bloque2/Erythrina_flabelliformis/5063040148_0.jpg,Erythrina flabelliformis,5063040148,val
dataset_serb_bloque2/Erythrina_flabelliformis/5063040148_1.jpg,Erythrina flabelliformis,5063040148,val
dataset_serb_bloque2/Erythrina_flabelliformis/5176543263_0.jpg,Erythrina flabelliformis,5176543263,test
dataset_serb_bloque2/Erythrina_flabelliformis/6500049860_0.jpg,Erythrina flabelliformis,6500049860,test
dataset_serb_bloque2/Erythrina_flabelliformis/5177257408_0.jpg,Erythrina flabelliformis,5177257408,test
dataset_serb_bloque2/Erythrina_flabelliformis/5177257408_1.jpg,Erythrina flabelliformis,5177257408,test
dataset_serb_bloque2/Erythrina_flabelliformis/5177257408_2.jpg,Erythrina flabelliformis,5177257408,test
dataset_serb_bloque2/Erythrina_flabelliformis/5087392288_1.jpg,Erythrina flabelliformis,5087392288,test
dataset_serb_bloque2/Erythrina_flabelliformis/5087392288_0.jpg,Erythrina flabelliformis,5087392288,test
dataset_serb_bloque2/Erythrina_flabelliformis/5177164155_0.jpg,Erythrina flabelliformis,5177164155,test
dataset_serb_bloque2/Erythrina_flabelliformis/5177164155_1.jpg,Erythrina flabelliformis,5177164155,test
dataset_serb_bloque2/Erythrina_flabelliformis/5205841719_0.jpg,Erythrina flabelliformis,5205841719,test
dataset_serb_bloque2/Erythrina_flabelliformis/6441883621_2.jpg,Erythrina flabelliformis,6441883621,test
dataset_serb_bloque2/Erythrina_flabelliformis/6441883621_0.jpg,Erythrina flabelliformis,6441883621,test
dataset_serb_bloque2/Erythrina_flabelliformis/6441883621_1.jpg,Erythrina flabelliformis,6441883621,test
dataset_serb_bloque2/Erythrina_flabelliformis/5936193721_0.jpg,Erythrina flabelliformis,5936193721,test
dataset_serb_bloque2/Erythrina_flabelliformis/5176995356_0.jpg,Erythrina flabelliformis,5176995356,test
dataset_serb_bloque2/Erythrina_flabelliformis/6519022372_0.jpg,Erythrina flabelliformis,6519022372,test
dataset_serb_bloque2/Erythrina_flabelliformis/6479703229_0.jpg,Erythrina flabelliformis,6479703229,test
dataset_serb_bloque2/Erythrina_flabelliformis/5140963168_0.jpg,Erythrina flabelliformis,5140963168,train
dataset_serb_bloque2/Erythrina_flabelliformis/5140963168_1.jpg,Erythrina flabelliformis,5140963168,train
dataset_serb_bloque2/Erythrina_flabelliformis/5088153596_1.jpg,Erythrina flabelliformis,5088153596,train
dataset_serb_bloque2/Erythrina_flabelliformis/5088153596_0.jpg,Erythrina flabelliformis,5088153596,train
dataset_serb_bloque2/Erythrina_flabelliformis/5176626932_2.jpg,Erythrina flabelliformis,5176626932,train
dataset_serb_bloque2/Erythrina_flabelliformis/5176626932_0.jpg,Erythrina flabelliformis,5176626932,train
dataset_serb_bloque2/Erythrina_flabelliformis/5176626932_3.jpg,Erythrina flabelliformis,5176626932,train
dataset_serb_bloque2/Erythrina_flabelliformis/5176626932_1.jpg,Erythrina flabelliformis,5176626932,train
dataset_serb_bloque2/Erythrina_flabelliformis/6498120930_0.jpg,Erythrina flabelliformis,6498120930,train
dataset_serb_bloque2/Erythrina_flabelliformis/6498120930_3.jpg,Erythrina flabelliformis,6498120930,train
dataset_serb_bloque2/Erythrina_flabelliformis/6498120930_2.jpg,Erythrina flabelliformis,6498120930,train
dataset_serb_bloque2/Erythrina_flabelliformis/6498120930_1.jpg,Erythrina flabelliformis,6498120930,train
dataset_serb_bloque2/Erythrina_flabelliformis/5076950663_0.jpg,Erythrina flabelliformis,5076950663,train
dataset_serb_bloque2/Erythrina_flabelliformis/5076950663_1.jpg,Erythrina flabelliformis,5076950663,train
dataset_serb_bloque2/Erythrina_flabelliformis/5076950663_3.jpg,Erythrina flabelliformis,5076950663,train
dataset_serb_bloque2/Erythrina_flabelliformis/5076950663_2.jpg,Erythrina flabelliformis,5076950663,train
dataset_serb_bloque2/Erythrina_flabelliformis/5076950663_4.jpg,Erythrina flabelliformis,5076950663,train
dataset_serb_bloque2/Erythrina_flabelliformis/5229990688_1.jpg,Erythrina flabelliformis,5229990688,train
dataset_serb_bloque2/Erythrina_flabelliformis/5229990688_2.jpg,Erythrina flabelliformis,5229990688,train
dataset_serb_bloque2/Erythrina_flabelliformis/5229990688_3.jpg,Erythrina flabelliformis,5229990688,train
dataset_serb_bloque2/Erythrina_flabelliformis/5229990688_0.jpg,Erythrina flabelliformis,5229990688,train
dataset_serb_bloque2/Erythrina_flabelliformis/5229990688_4.jpg,Erythrina flabelliformis,5229990688,train
dataset_serb_bloque2/Erythrina_flabelliformis/5168505425_2.jpg,Erythrina flabelliformis,5168505425,train
dataset_serb_bloque2/Erythrina_flabelliformis/5168505425_1.jpg,Erythrina flabelliformis,5168505425,train
dataset_serb_bloque2/Erythrina_flabelliformis/5168505425_0.jpg,Erythrina flabelliformis,5168505425,train
dataset_serb_bloque2/Erythrina_flabelliformis/6499767074_1.jpg,Erythrina flabelliformis,6499767074,train
dataset_serb_bloque2/Erythrina_flabelliformis/6499767074_0.jpg,Erythrina flabelliformis,6499767074,train
dataset_serb_bloque2/Erythrina_flabelliformis/6519177483_0.jpg,Erythrina flabelliformis,6519177483,train
dataset_serb_bloque2/Erythrina_flabelliformis/6519177483_3.jpg,Erythrina flabelliformis,6519177483,train
dataset_serb_bloque2/Erythrina_flabelliformis/6519177483_1.jpg,Erythrina flabelliformis,6519177483,train
dataset_serb_bloque2/Erythrina_flabelliformis/6519177483_2.jpg,Erythrina flabelliformis,6519177483,train
dataset_serb_bloque2/Erythrina_flabelliformis/6441064647_0.jpg,Erythrina flabelliformis,6441064647,train
dataset_serb_bloque2/Erythrina_flabelliformis/6519033307_0.jpg,Erythrina flabelliformis,6519033307,train
dataset_serb_bloque2/Erythrina_flabelliformis/5087226724_0.jpg,Erythrina flabelliformis,5087226724,train
dataset_serb_bloque2/Erythrina_flabelliformis/5087226724_1.jpg,Erythrina flabelliformis,5087226724,train
dataset_serb_bloque2/Erythrina_flabelliformis/5177128350_2.jpg,Erythrina flabelliformis,5177128350,train
dataset_serb_bloque2/Erythrina_flabelliformis/5177128350_1.jpg,Erythrina flabelliformis,5177128350,train
dataset_serb_bloque2/Erythrina_flabelliformis/5177128350_0.jpg,Erythrina flabelliformis,5177128350,train
dataset_serb_bloque2/Erythrina_flabelliformis/6518481709_1.jpg,Erythrina flabelliformis,6518481709,train
dataset_serb_bloque2/Erythrina_flabelliformis/6518481709_0.jpg,Erythrina flabelliformis,6518481709,train
dataset_serb_bloque2/Erythrina_flabelliformis/6479449765_0.jpg,Erythrina flabelliformis,6479449765,train
dataset_serb_bloque2/Erythrina_flabelliformis/6479449765_1.jpg,Erythrina flabelliformis,6479449765,train
dataset_serb_bloque2/Erythrina_flabelliformis/6479449765_2.jpg,Erythrina flabelliformis,6479449765,train
dataset_serb_bloque2/Erythrina_flabelliformis/5167988263_0.jpg,Erythrina flabelliformis,5167988263,train
dataset_serb_bloque2/Erythrina_flabelliformis/5167988263_1.jpg,Erythrina flabelliformis,5167988263,train
dataset_serb_bloque2/Erythrina_flabelliformis/5167988263_2.jpg,Erythrina flabelliformis,5167988263,train
dataset_serb_bloque2/Erythrina_flabelliformis/5104439836_0.jpg,Erythrina flabelliformis,5104439836,train
dataset_serb_bloque2/Erythrina_flabelliformis/5133570676_0.jpg,Erythrina flabelliformis,5133570676,train
dataset_serb_bloque2/Erythrina_flabelliformis/5133570676_1.jpg,Erythrina flabelliformis,5133570676,train
dataset_serb_bloque2/Erythrina_flabelliformis/6398838403_0.jpg,Erythrina flabelliformis,6398838403,train
dataset_serb_bloque2/Erythrina_flabelliformis/6481001649_0.jpg,Erythrina flabelliformis,6481001649,train
dataset_serb_bloque2/Erythrina_flabelliformis/6481001649_2.jpg,Erythrina flabelliformis,6481001649,train
dataset_serb_bloque2/Erythrina_flabelliformis/6481001649_1.jpg,Erythrina flabelliformis,6481001649,train
dataset_serb_bloque2/Erythrina_flabelliformis/5037074052_0.jpg,Erythrina flabelliformis,5037074052,train
dataset_serb_bloque2/Erythrina_flabelliformis/5087823576_0.jpg,Erythrina flabelliformis,5087823576,train
dataset_serb_bloque2/Erythrina_flabelliformis/6481055498_0.jpg,Erythrina flabelliformis,6481055498,train
dataset_serb_bloque2/Erythrina_flabelliformis/6441775918_2.jpg,Erythrina flabelliformis,6441775918,train
dataset_serb_bloque2/Erythrina_flabelliformis/6441775918_0.jpg,Erythrina flabelliformis,6441775918,train
dataset_serb_bloque2/Erythrina_flabelliformis/6441775918_1.jpg,Erythrina flabelliformis,6441775918,train
dataset_serb_bloque2/Erythrina_flabelliformis/6480376379_0.jpg,Erythrina flabelliformis,6480376379,train
dataset_serb_bloque2/Erythrina_flabelliformis/5167257752_0.jpg,Erythrina flabelliformis,5167257752,train
dataset_serb_bloque2/Erythrina_flabelliformis/5087994603_0.jpg,Erythrina flabelliformis,5087994603,train
dataset_serb_bloque2/Erythrina_flabelliformis/5230571675_3.jpg,Erythrina flabelliformis,5230571675,train
dataset_serb_bloque2/Erythrina_flabelliformis/5230571675_2.jpg,Erythrina flabelliformis,5230571675,train
dataset_serb_bloque2/Erythrina_flabelliformis/5230571675_4.jpg,Erythrina flabelliformis,5230571675,train
dataset_serb_bloque2/Erythrina_flabelliformis/5230571675_0.jpg,Erythrina flabelliformis,5230571675,train
dataset_serb_bloque2/Erythrina_flabelliformis/5230571675_1.jpg,Erythrina flabelliformis,5230571675,train
dataset_serb_bloque2/Erythrina_flabelliformis/5154252399_1.jpg,Erythrina flabelliformis,5154252399,train
dataset_serb_bloque2/Erythrina_flabelliformis/5154252399_0.jpg,Erythrina flabelliformis,5154252399,train
dataset_serb_bloque2/Erythrina_flabelliformis/5154252399_2.jpg,Erythrina flabelliformis,5154252399,train
dataset_serb_bloque2/Erythrina_flabelliformis/5110314970_1.jpg,Erythrina flabelliformis,5110314970,train
dataset_serb_bloque2/Erythrina_flabelliformis/5110314970_0.jpg,Erythrina flabelliformis,5110314970,train
dataset_serb_bloque2/Erythrina_flabelliformis/6498902389_1.jpg,Erythrina flabelliformis,6498902389,train
dataset_serb_bloque2/Erythrina_flabelliformis/6498902389_0.jpg,Erythrina flabelliformis,6498902389,train
dataset_serb_bloque2/Erythrina_flabelliformis/6481393566_0.jpg,Erythrina flabelliformis,6481393566,train
dataset_serb_bloque2/Erythrina_flabelliformis/5177172486_1.jpg,Erythrina flabelliformis,5177172486,train
dataset_serb_bloque2/Erythrina_flabelliformis/5177172486_2.jpg,Erythrina flabelliformis,5177172486,train
dataset_serb_bloque2/Erythrina_flabelliformis/5177172486_0.jpg,Erythrina flabelliformis,5177172486,train
dataset_serb_bloque2/Erythrina_flabelliformis/6519753213_0.jpg,Erythrina flabelliformis,6519753213,train
dataset_serb_bloque2/Erythrina_flabelliformis/5206045462_4.jpg,Erythrina flabelliformis,5206045462,train
dataset_serb_bloque2/Erythrina_flabelliformis/5206045462_1.jpg,Erythrina flabelliformis,5206045462,train
dataset_serb_bloque2/Erythrina_flabelliformis/5206045462_5.jpg,Erythrina flabelliformis,5206045462,train
dataset_serb_bloque2/Erythrina_flabelliformis/5206045462_6.jpg,Erythrina flabelliformis,5206045462,train
dataset_serb_bloque2/Erythrina_flabelliformis/5206045462_2.jpg,Erythrina flabelliformis,5206045462,train
dataset_serb_bloque2/Erythrina_flabelliformis/5206045462_3.jpg,Erythrina flabelliformis,5206045462,train
dataset_serb_bloque2/Erythrina_flabelliformis/5206045462_0.jpg,Erythrina flabelliformis,5206045462,train
dataset_serb_bloque2/Erythrina_flabelliformis/6479284231_6.jpg,Erythrina flabelliformis,6479284231,train
dataset_serb_bloque2/Erythrina_flabelliformis/6479284231_5.jpg,Erythrina flabelliformis,6479284231,train
dataset_serb_bloque2/Erythrina_flabelliformis/6479284231_4.jpg,Erythrina flabelliformis,6479284231,train
dataset_serb_bloque2/Erythrina_flabelliformis/6479284231_0.jpg,Erythrina flabelliformis,6479284231,train
dataset_serb_bloque2/Erythrina_flabelliformis/6479284231_3.jpg,Erythrina flabelliformis,6479284231,train
dataset_serb_bloque2/Erythrina_flabelliformis/6479284231_2.jpg,Erythrina flabelliformis,6479284231,train
dataset_serb_bloque2/Erythrina_flabelliformis/6479284231_1.jpg,Erythrina flabelliformis,6479284231,train
dataset_serb_bloque2/Erythrina_flabelliformis/6479284231_7.jpg,Erythrina flabelliformis,6479284231,train
dataset_serb_bloque2/Erythrina_flabelliformis/6399386585_2.jpg,Erythrina flabelliformis,6399386585,train
dataset_serb_bloque2/Erythrina_flabelliformis/6399386585_0.jpg,Erythrina flabelliformis,6399386585,train
dataset_serb_bloque2/Erythrina_flabelliformis/6399386585_1.jpg,Erythrina flabelliformis,6399386585,train
dataset_serb_bloque2/Erythrina_flabelliformis/5176795725_1.jpg,Erythrina flabelliformis,5176795725,train
dataset_serb_bloque2/Erythrina_flabelliformis/5176795725_2.jpg,Erythrina flabelliformis,5176795725,train
dataset_serb_bloque2/Erythrina_flabelliformis/5176795725_0.jpg,Erythrina flabelliformis,5176795725,train
dataset_serb_bloque2/Erythrina_flabelliformis/5206647498_0.jpg,Erythrina flabelliformis,5206647498,train
dataset_serb_bloque2/Erythrina_flabelliformis/5206647498_2.jpg,Erythrina flabelliformis,5206647498,train
dataset_serb_bloque2/Erythrina_flabelliformis/5206647498_4.jpg,Erythrina flabelliformis,5206647498,train
dataset_serb_bloque2/Erythrina_flabelliformis/5206647498_1.jpg,Erythrina flabelliformis,5206647498,train
dataset_serb_bloque2/Erythrina_flabelliformis/5206647498_3.jpg,Erythrina flabelliformis,5206647498,train
dataset_serb_bloque2/Erythrina_flabelliformis/5104623527_0.jpg,Erythrina flabelliformis,5104623527,train
dataset_serb_bloque2/Erythrina_flabelliformis/5070052654_0.jpg,Erythrina flabelliformis,5070052654,train
dataset_serb_bloque2/Erythrina_flabelliformis/6479669520_0.jpg,Erythrina flabelliformis,6479669520,train
dataset_serb_bloque2/Erythrina_flabelliformis/6498182095_0.jpg,Erythrina flabelliformis,6498182095,train
dataset_serb_bloque2/Erythrina_flabelliformis/6498182095_1.jpg,Erythrina flabelliformis,6498182095,train
dataset_serb_bloque2/Erythrina_flabelliformis/6498182095_3.jpg,Erythrina flabelliformis,6498182095,train
dataset_serb_bloque2/Erythrina_flabelliformis/6498182095_2.jpg,Erythrina flabelliformis,6498182095,train
dataset_serb_bloque2/Erythrina_flabelliformis/5007115866_0.jpg,Erythrina flabelliformis,5007115866,train
dataset_serb_bloque2/Erythrina_flabelliformis/5007115866_1.jpg,Erythrina flabelliformis,5007115866,train
dataset_serb_bloque2/Erythrina_flabelliformis/6500201496_0.jpg,Erythrina flabelliformis,6500201496,train
dataset_serb_bloque2/Erythrina_flabelliformis/6479643378_0.jpg,Erythrina flabelliformis,6479643378,train
dataset_serb_bloque2/Erythrina_flabelliformis/5110532234_0.jpg,Erythrina flabelliformis,5110532234,train
dataset_serb_bloque2/Erythrina_flabelliformis/6431162574_5.jpg,Erythrina flabelliformis,6431162574,train
dataset_serb_bloque2/Erythrina_flabelliformis/6431162574_7.jpg,Erythrina flabelliformis,6431162574,train
dataset_serb_bloque2/Erythrina_flabelliformis/6431162574_0.jpg,Erythrina flabelliformis,6431162574,train
dataset_serb_bloque2/Erythrina_flabelliformis/6431162574_3.jpg,Erythrina flabelliformis,6431162574,train
dataset_serb_bloque2/Erythrina_flabelliformis/6431162574_4.jpg,Erythrina flabelliformis,6431162574,train
dataset_serb_bloque2/Erythrina_flabelliformis/6431162574_6.jpg,Erythrina flabelliformis,6431162574,train
dataset_serb_bloque2/Erythrina_flabelliformis/6431162574_2.jpg,Erythrina flabelliformis,6431162574,train
dataset_serb_bloque2/Erythrina_flabelliformis/6431162574_1.jpg,Erythrina flabelliformis,6431162574,train
dataset_serb_bloque2/Erythrina_flabelliformis/5206160467_2.jpg,Erythrina flabelliformis,5206160467,train
dataset_serb_bloque2/Erythrina_flabelliformis/5206160467_3.jpg,Erythrina flabelliformis,5206160467,train
dataset_serb_bloque2/Erythrina_flabelliformis/5206160467_0.jpg,Erythrina flabelliformis,5206160467,train
dataset_serb_bloque2/Erythrina_flabelliformis/5206160467_1.jpg,Erythrina flabelliformis,5206160467,train
dataset_serb_bloque2/Erythrina_flabelliformis/6400039208_0.jpg,Erythrina flabelliformis,6400039208,train
dataset_serb_bloque2/Ceiba_aesculifolia/5063457917_0.jpg,Ceiba aesculifolia,5063457917,val
dataset_serb_bloque2/Ceiba_aesculifolia/6498346325_0.jpg,Ceiba aesculifolia,6498346325,val
dataset_serb_bloque2/Ceiba_aesculifolia/5108353077_0.jpg,Ceiba aesculifolia,5108353077,val
dataset_serb_bloque2/Ceiba_aesculifolia/6452159012_1.jpg,Ceiba aesculifolia,6452159012,val
dataset_serb_bloque2/Ceiba_aesculifolia/6452159012_0.jpg,Ceiba aesculifolia,6452159012,val
dataset_serb_bloque2/Ceiba_aesculifolia/5087108785_0.jpg,Ceiba aesculifolia,5087108785,val
dataset_serb_bloque2/Ceiba_aesculifolia/5063401351_2.jpg,Ceiba aesculifolia,5063401351,val
dataset_serb_bloque2/Ceiba_aesculifolia/5063401351_0.jpg,Ceiba aesculifolia,5063401351,val
dataset_serb_bloque2/Ceiba_aesculifolia/5063401351_1.jpg,Ceiba aesculifolia,5063401351,val
dataset_serb_bloque2/Ceiba_aesculifolia/5063365292_0.jpg,Ceiba aesculifolia,5063365292,val
dataset_serb_bloque2/Ceiba_aesculifolia/5063365292_1.jpg,Ceiba aesculifolia,5063365292,val
dataset_serb_bloque2/Ceiba_aesculifolia/5063352081_0.jpg,Ceiba aesculifolia,5063352081,test
dataset_serb_bloque2/Ceiba_aesculifolia/5007025414_0.jpg,Ceiba aesculifolia,5007025414,test
dataset_serb_bloque2/Ceiba_aesculifolia/6334299370_1.jpg,Ceiba aesculifolia,6334299370,test
dataset_serb_bloque2/Ceiba_aesculifolia/6334299370_0.jpg,Ceiba aesculifolia,6334299370,test
dataset_serb_bloque2/Ceiba_aesculifolia/5063653625_0.jpg,Ceiba aesculifolia,5063653625,test
dataset_serb_bloque2/Ceiba_aesculifolia/5063653625_1.jpg,Ceiba aesculifolia,5063653625,test
dataset_serb_bloque2/Ceiba_aesculifolia/5108347106_0.jpg,Ceiba aesculifolia,5108347106,test
dataset_serb_bloque2/Ceiba_aesculifolia/6498814425_0.jpg,Ceiba aesculifolia,6498814425,test
dataset_serb_bloque2/Ceiba_aesculifolia/6498814425_1.jpg,Ceiba aesculifolia,6498814425,test
dataset_serb_bloque2/Ceiba_aesculifolia/5108440009_0.jpg,Ceiba aesculifolia,5108440009,test
dataset_serb_bloque2/Ceiba_aesculifolia/6234883882_2.jpg,Ceiba aesculifolia,6234883882,train
dataset_serb_bloque2/Ceiba_aesculifolia/6234883882_1.jpg,Ceiba aesculifolia,6234883882,train
dataset_serb_bloque2/Ceiba_aesculifolia/6234883882_0.jpg,Ceiba aesculifolia,6234883882,train
dataset_serb_bloque2/Ceiba_aesculifolia/6187940506_2.jpg,Ceiba aesculifolia,6187940506,train
dataset_serb_bloque2/Ceiba_aesculifolia/6187940506_1.jpg,Ceiba aesculifolia,6187940506,train
dataset_serb_bloque2/Ceiba_aesculifolia/6187940506_0.jpg,Ceiba aesculifolia,6187940506,train
dataset_serb_bloque2/Ceiba_aesculifolia/5108453271_0.jpg,Ceiba aesculifolia,5108453271,train
dataset_serb_bloque2/Ceiba_aesculifolia/6235198425_0.jpg,Ceiba aesculifolia,6235198425,train
dataset_serb_bloque2/Ceiba_aesculifolia/6451583535_3.jpg,Ceiba aesculifolia,6451583535,train
dataset_serb_bloque2/Ceiba_aesculifolia/6451583535_1.jpg,Ceiba aesculifolia,6451583535,train
dataset_serb_bloque2/Ceiba_aesculifolia/6451583535_2.jpg,Ceiba aesculifolia,6451583535,train
dataset_serb_bloque2/Ceiba_aesculifolia/6451583535_4.jpg,Ceiba aesculifolia,6451583535,train
dataset_serb_bloque2/Ceiba_aesculifolia/6451583535_0.jpg,Ceiba aesculifolia,6451583535,train
dataset_serb_bloque2/Ceiba_aesculifolia/5063374821_1.jpg,Ceiba aesculifolia,5063374821,train
dataset_serb_bloque2/Ceiba_aesculifolia/5063374821_0.jpg,Ceiba aesculifolia,5063374821,train
dataset_serb_bloque2/Ceiba_aesculifolia/5063374821_2.jpg,Ceiba aesculifolia,5063374821,train
dataset_serb_bloque2/Ceiba_aesculifolia/6422260336_4.jpg,Ceiba aesculifolia,6422260336,train
dataset_serb_bloque2/Ceiba_aesculifolia/6422260336_2.jpg,Ceiba aesculifolia,6422260336,train
dataset_serb_bloque2/Ceiba_aesculifolia/6422260336_3.jpg,Ceiba aesculifolia,6422260336,train
dataset_serb_bloque2/Ceiba_aesculifolia/6422260336_0.jpg,Ceiba aesculifolia,6422260336,train
dataset_serb_bloque2/Ceiba_aesculifolia/6422260336_1.jpg,Ceiba aesculifolia,6422260336,train
dataset_serb_bloque2/Ceiba_aesculifolia/6353103120_0.jpg,Ceiba aesculifolia,6353103120,train
dataset_serb_bloque2/Ceiba_aesculifolia/6498777619_1.jpg,Ceiba aesculifolia,6498777619,train
dataset_serb_bloque2/Ceiba_aesculifolia/6498777619_2.jpg,Ceiba aesculifolia,6498777619,train
dataset_serb_bloque2/Ceiba_aesculifolia/6498777619_0.jpg,Ceiba aesculifolia,6498777619,train
dataset_serb_bloque2/Ceiba_aesculifolia/5076982895_0.jpg,Ceiba aesculifolia,5076982895,train
dataset_serb_bloque2/Ceiba_aesculifolia/5076982895_1.jpg,Ceiba aesculifolia,5076982895,train
dataset_serb_bloque2/Ceiba_aesculifolia/5063291187_0.jpg,Ceiba aesculifolia,5063291187,train
dataset_serb_bloque2/Ceiba_aesculifolia/5063291187_1.jpg,Ceiba aesculifolia,5063291187,train
dataset_serb_bloque2/Ceiba_aesculifolia/5104348718_0.jpg,Ceiba aesculifolia,5104348718,train
dataset_serb_bloque2/Ceiba_aesculifolia/6499353656_1.jpg,Ceiba aesculifolia,6499353656,train
dataset_serb_bloque2/Ceiba_aesculifolia/6499353656_0.jpg,Ceiba aesculifolia,6499353656,train
dataset_serb_bloque2/Ceiba_aesculifolia/6235281199_1.jpg,Ceiba aesculifolia,6235281199,train
dataset_serb_bloque2/Ceiba_aesculifolia/6235281199_0.jpg,Ceiba aesculifolia,6235281199,train
dataset_serb_bloque2/Ceiba_aesculifolia/5063527697_0.jpg,Ceiba aesculifolia,5063527697,train
dataset_serb_bloque2/Ceiba_aesculifolia/6333948482_0.jpg,Ceiba aesculifolia,6333948482,train
dataset_serb_bloque2/Ceiba_aesculifolia/6333948482_1.jpg,Ceiba aesculifolia,6333948482,train
dataset_serb_bloque2/Ceiba_aesculifolia/6333948482_2.jpg,Ceiba aesculifolia,6333948482,train
dataset_serb_bloque2/Ceiba_aesculifolia/5108442036_0.jpg,Ceiba aesculifolia,5108442036,train
dataset_serb_bloque2/Ceiba_aesculifolia/5108347273_0.jpg,Ceiba aesculifolia,5108347273,train
dataset_serb_bloque2/Ceiba_aesculifolia/5087927173_0.jpg,Ceiba aesculifolia,5087927173,train
dataset_serb_bloque2/Ceiba_aesculifolia/5108476175_0.jpg,Ceiba aesculifolia,5108476175,train
dataset_serb_bloque2/Ceiba_aesculifolia/6236002038_0.jpg,Ceiba aesculifolia,6236002038,train
dataset_serb_bloque2/Ceiba_aesculifolia/6236002038_1.jpg,Ceiba aesculifolia,6236002038,train
dataset_serb_bloque2/Ceiba_aesculifolia/6234573861_1.jpg,Ceiba aesculifolia,6234573861,train
dataset_serb_bloque2/Ceiba_aesculifolia/6234573861_2.jpg,Ceiba aesculifolia,6234573861,train
dataset_serb_bloque2/Ceiba_aesculifolia/6234573861_0.jpg,Ceiba aesculifolia,6234573861,train
dataset_serb_bloque2/Ceiba_aesculifolia/6469717098_0.jpg,Ceiba aesculifolia,6469717098,train
dataset_serb_bloque2/Ceiba_aesculifolia/6469717098_1.jpg,Ceiba aesculifolia,6469717098,train
dataset_serb_bloque2/Ceiba_aesculifolia/6352394318_0.jpg,Ceiba aesculifolia,6352394318,train
dataset_serb_bloque2/Ceiba_aesculifolia/5167290692_2.jpg,Ceiba aesculifolia,5167290692,train
dataset_serb_bloque2/Ceiba_aesculifolia/5167290692_1.jpg,Ceiba aesculifolia,5167290692,train
dataset_serb_bloque2/Ceiba_aesculifolia/5167290692_0.jpg,Ceiba aesculifolia,5167290692,train
dataset_serb_bloque2/Ceiba_aesculifolia/5909154900_0.jpg,Ceiba aesculifolia,5909154900,train
dataset_serb_bloque2/Ceiba_aesculifolia/6273682946_0.jpg,Ceiba aesculifolia,6273682946,train
dataset_serb_bloque2/Ceiba_aesculifolia/6273682946_1.jpg,Ceiba aesculifolia,6273682946,train
dataset_serb_bloque2/Ceiba_aesculifolia/6334691907_0.jpg,Ceiba aesculifolia,6334691907,train
dataset_serb_bloque2/Ceiba_aesculifolia/6235307861_0.jpg,Ceiba aesculifolia,6235307861,train
dataset_serb_bloque2/Ceiba_aesculifolia/5069834405_2.jpg,Ceiba aesculifolia,5069834405,train
dataset_serb_bloque2/Ceiba_aesculifolia/5069834405_0.jpg,Ceiba aesculifolia,5069834405,train
dataset_serb_bloque2/Ceiba_aesculifolia/5069834405_1.jpg,Ceiba aesculifolia,5069834405,train
dataset_serb_bloque2/Ceiba_aesculifolia/6274003894_1.jpg,Ceiba aesculifolia,6274003894,train
dataset_serb_bloque2/Ceiba_aesculifolia/6274003894_0.jpg,Ceiba aesculifolia,6274003894,train
dataset_serb_bloque2/Ceiba_aesculifolia/6470067427_0.jpg,Ceiba aesculifolia,6470067427,train
dataset_serb_bloque2/Ceiba_aesculifolia/6520600520_0.jpg,Ceiba aesculifolia,6520600520,train
dataset_serb_bloque2/Ceiba_aesculifolia/6520600520_1.jpg,Ceiba aesculifolia,6520600520,train
dataset_serb_bloque2/Ceiba_aesculifolia/6399577459_0.jpg,Ceiba aesculifolia,6399577459,train
dataset_serb_bloque2/Lysiloma_acapulcense/4111706576_0.jpg,Lysiloma acapulcense,4111706576,val
dataset_serb_bloque2/Lysiloma_acapulcense/4112113725_1.jpg,Lysiloma acapulcense,4112113725,val
dataset_serb_bloque2/Lysiloma_acapulcense/4112113725_0.jpg,Lysiloma acapulcense,4112113725,val
dataset_serb_bloque2/Lysiloma_acapulcense/4112113725_2.jpg,Lysiloma acapulcense,4112113725,val
dataset_serb_bloque2/Lysiloma_acapulcense/4892072797_0.jpg,Lysiloma acapulcense,4892072797,val
dataset_serb_bloque2/Lysiloma_acapulcense/5844030304_0.jpg,Lysiloma acapulcense,5844030304,val
dataset_serb_bloque2/Lysiloma_acapulcense/4111933409_1.jpg,Lysiloma acapulcense,4111933409,val
dataset_serb_bloque2/Lysiloma_acapulcense/4111933409_0.jpg,Lysiloma acapulcense,4111933409,val
dataset_serb_bloque2/Lysiloma_acapulcense/6147559374_0.jpg,Lysiloma acapulcense,6147559374,val
dataset_serb_bloque2/Lysiloma_acapulcense/4080690537_1.jpg,Lysiloma acapulcense,4080690537,test
dataset_serb_bloque2/Lysiloma_acapulcense/4080690537_2.jpg,Lysiloma acapulcense,4080690537,test
dataset_serb_bloque2/Lysiloma_acapulcense/4080690537_0.jpg,Lysiloma acapulcense,4080690537,test
dataset_serb_bloque2/Lysiloma_acapulcense/4111564766_0.jpg,Lysiloma acapulcense,4111564766,test
dataset_serb_bloque2/Lysiloma_acapulcense/4111564766_1.jpg,Lysiloma acapulcense,4111564766,test
dataset_serb_bloque2/Lysiloma_acapulcense/4162305059_3.jpg,Lysiloma acapulcense,4162305059,test
dataset_serb_bloque2/Lysiloma_acapulcense/4162305059_2.jpg,Lysiloma acapulcense,4162305059,test
dataset_serb_bloque2/Lysiloma_acapulcense/4162305059_0.jpg,Lysiloma acapulcense,4162305059,test
dataset_serb_bloque2/Lysiloma_acapulcense/4162305059_1.jpg,Lysiloma acapulcense,4162305059,test
dataset_serb_bloque2/Lysiloma_acapulcense/5153024475_0.jpg,Lysiloma acapulcense,5153024475,test
dataset_serb_bloque2/Lysiloma_acapulcense/5153024475_1.jpg,Lysiloma acapulcense,5153024475,test
dataset_serb_bloque2/Lysiloma_acapulcense/4103275717_0.jpg,Lysiloma acapulcense,4103275717,test
dataset_serb_bloque2/Lysiloma_acapulcense/4516901585_0.jpg,Lysiloma acapulcense,4516901585,test
dataset_serb_bloque2/Lysiloma_acapulcense/4112179488_1.jpg,Lysiloma acapulcense,4112179488,train
dataset_serb_bloque2/Lysiloma_acapulcense/4112179488_0.jpg,Lysiloma acapulcense,4112179488,train
dataset_serb_bloque2/Lysiloma_acapulcense/4171323900_2.jpg,Lysiloma acapulcense,4171323900,train
dataset_serb_bloque2/Lysiloma_acapulcense/4171323900_1.jpg,Lysiloma acapulcense,4171323900,train
dataset_serb_bloque2/Lysiloma_acapulcense/4171323900_0.jpg,Lysiloma acapulcense,4171323900,train
dataset_serb_bloque2/Lysiloma_acapulcense/4138545160_1.jpg,Lysiloma acapulcense,4138545160,train
dataset_serb_bloque2/Lysiloma_acapulcense/4138545160_0.jpg,Lysiloma acapulcense,4138545160,train
dataset_serb_bloque2/Lysiloma_acapulcense/4067618726_0.jpg,Lysiloma acapulcense,4067618726,train
dataset_serb_bloque2/Lysiloma_acapulcense/4067618726_1.jpg,Lysiloma acapulcense,4067618726,train
dataset_serb_bloque2/Lysiloma_acapulcense/4067618726_2.jpg,Lysiloma acapulcense,4067618726,train
dataset_serb_bloque2/Lysiloma_acapulcense/6334771511_0.jpg,Lysiloma acapulcense,6334771511,train
dataset_serb_bloque2/Lysiloma_acapulcense/6334771511_4.jpg,Lysiloma acapulcense,6334771511,train
dataset_serb_bloque2/Lysiloma_acapulcense/6334771511_3.jpg,Lysiloma acapulcense,6334771511,train
dataset_serb_bloque2/Lysiloma_acapulcense/6334771511_1.jpg,Lysiloma acapulcense,6334771511,train
dataset_serb_bloque2/Lysiloma_acapulcense/6334771511_2.jpg,Lysiloma acapulcense,6334771511,train
dataset_serb_bloque2/Lysiloma_acapulcense/6235131615_10.jpg,Lysiloma acapulcense,6235131615,train
dataset_serb_bloque2/Lysiloma_acapulcense/6235131615_4.jpg,Lysiloma acapulcense,6235131615,train
dataset_serb_bloque2/Lysiloma_acapulcense/6235131615_11.jpg,Lysiloma acapulcense,6235131615,train
dataset_serb_bloque2/Lysiloma_acapulcense/6235131615_7.jpg,Lysiloma acapulcense,6235131615,train
dataset_serb_bloque2/Lysiloma_acapulcense/6235131615_9.jpg,Lysiloma acapulcense,6235131615,train
dataset_serb_bloque2/Lysiloma_acapulcense/6235131615_2.jpg,Lysiloma acapulcense,6235131615,train
dataset_serb_bloque2/Lysiloma_acapulcense/6235131615_3.jpg,Lysiloma acapulcense,6235131615,train
dataset_serb_bloque2/Lysiloma_acapulcense/6235131615_5.jpg,Lysiloma acapulcense,6235131615,train
dataset_serb_bloque2/Lysiloma_acapulcense/6235131615_6.jpg,Lysiloma acapulcense,6235131615,train
dataset_serb_bloque2/Lysiloma_acapulcense/6235131615_1.jpg,Lysiloma acapulcense,6235131615,train
dataset_serb_bloque2/Lysiloma_acapulcense/6235131615_0.jpg,Lysiloma acapulcense,6235131615,train
dataset_serb_bloque2/Lysiloma_acapulcense/6235131615_8.jpg,Lysiloma acapulcense,6235131615,train
dataset_serb_bloque2/Lysiloma_acapulcense/4129867281_0.jpg,Lysiloma acapulcense,4129867281,train
dataset_serb_bloque2/Lysiloma_acapulcense/4129867281_3.jpg,Lysiloma acapulcense,4129867281,train
dataset_serb_bloque2/Lysiloma_acapulcense/4129867281_2.jpg,Lysiloma acapulcense,4129867281,train
dataset_serb_bloque2/Lysiloma_acapulcense/4129867281_1.jpg,Lysiloma acapulcense,4129867281,train
dataset_serb_bloque2/Lysiloma_acapulcense/5153711012_0.jpg,Lysiloma acapulcense,5153711012,train
dataset_serb_bloque2/Lysiloma_acapulcense/5153711012_1.jpg,Lysiloma acapulcense,5153711012,train
dataset_serb_bloque2/Lysiloma_acapulcense/4102969413_0.jpg,Lysiloma acapulcense,4102969413,train
dataset_serb_bloque2/Lysiloma_acapulcense/4126772296_0.jpg,Lysiloma acapulcense,4126772296,train
dataset_serb_bloque2/Lysiloma_acapulcense/5167144545_0.jpg,Lysiloma acapulcense,5167144545,train
dataset_serb_bloque2/Lysiloma_acapulcense/5167144545_1.jpg,Lysiloma acapulcense,5167144545,train
dataset_serb_bloque2/Lysiloma_acapulcense/4909075663_0.jpg,Lysiloma acapulcense,4909075663,train
dataset_serb_bloque2/Lysiloma_acapulcense/5154618374_1.jpg,Lysiloma acapulcense,5154618374,train
dataset_serb_bloque2/Lysiloma_acapulcense/5154618374_0.jpg,Lysiloma acapulcense,5154618374,train
dataset_serb_bloque2/Lysiloma_acapulcense/4111723929_0.jpg,Lysiloma acapulcense,4111723929,train
dataset_serb_bloque2/Lysiloma_acapulcense/6195784507_0.jpg,Lysiloma acapulcense,6195784507,train
dataset_serb_bloque2/Lysiloma_acapulcense/6130364568_0.jpg,Lysiloma acapulcense,6130364568,train
dataset_serb_bloque2/Lysiloma_acapulcense/4111623525_0.jpg,Lysiloma acapulcense,4111623525,train
dataset_serb_bloque2/Lysiloma_acapulcense/5920239430_0.jpg,Lysiloma acapulcense,5920239430,train
dataset_serb_bloque2/Lysiloma_acapulcense/4525003152_0.jpg,Lysiloma acapulcense,4525003152,train
dataset_serb_bloque2/Lysiloma_acapulcense/4525003152_1.jpg,Lysiloma acapulcense,4525003152,train
dataset_serb_bloque2/Lysiloma_acapulcense/4102763058_1.jpg,Lysiloma acapulcense,4102763058,train
dataset_serb_bloque2/Lysiloma_acapulcense/4102763058_0.jpg,Lysiloma acapulcense,4102763058,train
dataset_serb_bloque2/Lysiloma_acapulcense/4102763058_2.jpg,Lysiloma acapulcense,4102763058,train
dataset_serb_bloque2/Lysiloma_acapulcense/5893031027_2.jpg,Lysiloma acapulcense,5893031027,train
dataset_serb_bloque2/Lysiloma_acapulcense/5893031027_0.jpg,Lysiloma acapulcense,5893031027,train
dataset_serb_bloque2/Lysiloma_acapulcense/5893031027_1.jpg,Lysiloma acapulcense,5893031027,train
dataset_serb_bloque2/Lysiloma_acapulcense/4855293726_1.jpg,Lysiloma acapulcense,4855293726,train
dataset_serb_bloque2/Lysiloma_acapulcense/4855293726_0.jpg,Lysiloma acapulcense,4855293726,train
dataset_serb_bloque2/Lysiloma_acapulcense/4919189265_0.jpg,Lysiloma acapulcense,4919189265,train
dataset_serb_bloque2/Lysiloma_acapulcense/6131281377_1.jpg,Lysiloma acapulcense,6131281377,train
dataset_serb_bloque2/Lysiloma_acapulcense/6131281377_2.jpg,Lysiloma acapulcense,6131281377,train
dataset_serb_bloque2/Lysiloma_acapulcense/6131281377_4.jpg,Lysiloma acapulcense,6131281377,train
dataset_serb_bloque2/Lysiloma_acapulcense/6131281377_3.jpg,Lysiloma acapulcense,6131281377,train
dataset_serb_bloque2/Lysiloma_acapulcense/6131281377_0.jpg,Lysiloma acapulcense,6131281377,train
dataset_serb_bloque2/Lysiloma_acapulcense/6131281377_5.jpg,Lysiloma acapulcense,6131281377,train
dataset_serb_bloque2/Lysiloma_acapulcense/6520681361_0.jpg,Lysiloma acapulcense,6520681361,train
dataset_serb_bloque2/Lysiloma_acapulcense/6520681361_1.jpg,Lysiloma acapulcense,6520681361,train
dataset_serb_bloque2/Lysiloma_acapulcense/4103491481_1.jpg,Lysiloma acapulcense,4103491481,train
dataset_serb_bloque2/Lysiloma_acapulcense/4103491481_0.jpg,Lysiloma acapulcense,4103491481,train
dataset_serb_bloque2/Lysiloma_acapulcense/5133733652_0.jpg,Lysiloma acapulcense,5133733652,train
dataset_serb_bloque2/Lysiloma_acapulcense/4863414546_0.jpg,Lysiloma acapulcense,4863414546,train
dataset_serb_bloque3/Euphorbia_tanquahuete/4901020108_2.jpg,Euphorbia tanquahuete,4901020108,val
dataset_serb_bloque3/Euphorbia_tanquahuete/4901020108_0.jpg,Euphorbia tanquahuete,4901020108,val
dataset_serb_bloque3/Euphorbia_tanquahuete/4901020108_3.jpg,Euphorbia tanquahuete,4901020108,val
dataset_serb_bloque3/Euphorbia_tanquahuete/4901020108_4.jpg,Euphorbia tanquahuete,4901020108,val
dataset_serb_bloque3/Euphorbia_tanquahuete/4901020108_1.jpg,Euphorbia tanquahuete,4901020108,val
dataset_serb_bloque3/Euphorbia_tanquahuete/4458587780_0.jpg,Euphorbia tanquahuete,4458587780,val
dataset_serb_bloque3/Euphorbia_tanquahuete/4458593781_1.jpg,Euphorbia tanquahuete,4458593781,val
dataset_serb_bloque3/Euphorbia_tanquahuete/4458593781_0.jpg,Euphorbia tanquahuete,4458593781,val
dataset_serb_bloque3/Euphorbia_tanquahuete/4458577105_0.jpg,Euphorbia tanquahuete,4458577105,val
dataset_serb_bloque3/Euphorbia_tanquahuete/3759937515_0.jpg,Euphorbia tanquahuete,3759937515,val
dataset_serb_bloque3/Euphorbia_tanquahuete/4458562118_0.jpg,Euphorbia tanquahuete,4458562118,val
dataset_serb_bloque3/Euphorbia_tanquahuete/5897805838_0.jpg,Euphorbia tanquahuete,5897805838,val
dataset_serb_bloque3/Euphorbia_tanquahuete/4606644774_0.jpg,Euphorbia tanquahuete,4606644774,val
dataset_serb_bloque3/Euphorbia_tanquahuete/2882939311_0.jpg,Euphorbia tanquahuete,2882939311,val
dataset_serb_bloque3/Euphorbia_tanquahuete/4458582595_2.jpg,Euphorbia tanquahuete,4458582595,val
dataset_serb_bloque3/Euphorbia_tanquahuete/4458582595_0.jpg,Euphorbia tanquahuete,4458582595,val
dataset_serb_bloque3/Euphorbia_tanquahuete/4458582595_1.jpg,Euphorbia tanquahuete,4458582595,val
dataset_serb_bloque3/Euphorbia_tanquahuete/4458543559_0.jpg,Euphorbia tanquahuete,4458543559,val
dataset_serb_bloque3/Euphorbia_tanquahuete/1890061854_0.jpg,Euphorbia tanquahuete,1890061854,val
dataset_serb_bloque3/Euphorbia_tanquahuete/1890061854_1.jpg,Euphorbia tanquahuete,1890061854,val
dataset_serb_bloque3/Euphorbia_tanquahuete/1890061854_2.jpg,Euphorbia tanquahuete,1890061854,val
dataset_serb_bloque3/Euphorbia_tanquahuete/2814264280_0.jpg,Euphorbia tanquahuete,2814264280,test
dataset_serb_bloque3/Euphorbia_tanquahuete/2814264280_1.jpg,Euphorbia tanquahuete,2814264280,test
dataset_serb_bloque3/Euphorbia_tanquahuete/1993710425_0.jpg,Euphorbia tanquahuete,1993710425,test
dataset_serb_bloque3/Euphorbia_tanquahuete/4440741257_0.jpg,Euphorbia tanquahuete,4440741257,test
dataset_serb_bloque3/Euphorbia_tanquahuete/4111704331_0.jpg,Euphorbia tanquahuete,4111704331,test
dataset_serb_bloque3/Euphorbia_tanquahuete/5007344917_0.jpg,Euphorbia tanquahuete,5007344917,test
dataset_serb_bloque3/Euphorbia_tanquahuete/5007344917_1.jpg,Euphorbia tanquahuete,5007344917,test
dataset_serb_bloque3/Euphorbia_tanquahuete/5897124651_0.jpg,Euphorbia tanquahuete,5897124651,test
dataset_serb_bloque3/Euphorbia_tanquahuete/5897124651_1.jpg,Euphorbia tanquahuete,5897124651,test
dataset_serb_bloque3/Euphorbia_tanquahuete/4458596544_0.jpg,Euphorbia tanquahuete,4458596544,test
dataset_serb_bloque3/Euphorbia_tanquahuete/4162181050_1.jpg,Euphorbia tanquahuete,4162181050,test
dataset_serb_bloque3/Euphorbia_tanquahuete/4162181050_2.jpg,Euphorbia tanquahuete,4162181050,test
dataset_serb_bloque3/Euphorbia_tanquahuete/4162181050_0.jpg,Euphorbia tanquahuete,4162181050,test
dataset_serb_bloque3/Euphorbia_tanquahuete/4162181050_3.jpg,Euphorbia tanquahuete,4162181050,test
dataset_serb_bloque3/Euphorbia_tanquahuete/1993701165_0.jpg,Euphorbia tanquahuete,1993701165,test
dataset_serb_bloque3/Euphorbia_tanquahuete/4129956508_2.jpg,Euphorbia tanquahuete,4129956508,test
dataset_serb_bloque3/Euphorbia_tanquahuete/4129956508_0.jpg,Euphorbia tanquahuete,4129956508,test
dataset_serb_bloque3/Euphorbia_tanquahuete/4129956508_3.jpg,Euphorbia tanquahuete,4129956508,test
dataset_serb_bloque3/Euphorbia_tanquahuete/4129956508_1.jpg,Euphorbia tanquahuete,4129956508,test
dataset_serb_bloque3/Euphorbia_tanquahuete/4440892113_8.jpg,Euphorbia tanquahuete,4440892113,test
dataset_serb_bloque3/Euphorbia_tanquahuete/4440892113_2.jpg,Euphorbia tanquahuete,4440892113,test
dataset_serb_bloque3/Euphorbia_tanquahuete/4440892113_11.jpg,Euphorbia tanquahuete,4440892113,test
dataset_serb_bloque3/Euphorbia_tanquahuete/4440892113_7.jpg,Euphorbia tanquahuete,4440892113,test
dataset_serb_bloque3/Euphorbia_tanquahuete/4440892113_3.jpg,Euphorbia tanquahuete,4440892113,test
dataset_serb_bloque3/Euphorbia_tanquahuete/4440892113_5.jpg,Euphorbia tanquahuete,4440892113,test
dataset_serb_bloque3/Euphorbia_tanquahuete/4440892113_9.jpg,Euphorbia tanquahuete,4440892113,test
dataset_serb_bloque3/Euphorbia_tanquahuete/4440892113_1.jpg,Euphorbia tanquahuete,4440892113,test
dataset_serb_bloque3/Euphorbia_tanquahuete/4440892113_6.jpg,Euphorbia tanquahuete,4440892113,test
dataset_serb_bloque3/Euphorbia_tanquahuete/4440892113_10.jpg,Euphorbia tanquahuete,4440892113,test
dataset_serb_bloque3/Euphorbia_tanquahuete/4440892113_4.jpg,Euphorbia tanquahuete,4440892113,test
dataset_serb_bloque3/Euphorbia_tanquahuete/4440892113_0.jpg,Euphorbia tanquahuete,4440892113,test
dataset_serb_bloque3/Euphorbia_tanquahuete/3383921487_0.jpg,Euphorbia tanquahuete,3383921487,test
dataset_serb_bloque3/Euphorbia_tanquahuete/3383921487_1.jpg,Euphorbia tanquahuete,3383921487,test
dataset_serb_bloque3/Euphorbia_tanquahuete/4458375948_0.jpg,Euphorbia tanquahuete,4458375948,train
dataset_serb_bloque3/Euphorbia_tanquahuete/4458375948_1.jpg,Euphorbia tanquahuete,4458375948,train
dataset_serb_bloque3/Euphorbia_tanquahuete/6520144553_1.jpg,Euphorbia tanquahuete,6520144553,train
dataset_serb_bloque3/Euphorbia_tanquahuete/6520144553_0.jpg,Euphorbia tanquahuete,6520144553,train
dataset_serb_bloque3/Euphorbia_tanquahuete/2237505059_0.jpg,Euphorbia tanquahuete,2237505059,train
dataset_serb_bloque3/Euphorbia_tanquahuete/4458578820_0.jpg,Euphorbia tanquahuete,4458578820,train
dataset_serb_bloque3/Euphorbia_tanquahuete/5897550622_0.jpg,Euphorbia tanquahuete,5897550622,train
dataset_serb_bloque3/Euphorbia_tanquahuete/5897550622_1.jpg,Euphorbia tanquahuete,5897550622,train
dataset_serb_bloque3/Euphorbia_tanquahuete/4867607565_0.jpg,Euphorbia tanquahuete,4867607565,train
dataset_serb_bloque3/Euphorbia_tanquahuete/1993780496_0.jpg,Euphorbia tanquahuete,1993780496,train
dataset_serb_bloque3/Euphorbia_tanquahuete/4458588506_1.jpg,Euphorbia tanquahuete,4458588506,train
dataset_serb_bloque3/Euphorbia_tanquahuete/4458588506_0.jpg,Euphorbia tanquahuete,4458588506,train
dataset_serb_bloque3/Euphorbia_tanquahuete/4458588506_2.jpg,Euphorbia tanquahuete,4458588506,train
dataset_serb_bloque3/Euphorbia_tanquahuete/3031809856_1.jpg,Euphorbia tanquahuete,3031809856,train
dataset_serb_bloque3/Euphorbia_tanquahuete/3031809856_0.jpg,Euphorbia tanquahuete,3031809856,train
dataset_serb_bloque3/Euphorbia_tanquahuete/3031809856_2.jpg,Euphorbia tanquahuete,3031809856,train
dataset_serb_bloque3/Euphorbia_tanquahuete/3031809856_3.jpg,Euphorbia tanquahuete,3031809856,train
dataset_serb_bloque3/Euphorbia_tanquahuete/4458325078_1.jpg,Euphorbia tanquahuete,4458325078,train
dataset_serb_bloque3/Euphorbia_tanquahuete/4458325078_0.jpg,Euphorbia tanquahuete,4458325078,train
dataset_serb_bloque3/Euphorbia_tanquahuete/3963549419_1.jpg,Euphorbia tanquahuete,3963549419,train
dataset_serb_bloque3/Euphorbia_tanquahuete/3963549419_0.jpg,Euphorbia tanquahuete,3963549419,train
dataset_serb_bloque3/Euphorbia_tanquahuete/3963549419_2.jpg,Euphorbia tanquahuete,3963549419,train
dataset_serb_bloque3/Euphorbia_tanquahuete/3963549419_3.jpg,Euphorbia tanquahuete,3963549419,train
dataset_serb_bloque3/Euphorbia_tanquahuete/1935619914_0.jpg,Euphorbia tanquahuete,1935619914,train
dataset_serb_bloque3/Euphorbia_tanquahuete/4458339773_0.jpg,Euphorbia tanquahuete,4458339773,train
dataset_serb_bloque3/Euphorbia_tanquahuete/1847431225_0.jpg,Euphorbia tanquahuete,1847431225,train
dataset_serb_bloque3/Euphorbia_tanquahuete/3302271864_0.jpg,Euphorbia tanquahuete,3302271864,train
dataset_serb_bloque3/Euphorbia_tanquahuete/3302271864_1.jpg,Euphorbia tanquahuete,3302271864,train
dataset_serb_bloque3/Euphorbia_tanquahuete/3759071887_0.jpg,Euphorbia tanquahuete,3759071887,train
dataset_serb_bloque3/Euphorbia_tanquahuete/4919285599_1.jpg,Euphorbia tanquahuete,4919285599,train
dataset_serb_bloque3/Euphorbia_tanquahuete/4919285599_0.jpg,Euphorbia tanquahuete,4919285599,train
dataset_serb_bloque3/Euphorbia_tanquahuete/4458333658_0.jpg,Euphorbia tanquahuete,4458333658,train
dataset_serb_bloque3/Euphorbia_tanquahuete/5830846395_0.jpg,Euphorbia tanquahuete,5830846395,train
dataset_serb_bloque3/Euphorbia_tanquahuete/4458371933_1.jpg,Euphorbia tanquahuete,4458371933,train
dataset_serb_bloque3/Euphorbia_tanquahuete/4458371933_0.jpg,Euphorbia tanquahuete,4458371933,train
dataset_serb_bloque3/Euphorbia_tanquahuete/4516578031_0.jpg,Euphorbia tanquahuete,4516578031,train
dataset_serb_bloque3/Euphorbia_tanquahuete/4516578031_1.jpg,Euphorbia tanquahuete,4516578031,train
dataset_serb_bloque3/Euphorbia_tanquahuete/4900988353_0.jpg,Euphorbia tanquahuete,4900988353,train
dataset_serb_bloque3/Euphorbia_tanquahuete/4458567401_2.jpg,Euphorbia tanquahuete,4458567401,train
dataset_serb_bloque3/Euphorbia_tanquahuete/4458567401_1.jpg,Euphorbia tanquahuete,4458567401,train
dataset_serb_bloque3/Euphorbia_tanquahuete/4458567401_0.jpg,Euphorbia tanquahuete,4458567401,train
dataset_serb_bloque3/Euphorbia_tanquahuete/3070479456_0.jpg,Euphorbia tanquahuete,3070479456,train
dataset_serb_bloque3/Euphorbia_tanquahuete/1993774724_0.jpg,Euphorbia tanquahuete,1993774724,train
dataset_serb_bloque3/Euphorbia_tanquahuete/5897401080_0.jpg,Euphorbia tanquahuete,5897401080,train
dataset_serb_bloque3/Euphorbia_tanquahuete/3384609624_0.jpg,Euphorbia tanquahuete,3384609624,train
dataset_serb_bloque3/Euphorbia_tanquahuete/3384609624_1.jpg,Euphorbia tanquahuete,3384609624,train
dataset_serb_bloque3/Euphorbia_tanquahuete/2862326949_0.jpg,Euphorbia tanquahuete,2862326949,train
dataset_serb_bloque3/Euphorbia_tanquahuete/2862326949_1.jpg,Euphorbia tanquahuete,2862326949,train
dataset_serb_bloque3/Euphorbia_tanquahuete/2862326949_2.jpg,Euphorbia tanquahuete,2862326949,train
dataset_serb_bloque3/Euphorbia_tanquahuete/5076820064_0.jpg,Euphorbia tanquahuete,5076820064,train
dataset_serb_bloque3/Euphorbia_tanquahuete/5087167441_0.jpg,Euphorbia tanquahuete,5087167441,train
dataset_serb_bloque3/Euphorbia_tanquahuete/3070615503_0.jpg,Euphorbia tanquahuete,3070615503,train
dataset_serb_bloque3/Euphorbia_tanquahuete/4458354561_0.jpg,Euphorbia tanquahuete,4458354561,train
dataset_serb_bloque3/Euphorbia_tanquahuete/3912063371_0.jpg,Euphorbia tanquahuete,3912063371,train
dataset_serb_bloque3/Euphorbia_tanquahuete/4458317464_1.jpg,Euphorbia tanquahuete,4458317464,train
dataset_serb_bloque3/Euphorbia_tanquahuete/4458317464_0.jpg,Euphorbia tanquahuete,4458317464,train
dataset_serb_bloque3/Euphorbia_tanquahuete/3307438453_0.jpg,Euphorbia tanquahuete,3307438453,train
dataset_serb_bloque3/Euphorbia_tanquahuete/4440735952_2.jpg,Euphorbia tanquahuete,4440735952,train
dataset_serb_bloque3/Euphorbia_tanquahuete/4440735952_4.jpg,Euphorbia tanquahuete,4440735952,train
dataset_serb_bloque3/Euphorbia_tanquahuete/4440735952_1.jpg,Euphorbia tanquahuete,4440735952,train
dataset_serb_bloque3/Euphorbia_tanquahuete/4440735952_0.jpg,Euphorbia tanquahuete,4440735952,train
dataset_serb_bloque3/Euphorbia_tanquahuete/4440735952_3.jpg,Euphorbia tanquahuete,4440735952,train
dataset_serb_bloque3/Euphorbia_tanquahuete/6499434872_0.jpg,Euphorbia tanquahuete,6499434872,train
dataset_serb_bloque3/Euphorbia_tanquahuete/4458599506_1.jpg,Euphorbia tanquahuete,4458599506,train
dataset_serb_bloque3/Euphorbia_tanquahuete/4458599506_0.jpg,Euphorbia tanquahuete,4458599506,train
dataset_serb_bloque3/Euphorbia_tanquahuete/4458599506_2.jpg,Euphorbia tanquahuete,4458599506,train
dataset_serb_bloque3/Euphorbia_tanquahuete/3925087649_0.jpg,Euphorbia tanquahuete,3925087649,train
dataset_serb_bloque3/Euphorbia_tanquahuete/3925087649_1.jpg,Euphorbia tanquahuete,3925087649,train
dataset_serb_bloque3/Euphorbia_tanquahuete/2529297289_0.jpg,Euphorbia tanquahuete,2529297289,train
dataset_serb_bloque3/Euphorbia_tanquahuete/3314397329_0.jpg,Euphorbia tanquahuete,3314397329,train
dataset_serb_bloque3/Euphorbia_tanquahuete/4438931143_0.jpg,Euphorbia tanquahuete,4438931143,train
dataset_serb_bloque3/Euphorbia_tanquahuete/5087081656_5.jpg,Euphorbia tanquahuete,5087081656,train
dataset_serb_bloque3/Euphorbia_tanquahuete/5087081656_1.jpg,Euphorbia tanquahuete,5087081656,train
dataset_serb_bloque3/Euphorbia_tanquahuete/5087081656_0.jpg,Euphorbia tanquahuete,5087081656,train
dataset_serb_bloque3/Euphorbia_tanquahuete/5087081656_3.jpg,Euphorbia tanquahuete,5087081656,train
dataset_serb_bloque3/Euphorbia_tanquahuete/5087081656_4.jpg,Euphorbia tanquahuete,5087081656,train
dataset_serb_bloque3/Euphorbia_tanquahuete/5087081656_2.jpg,Euphorbia tanquahuete,5087081656,train
dataset_serb_bloque3/Euphorbia_tanquahuete/1880558783_2.jpg,Euphorbia tanquahuete,1880558783,train
dataset_serb_bloque3/Euphorbia_tanquahuete/1880558783_1.jpg,Euphorbia tanquahuete,1880558783,train
dataset_serb_bloque3/Euphorbia_tanquahuete/1880558783_0.jpg,Euphorbia tanquahuete,1880558783,train
dataset_serb_bloque3/Euphorbia_tanquahuete/5076827098_0.jpg,Euphorbia tanquahuete,5076827098,train
dataset_serb_bloque3/Euphorbia_tanquahuete/4458596561_0.jpg,Euphorbia tanquahuete,4458596561,train
dataset_serb_bloque3/Euphorbia_tanquahuete/4063014526_1.jpg,Euphorbia tanquahuete,4063014526,train
dataset_serb_bloque3/Euphorbia_tanquahuete/4063014526_0.jpg,Euphorbia tanquahuete,4063014526,train
dataset_serb_bloque3/Euphorbia_tanquahuete/4063014526_2.jpg,Euphorbia tanquahuete,4063014526,train
dataset_serb_bloque3/Euphorbia_tanquahuete/4063014526_3.jpg,Euphorbia tanquahuete,4063014526,train
dataset_serb_bloque3/Euphorbia_tanquahuete/4458598428_0.jpg,Euphorbia tanquahuete,4458598428,train
dataset_serb_bloque3/Euphorbia_tanquahuete/3961359509_0.jpg,Euphorbia tanquahuete,3961359509,train
dataset_serb_bloque3/Euphorbia_tanquahuete/3302410381_0.jpg,Euphorbia tanquahuete,3302410381,train
dataset_serb_bloque3/Euphorbia_tanquahuete/4863442517_0.jpg,Euphorbia tanquahuete,4863442517,train
dataset_serb_bloque3/Euphorbia_tanquahuete/3963267954_0.jpg,Euphorbia tanquahuete,3963267954,train
dataset_serb_bloque3/Euphorbia_tanquahuete/3963267954_1.jpg,Euphorbia tanquahuete,3963267954,train
dataset_serb_bloque3/Euphorbia_tanquahuete/4458558792_0.jpg,Euphorbia tanquahuete,4458558792,train
dataset_serb_bloque3/Euphorbia_tanquahuete/2813892357_0.jpg,Euphorbia tanquahuete,2813892357,train
dataset_serb_bloque3/Euphorbia_tanquahuete/3337540592_1.jpg,Euphorbia tanquahuete,3337540592,train
dataset_serb_bloque3/Euphorbia_tanquahuete/3337540592_0.jpg,Euphorbia tanquahuete,3337540592,train
dataset_serb_bloque3/Euphorbia_tanquahuete/3327755307_1.jpg,Euphorbia tanquahuete,3327755307,train
dataset_serb_bloque3/Euphorbia_tanquahuete/3327755307_0.jpg,Euphorbia tanquahuete,3327755307,train
dataset_serb_bloque3/Euphorbia_tanquahuete/3327755307_2.jpg,Euphorbia tanquahuete,3327755307,train
dataset_serb_bloque3/Asclepias_curassavica/6130882558_2.jpg,Asclepias curassavica,6130882558,val
dataset_serb_bloque3/Asclepias_curassavica/6130882558_0.jpg,Asclepias curassavica,6130882558,val
dataset_serb_bloque3/Asclepias_curassavica/6130882558_1.jpg,Asclepias curassavica,6130882558,val
dataset_serb_bloque3/Asclepias_curassavica/6131096683_0.jpg,Asclepias curassavica,6131096683,val
dataset_serb_bloque3/Asclepias_curassavica/6130211620_0.jpg,Asclepias curassavica,6130211620,val
dataset_serb_bloque3/Asclepias_curassavica/6130193363_0.jpg,Asclepias curassavica,6130193363,val
dataset_serb_bloque3/Asclepias_curassavica/6130193363_2.jpg,Asclepias curassavica,6130193363,val
dataset_serb_bloque3/Asclepias_curassavica/6130193363_1.jpg,Asclepias curassavica,6130193363,val
dataset_serb_bloque3/Asclepias_curassavica/6130843043_0.jpg,Asclepias curassavica,6130843043,val
dataset_serb_bloque3/Asclepias_curassavica/6130843043_1.jpg,Asclepias curassavica,6130843043,val
dataset_serb_bloque3/Asclepias_curassavica/6130694359_0.jpg,Asclepias curassavica,6130694359,val
dataset_serb_bloque3/Asclepias_curassavica/6130694359_1.jpg,Asclepias curassavica,6130694359,val
dataset_serb_bloque3/Asclepias_curassavica/6130778435_1.jpg,Asclepias curassavica,6130778435,val
dataset_serb_bloque3/Asclepias_curassavica/6130778435_0.jpg,Asclepias curassavica,6130778435,val
dataset_serb_bloque3/Asclepias_curassavica/6131290972_0.jpg,Asclepias curassavica,6131290972,val
dataset_serb_bloque3/Asclepias_curassavica/6131290972_2.jpg,Asclepias curassavica,6131290972,val
dataset_serb_bloque3/Asclepias_curassavica/6131290972_3.jpg,Asclepias curassavica,6131290972,val
dataset_serb_bloque3/Asclepias_curassavica/6131290972_1.jpg,Asclepias curassavica,6131290972,val
dataset_serb_bloque3/Asclepias_curassavica/6130143514_0.jpg,Asclepias curassavica,6130143514,val
dataset_serb_bloque3/Asclepias_curassavica/6130980506_0.jpg,Asclepias curassavica,6130980506,val
dataset_serb_bloque3/Asclepias_curassavica/6130593849_0.jpg,Asclepias curassavica,6130593849,val
dataset_serb_bloque3/Asclepias_curassavica/6131112770_0.jpg,Asclepias curassavica,6131112770,val
dataset_serb_bloque3/Asclepias_curassavica/6130474079_0.jpg,Asclepias curassavica,6130474079,val
dataset_serb_bloque3/Asclepias_curassavica/6130322068_0.jpg,Asclepias curassavica,6130322068,val
dataset_serb_bloque3/Asclepias_curassavica/6130580174_0.jpg,Asclepias curassavica,6130580174,test
dataset_serb_bloque3/Asclepias_curassavica/6131304702_3.jpg,Asclepias curassavica,6131304702,test
dataset_serb_bloque3/Asclepias_curassavica/6131304702_0.jpg,Asclepias curassavica,6131304702,test
dataset_serb_bloque3/Asclepias_curassavica/6131304702_1.jpg,Asclepias curassavica,6131304702,test
dataset_serb_bloque3/Asclepias_curassavica/6131304702_2.jpg,Asclepias curassavica,6131304702,test
dataset_serb_bloque3/Asclepias_curassavica/6131265119_0.jpg,Asclepias curassavica,6131265119,test
dataset_serb_bloque3/Asclepias_curassavica/6130747503_0.jpg,Asclepias curassavica,6130747503,test
dataset_serb_bloque3/Asclepias_curassavica/6131249277_0.jpg,Asclepias curassavica,6131249277,test
dataset_serb_bloque3/Asclepias_curassavica/6130365336_0.jpg,Asclepias curassavica,6130365336,test
dataset_serb_bloque3/Asclepias_curassavica/6131180601_0.jpg,Asclepias curassavica,6131180601,test
dataset_serb_bloque3/Asclepias_curassavica/6130825286_2.jpg,Asclepias curassavica,6130825286,test
dataset_serb_bloque3/Asclepias_curassavica/6130825286_1.jpg,Asclepias curassavica,6130825286,test
dataset_serb_bloque3/Asclepias_curassavica/6130825286_0.jpg,Asclepias curassavica,6130825286,test
dataset_serb_bloque3/Asclepias_curassavica/6130535936_2.jpg,Asclepias curassavica,6130535936,test
dataset_serb_bloque3/Asclepias_curassavica/6130535936_1.jpg,Asclepias curassavica,6130535936,test
dataset_serb_bloque3/Asclepias_curassavica/6130535936_0.jpg,Asclepias curassavica,6130535936,test
dataset_serb_bloque3/Asclepias_curassavica/6130708197_0.jpg,Asclepias curassavica,6130708197,test
dataset_serb_bloque3/Asclepias_curassavica/6130708197_1.jpg,Asclepias curassavica,6130708197,test
dataset_serb_bloque3/Asclepias_curassavica/6130983577_0.jpg,Asclepias curassavica,6130983577,test
dataset_serb_bloque3/Asclepias_curassavica/6131380808_2.jpg,Asclepias curassavica,6131380808,test
dataset_serb_bloque3/Asclepias_curassavica/6131380808_0.jpg,Asclepias curassavica,6131380808,test
dataset_serb_bloque3/Asclepias_curassavica/6131380808_1.jpg,Asclepias curassavica,6131380808,test
dataset_serb_bloque3/Asclepias_curassavica/6131156879_0.jpg,Asclepias curassavica,6131156879,test
dataset_serb_bloque3/Asclepias_curassavica/6131249408_0.jpg,Asclepias curassavica,6131249408,test
dataset_serb_bloque3/Asclepias_curassavica/6130628804_0.jpg,Asclepias curassavica,6130628804,train
dataset_serb_bloque3/Asclepias_curassavica/6130628804_1.jpg,Asclepias curassavica,6130628804,train
dataset_serb_bloque3/Asclepias_curassavica/6130861828_0.jpg,Asclepias curassavica,6130861828,train
dataset_serb_bloque3/Asclepias_curassavica/6130656672_0.jpg,Asclepias curassavica,6130656672,train
dataset_serb_bloque3/Asclepias_curassavica/6131371086_3.jpg,Asclepias curassavica,6131371086,train
dataset_serb_bloque3/Asclepias_curassavica/6131371086_1.jpg,Asclepias curassavica,6131371086,train
dataset_serb_bloque3/Asclepias_curassavica/6131371086_0.jpg,Asclepias curassavica,6131371086,train
dataset_serb_bloque3/Asclepias_curassavica/6131371086_2.jpg,Asclepias curassavica,6131371086,train
dataset_serb_bloque3/Asclepias_curassavica/6131041191_0.jpg,Asclepias curassavica,6131041191,train
dataset_serb_bloque3/Asclepias_curassavica/6131269631_0.jpg,Asclepias curassavica,6131269631,train
dataset_serb_bloque3/Asclepias_curassavica/6131090849_0.jpg,Asclepias curassavica,6131090849,train
dataset_serb_bloque3/Asclepias_curassavica/6130887765_0.jpg,Asclepias curassavica,6130887765,train
dataset_serb_bloque3/Asclepias_curassavica/6130474320_0.jpg,Asclepias curassavica,6130474320,train
dataset_serb_bloque3/Asclepias_curassavica/6130474320_3.jpg,Asclepias curassavica,6130474320,train
dataset_serb_bloque3/Asclepias_curassavica/6130474320_4.jpg,Asclepias curassavica,6130474320,train
dataset_serb_bloque3/Asclepias_curassavica/6130474320_1.jpg,Asclepias curassavica,6130474320,train
dataset_serb_bloque3/Asclepias_curassavica/6130474320_2.jpg,Asclepias curassavica,6130474320,train
dataset_serb_bloque3/Asclepias_curassavica/6130753050_0.jpg,Asclepias curassavica,6130753050,train
dataset_serb_bloque3/Asclepias_curassavica/6130866804_0.jpg,Asclepias curassavica,6130866804,train
dataset_serb_bloque3/Asclepias_curassavica/6130843921_0.jpg,Asclepias curassavica,6130843921,train
dataset_serb_bloque3/Asclepias_curassavica/6131320829_2.jpg,Asclepias curassavica,6131320829,train
dataset_serb_bloque3/Asclepias_curassavica/6131320829_1.jpg,Asclepias curassavica,6131320829,train
dataset_serb_bloque3/Asclepias_curassavica/6131320829_3.jpg,Asclepias curassavica,6131320829,train
dataset_serb_bloque3/Asclepias_curassavica/6131320829_0.jpg,Asclepias curassavica,6131320829,train
dataset_serb_bloque3/Asclepias_curassavica/6131299743_0.jpg,Asclepias curassavica,6131299743,train
dataset_serb_bloque3/Asclepias_curassavica/6131354121_0.jpg,Asclepias curassavica,6131354121,train
dataset_serb_bloque3/Asclepias_curassavica/6131364686_0.jpg,Asclepias curassavica,6131364686,train
dataset_serb_bloque3/Asclepias_curassavica/6130842555_0.jpg,Asclepias curassavica,6130842555,train
dataset_serb_bloque3/Asclepias_curassavica/6130774477_0.jpg,Asclepias curassavica,6130774477,train
dataset_serb_bloque3/Asclepias_curassavica/6130764725_0.jpg,Asclepias curassavica,6130764725,train
dataset_serb_bloque3/Asclepias_curassavica/6130764725_1.jpg,Asclepias curassavica,6130764725,train
dataset_serb_bloque3/Asclepias_curassavica/6130764725_3.jpg,Asclepias curassavica,6130764725,train
dataset_serb_bloque3/Asclepias_curassavica/6130764725_2.jpg,Asclepias curassavica,6130764725,train
dataset_serb_bloque3/Asclepias_curassavica/6130581471_0.jpg,Asclepias curassavica,6130581471,train
dataset_serb_bloque3/Asclepias_curassavica/6131063466_0.jpg,Asclepias curassavica,6131063466,train
dataset_serb_bloque3/Asclepias_curassavica/6130588979_0.jpg,Asclepias curassavica,6130588979,train
dataset_serb_bloque3/Asclepias_curassavica/6131021545_2.jpg,Asclepias curassavica,6131021545,train
dataset_serb_bloque3/Asclepias_curassavica/6131021545_1.jpg,Asclepias curassavica,6131021545,train
dataset_serb_bloque3/Asclepias_curassavica/6131021545_3.jpg,Asclepias curassavica,6131021545,train
dataset_serb_bloque3/Asclepias_curassavica/6131021545_4.jpg,Asclepias curassavica,6131021545,train
dataset_serb_bloque3/Asclepias_curassavica/6131021545_0.jpg,Asclepias curassavica,6131021545,train
dataset_serb_bloque3/Asclepias_curassavica/6130692058_0.jpg,Asclepias curassavica,6130692058,train
dataset_serb_bloque3/Asclepias_curassavica/6131153105_0.jpg,Asclepias curassavica,6131153105,train
dataset_serb_bloque3/Asclepias_curassavica/6130212083_0.jpg,Asclepias curassavica,6130212083,train
dataset_serb_bloque3/Asclepias_curassavica/6131055951_0.jpg,Asclepias curassavica,6131055951,train
dataset_serb_bloque3/Asclepias_curassavica/6130664493_0.jpg,Asclepias curassavica,6130664493,train
dataset_serb_bloque3/Asclepias_curassavica/6130512366_0.jpg,Asclepias curassavica,6130512366,train
dataset_serb_bloque3/Asclepias_curassavica/6131140276_1.jpg,Asclepias curassavica,6131140276,train
dataset_serb_bloque3/Asclepias_curassavica/6131140276_0.jpg,Asclepias curassavica,6131140276,train
dataset_serb_bloque3/Asclepias_curassavica/6130185932_0.jpg,Asclepias curassavica,6130185932,train
dataset_serb_bloque3/Asclepias_curassavica/6130185932_1.jpg,Asclepias curassavica,6130185932,train
dataset_serb_bloque3/Asclepias_curassavica/6131029537_0.jpg,Asclepias curassavica,6131029537,train
dataset_serb_bloque3/Asclepias_curassavica/6130218892_0.jpg,Asclepias curassavica,6130218892,train
dataset_serb_bloque3/Asclepias_curassavica/6130621328_0.jpg,Asclepias curassavica,6130621328,train
dataset_serb_bloque3/Asclepias_curassavica/6131055481_0.jpg,Asclepias curassavica,6131055481,train
dataset_serb_bloque3/Asclepias_curassavica/6130739916_0.jpg,Asclepias curassavica,6130739916,train
dataset_serb_bloque3/Asclepias_curassavica/6131302251_0.jpg,Asclepias curassavica,6131302251,train
dataset_serb_bloque3/Asclepias_curassavica/6131302251_1.jpg,Asclepias curassavica,6131302251,train
dataset_serb_bloque3/Asclepias_curassavica/6130225474_0.jpg,Asclepias curassavica,6130225474,train
dataset_serb_bloque3/Asclepias_curassavica/6131278145_0.jpg,Asclepias curassavica,6131278145,train
dataset_serb_bloque3/Asclepias_curassavica/6130759206_0.jpg,Asclepias curassavica,6130759206,train
dataset_serb_bloque3/Asclepias_curassavica/6130759206_1.jpg,Asclepias curassavica,6130759206,train
dataset_serb_bloque3/Asclepias_curassavica/6130187606_0.jpg,Asclepias curassavica,6130187606,train
dataset_serb_bloque3/Asclepias_curassavica/6130916324_0.jpg,Asclepias curassavica,6130916324,train
dataset_serb_bloque3/Asclepias_curassavica/6130916324_1.jpg,Asclepias curassavica,6130916324,train
dataset_serb_bloque3/Asclepias_curassavica/6130916324_2.jpg,Asclepias curassavica,6130916324,train
dataset_serb_bloque3/Asclepias_curassavica/6130643220_0.jpg,Asclepias curassavica,6130643220,train
dataset_serb_bloque3/Asclepias_curassavica/6130406093_0.jpg,Asclepias curassavica,6130406093,train
dataset_serb_bloque3/Asclepias_curassavica/6131138086_0.jpg,Asclepias curassavica,6131138086,train
dataset_serb_bloque3/Asclepias_curassavica/6130792011_0.jpg,Asclepias curassavica,6130792011,train
dataset_serb_bloque3/Asclepias_curassavica/6131169122_0.jpg,Asclepias curassavica,6131169122,train
dataset_serb_bloque3/Asclepias_curassavica/6130789387_0.jpg,Asclepias curassavica,6130789387,train
dataset_serb_bloque3/Asclepias_curassavica/6130914945_4.jpg,Asclepias curassavica,6130914945,train
dataset_serb_bloque3/Asclepias_curassavica/6130914945_2.jpg,Asclepias curassavica,6130914945,train
dataset_serb_bloque3/Asclepias_curassavica/6130914945_5.jpg,Asclepias curassavica,6130914945,train
dataset_serb_bloque3/Asclepias_curassavica/6130914945_3.jpg,Asclepias curassavica,6130914945,train
dataset_serb_bloque3/Asclepias_curassavica/6130914945_1.jpg,Asclepias curassavica,6130914945,train
dataset_serb_bloque3/Asclepias_curassavica/6130914945_0.jpg,Asclepias curassavica,6130914945,train
dataset_serb_bloque3/Asclepias_curassavica/6130459740_2.jpg,Asclepias curassavica,6130459740,train
dataset_serb_bloque3/Asclepias_curassavica/6130459740_1.jpg,Asclepias curassavica,6130459740,train
dataset_serb_bloque3/Asclepias_curassavica/6130459740_0.jpg,Asclepias curassavica,6130459740,train
dataset_serb_bloque3/Asclepias_curassavica/6131055847_1.jpg,Asclepias curassavica,6131055847,train
dataset_serb_bloque3/Asclepias_curassavica/6131055847_0.jpg,Asclepias curassavica,6131055847,train
dataset_serb_bloque3/Asclepias_curassavica/6130691066_0.jpg,Asclepias curassavica,6130691066,train
dataset_serb_bloque3/Asclepias_curassavica/6130180384_1.jpg,Asclepias curassavica,6130180384,train
dataset_serb_bloque3/Asclepias_curassavica/6130180384_0.jpg,Asclepias curassavica,6130180384,train
dataset_serb_bloque3/Asclepias_curassavica/6130180384_2.jpg,Asclepias curassavica,6130180384,train
dataset_serb_bloque3/Asclepias_curassavica/6131269977_0.jpg,Asclepias curassavica,6131269977,train
dataset_serb_bloque3/Asclepias_curassavica/6130342544_1.jpg,Asclepias curassavica,6130342544,train
dataset_serb_bloque3/Asclepias_curassavica/6130342544_2.jpg,Asclepias curassavica,6130342544,train
dataset_serb_bloque3/Asclepias_curassavica/6130342544_0.jpg,Asclepias curassavica,6130342544,train
dataset_serb_bloque3/Asclepias_curassavica/6130782809_0.jpg,Asclepias curassavica,6130782809,train
dataset_serb_bloque3/Asclepias_curassavica/6131074178_1.jpg,Asclepias curassavica,6131074178,train
dataset_serb_bloque3/Asclepias_curassavica/6131074178_0.jpg,Asclepias curassavica,6131074178,train
dataset_serb_bloque3/Asclepias_curassavica/6130834512_0.jpg,Asclepias curassavica,6130834512,train
dataset_serb_bloque3/Asclepias_curassavica/6130638944_0.jpg,Asclepias curassavica,6130638944,train
dataset_serb_bloque3/Asclepias_curassavica/6130638944_1.jpg,Asclepias curassavica,6130638944,train
dataset_serb_bloque3/Asclepias_curassavica/6130481591_0.jpg,Asclepias curassavica,6130481591,train
dataset_serb_bloque3/Asclepias_curassavica/6130286881_0.jpg,Asclepias curassavica,6130286881,train
dataset_serb_bloque3/Asclepias_curassavica/6130915335_0.jpg,Asclepias curassavica,6130915335,train
dataset_serb_bloque3/Asclepias_curassavica/6130439994_0.jpg,Asclepias curassavica,6130439994,train
dataset_serb_bloque3/Asclepias_curassavica/6130439994_1.jpg,Asclepias curassavica,6130439994,train
dataset_serb_bloque3/Asclepias_curassavica/6130439994_2.jpg,Asclepias curassavica,6130439994,train
dataset_serb_bloque3/Asclepias_curassavica/6130770986_0.jpg,Asclepias curassavica,6130770986,train
dataset_serb_bloque3/Asclepias_curassavica/6130721147_0.jpg,Asclepias curassavica,6130721147,train
dataset_serb_bloque3/Asclepias_curassavica/6130721147_1.jpg,Asclepias curassavica,6130721147,train
dataset_serb_bloque3/Asclepias_curassavica/6130721147_2.jpg,Asclepias curassavica,6130721147,train
dataset_serb_bloque3/Asclepias_curassavica/6130948509_0.jpg,Asclepias curassavica,6130948509,train
dataset_serb_bloque3/Asclepias_curassavica/6130669840_0.jpg,Asclepias curassavica,6130669840,train
dataset_serb_bloque3/Asclepias_curassavica/6130563512_0.jpg,Asclepias curassavica,6130563512,train
dataset_serb_bloque3/Solanum_nigrescens/5133568939_0.jpg,Solanum nigrescens,5133568939,val
dataset_serb_bloque3/Solanum_nigrescens/5133568939_2.jpg,Solanum nigrescens,5133568939,val
dataset_serb_bloque3/Solanum_nigrescens/5133568939_1.jpg,Solanum nigrescens,5133568939,val
dataset_serb_bloque3/Solanum_nigrescens/6273968134_2.jpg,Solanum nigrescens,6273968134,val
dataset_serb_bloque3/Solanum_nigrescens/6273968134_1.jpg,Solanum nigrescens,6273968134,val
dataset_serb_bloque3/Solanum_nigrescens/6273968134_0.jpg,Solanum nigrescens,6273968134,val
dataset_serb_bloque3/Solanum_nigrescens/5062973482_0.jpg,Solanum nigrescens,5062973482,val
dataset_serb_bloque3/Solanum_nigrescens/5062973482_6.jpg,Solanum nigrescens,5062973482,val
dataset_serb_bloque3/Solanum_nigrescens/5062973482_2.jpg,Solanum nigrescens,5062973482,val
dataset_serb_bloque3/Solanum_nigrescens/5062973482_3.jpg,Solanum nigrescens,5062973482,val
dataset_serb_bloque3/Solanum_nigrescens/5062973482_1.jpg,Solanum nigrescens,5062973482,val
dataset_serb_bloque3/Solanum_nigrescens/5062973482_4.jpg,Solanum nigrescens,5062973482,val
dataset_serb_bloque3/Solanum_nigrescens/5062973482_5.jpg,Solanum nigrescens,5062973482,val
dataset_serb_bloque3/Solanum_nigrescens/6400093176_0.jpg,Solanum nigrescens,6400093176,val
dataset_serb_bloque3/Solanum_nigrescens/5063480750_2.jpg,Solanum nigrescens,5063480750,val
dataset_serb_bloque3/Solanum_nigrescens/5063480750_1.jpg,Solanum nigrescens,5063480750,val
dataset_serb_bloque3/Solanum_nigrescens/5063480750_0.jpg,Solanum nigrescens,5063480750,val
dataset_serb_bloque3/Solanum_nigrescens/6441736390_0.jpg,Solanum nigrescens,6441736390,val
dataset_serb_bloque3/Solanum_nigrescens/6441736390_1.jpg,Solanum nigrescens,6441736390,val
dataset_serb_bloque3/Solanum_nigrescens/6518544723_1.jpg,Solanum nigrescens,6518544723,val
dataset_serb_bloque3/Solanum_nigrescens/6518544723_0.jpg,Solanum nigrescens,6518544723,val
dataset_serb_bloque3/Solanum_nigrescens/6500316674_0.jpg,Solanum nigrescens,6500316674,test
dataset_serb_bloque3/Solanum_nigrescens/6500316674_1.jpg,Solanum nigrescens,6500316674,test
dataset_serb_bloque3/Solanum_nigrescens/6500316674_2.jpg,Solanum nigrescens,6500316674,test
dataset_serb_bloque3/Solanum_nigrescens/6422819782_1.jpg,Solanum nigrescens,6422819782,test
dataset_serb_bloque3/Solanum_nigrescens/6422819782_0.jpg,Solanum nigrescens,6422819782,test
dataset_serb_bloque3/Solanum_nigrescens/6273685934_1.jpg,Solanum nigrescens,6273685934,test
dataset_serb_bloque3/Solanum_nigrescens/6273685934_0.jpg,Solanum nigrescens,6273685934,test
dataset_serb_bloque3/Solanum_nigrescens/6273685934_5.jpg,Solanum nigrescens,6273685934,test
dataset_serb_bloque3/Solanum_nigrescens/6273685934_4.jpg,Solanum nigrescens,6273685934,test
dataset_serb_bloque3/Solanum_nigrescens/6273685934_3.jpg,Solanum nigrescens,6273685934,test
dataset_serb_bloque3/Solanum_nigrescens/6273685934_2.jpg,Solanum nigrescens,6273685934,test
dataset_serb_bloque3/Solanum_nigrescens/6273701152_1.jpg,Solanum nigrescens,6273701152,test
dataset_serb_bloque3/Solanum_nigrescens/6273701152_3.jpg,Solanum nigrescens,6273701152,test
dataset_serb_bloque3/Solanum_nigrescens/6273701152_0.jpg,Solanum nigrescens,6273701152,test
dataset_serb_bloque3/Solanum_nigrescens/6273701152_2.jpg,Solanum nigrescens,6273701152,test
dataset_serb_bloque3/Solanum_nigrescens/5063959598_0.jpg,Solanum nigrescens,5063959598,test
dataset_serb_bloque3/Solanum_nigrescens/5063959598_4.jpg,Solanum nigrescens,5063959598,test
dataset_serb_bloque3/Solanum_nigrescens/5063959598_3.jpg,Solanum nigrescens,5063959598,test
dataset_serb_bloque3/Solanum_nigrescens/5063959598_2.jpg,Solanum nigrescens,5063959598,test
dataset_serb_bloque3/Solanum_nigrescens/5063959598_5.jpg,Solanum nigrescens,5063959598,test
dataset_serb_bloque3/Solanum_nigrescens/5063959598_1.jpg,Solanum nigrescens,5063959598,test
dataset_serb_bloque3/Solanum_nigrescens/6274027769_1.jpg,Solanum nigrescens,6274027769,test
dataset_serb_bloque3/Solanum_nigrescens/6274027769_0.jpg,Solanum nigrescens,6274027769,test
dataset_serb_bloque3/Solanum_nigrescens/6274027769_2.jpg,Solanum nigrescens,6274027769,test
dataset_serb_bloque3/Solanum_nigrescens/6273975662_1.jpg,Solanum nigrescens,6273975662,test
dataset_serb_bloque3/Solanum_nigrescens/6273975662_0.jpg,Solanum nigrescens,6273975662,test
dataset_serb_bloque3/Solanum_nigrescens/6274031425_0.jpg,Solanum nigrescens,6274031425,train
dataset_serb_bloque3/Solanum_nigrescens/6274031425_1.jpg,Solanum nigrescens,6274031425,train
dataset_serb_bloque3/Solanum_nigrescens/6274031425_2.jpg,Solanum nigrescens,6274031425,train
dataset_serb_bloque3/Solanum_nigrescens/5063225164_0.jpg,Solanum nigrescens,5063225164,train
dataset_serb_bloque3/Solanum_nigrescens/6518374826_0.jpg,Solanum nigrescens,6518374826,train
dataset_serb_bloque3/Solanum_nigrescens/6518374826_1.jpg,Solanum nigrescens,6518374826,train
dataset_serb_bloque3/Solanum_nigrescens/6334098928_0.jpg,Solanum nigrescens,6334098928,train
dataset_serb_bloque3/Solanum_nigrescens/6334098928_2.jpg,Solanum nigrescens,6334098928,train
dataset_serb_bloque3/Solanum_nigrescens/6334098928_1.jpg,Solanum nigrescens,6334098928,train
dataset_serb_bloque3/Solanum_nigrescens/5037169230_1.jpg,Solanum nigrescens,5037169230,train
dataset_serb_bloque3/Solanum_nigrescens/5037169230_0.jpg,Solanum nigrescens,5037169230,train
dataset_serb_bloque3/Solanum_nigrescens/6519902449_1.jpg,Solanum nigrescens,6519902449,train
dataset_serb_bloque3/Solanum_nigrescens/6519902449_0.jpg,Solanum nigrescens,6519902449,train
dataset_serb_bloque3/Solanum_nigrescens/5063334489_0.jpg,Solanum nigrescens,5063334489,train
dataset_serb_bloque3/Solanum_nigrescens/6320169046_1.jpg,Solanum nigrescens,6320169046,train
dataset_serb_bloque3/Solanum_nigrescens/6320169046_0.jpg,Solanum nigrescens,6320169046,train
dataset_serb_bloque3/Solanum_nigrescens/5063918778_2.jpg,Solanum nigrescens,5063918778,train
dataset_serb_bloque3/Solanum_nigrescens/5063918778_6.jpg,Solanum nigrescens,5063918778,train
dataset_serb_bloque3/Solanum_nigrescens/5063918778_8.jpg,Solanum nigrescens,5063918778,train
dataset_serb_bloque3/Solanum_nigrescens/5063918778_4.jpg,Solanum nigrescens,5063918778,train
dataset_serb_bloque3/Solanum_nigrescens/5063918778_7.jpg,Solanum nigrescens,5063918778,train
dataset_serb_bloque3/Solanum_nigrescens/5063918778_3.jpg,Solanum nigrescens,5063918778,train
dataset_serb_bloque3/Solanum_nigrescens/5063918778_0.jpg,Solanum nigrescens,5063918778,train
dataset_serb_bloque3/Solanum_nigrescens/5063918778_1.jpg,Solanum nigrescens,5063918778,train
dataset_serb_bloque3/Solanum_nigrescens/5063918778_5.jpg,Solanum nigrescens,5063918778,train
dataset_serb_bloque3/Solanum_nigrescens/6147437377_0.jpg,Solanum nigrescens,6147437377,train
dataset_serb_bloque3/Solanum_nigrescens/6147437377_1.jpg,Solanum nigrescens,6147437377,train
dataset_serb_bloque3/Solanum_nigrescens/6147437377_2.jpg,Solanum nigrescens,6147437377,train
dataset_serb_bloque3/Solanum_nigrescens/6400460258_1.jpg,Solanum nigrescens,6400460258,train
dataset_serb_bloque3/Solanum_nigrescens/6400460258_0.jpg,Solanum nigrescens,6400460258,train
dataset_serb_bloque3/Solanum_nigrescens/6414029843_1.jpg,Solanum nigrescens,6414029843,train
dataset_serb_bloque3/Solanum_nigrescens/6414029843_0.jpg,Solanum nigrescens,6414029843,train
dataset_serb_bloque3/Solanum_nigrescens/6414029843_2.jpg,Solanum nigrescens,6414029843,train
dataset_serb_bloque3/Solanum_nigrescens/6320288564_1.jpg,Solanum nigrescens,6320288564,train
dataset_serb_bloque3/Solanum_nigrescens/6320288564_0.jpg,Solanum nigrescens,6320288564,train
dataset_serb_bloque3/Solanum_nigrescens/6520670391_0.jpg,Solanum nigrescens,6520670391,train
dataset_serb_bloque3/Solanum_nigrescens/6452323958_2.jpg,Solanum nigrescens,6452323958,train
dataset_serb_bloque3/Solanum_nigrescens/6452323958_0.jpg,Solanum nigrescens,6452323958,train
dataset_serb_bloque3/Solanum_nigrescens/6452323958_1.jpg,Solanum nigrescens,6452323958,train
dataset_serb_bloque3/Solanum_nigrescens/6320237899_0.jpg,Solanum nigrescens,6320237899,train
dataset_serb_bloque3/Solanum_nigrescens/6320237899_1.jpg,Solanum nigrescens,6320237899,train
dataset_serb_bloque3/Solanum_nigrescens/6320237899_3.jpg,Solanum nigrescens,6320237899,train
dataset_serb_bloque3/Solanum_nigrescens/6320237899_2.jpg,Solanum nigrescens,6320237899,train
dataset_serb_bloque3/Solanum_nigrescens/6480806568_4.jpg,Solanum nigrescens,6480806568,train
dataset_serb_bloque3/Solanum_nigrescens/6480806568_0.jpg,Solanum nigrescens,6480806568,train
dataset_serb_bloque3/Solanum_nigrescens/6480806568_5.jpg,Solanum nigrescens,6480806568,train
dataset_serb_bloque3/Solanum_nigrescens/6480806568_3.jpg,Solanum nigrescens,6480806568,train
dataset_serb_bloque3/Solanum_nigrescens/6480806568_2.jpg,Solanum nigrescens,6480806568,train
dataset_serb_bloque3/Solanum_nigrescens/6480806568_1.jpg,Solanum nigrescens,6480806568,train
dataset_serb_bloque3/Solanum_nigrescens/5063531977_2.jpg,Solanum nigrescens,5063531977,train
dataset_serb_bloque3/Solanum_nigrescens/5063531977_1.jpg,Solanum nigrescens,5063531977,train
dataset_serb_bloque3/Solanum_nigrescens/5063531977_0.jpg,Solanum nigrescens,5063531977,train
dataset_serb_bloque3/Solanum_nigrescens/5063948533_0.jpg,Solanum nigrescens,5063948533,train
dataset_serb_bloque3/Solanum_nigrescens/5133695950_0.jpg,Solanum nigrescens,5133695950,train
dataset_serb_bloque3/Solanum_nigrescens/6422958487_0.jpg,Solanum nigrescens,6422958487,train
dataset_serb_bloque3/Solanum_nigrescens/5063881797_2.jpg,Solanum nigrescens,5063881797,train
dataset_serb_bloque3/Solanum_nigrescens/5063881797_5.jpg,Solanum nigrescens,5063881797,train
dataset_serb_bloque3/Solanum_nigrescens/5063881797_3.jpg,Solanum nigrescens,5063881797,train
dataset_serb_bloque3/Solanum_nigrescens/5063881797_0.jpg,Solanum nigrescens,5063881797,train
dataset_serb_bloque3/Solanum_nigrescens/5063881797_4.jpg,Solanum nigrescens,5063881797,train
dataset_serb_bloque3/Solanum_nigrescens/5063881797_1.jpg,Solanum nigrescens,5063881797,train
dataset_serb_bloque3/Solanum_nigrescens/6480415046_0.jpg,Solanum nigrescens,6480415046,train
dataset_serb_bloque3/Solanum_nigrescens/6480415046_4.jpg,Solanum nigrescens,6480415046,train
dataset_serb_bloque3/Solanum_nigrescens/6480415046_3.jpg,Solanum nigrescens,6480415046,train
dataset_serb_bloque3/Solanum_nigrescens/6480415046_1.jpg,Solanum nigrescens,6480415046,train
dataset_serb_bloque3/Solanum_nigrescens/6480415046_2.jpg,Solanum nigrescens,6480415046,train
dataset_serb_bloque3/Solanum_nigrescens/5890449369_2.jpg,Solanum nigrescens,5890449369,train
dataset_serb_bloque3/Solanum_nigrescens/5890449369_1.jpg,Solanum nigrescens,5890449369,train
dataset_serb_bloque3/Solanum_nigrescens/5890449369_0.jpg,Solanum nigrescens,5890449369,train
dataset_serb_bloque3/Solanum_nigrescens/5007832581_0.jpg,Solanum nigrescens,5007832581,train
dataset_serb_bloque3/Solanum_nigrescens/6452279417_0.jpg,Solanum nigrescens,6452279417,train
dataset_serb_bloque3/Solanum_nigrescens/6452279417_2.jpg,Solanum nigrescens,6452279417,train
dataset_serb_bloque3/Solanum_nigrescens/6452279417_4.jpg,Solanum nigrescens,6452279417,train
dataset_serb_bloque3/Solanum_nigrescens/6452279417_1.jpg,Solanum nigrescens,6452279417,train
dataset_serb_bloque3/Solanum_nigrescens/6452279417_3.jpg,Solanum nigrescens,6452279417,train
dataset_serb_bloque3/Solanum_nigrescens/5063917314_6.jpg,Solanum nigrescens,5063917314,train
dataset_serb_bloque3/Solanum_nigrescens/5063917314_4.jpg,Solanum nigrescens,5063917314,train
dataset_serb_bloque3/Solanum_nigrescens/5063917314_3.jpg,Solanum nigrescens,5063917314,train
dataset_serb_bloque3/Solanum_nigrescens/5063917314_5.jpg,Solanum nigrescens,5063917314,train
dataset_serb_bloque3/Solanum_nigrescens/5063917314_1.jpg,Solanum nigrescens,5063917314,train
dataset_serb_bloque3/Solanum_nigrescens/5063917314_2.jpg,Solanum nigrescens,5063917314,train
dataset_serb_bloque3/Solanum_nigrescens/5063917314_0.jpg,Solanum nigrescens,5063917314,train
dataset_serb_bloque3/Solanum_nigrescens/6273855071_1.jpg,Solanum nigrescens,6273855071,train
dataset_serb_bloque3/Solanum_nigrescens/6273855071_0.jpg,Solanum nigrescens,6273855071,train
dataset_serb_bloque3/Solanum_nigrescens/5063959658_3.jpg,Solanum nigrescens,5063959658,train
dataset_serb_bloque3/Solanum_nigrescens/5063959658_4.jpg,Solanum nigrescens,5063959658,train
dataset_serb_bloque3/Solanum_nigrescens/5063959658_1.jpg,Solanum nigrescens,5063959658,train
dataset_serb_bloque3/Solanum_nigrescens/5063959658_0.jpg,Solanum nigrescens,5063959658,train
dataset_serb_bloque3/Solanum_nigrescens/5063959658_2.jpg,Solanum nigrescens,5063959658,train
dataset_serb_bloque3/Solanum_nigrescens/6519318210_0.jpg,Solanum nigrescens,6519318210,train
dataset_serb_bloque3/Solanum_nigrescens/6452149817_1.jpg,Solanum nigrescens,6452149817,train
dataset_serb_bloque3/Solanum_nigrescens/6452149817_0.jpg,Solanum nigrescens,6452149817,train
dataset_serb_bloque3/Solanum_nigrescens/5063959629_5.jpg,Solanum nigrescens,5063959629,train
dataset_serb_bloque3/Solanum_nigrescens/5063959629_1.jpg,Solanum nigrescens,5063959629,train
dataset_serb_bloque3/Solanum_nigrescens/5063959629_3.jpg,Solanum nigrescens,5063959629,train
dataset_serb_bloque3/Solanum_nigrescens/5063959629_4.jpg,Solanum nigrescens,5063959629,train
dataset_serb_bloque3/Solanum_nigrescens/5063959629_2.jpg,Solanum nigrescens,5063959629,train
dataset_serb_bloque3/Solanum_nigrescens/5063959629_0.jpg,Solanum nigrescens,5063959629,train
dataset_serb_bloque3/Solanum_nigrescens/6423205956_2.jpg,Solanum nigrescens,6423205956,train
dataset_serb_bloque3/Solanum_nigrescens/6423205956_1.jpg,Solanum nigrescens,6423205956,train
dataset_serb_bloque3/Solanum_nigrescens/6423205956_3.jpg,Solanum nigrescens,6423205956,train
dataset_serb_bloque3/Solanum_nigrescens/6423205956_0.jpg,Solanum nigrescens,6423205956,train
dataset_serb_bloque3/Solanum_nigrescens/5063300323_0.jpg,Solanum nigrescens,5063300323,train
dataset_serb_bloque3/Phytolacca_icosandra/6159224033_0.jpg,Phytolacca icosandra,6159224033,val
dataset_serb_bloque3/Phytolacca_icosandra/6133568378_0.jpg,Phytolacca icosandra,6133568378,val
dataset_serb_bloque3/Phytolacca_icosandra/6133335359_0.jpg,Phytolacca icosandra,6133335359,val
dataset_serb_bloque3/Phytolacca_icosandra/6147292572_0.jpg,Phytolacca icosandra,6147292572,val
dataset_serb_bloque3/Phytolacca_icosandra/6159282048_2.jpg,Phytolacca icosandra,6159282048,val
dataset_serb_bloque3/Phytolacca_icosandra/6159282048_0.jpg,Phytolacca icosandra,6159282048,val
dataset_serb_bloque3/Phytolacca_icosandra/6159282048_1.jpg,Phytolacca icosandra,6159282048,val
dataset_serb_bloque3/Phytolacca_icosandra/6147653871_2.jpg,Phytolacca icosandra,6147653871,val
dataset_serb_bloque3/Phytolacca_icosandra/6147653871_0.jpg,Phytolacca icosandra,6147653871,val
dataset_serb_bloque3/Phytolacca_icosandra/6147653871_1.jpg,Phytolacca icosandra,6147653871,val
dataset_serb_bloque3/Phytolacca_icosandra/6133191254_1.jpg,Phytolacca icosandra,6133191254,val
dataset_serb_bloque3/Phytolacca_icosandra/6133191254_0.jpg,Phytolacca icosandra,6133191254,val
dataset_serb_bloque3/Phytolacca_icosandra/6147221179_0.jpg,Phytolacca icosandra,6147221179,val
dataset_serb_bloque3/Phytolacca_icosandra/6133372740_1.jpg,Phytolacca icosandra,6133372740,val
dataset_serb_bloque3/Phytolacca_icosandra/6133372740_0.jpg,Phytolacca icosandra,6133372740,val
dataset_serb_bloque3/Phytolacca_icosandra/6133393179_1.jpg,Phytolacca icosandra,6133393179,val
dataset_serb_bloque3/Phytolacca_icosandra/6133393179_2.jpg,Phytolacca icosandra,6133393179,val
dataset_serb_bloque3/Phytolacca_icosandra/6133393179_0.jpg,Phytolacca icosandra,6133393179,val
dataset_serb_bloque3/Phytolacca_icosandra/6131599555_0.jpg,Phytolacca icosandra,6131599555,val
dataset_serb_bloque3/Phytolacca_icosandra/6133459100_0.jpg,Phytolacca icosandra,6133459100,val
dataset_serb_bloque3/Phytolacca_icosandra/6133459100_2.jpg,Phytolacca icosandra,6133459100,val
dataset_serb_bloque3/Phytolacca_icosandra/6133459100_1.jpg,Phytolacca icosandra,6133459100,val
dataset_serb_bloque3/Phytolacca_icosandra/6147304699_1.jpg,Phytolacca icosandra,6147304699,test
dataset_serb_bloque3/Phytolacca_icosandra/6147304699_0.jpg,Phytolacca icosandra,6147304699,test
dataset_serb_bloque3/Phytolacca_icosandra/6147304699_2.jpg,Phytolacca icosandra,6147304699,test
dataset_serb_bloque3/Phytolacca_icosandra/6133068909_5.jpg,Phytolacca icosandra,6133068909,test
dataset_serb_bloque3/Phytolacca_icosandra/6133068909_8.jpg,Phytolacca icosandra,6133068909,test
dataset_serb_bloque3/Phytolacca_icosandra/6133068909_10.jpg,Phytolacca icosandra,6133068909,test
dataset_serb_bloque3/Phytolacca_icosandra/6133068909_2.jpg,Phytolacca icosandra,6133068909,test
dataset_serb_bloque3/Phytolacca_icosandra/6133068909_9.jpg,Phytolacca icosandra,6133068909,test
dataset_serb_bloque3/Phytolacca_icosandra/6133068909_7.jpg,Phytolacca icosandra,6133068909,test
dataset_serb_bloque3/Phytolacca_icosandra/6133068909_0.jpg,Phytolacca icosandra,6133068909,test
dataset_serb_bloque3/Phytolacca_icosandra/6133068909_6.jpg,Phytolacca icosandra,6133068909,test
dataset_serb_bloque3/Phytolacca_icosandra/6133068909_4.jpg,Phytolacca icosandra,6133068909,test
dataset_serb_bloque3/Phytolacca_icosandra/6133068909_3.jpg,Phytolacca icosandra,6133068909,test
dataset_serb_bloque3/Phytolacca_icosandra/6133068909_11.jpg,Phytolacca icosandra,6133068909,test
dataset_serb_bloque3/Phytolacca_icosandra/6133068909_1.jpg,Phytolacca icosandra,6133068909,test
dataset_serb_bloque3/Phytolacca_icosandra/6133401104_0.jpg,Phytolacca icosandra,6133401104,test
dataset_serb_bloque3/Phytolacca_icosandra/6133289351_1.jpg,Phytolacca icosandra,6133289351,test
dataset_serb_bloque3/Phytolacca_icosandra/6133289351_0.jpg,Phytolacca icosandra,6133289351,test
dataset_serb_bloque3/Phytolacca_icosandra/6159176933_0.jpg,Phytolacca icosandra,6159176933,test
dataset_serb_bloque3/Phytolacca_icosandra/6159176933_1.jpg,Phytolacca icosandra,6159176933,test
dataset_serb_bloque3/Phytolacca_icosandra/6159176933_2.jpg,Phytolacca icosandra,6159176933,test
dataset_serb_bloque3/Phytolacca_icosandra/6133246542_0.jpg,Phytolacca icosandra,6133246542,test
dataset_serb_bloque3/Phytolacca_icosandra/6133246542_1.jpg,Phytolacca icosandra,6133246542,test
dataset_serb_bloque3/Phytolacca_icosandra/6131633323_0.jpg,Phytolacca icosandra,6131633323,test
dataset_serb_bloque3/Phytolacca_icosandra/6133232418_0.jpg,Phytolacca icosandra,6133232418,test
dataset_serb_bloque3/Phytolacca_icosandra/6133046326_0.jpg,Phytolacca icosandra,6133046326,test
dataset_serb_bloque3/Phytolacca_icosandra/6133179065_0.jpg,Phytolacca icosandra,6133179065,test
dataset_serb_bloque3/Phytolacca_icosandra/6159474113_1.jpg,Phytolacca icosandra,6159474113,test
dataset_serb_bloque3/Phytolacca_icosandra/6159474113_0.jpg,Phytolacca icosandra,6159474113,test
dataset_serb_bloque3/Phytolacca_icosandra/6159474113_2.jpg,Phytolacca icosandra,6159474113,test
dataset_serb_bloque3/Phytolacca_icosandra/6133476163_0.jpg,Phytolacca icosandra,6133476163,test
dataset_serb_bloque3/Phytolacca_icosandra/6133476163_1.jpg,Phytolacca icosandra,6133476163,test
dataset_serb_bloque3/Phytolacca_icosandra/6133439172_0.jpg,Phytolacca icosandra,6133439172,train
dataset_serb_bloque3/Phytolacca_icosandra/6159198960_0.jpg,Phytolacca icosandra,6159198960,train
dataset_serb_bloque3/Phytolacca_icosandra/6133508604_0.jpg,Phytolacca icosandra,6133508604,train
dataset_serb_bloque3/Phytolacca_icosandra/6131652432_1.jpg,Phytolacca icosandra,6131652432,train
dataset_serb_bloque3/Phytolacca_icosandra/6131652432_0.jpg,Phytolacca icosandra,6131652432,train
dataset_serb_bloque3/Phytolacca_icosandra/6133204483_0.jpg,Phytolacca icosandra,6133204483,train
dataset_serb_bloque3/Phytolacca_icosandra/6133204483_1.jpg,Phytolacca icosandra,6133204483,train
dataset_serb_bloque3/Phytolacca_icosandra/6133442629_0.jpg,Phytolacca icosandra,6133442629,train
dataset_serb_bloque3/Phytolacca_icosandra/6133519123_0.jpg,Phytolacca icosandra,6133519123,train
dataset_serb_bloque3/Phytolacca_icosandra/6159191179_0.jpg,Phytolacca icosandra,6159191179,train
dataset_serb_bloque3/Phytolacca_icosandra/6133296428_0.jpg,Phytolacca icosandra,6133296428,train
dataset_serb_bloque3/Phytolacca_icosandra/6147588400_0.jpg,Phytolacca icosandra,6147588400,train
dataset_serb_bloque3/Phytolacca_icosandra/6133399881_0.jpg,Phytolacca icosandra,6133399881,train
dataset_serb_bloque3/Phytolacca_icosandra/6133399881_3.jpg,Phytolacca icosandra,6133399881,train
dataset_serb_bloque3/Phytolacca_icosandra/6133399881_1.jpg,Phytolacca icosandra,6133399881,train
dataset_serb_bloque3/Phytolacca_icosandra/6133399881_4.jpg,Phytolacca icosandra,6133399881,train
dataset_serb_bloque3/Phytolacca_icosandra/6133399881_2.jpg,Phytolacca icosandra,6133399881,train
dataset_serb_bloque3/Phytolacca_icosandra/6133399881_6.jpg,Phytolacca icosandra,6133399881,train
dataset_serb_bloque3/Phytolacca_icosandra/6133399881_5.jpg,Phytolacca icosandra,6133399881,train
dataset_serb_bloque3/Phytolacca_icosandra/6133399881_7.jpg,Phytolacca icosandra,6133399881,train
dataset_serb_bloque3/Phytolacca_icosandra/6133467517_1.jpg,Phytolacca icosandra,6133467517,train
dataset_serb_bloque3/Phytolacca_icosandra/6133467517_0.jpg,Phytolacca icosandra,6133467517,train
dataset_serb_bloque3/Phytolacca_icosandra/6133246816_0.jpg,Phytolacca icosandra,6133246816,train
dataset_serb_bloque3/Phytolacca_icosandra/6159246620_3.jpg,Phytolacca icosandra,6159246620,train
dataset_serb_bloque3/Phytolacca_icosandra/6159246620_4.jpg,Phytolacca icosandra,6159246620,train
dataset_serb_bloque3/Phytolacca_icosandra/6159246620_2.jpg,Phytolacca icosandra,6159246620,train
dataset_serb_bloque3/Phytolacca_icosandra/6159246620_1.jpg,Phytolacca icosandra,6159246620,train
dataset_serb_bloque3/Phytolacca_icosandra/6159246620_0.jpg,Phytolacca icosandra,6159246620,train
dataset_serb_bloque3/Phytolacca_icosandra/6133455958_0.jpg,Phytolacca icosandra,6133455958,train
dataset_serb_bloque3/Phytolacca_icosandra/6133455958_2.jpg,Phytolacca icosandra,6133455958,train
dataset_serb_bloque3/Phytolacca_icosandra/6133455958_1.jpg,Phytolacca icosandra,6133455958,train
dataset_serb_bloque3/Phytolacca_icosandra/6133299380_0.jpg,Phytolacca icosandra,6133299380,train
dataset_serb_bloque3/Phytolacca_icosandra/6159495379_0.jpg,Phytolacca icosandra,6159495379,train
dataset_serb_bloque3/Phytolacca_icosandra/6133273150_0.jpg,Phytolacca icosandra,6133273150,train
dataset_serb_bloque3/Phytolacca_icosandra/6133273150_2.jpg,Phytolacca icosandra,6133273150,train
dataset_serb_bloque3/Phytolacca_icosandra/6133273150_4.jpg,Phytolacca icosandra,6133273150,train
dataset_serb_bloque3/Phytolacca_icosandra/6133273150_3.jpg,Phytolacca icosandra,6133273150,train
dataset_serb_bloque3/Phytolacca_icosandra/6133273150_1.jpg,Phytolacca icosandra,6133273150,train
dataset_serb_bloque3/Phytolacca_icosandra/6133305343_2.jpg,Phytolacca icosandra,6133305343,train
dataset_serb_bloque3/Phytolacca_icosandra/6133305343_1.jpg,Phytolacca icosandra,6133305343,train
dataset_serb_bloque3/Phytolacca_icosandra/6133305343_0.jpg,Phytolacca icosandra,6133305343,train
dataset_serb_bloque3/Phytolacca_icosandra/6133196923_0.jpg,Phytolacca icosandra,6133196923,train
dataset_serb_bloque3/Phytolacca_icosandra/6133322059_1.jpg,Phytolacca icosandra,6133322059,train
dataset_serb_bloque3/Phytolacca_icosandra/6133322059_0.jpg,Phytolacca icosandra,6133322059,train
dataset_serb_bloque3/Phytolacca_icosandra/6147167842_0.jpg,Phytolacca icosandra,6147167842,train
dataset_serb_bloque3/Phytolacca_icosandra/6159241320_1.jpg,Phytolacca icosandra,6159241320,train
dataset_serb_bloque3/Phytolacca_icosandra/6159241320_2.jpg,Phytolacca icosandra,6159241320,train
dataset_serb_bloque3/Phytolacca_icosandra/6159241320_0.jpg,Phytolacca icosandra,6159241320,train
dataset_serb_bloque3/Phytolacca_icosandra/6133468451_0.jpg,Phytolacca icosandra,6133468451,train
dataset_serb_bloque3/Phytolacca_icosandra/6147497279_0.jpg,Phytolacca icosandra,6147497279,train
dataset_serb_bloque3/Phytolacca_icosandra/6133589634_0.jpg,Phytolacca icosandra,6133589634,train
dataset_serb_bloque3/Phytolacca_icosandra/6147454272_1.jpg,Phytolacca icosandra,6147454272,train
dataset_serb_bloque3/Phytolacca_icosandra/6147454272_0.jpg,Phytolacca icosandra,6147454272,train
dataset_serb_bloque3/Phytolacca_icosandra/6147454272_2.jpg,Phytolacca icosandra,6147454272,train
dataset_serb_bloque3/Phytolacca_icosandra/6159374713_0.jpg,Phytolacca icosandra,6159374713,train
dataset_serb_bloque3/Phytolacca_icosandra/6133463260_0.jpg,Phytolacca icosandra,6133463260,train
dataset_serb_bloque3/Phytolacca_icosandra/6133551981_0.jpg,Phytolacca icosandra,6133551981,train
dataset_serb_bloque3/Phytolacca_icosandra/6133551981_1.jpg,Phytolacca icosandra,6133551981,train
dataset_serb_bloque3/Phytolacca_icosandra/6133099634_0.jpg,Phytolacca icosandra,6133099634,train
dataset_serb_bloque3/Phytolacca_icosandra/6133307386_1.jpg,Phytolacca icosandra,6133307386,train
dataset_serb_bloque3/Phytolacca_icosandra/6133307386_0.jpg,Phytolacca icosandra,6133307386,train
dataset_serb_bloque3/Phytolacca_icosandra/6159291065_0.jpg,Phytolacca icosandra,6159291065,train
dataset_serb_bloque3/Phytolacca_icosandra/6133376352_0.jpg,Phytolacca icosandra,6133376352,train
dataset_serb_bloque3/Phytolacca_icosandra/6133376352_1.jpg,Phytolacca icosandra,6133376352,train
dataset_serb_bloque3/Phytolacca_icosandra/6133330927_2.jpg,Phytolacca icosandra,6133330927,train
dataset_serb_bloque3/Phytolacca_icosandra/6133330927_1.jpg,Phytolacca icosandra,6133330927,train
dataset_serb_bloque3/Phytolacca_icosandra/6133330927_0.jpg,Phytolacca icosandra,6133330927,train
dataset_serb_bloque3/Phytolacca_icosandra/6159134897_0.jpg,Phytolacca icosandra,6159134897,train
dataset_serb_bloque3/Phytolacca_icosandra/6133386355_0.jpg,Phytolacca icosandra,6133386355,train
dataset_serb_bloque3/Phytolacca_icosandra/6133425288_0.jpg,Phytolacca icosandra,6133425288,train
dataset_serb_bloque3/Phytolacca_icosandra/6133297312_0.jpg,Phytolacca icosandra,6133297312,train
dataset_serb_bloque3/Phytolacca_icosandra/6159152450_0.jpg,Phytolacca icosandra,6159152450,train
dataset_serb_bloque3/Phytolacca_icosandra/6133395093_1.jpg,Phytolacca icosandra,6133395093,train
dataset_serb_bloque3/Phytolacca_icosandra/6133395093_5.jpg,Phytolacca icosandra,6133395093,train
dataset_serb_bloque3/Phytolacca_icosandra/6133395093_0.jpg,Phytolacca icosandra,6133395093,train
dataset_serb_bloque3/Phytolacca_icosandra/6133395093_3.jpg,Phytolacca icosandra,6133395093,train
dataset_serb_bloque3/Phytolacca_icosandra/6133395093_7.jpg,Phytolacca icosandra,6133395093,train
dataset_serb_bloque3/Phytolacca_icosandra/6133395093_6.jpg,Phytolacca icosandra,6133395093,train
dataset_serb_bloque3/Phytolacca_icosandra/6133395093_2.jpg,Phytolacca icosandra,6133395093,train
dataset_serb_bloque3/Phytolacca_icosandra/6133395093_4.jpg,Phytolacca icosandra,6133395093,train
dataset_serb_bloque3/Phytolacca_icosandra/6133207178_0.jpg,Phytolacca icosandra,6133207178,train
dataset_serb_bloque3/Phytolacca_icosandra/6133207178_1.jpg,Phytolacca icosandra,6133207178,train
dataset_serb_bloque3/Phytolacca_icosandra/6133113919_2.jpg,Phytolacca icosandra,6133113919,train
dataset_serb_bloque3/Phytolacca_icosandra/6133113919_0.jpg,Phytolacca icosandra,6133113919,train
dataset_serb_bloque3/Phytolacca_icosandra/6133113919_1.jpg,Phytolacca icosandra,6133113919,train
dataset_serb_bloque3/Phytolacca_icosandra/6133113919_3.jpg,Phytolacca icosandra,6133113919,train
dataset_serb_bloque3/Phytolacca_icosandra/6133233881_0.jpg,Phytolacca icosandra,6133233881,train
dataset_serb_bloque3/Phytolacca_icosandra/6133443987_2.jpg,Phytolacca icosandra,6133443987,train
dataset_serb_bloque3/Phytolacca_icosandra/6133443987_1.jpg,Phytolacca icosandra,6133443987,train
dataset_serb_bloque3/Phytolacca_icosandra/6133443987_0.jpg,Phytolacca icosandra,6133443987,train
dataset_serb_bloque3/Phytolacca_icosandra/6133157093_0.jpg,Phytolacca icosandra,6133157093,train
dataset_serb_bloque3/Phytolacca_icosandra/6133149860_0.jpg,Phytolacca icosandra,6133149860,train
dataset_serb_bloque3/Phytolacca_icosandra/6147198572_1.jpg,Phytolacca icosandra,6147198572,train
dataset_serb_bloque3/Phytolacca_icosandra/6147198572_0.jpg,Phytolacca icosandra,6147198572,train
dataset_serb_bloque3/Phytolacca_icosandra/6147443488_0.jpg,Phytolacca icosandra,6147443488,train
dataset_serb_bloque3/Phytolacca_icosandra/6133196733_1.jpg,Phytolacca icosandra,6133196733,train
dataset_serb_bloque3/Phytolacca_icosandra/6133196733_2.jpg,Phytolacca icosandra,6133196733,train
dataset_serb_bloque3/Phytolacca_icosandra/6133196733_3.jpg,Phytolacca icosandra,6133196733,train
dataset_serb_bloque3/Phytolacca_icosandra/6133196733_4.jpg,Phytolacca icosandra,6133196733,train
dataset_serb_bloque3/Phytolacca_icosandra/6133196733_0.jpg,Phytolacca icosandra,6133196733,train
dataset_serb_bloque3/Phytolacca_icosandra/6133594571_2.jpg,Phytolacca icosandra,6133594571,train
dataset_serb_bloque3/Phytolacca_icosandra/6133594571_1.jpg,Phytolacca icosandra,6133594571,train
dataset_serb_bloque3/Phytolacca_icosandra/6133594571_0.jpg,Phytolacca icosandra,6133594571,train
dataset_serb_bloque3/Phytolacca_icosandra/6133557933_0.jpg,Phytolacca icosandra,6133557933,train
dataset_serb_bloque3/Phytolacca_icosandra/6147335456_0.jpg,Phytolacca icosandra,6147335456,train
dataset_serb_bloque3/Phytolacca_icosandra/6147335456_1.jpg,Phytolacca icosandra,6147335456,train
dataset_serb_bloque3/Phytolacca_icosandra/6133112379_0.jpg,Phytolacca icosandra,6133112379,train
dataset_serb_bloque3/Phytolacca_icosandra/6131683642_0.jpg,Phytolacca icosandra,6131683642,train
dataset_serb_bloque3/Phytolacca_icosandra/6131683642_1.jpg,Phytolacca icosandra,6131683642,train
dataset_serb_bloque3/Phytolacca_icosandra/6131683642_2.jpg,Phytolacca icosandra,6131683642,train
dataset_serb_bloque3/Phytolacca_icosandra/6147248034_0.jpg,Phytolacca icosandra,6147248034,train
dataset_serb_bloque3/Phytolacca_icosandra/6147248034_2.jpg,Phytolacca icosandra,6147248034,train
dataset_serb_bloque3/Phytolacca_icosandra/6147248034_1.jpg,Phytolacca icosandra,6147248034,train
dataset_serb_bloque3/Wigandia_urens/6171013753_0.jpg,Wigandia urens,6171013753,val
dataset_serb_bloque3/Wigandia_urens/6171013753_2.jpg,Wigandia urens,6171013753,val
dataset_serb_bloque3/Wigandia_urens/6171013753_1.jpg,Wigandia urens,6171013753,val
dataset_serb_bloque3/Wigandia_urens/6163063815_0.jpg,Wigandia urens,6163063815,val
dataset_serb_bloque3/Wigandia_urens/6163012031_5.jpg,Wigandia urens,6163012031,val
dataset_serb_bloque3/Wigandia_urens/6163012031_2.jpg,Wigandia urens,6163012031,val
dataset_serb_bloque3/Wigandia_urens/6163012031_3.jpg,Wigandia urens,6163012031,val
dataset_serb_bloque3/Wigandia_urens/6163012031_0.jpg,Wigandia urens,6163012031,val
dataset_serb_bloque3/Wigandia_urens/6163012031_1.jpg,Wigandia urens,6163012031,val
dataset_serb_bloque3/Wigandia_urens/6163012031_4.jpg,Wigandia urens,6163012031,val
dataset_serb_bloque3/Wigandia_urens/6163161077_0.jpg,Wigandia urens,6163161077,val
dataset_serb_bloque3/Wigandia_urens/6163234596_0.jpg,Wigandia urens,6163234596,val
dataset_serb_bloque3/Wigandia_urens/6163383242_0.jpg,Wigandia urens,6163383242,val
dataset_serb_bloque3/Wigandia_urens/6321112333_0.jpg,Wigandia urens,6321112333,val
dataset_serb_bloque3/Wigandia_urens/6147443462_0.jpg,Wigandia urens,6147443462,val
dataset_serb_bloque3/Wigandia_urens/6147443462_1.jpg,Wigandia urens,6147443462,val
dataset_serb_bloque3/Wigandia_urens/6171206706_0.jpg,Wigandia urens,6171206706,val
dataset_serb_bloque3/Wigandia_urens/6147554939_0.jpg,Wigandia urens,6147554939,val
dataset_serb_bloque3/Wigandia_urens/6170828310_1.jpg,Wigandia urens,6170828310,val
dataset_serb_bloque3/Wigandia_urens/6170828310_0.jpg,Wigandia urens,6170828310,val
dataset_serb_bloque3/Wigandia_urens/6162783310_0.jpg,Wigandia urens,6162783310,val
dataset_serb_bloque3/Wigandia_urens/6178870818_0.jpg,Wigandia urens,6178870818,val
dataset_serb_bloque3/Wigandia_urens/6178870818_1.jpg,Wigandia urens,6178870818,val
dataset_serb_bloque3/Wigandia_urens/6163320004_2.jpg,Wigandia urens,6163320004,test
dataset_serb_bloque3/Wigandia_urens/6163320004_0.jpg,Wigandia urens,6163320004,test
dataset_serb_bloque3/Wigandia_urens/6163320004_1.jpg,Wigandia urens,6163320004,test
dataset_serb_bloque3/Wigandia_urens/6170896514_6.jpg,Wigandia urens,6170896514,test
dataset_serb_bloque3/Wigandia_urens/6170896514_3.jpg,Wigandia urens,6170896514,test
dataset_serb_bloque3/Wigandia_urens/6170896514_2.jpg,Wigandia urens,6170896514,test
dataset_serb_bloque3/Wigandia_urens/6170896514_8.jpg,Wigandia urens,6170896514,test
dataset_serb_bloque3/Wigandia_urens/6170896514_0.jpg,Wigandia urens,6170896514,test
dataset_serb_bloque3/Wigandia_urens/6170896514_4.jpg,Wigandia urens,6170896514,test
dataset_serb_bloque3/Wigandia_urens/6170896514_1.jpg,Wigandia urens,6170896514,test
dataset_serb_bloque3/Wigandia_urens/6170896514_9.jpg,Wigandia urens,6170896514,test
dataset_serb_bloque3/Wigandia_urens/6170896514_7.jpg,Wigandia urens,6170896514,test
dataset_serb_bloque3/Wigandia_urens/6170896514_10.jpg,Wigandia urens,6170896514,test
dataset_serb_bloque3/Wigandia_urens/6170896514_5.jpg,Wigandia urens,6170896514,test
dataset_serb_bloque3/Wigandia_urens/6159251586_0.jpg,Wigandia urens,6159251586,test
dataset_serb_bloque3/Wigandia_urens/6159251586_1.jpg,Wigandia urens,6159251586,test
dataset_serb_bloque3/Wigandia_urens/6171186701_1.jpg,Wigandia urens,6171186701,test
dataset_serb_bloque3/Wigandia_urens/6171186701_2.jpg,Wigandia urens,6171186701,test
dataset_serb_bloque3/Wigandia_urens/6171186701_0.jpg,Wigandia urens,6171186701,test
dataset_serb_bloque3/Wigandia_urens/6171186701_3.jpg,Wigandia urens,6171186701,test
dataset_serb_bloque3/Wigandia_urens/6162985924_0.jpg,Wigandia urens,6162985924,test
dataset_serb_bloque3/Wigandia_urens/6195625356_0.jpg,Wigandia urens,6195625356,test
dataset_serb_bloque3/Wigandia_urens/6162843274_0.jpg,Wigandia urens,6162843274,test
dataset_serb_bloque3/Wigandia_urens/6178826926_0.jpg,Wigandia urens,6178826926,test
dataset_serb_bloque3/Wigandia_urens/6178636911_0.jpg,Wigandia urens,6178636911,test
dataset_serb_bloque3/Wigandia_urens/6178636911_1.jpg,Wigandia urens,6178636911,test
dataset_serb_bloque3/Wigandia_urens/6163270599_0.jpg,Wigandia urens,6163270599,test
dataset_serb_bloque3/Wigandia_urens/6171006448_0.jpg,Wigandia urens,6171006448,test
dataset_serb_bloque3/Wigandia_urens/6170999621_0.jpg,Wigandia urens,6170999621,test
dataset_serb_bloque3/Wigandia_urens/6162780330_0.jpg,Wigandia urens,6162780330,test
dataset_serb_bloque3/Wigandia_urens/6179034088_0.jpg,Wigandia urens,6179034088,train
dataset_serb_bloque3/Wigandia_urens/6179034088_1.jpg,Wigandia urens,6179034088,train
dataset_serb_bloque3/Wigandia_urens/6162848715_0.jpg,Wigandia urens,6162848715,train
dataset_serb_bloque3/Wigandia_urens/6234882440_0.jpg,Wigandia urens,6234882440,train
dataset_serb_bloque3/Wigandia_urens/6159244360_0.jpg,Wigandia urens,6159244360,train
dataset_serb_bloque3/Wigandia_urens/6159244360_3.jpg,Wigandia urens,6159244360,train
dataset_serb_bloque3/Wigandia_urens/6159244360_2.jpg,Wigandia urens,6159244360,train
dataset_serb_bloque3/Wigandia_urens/6159244360_1.jpg,Wigandia urens,6159244360,train
dataset_serb_bloque3/Wigandia_urens/6178596406_4.jpg,Wigandia urens,6178596406,train
dataset_serb_bloque3/Wigandia_urens/6178596406_3.jpg,Wigandia urens,6178596406,train
dataset_serb_bloque3/Wigandia_urens/6178596406_0.jpg,Wigandia urens,6178596406,train
dataset_serb_bloque3/Wigandia_urens/6178596406_2.jpg,Wigandia urens,6178596406,train
dataset_serb_bloque3/Wigandia_urens/6178596406_1.jpg,Wigandia urens,6178596406,train
dataset_serb_bloque3/Wigandia_urens/6170915813_0.jpg,Wigandia urens,6170915813,train
dataset_serb_bloque3/Wigandia_urens/6236443459_2.jpg,Wigandia urens,6236443459,train
dataset_serb_bloque3/Wigandia_urens/6236443459_0.jpg,Wigandia urens,6236443459,train
dataset_serb_bloque3/Wigandia_urens/6236443459_3.jpg,Wigandia urens,6236443459,train
dataset_serb_bloque3/Wigandia_urens/6236443459_1.jpg,Wigandia urens,6236443459,train
dataset_serb_bloque3/Wigandia_urens/6236443459_4.jpg,Wigandia urens,6236443459,train
dataset_serb_bloque3/Wigandia_urens/6163089174_2.jpg,Wigandia urens,6163089174,train
dataset_serb_bloque3/Wigandia_urens/6163089174_1.jpg,Wigandia urens,6163089174,train
dataset_serb_bloque3/Wigandia_urens/6163089174_0.jpg,Wigandia urens,6163089174,train
dataset_serb_bloque3/Wigandia_urens/6163037734_0.jpg,Wigandia urens,6163037734,train
dataset_serb_bloque3/Wigandia_urens/6235544742_0.jpg,Wigandia urens,6235544742,train
dataset_serb_bloque3/Wigandia_urens/6162935064_0.jpg,Wigandia urens,6162935064,train
dataset_serb_bloque3/Wigandia_urens/6179047431_0.jpg,Wigandia urens,6179047431,train
dataset_serb_bloque3/Wigandia_urens/6163274181_0.jpg,Wigandia urens,6163274181,train
dataset_serb_bloque3/Wigandia_urens/6179184545_3.jpg,Wigandia urens,6179184545,train
dataset_serb_bloque3/Wigandia_urens/6179184545_1.jpg,Wigandia urens,6179184545,train
dataset_serb_bloque3/Wigandia_urens/6179184545_2.jpg,Wigandia urens,6179184545,train
dataset_serb_bloque3/Wigandia_urens/6179184545_0.jpg,Wigandia urens,6179184545,train
dataset_serb_bloque3/Wigandia_urens/6170833306_0.jpg,Wigandia urens,6170833306,train
dataset_serb_bloque3/Wigandia_urens/6178422377_0.jpg,Wigandia urens,6178422377,train
dataset_serb_bloque3/Wigandia_urens/6236376893_0.jpg,Wigandia urens,6236376893,train
dataset_serb_bloque3/Wigandia_urens/6236376893_1.jpg,Wigandia urens,6236376893,train
dataset_serb_bloque3/Wigandia_urens/6236376893_2.jpg,Wigandia urens,6236376893,train
dataset_serb_bloque3/Wigandia_urens/6171034239_0.jpg,Wigandia urens,6171034239,train
dataset_serb_bloque3/Wigandia_urens/6163237189_0.jpg,Wigandia urens,6163237189,train
dataset_serb_bloque3/Wigandia_urens/6163216992_0.jpg,Wigandia urens,6163216992,train
dataset_serb_bloque3/Wigandia_urens/6162983770_1.jpg,Wigandia urens,6162983770,train
dataset_serb_bloque3/Wigandia_urens/6162983770_0.jpg,Wigandia urens,6162983770,train
dataset_serb_bloque3/Wigandia_urens/6163322752_0.jpg,Wigandia urens,6163322752,train
dataset_serb_bloque3/Wigandia_urens/6163322752_1.jpg,Wigandia urens,6163322752,train
dataset_serb_bloque3/Wigandia_urens/6162962345_0.jpg,Wigandia urens,6162962345,train
dataset_serb_bloque3/Wigandia_urens/6178846076_0.jpg,Wigandia urens,6178846076,train
dataset_serb_bloque3/Wigandia_urens/6178846076_1.jpg,Wigandia urens,6178846076,train
dataset_serb_bloque3/Wigandia_urens/6162764105_0.jpg,Wigandia urens,6162764105,train
dataset_serb_bloque3/Wigandia_urens/6162985624_0.jpg,Wigandia urens,6162985624,train
dataset_serb_bloque3/Wigandia_urens/6163053521_0.jpg,Wigandia urens,6163053521,train
dataset_serb_bloque3/Wigandia_urens/6163024729_2.jpg,Wigandia urens,6163024729,train
dataset_serb_bloque3/Wigandia_urens/6163024729_0.jpg,Wigandia urens,6163024729,train
dataset_serb_bloque3/Wigandia_urens/6163024729_1.jpg,Wigandia urens,6163024729,train
dataset_serb_bloque3/Wigandia_urens/6163009778_0.jpg,Wigandia urens,6163009778,train
dataset_serb_bloque3/Wigandia_urens/6500263509_1.jpg,Wigandia urens,6500263509,train
dataset_serb_bloque3/Wigandia_urens/6500263509_2.jpg,Wigandia urens,6500263509,train
dataset_serb_bloque3/Wigandia_urens/6500263509_0.jpg,Wigandia urens,6500263509,train
dataset_serb_bloque3/Wigandia_urens/6163172741_0.jpg,Wigandia urens,6163172741,train
dataset_serb_bloque3/Wigandia_urens/6171423498_0.jpg,Wigandia urens,6171423498,train
dataset_serb_bloque3/Wigandia_urens/6159164994_0.jpg,Wigandia urens,6159164994,train
dataset_serb_bloque3/Wigandia_urens/6147267178_0.jpg,Wigandia urens,6147267178,train
dataset_serb_bloque3/Wigandia_urens/6147267178_1.jpg,Wigandia urens,6147267178,train
dataset_serb_bloque3/Wigandia_urens/6163270119_0.jpg,Wigandia urens,6163270119,train
dataset_serb_bloque3/Wigandia_urens/6399844391_0.jpg,Wigandia urens,6399844391,train
dataset_serb_bloque3/Wigandia_urens/6159386154_0.jpg,Wigandia urens,6159386154,train
dataset_serb_bloque3/Wigandia_urens/6159325667_1.jpg,Wigandia urens,6159325667,train
dataset_serb_bloque3/Wigandia_urens/6159325667_2.jpg,Wigandia urens,6159325667,train
dataset_serb_bloque3/Wigandia_urens/6159325667_0.jpg,Wigandia urens,6159325667,train
dataset_serb_bloque3/Wigandia_urens/6170884425_0.jpg,Wigandia urens,6170884425,train
dataset_serb_bloque3/Wigandia_urens/6162946450_0.jpg,Wigandia urens,6162946450,train
dataset_serb_bloque3/Wigandia_urens/6162946450_2.jpg,Wigandia urens,6162946450,train
dataset_serb_bloque3/Wigandia_urens/6162946450_1.jpg,Wigandia urens,6162946450,train
dataset_serb_bloque3/Wigandia_urens/6185150154_0.jpg,Wigandia urens,6185150154,train
dataset_serb_bloque3/Wigandia_urens/6133056716_0.jpg,Wigandia urens,6133056716,train
dataset_serb_bloque3/Wigandia_urens/6133056716_1.jpg,Wigandia urens,6133056716,train
dataset_serb_bloque3/Wigandia_urens/6133056716_2.jpg,Wigandia urens,6133056716,train
dataset_serb_bloque3/Wigandia_urens/6499459469_0.jpg,Wigandia urens,6499459469,train
dataset_serb_bloque3/Wigandia_urens/6163281623_0.jpg,Wigandia urens,6163281623,train
dataset_serb_bloque3/Wigandia_urens/6163245329_0.jpg,Wigandia urens,6163245329,train
dataset_serb_bloque3/Wigandia_urens/6188288935_0.jpg,Wigandia urens,6188288935,train
dataset_serb_bloque3/Wigandia_urens/6162987133_0.jpg,Wigandia urens,6162987133,train
dataset_serb_bloque3/Wigandia_urens/6195605882_0.jpg,Wigandia urens,6195605882,train
dataset_serb_bloque3/Wigandia_urens/6195605882_1.jpg,Wigandia urens,6195605882,train
dataset_serb_bloque3/Wigandia_urens/6163176662_0.jpg,Wigandia urens,6163176662,train
dataset_serb_bloque3/Wigandia_urens/6163176662_1.jpg,Wigandia urens,6163176662,train
dataset_serb_bloque3/Wigandia_urens/6147496685_0.jpg,Wigandia urens,6147496685,train
dataset_serb_bloque3/Wigandia_urens/6147496685_1.jpg,Wigandia urens,6147496685,train
dataset_serb_bloque3/Wigandia_urens/6195802507_0.jpg,Wigandia urens,6195802507,train
dataset_serb_bloque3/Wigandia_urens/6422291925_1.jpg,Wigandia urens,6422291925,train
dataset_serb_bloque3/Wigandia_urens/6422291925_0.jpg,Wigandia urens,6422291925,train
dataset_serb_bloque3/Wigandia_urens/6170956481_0.jpg,Wigandia urens,6170956481,train
dataset_serb_bloque3/Wigandia_urens/6170956481_1.jpg,Wigandia urens,6170956481,train
dataset_serb_bloque3/Wigandia_urens/6519213701_0.jpg,Wigandia urens,6519213701,train
dataset_serb_bloque3/Wigandia_urens/6186046002_1.jpg,Wigandia urens,6186046002,train
dataset_serb_bloque3/Wigandia_urens/6186046002_0.jpg,Wigandia urens,6186046002,train
dataset_serb_bloque3/Wigandia_urens/6163185436_0.jpg,Wigandia urens,6163185436,train
dataset_serb_bloque3/Wigandia_urens/6162825490_1.jpg,Wigandia urens,6162825490,train
dataset_serb_bloque3/Wigandia_urens/6162825490_0.jpg,Wigandia urens,6162825490,train
dataset_serb_bloque3/Wigandia_urens/6162825490_2.jpg,Wigandia urens,6162825490,train
dataset_serb_bloque3/Wigandia_urens/6163342919_0.jpg,Wigandia urens,6163342919,train
dataset_serb_bloque3/Wigandia_urens/6179512585_0.jpg,Wigandia urens,6179512585,train
dataset_serb_bloque3/Wigandia_urens/6163297240_4.jpg,Wigandia urens,6163297240,train
dataset_serb_bloque3/Wigandia_urens/6163297240_0.jpg,Wigandia urens,6163297240,train
dataset_serb_bloque3/Wigandia_urens/6163297240_3.jpg,Wigandia urens,6163297240,train
dataset_serb_bloque3/Wigandia_urens/6163297240_1.jpg,Wigandia urens,6163297240,train
dataset_serb_bloque3/Wigandia_urens/6163297240_2.jpg,Wigandia urens,6163297240,train
dataset_serb_bloque3/Wigandia_urens/6162793612_1.jpg,Wigandia urens,6162793612,train
dataset_serb_bloque3/Wigandia_urens/6162793612_0.jpg,Wigandia urens,6162793612,train
dataset_serb_bloque3/Wigandia_urens/6163051540_0.jpg,Wigandia urens,6163051540,train
dataset_serb_bloque3/Ricinus_communis/6129908238_0.jpg,Ricinus communis,6129908238,val
dataset_serb_bloque3/Ricinus_communis/6129908238_1.jpg,Ricinus communis,6129908238,val
dataset_serb_bloque3/Ricinus_communis/5938419179_1.jpg,Ricinus communis,5938419179,val
dataset_serb_bloque3/Ricinus_communis/5938419179_0.jpg,Ricinus communis,5938419179,val
dataset_serb_bloque3/Ricinus_communis/5938486060_2.jpg,Ricinus communis,5938486060,val
dataset_serb_bloque3/Ricinus_communis/5938486060_0.jpg,Ricinus communis,5938486060,val
dataset_serb_bloque3/Ricinus_communis/5938486060_1.jpg,Ricinus communis,5938486060,val
dataset_serb_bloque3/Ricinus_communis/5938679628_0.jpg,Ricinus communis,5938679628,val
dataset_serb_bloque3/Ricinus_communis/5938640843_0.jpg,Ricinus communis,5938640843,val
dataset_serb_bloque3/Ricinus_communis/5938453789_1.jpg,Ricinus communis,5938453789,val
dataset_serb_bloque3/Ricinus_communis/5938453789_0.jpg,Ricinus communis,5938453789,val
dataset_serb_bloque3/Ricinus_communis/5938453789_2.jpg,Ricinus communis,5938453789,val
dataset_serb_bloque3/Ricinus_communis/6129958139_0.jpg,Ricinus communis,6129958139,val
dataset_serb_bloque3/Ricinus_communis/5938410043_1.jpg,Ricinus communis,5938410043,val
dataset_serb_bloque3/Ricinus_communis/5938410043_0.jpg,Ricinus communis,5938410043,val
dataset_serb_bloque3/Ricinus_communis/5938678953_0.jpg,Ricinus communis,5938678953,val
dataset_serb_bloque3/Ricinus_communis/6129815115_0.jpg,Ricinus communis,6129815115,val
dataset_serb_bloque3/Ricinus_communis/6129824588_0.jpg,Ricinus communis,6129824588,val
dataset_serb_bloque3/Ricinus_communis/6129824588_1.jpg,Ricinus communis,6129824588,val
dataset_serb_bloque3/Ricinus_communis/6129920722_0.jpg,Ricinus communis,6129920722,val
dataset_serb_bloque3/Ricinus_communis/5938640054_0.jpg,Ricinus communis,5938640054,val
dataset_serb_bloque3/Ricinus_communis/5938411273_0.jpg,Ricinus communis,5938411273,val
dataset_serb_bloque3/Ricinus_communis/6129829404_0.jpg,Ricinus communis,6129829404,test
dataset_serb_bloque3/Ricinus_communis/6130021654_1.jpg,Ricinus communis,6130021654,test
dataset_serb_bloque3/Ricinus_communis/6130021654_0.jpg,Ricinus communis,6130021654,test
dataset_serb_bloque3/Ricinus_communis/5938507365_1.jpg,Ricinus communis,5938507365,test
dataset_serb_bloque3/Ricinus_communis/5938507365_0.jpg,Ricinus communis,5938507365,test
dataset_serb_bloque3/Ricinus_communis/6129933081_0.jpg,Ricinus communis,6129933081,test
dataset_serb_bloque3/Ricinus_communis/6130032858_0.jpg,Ricinus communis,6130032858,test
dataset_serb_bloque3/Ricinus_communis/5938595320_2.jpg,Ricinus communis,5938595320,test
dataset_serb_bloque3/Ricinus_communis/5938595320_0.jpg,Ricinus communis,5938595320,test
dataset_serb_bloque3/Ricinus_communis/5938595320_1.jpg,Ricinus communis,5938595320,test
dataset_serb_bloque3/Ricinus_communis/5938595320_3.jpg,Ricinus communis,5938595320,test
dataset_serb_bloque3/Ricinus_communis/5938521580_0.jpg,Ricinus communis,5938521580,test
dataset_serb_bloque3/Ricinus_communis/6129839348_0.jpg,Ricinus communis,6129839348,test
dataset_serb_bloque3/Ricinus_communis/5938691397_0.jpg,Ricinus communis,5938691397,test
dataset_serb_bloque3/Ricinus_communis/5938606964_1.jpg,Ricinus communis,5938606964,test
dataset_serb_bloque3/Ricinus_communis/5938606964_0.jpg,Ricinus communis,5938606964,test
dataset_serb_bloque3/Ricinus_communis/6129887517_0.jpg,Ricinus communis,6129887517,test
dataset_serb_bloque3/Ricinus_communis/6130026456_0.jpg,Ricinus communis,6130026456,test
dataset_serb_bloque3/Ricinus_communis/5938564332_0.jpg,Ricinus communis,5938564332,test
dataset_serb_bloque3/Ricinus_communis/5938615871_2.jpg,Ricinus communis,5938615871,test
dataset_serb_bloque3/Ricinus_communis/5938615871_3.jpg,Ricinus communis,5938615871,test
dataset_serb_bloque3/Ricinus_communis/5938615871_0.jpg,Ricinus communis,5938615871,test
dataset_serb_bloque3/Ricinus_communis/5938615871_1.jpg,Ricinus communis,5938615871,test
dataset_serb_bloque3/Ricinus_communis/5938595650_0.jpg,Ricinus communis,5938595650,train
dataset_serb_bloque3/Ricinus_communis/6130021478_0.jpg,Ricinus communis,6130021478,train
dataset_serb_bloque3/Ricinus_communis/6129862213_0.jpg,Ricinus communis,6129862213,train
dataset_serb_bloque3/Ricinus_communis/6129862213_1.jpg,Ricinus communis,6129862213,train
dataset_serb_bloque3/Ricinus_communis/6130043111_0.jpg,Ricinus communis,6130043111,train
dataset_serb_bloque3/Ricinus_communis/6129831704_0.jpg,Ricinus communis,6129831704,train
dataset_serb_bloque3/Ricinus_communis/6130038241_0.jpg,Ricinus communis,6130038241,train
dataset_serb_bloque3/Ricinus_communis/6129877394_0.jpg,Ricinus communis,6129877394,train
dataset_serb_bloque3/Ricinus_communis/6129877394_1.jpg,Ricinus communis,6129877394,train
dataset_serb_bloque3/Ricinus_communis/6129877394_2.jpg,Ricinus communis,6129877394,train
dataset_serb_bloque3/Ricinus_communis/6129880881_0.jpg,Ricinus communis,6129880881,train
dataset_serb_bloque3/Ricinus_communis/6129879626_0.jpg,Ricinus communis,6129879626,train
dataset_serb_bloque3/Ricinus_communis/6129982651_0.jpg,Ricinus communis,6129982651,train
dataset_serb_bloque3/Ricinus_communis/6129817185_1.jpg,Ricinus communis,6129817185,train
dataset_serb_bloque3/Ricinus_communis/6129817185_0.jpg,Ricinus communis,6129817185,train
dataset_serb_bloque3/Ricinus_communis/6130039653_0.jpg,Ricinus communis,6130039653,train
dataset_serb_bloque3/Ricinus_communis/5938485636_1.jpg,Ricinus communis,5938485636,train
dataset_serb_bloque3/Ricinus_communis/5938485636_0.jpg,Ricinus communis,5938485636,train
dataset_serb_bloque3/Ricinus_communis/6129999164_1.jpg,Ricinus communis,6129999164,train
dataset_serb_bloque3/Ricinus_communis/6129999164_0.jpg,Ricinus communis,6129999164,train
dataset_serb_bloque3/Ricinus_communis/6129985276_0.jpg,Ricinus communis,6129985276,train
dataset_serb_bloque3/Ricinus_communis/5938442977_0.jpg,Ricinus communis,5938442977,train
dataset_serb_bloque3/Ricinus_communis/6129982128_0.jpg,Ricinus communis,6129982128,train
dataset_serb_bloque3/Ricinus_communis/5938647512_0.jpg,Ricinus communis,5938647512,train
dataset_serb_bloque3/Ricinus_communis/5938647512_2.jpg,Ricinus communis,5938647512,train
dataset_serb_bloque3/Ricinus_communis/5938647512_1.jpg,Ricinus communis,5938647512,train
dataset_serb_bloque3/Ricinus_communis/5938425944_2.jpg,Ricinus communis,5938425944,train
dataset_serb_bloque3/Ricinus_communis/5938425944_1.jpg,Ricinus communis,5938425944,train
dataset_serb_bloque3/Ricinus_communis/5938425944_3.jpg,Ricinus communis,5938425944,train
dataset_serb_bloque3/Ricinus_communis/5938425944_0.jpg,Ricinus communis,5938425944,train
dataset_serb_bloque3/Ricinus_communis/5938463538_0.jpg,Ricinus communis,5938463538,train
dataset_serb_bloque3/Ricinus_communis/5938463538_1.jpg,Ricinus communis,5938463538,train
dataset_serb_bloque3/Ricinus_communis/5938463538_2.jpg,Ricinus communis,5938463538,train
dataset_serb_bloque3/Ricinus_communis/6129988928_0.jpg,Ricinus communis,6129988928,train
dataset_serb_bloque3/Ricinus_communis/6129954224_0.jpg,Ricinus communis,6129954224,train
dataset_serb_bloque3/Ricinus_communis/6129954224_1.jpg,Ricinus communis,6129954224,train
dataset_serb_bloque3/Ricinus_communis/6129914832_0.jpg,Ricinus communis,6129914832,train
dataset_serb_bloque3/Ricinus_communis/6129833107_0.jpg,Ricinus communis,6129833107,train
dataset_serb_bloque3/Ricinus_communis/5938527691_0.jpg,Ricinus communis,5938527691,train
dataset_serb_bloque3/Ricinus_communis/6129875198_0.jpg,Ricinus communis,6129875198,train
dataset_serb_bloque3/Ricinus_communis/6129986704_0.jpg,Ricinus communis,6129986704,train
dataset_serb_bloque3/Ricinus_communis/5938666607_0.jpg,Ricinus communis,5938666607,train
dataset_serb_bloque3/Ricinus_communis/5938666607_1.jpg,Ricinus communis,5938666607,train
dataset_serb_bloque3/Ricinus_communis/5938606084_0.jpg,Ricinus communis,5938606084,train
dataset_serb_bloque3/Ricinus_communis/6130005821_0.jpg,Ricinus communis,6130005821,train
dataset_serb_bloque3/Ricinus_communis/6129890481_0.jpg,Ricinus communis,6129890481,train
dataset_serb_bloque3/Ricinus_communis/5938499911_0.jpg,Ricinus communis,5938499911,train
dataset_serb_bloque3/Ricinus_communis/5938441455_0.jpg,Ricinus communis,5938441455,train
dataset_serb_bloque3/Ricinus_communis/6129974649_0.jpg,Ricinus communis,6129974649,train
dataset_serb_bloque3/Ricinus_communis/5938611947_0.jpg,Ricinus communis,5938611947,train
dataset_serb_bloque3/Ricinus_communis/5938464928_0.jpg,Ricinus communis,5938464928,train
dataset_serb_bloque3/Ricinus_communis/6129833090_0.jpg,Ricinus communis,6129833090,train
dataset_serb_bloque3/Ricinus_communis/6129984822_2.jpg,Ricinus communis,6129984822,train
dataset_serb_bloque3/Ricinus_communis/6129984822_3.jpg,Ricinus communis,6129984822,train
dataset_serb_bloque3/Ricinus_communis/6129984822_4.jpg,Ricinus communis,6129984822,train
dataset_serb_bloque3/Ricinus_communis/6129984822_5.jpg,Ricinus communis,6129984822,train
dataset_serb_bloque3/Ricinus_communis/6129984822_1.jpg,Ricinus communis,6129984822,train
dataset_serb_bloque3/Ricinus_communis/6129984822_0.jpg,Ricinus communis,6129984822,train
dataset_serb_bloque3/Ricinus_communis/5938581409_0.jpg,Ricinus communis,5938581409,train
dataset_serb_bloque3/Ricinus_communis/5938581409_2.jpg,Ricinus communis,5938581409,train
dataset_serb_bloque3/Ricinus_communis/5938581409_1.jpg,Ricinus communis,5938581409,train
dataset_serb_bloque3/Ricinus_communis/6129823154_0.jpg,Ricinus communis,6129823154,train
dataset_serb_bloque3/Ricinus_communis/6129823154_1.jpg,Ricinus communis,6129823154,train
dataset_serb_bloque3/Ricinus_communis/6129984989_0.jpg,Ricinus communis,6129984989,train
dataset_serb_bloque3/Ricinus_communis/6129967547_1.jpg,Ricinus communis,6129967547,train
dataset_serb_bloque3/Ricinus_communis/6129967547_0.jpg,Ricinus communis,6129967547,train
dataset_serb_bloque3/Ricinus_communis/6129967547_2.jpg,Ricinus communis,6129967547,train
dataset_serb_bloque3/Ricinus_communis/5938489706_0.jpg,Ricinus communis,5938489706,train
dataset_serb_bloque3/Ricinus_communis/5938708410_0.jpg,Ricinus communis,5938708410,train
dataset_serb_bloque3/Ricinus_communis/6129862533_0.jpg,Ricinus communis,6129862533,train
dataset_serb_bloque3/Ricinus_communis/6129854397_0.jpg,Ricinus communis,6129854397,train
dataset_serb_bloque3/Ricinus_communis/6129980226_0.jpg,Ricinus communis,6129980226,train
dataset_serb_bloque3/Ricinus_communis/6129864554_0.jpg,Ricinus communis,6129864554,train
dataset_serb_bloque3/Ricinus_communis/6129958222_2.jpg,Ricinus communis,6129958222,train
dataset_serb_bloque3/Ricinus_communis/6129958222_0.jpg,Ricinus communis,6129958222,train
dataset_serb_bloque3/Ricinus_communis/6129958222_1.jpg,Ricinus communis,6129958222,train
dataset_serb_bloque3/Ricinus_communis/6129819998_0.jpg,Ricinus communis,6129819998,train
dataset_serb_bloque3/Ricinus_communis/6129994321_1.jpg,Ricinus communis,6129994321,train
dataset_serb_bloque3/Ricinus_communis/6129994321_0.jpg,Ricinus communis,6129994321,train
dataset_serb_bloque3/Ricinus_communis/6129879526_0.jpg,Ricinus communis,6129879526,train
dataset_serb_bloque3/Ricinus_communis/6129879526_1.jpg,Ricinus communis,6129879526,train
dataset_serb_bloque3/Ricinus_communis/5938411755_0.jpg,Ricinus communis,5938411755,train
dataset_serb_bloque3/Ricinus_communis/6130042390_1.jpg,Ricinus communis,6130042390,train
dataset_serb_bloque3/Ricinus_communis/6130042390_0.jpg,Ricinus communis,6130042390,train
dataset_serb_bloque3/Ricinus_communis/5938436519_0.jpg,Ricinus communis,5938436519,train
dataset_serb_bloque3/Ricinus_communis/6129843767_0.jpg,Ricinus communis,6129843767,train
dataset_serb_bloque3/Ricinus_communis/5938458531_0.jpg,Ricinus communis,5938458531,train
dataset_serb_bloque3/Ricinus_communis/6129832987_0.jpg,Ricinus communis,6129832987,train
dataset_serb_bloque3/Ricinus_communis/6129995433_0.jpg,Ricinus communis,6129995433,train
dataset_serb_bloque3/Ricinus_communis/6129956839_2.jpg,Ricinus communis,6129956839,train
dataset_serb_bloque3/Ricinus_communis/6129956839_4.jpg,Ricinus communis,6129956839,train
dataset_serb_bloque3/Ricinus_communis/6129956839_0.jpg,Ricinus communis,6129956839,train
dataset_serb_bloque3/Ricinus_communis/6129956839_1.jpg,Ricinus communis,6129956839,train
dataset_serb_bloque3/Ricinus_communis/6129956839_3.jpg,Ricinus communis,6129956839,train
dataset_serb_bloque3/Ricinus_communis/6129956839_5.jpg,Ricinus communis,6129956839,train
dataset_serb_bloque3/Ricinus_communis/6129893828_0.jpg,Ricinus communis,6129893828,train
dataset_serb_bloque3/Ricinus_communis/5938632138_0.jpg,Ricinus communis,5938632138,train
dataset_serb_bloque3/Ricinus_communis/6129927944_0.jpg,Ricinus communis,6129927944,train
dataset_serb_bloque3/Ricinus_communis/6129833682_0.jpg,Ricinus communis,6129833682,train
dataset_serb_bloque3/Ricinus_communis/5938507237_1.jpg,Ricinus communis,5938507237,train
dataset_serb_bloque3/Ricinus_communis/5938507237_2.jpg,Ricinus communis,5938507237,train
dataset_serb_bloque3/Ricinus_communis/5938507237_3.jpg,Ricinus communis,5938507237,train
dataset_serb_bloque3/Ricinus_communis/5938507237_0.jpg,Ricinus communis,5938507237,train
dataset_serb_bloque3/Ricinus_communis/5938585753_1.jpg,Ricinus communis,5938585753,train
dataset_serb_bloque3/Ricinus_communis/5938585753_0.jpg,Ricinus communis,5938585753,train
dataset_serb_bloque3/Ricinus_communis/5938585753_2.jpg,Ricinus communis,5938585753,train
dataset_serb_bloque3/Ricinus_communis/6129873480_0.jpg,Ricinus communis,6129873480,train
dataset_serb_bloque3/Ricinus_communis/6129891602_0.jpg,Ricinus communis,6129891602,train
dataset_serb_bloque3/Salvia_lavanduloides/6131151055_0.jpg,Salvia_spp,6131151055,val
dataset_serb_bloque3/Salvia_mexicana/6129860125_0.jpg,Salvia_spp,6129860125,val
dataset_serb_bloque3/Salvia_lavanduloides/6129964553_0.jpg,Salvia_spp,6129964553,val
dataset_serb_bloque3/Salvia_mexicana/6133055805_0.jpg,Salvia_spp,6133055805,val
dataset_serb_bloque3/Salvia_mexicana/6147610681_0.jpg,Salvia_spp,6147610681,val
dataset_serb_bloque3/Salvia_mexicana/6130243225_0.jpg,Salvia_spp,6130243225,val
dataset_serb_bloque3/Salvia_mexicana/6131093792_3.jpg,Salvia_spp,6131093792,test
dataset_serb_bloque3/Salvia_mexicana/6131093792_8.jpg,Salvia_spp,6131093792,test
dataset_serb_bloque3/Salvia_mexicana/6131093792_7.jpg,Salvia_spp,6131093792,test
dataset_serb_bloque3/Salvia_mexicana/6131093792_0.jpg,Salvia_spp,6131093792,test
dataset_serb_bloque3/Salvia_mexicana/6131093792_5.jpg,Salvia_spp,6131093792,test
dataset_serb_bloque3/Salvia_mexicana/6131093792_1.jpg,Salvia_spp,6131093792,test
dataset_serb_bloque3/Salvia_mexicana/6131093792_4.jpg,Salvia_spp,6131093792,test
dataset_serb_bloque3/Salvia_mexicana/6131093792_2.jpg,Salvia_spp,6131093792,test
dataset_serb_bloque3/Salvia_mexicana/6131093792_6.jpg,Salvia_spp,6131093792,test
dataset_serb_bloque3/Salvia_mexicana/5938059386_0.jpg,Salvia_spp,5938059386,test
dataset_serb_bloque3/Salvia_mexicana/6159325264_1.jpg,Salvia_spp,6159325264,test
dataset_serb_bloque3/Salvia_mexicana/6159325264_0.jpg,Salvia_spp,6159325264,test
dataset_serb_bloque3/Salvia_mexicana/6129921862_2.jpg,Salvia_spp,6129921862,test
dataset_serb_bloque3/Salvia_mexicana/6129921862_3.jpg,Salvia_spp,6129921862,test
dataset_serb_bloque3/Salvia_mexicana/6129921862_0.jpg,Salvia_spp,6129921862,test
dataset_serb_bloque3/Salvia_mexicana/6129921862_1.jpg,Salvia_spp,6129921862,test
dataset_serb_bloque3/Salvia_mexicana/6131414195_0.jpg,Salvia_spp,6131414195,test
dataset_serb_bloque3/Salvia_mexicana/6130025741_0.jpg,Salvia_spp,6130025741,test
dataset_serb_bloque3/Salvia_mexicana/6133261183_0.jpg,Salvia_spp,6133261183,train
dataset_serb_bloque3/Salvia_lavanduloides/6130128784_0.jpg,Salvia_spp,6130128784,train
dataset_serb_bloque3/Salvia_lavanduloides/6133160501_1.jpg,Salvia_spp,6133160501,train
dataset_serb_bloque3/Salvia_lavanduloides/6133160501_0.jpg,Salvia_spp,6133160501,train
dataset_serb_bloque3/Salvia_lavanduloides/6131449714_0.jpg,Salvia_spp,6131449714,train
dataset_serb_bloque3/Salvia_lavanduloides/6131362591_3.jpg,Salvia_spp,6131362591,train
dataset_serb_bloque3/Salvia_lavanduloides/6131362591_5.jpg,Salvia_spp,6131362591,train
dataset_serb_bloque3/Salvia_lavanduloides/6131362591_2.jpg,Salvia_spp,6131362591,train
dataset_serb_bloque3/Salvia_lavanduloides/6131362591_4.jpg,Salvia_spp,6131362591,train
dataset_serb_bloque3/Salvia_lavanduloides/6131362591_1.jpg,Salvia_spp,6131362591,train
dataset_serb_bloque3/Salvia_lavanduloides/6131362591_0.jpg,Salvia_spp,6131362591,train
dataset_serb_bloque3/Salvia_lavanduloides/6131362591_6.jpg,Salvia_spp,6131362591,train
dataset_serb_bloque3/Salvia_mexicana/6133442653_0.jpg,Salvia_spp,6133442653,train
dataset_serb_bloque3/Salvia_lavanduloides/6130627506_0.jpg,Salvia_spp,6130627506,train
dataset_serb_bloque3/Salvia_lavanduloides/6130469950_0.jpg,Salvia_spp,6130469950,train
dataset_serb_bloque3/Salvia_lavanduloides/6130469950_1.jpg,Salvia_spp,6130469950,train
dataset_serb_bloque3/Salvia_lavanduloides/6130947342_1.jpg,Salvia_spp,6130947342,train
dataset_serb_bloque3/Salvia_lavanduloides/6130947342_2.jpg,Salvia_spp,6130947342,train
dataset_serb_bloque3/Salvia_lavanduloides/6130947342_0.jpg,Salvia_spp,6130947342,train
dataset_serb_bloque3/Salvia_mexicana/6130007929_0.jpg,Salvia_spp,6130007929,train
dataset_serb_bloque3/Salvia_mexicana/5938599686_1.jpg,Salvia_spp,5938599686,train
dataset_serb_bloque3/Salvia_mexicana/5938599686_2.jpg,Salvia_spp,5938599686,train
dataset_serb_bloque3/Salvia_mexicana/5938599686_0.jpg,Salvia_spp,5938599686,train
dataset_serb_bloque3/Salvia_lavanduloides/6130966002_1.jpg,Salvia_spp,6130966002,train
dataset_serb_bloque3/Salvia_lavanduloides/6130966002_3.jpg,Salvia_spp,6130966002,train
dataset_serb_bloque3/Salvia_lavanduloides/6130966002_2.jpg,Salvia_spp,6130966002,train
dataset_serb_bloque3/Salvia_lavanduloides/6130966002_4.jpg,Salvia_spp,6130966002,train
dataset_serb_bloque3/Salvia_lavanduloides/6130966002_0.jpg,Salvia_spp,6130966002,train
dataset_serb_bloque3/Salvia_mexicana/6131634680_0.jpg,Salvia_spp,6131634680,train
dataset_serb_bloque3/Salvia_mexicana/6130410730_0.jpg,Salvia_spp,6130410730,train
dataset_serb_bloque3/Salvia_lavanduloides/5938068968_1.jpg,Salvia_spp,5938068968,train
dataset_serb_bloque3/Salvia_lavanduloides/5938068968_0.jpg,Salvia_spp,5938068968,train
dataset_serb_bloque3/Salvia_mexicana/6133588726_0.jpg,Salvia_spp,6133588726,train
dataset_serb_bloque3/Salvia_lavanduloides/6131349983_1.jpg,Salvia_spp,6131349983,train
dataset_serb_bloque3/Salvia_lavanduloides/6131349983_0.jpg,Salvia_spp,6131349983,train
dataset_serb_bloque3/Salvia_lavanduloides/6130772310_2.jpg,Salvia_spp,6130772310,train
dataset_serb_bloque3/Salvia_lavanduloides/6130772310_0.jpg,Salvia_spp,6130772310,train
dataset_serb_bloque3/Salvia_lavanduloides/6130772310_1.jpg,Salvia_spp,6130772310,train
dataset_serb_bloque3/Salvia_mexicana/6133470548_3.jpg,Salvia_spp,6133470548,train
dataset_serb_bloque3/Salvia_mexicana/6133470548_0.jpg,Salvia_spp,6133470548,train
dataset_serb_bloque3/Salvia_mexicana/6133470548_2.jpg,Salvia_spp,6133470548,train
dataset_serb_bloque3/Salvia_mexicana/6133470548_4.jpg,Salvia_spp,6133470548,train
dataset_serb_bloque3/Salvia_mexicana/6133470548_1.jpg,Salvia_spp,6133470548,train
dataset_serb_bloque3/Salvia_mexicana/6131535642_0.jpg,Salvia_spp,6131535642,train
dataset_serb_bloque3/Salvia_mexicana/6131330863_0.jpg,Salvia_spp,6131330863,train
dataset_serb_bloque3/Salvia_mexicana/6133128504_1.jpg,Salvia_spp,6133128504,train
dataset_serb_bloque3/Salvia_mexicana/6133128504_0.jpg,Salvia_spp,6133128504,train
dataset_serb_bloque3/Salvia_mexicana/5938536617_2.jpg,Salvia_spp,5938536617,train
dataset_serb_bloque3/Salvia_mexicana/5938536617_0.jpg,Salvia_spp,5938536617,train
dataset_serb_bloque3/Salvia_mexicana/5938536617_1.jpg,Salvia_spp,5938536617,train
dataset_serb_bloque3/Salvia_lavanduloides/5938418944_1.jpg,Salvia_spp,5938418944,train
dataset_serb_bloque3/Salvia_lavanduloides/5938418944_0.jpg,Salvia_spp,5938418944,train
dataset_serb_bloque3/Salvia_lavanduloides/5938418944_2.jpg,Salvia_spp,5938418944,train
dataset_serb_bloque3/Salvia_mexicana/6130942788_0.jpg,Salvia_spp,6130942788,train
dataset_serb_bloque3/Salvia_mexicana/6130942788_2.jpg,Salvia_spp,6130942788,train
dataset_serb_bloque3/Salvia_mexicana/6130942788_1.jpg,Salvia_spp,6130942788,train
dataset_serb_bloque3/Salvia_lavanduloides/6131299224_0.jpg,Salvia_spp,6131299224,train
dataset_serb_bloque3/Salvia_lavanduloides/6131299224_1.jpg,Salvia_spp,6131299224,train
dataset_serb_bloque3/Salvia_lavanduloides/5938100634_1.jpg,Salvia_spp,5938100634,train
dataset_serb_bloque3/Salvia_lavanduloides/5938100634_0.jpg,Salvia_spp,5938100634,train
dataset_serb_bloque3/Salvia_mexicana/5938089071_0.jpg,Salvia_spp,5938089071,train
dataset_serb_bloque3/Salvia_mexicana/5938089071_2.jpg,Salvia_spp,5938089071,train
dataset_serb_bloque3/Salvia_mexicana/5938089071_1.jpg,Salvia_spp,5938089071,train
dataset_serb_bloque3/Cosmos_bipinnatus/6163109385_0.jpg,Cosmos bipinnatus,6163109385,val
dataset_serb_bloque3/Cosmos_bipinnatus/6147250855_0.jpg,Cosmos bipinnatus,6147250855,val
dataset_serb_bloque3/Cosmos_bipinnatus/6147490175_3.jpg,Cosmos bipinnatus,6147490175,val
dataset_serb_bloque3/Cosmos_bipinnatus/6147490175_1.jpg,Cosmos bipinnatus,6147490175,val
dataset_serb_bloque3/Cosmos_bipinnatus/6147490175_2.jpg,Cosmos bipinnatus,6147490175,val
dataset_serb_bloque3/Cosmos_bipinnatus/6147490175_0.jpg,Cosmos bipinnatus,6147490175,val
dataset_serb_bloque3/Cosmos_bipinnatus/6147203227_0.jpg,Cosmos bipinnatus,6147203227,val
dataset_serb_bloque3/Cosmos_bipinnatus/6133383451_0.jpg,Cosmos bipinnatus,6133383451,val
dataset_serb_bloque3/Cosmos_bipinnatus/6147438724_0.jpg,Cosmos bipinnatus,6147438724,val
dataset_serb_bloque3/Cosmos_bipinnatus/6147610725_0.jpg,Cosmos bipinnatus,6147610725,val
dataset_serb_bloque3/Cosmos_bipinnatus/6162939574_0.jpg,Cosmos bipinnatus,6162939574,test
dataset_serb_bloque3/Cosmos_bipinnatus/6133389416_0.jpg,Cosmos bipinnatus,6133389416,test
dataset_serb_bloque3/Cosmos_bipinnatus/6147266942_0.jpg,Cosmos bipinnatus,6147266942,test
dataset_serb_bloque3/Cosmos_bipinnatus/6159389104_0.jpg,Cosmos bipinnatus,6159389104,test
dataset_serb_bloque3/Cosmos_bipinnatus/6159389104_4.jpg,Cosmos bipinnatus,6159389104,test
dataset_serb_bloque3/Cosmos_bipinnatus/6159389104_5.jpg,Cosmos bipinnatus,6159389104,test
dataset_serb_bloque3/Cosmos_bipinnatus/6159389104_9.jpg,Cosmos bipinnatus,6159389104,test
dataset_serb_bloque3/Cosmos_bipinnatus/6159389104_8.jpg,Cosmos bipinnatus,6159389104,test
dataset_serb_bloque3/Cosmos_bipinnatus/6159389104_7.jpg,Cosmos bipinnatus,6159389104,test
dataset_serb_bloque3/Cosmos_bipinnatus/6159389104_6.jpg,Cosmos bipinnatus,6159389104,test
dataset_serb_bloque3/Cosmos_bipinnatus/6159389104_10.jpg,Cosmos bipinnatus,6159389104,test
dataset_serb_bloque3/Cosmos_bipinnatus/6159389104_3.jpg,Cosmos bipinnatus,6159389104,test
dataset_serb_bloque3/Cosmos_bipinnatus/6159389104_1.jpg,Cosmos bipinnatus,6159389104,test
dataset_serb_bloque3/Cosmos_bipinnatus/6159389104_2.jpg,Cosmos bipinnatus,6159389104,test
dataset_serb_bloque3/Cosmos_bipinnatus/6147711593_0.jpg,Cosmos bipinnatus,6147711593,test
dataset_serb_bloque3/Cosmos_bipinnatus/6147449911_0.jpg,Cosmos bipinnatus,6147449911,test
dataset_serb_bloque3/Cosmos_bipinnatus/6159227022_0.jpg,Cosmos bipinnatus,6159227022,test
dataset_serb_bloque3/Cosmos_bipinnatus/6147413140_0.jpg,Cosmos bipinnatus,6147413140,train
dataset_serb_bloque3/Cosmos_bipinnatus/6159305519_2.jpg,Cosmos bipinnatus,6159305519,train
dataset_serb_bloque3/Cosmos_bipinnatus/6159305519_0.jpg,Cosmos bipinnatus,6159305519,train
dataset_serb_bloque3/Cosmos_bipinnatus/6159305519_1.jpg,Cosmos bipinnatus,6159305519,train
dataset_serb_bloque3/Cosmos_bipinnatus/6423055543_0.jpg,Cosmos bipinnatus,6423055543,train
dataset_serb_bloque3/Cosmos_bipinnatus/6162788965_0.jpg,Cosmos bipinnatus,6162788965,train
dataset_serb_bloque3/Cosmos_bipinnatus/6159243469_1.jpg,Cosmos bipinnatus,6159243469,train
dataset_serb_bloque3/Cosmos_bipinnatus/6159243469_0.jpg,Cosmos bipinnatus,6159243469,train
dataset_serb_bloque3/Cosmos_bipinnatus/6159243469_2.jpg,Cosmos bipinnatus,6159243469,train
dataset_serb_bloque3/Cosmos_bipinnatus/6159243469_3.jpg,Cosmos bipinnatus,6159243469,train
dataset_serb_bloque3/Cosmos_bipinnatus/6170973775_0.jpg,Cosmos bipinnatus,6170973775,train
dataset_serb_bloque3/Cosmos_bipinnatus/6147407277_0.jpg,Cosmos bipinnatus,6147407277,train
dataset_serb_bloque3/Cosmos_bipinnatus/6159166217_0.jpg,Cosmos bipinnatus,6159166217,train
dataset_serb_bloque3/Cosmos_bipinnatus/6147644726_0.jpg,Cosmos bipinnatus,6147644726,train
dataset_serb_bloque3/Cosmos_bipinnatus/6147633786_0.jpg,Cosmos bipinnatus,6147633786,train
dataset_serb_bloque3/Cosmos_bipinnatus/6147633786_1.jpg,Cosmos bipinnatus,6147633786,train
dataset_serb_bloque3/Cosmos_bipinnatus/6159384070_0.jpg,Cosmos bipinnatus,6159384070,train
dataset_serb_bloque3/Cosmos_bipinnatus/6147381412_0.jpg,Cosmos bipinnatus,6147381412,train
dataset_serb_bloque3/Cosmos_bipinnatus/6163125008_0.jpg,Cosmos bipinnatus,6163125008,train
dataset_serb_bloque3/Cosmos_bipinnatus/6162997741_0.jpg,Cosmos bipinnatus,6162997741,train
dataset_serb_bloque3/Cosmos_bipinnatus/6159403766_0.jpg,Cosmos bipinnatus,6159403766,train
dataset_serb_bloque3/Cosmos_bipinnatus/6133492786_1.jpg,Cosmos bipinnatus,6133492786,train
dataset_serb_bloque3/Cosmos_bipinnatus/6133492786_0.jpg,Cosmos bipinnatus,6133492786,train
dataset_serb_bloque3/Cosmos_bipinnatus/6147376967_0.jpg,Cosmos bipinnatus,6147376967,train
dataset_serb_bloque3/Cosmos_bipinnatus/6147347492_0.jpg,Cosmos bipinnatus,6147347492,train
dataset_serb_bloque3/Cosmos_bipinnatus/6147451547_0.jpg,Cosmos bipinnatus,6147451547,train
dataset_serb_bloque3/Cosmos_bipinnatus/6147451547_1.jpg,Cosmos bipinnatus,6147451547,train
dataset_serb_bloque3/Cosmos_bipinnatus/6398688083_0.jpg,Cosmos bipinnatus,6398688083,train
dataset_serb_bloque3/Cosmos_bipinnatus/6235483724_0.jpg,Cosmos bipinnatus,6235483724,train
dataset_serb_bloque3/Cosmos_bipinnatus/6162849388_2.jpg,Cosmos bipinnatus,6162849388,train
dataset_serb_bloque3/Cosmos_bipinnatus/6162849388_0.jpg,Cosmos bipinnatus,6162849388,train
dataset_serb_bloque3/Cosmos_bipinnatus/6162849388_4.jpg,Cosmos bipinnatus,6162849388,train
dataset_serb_bloque3/Cosmos_bipinnatus/6162849388_5.jpg,Cosmos bipinnatus,6162849388,train
dataset_serb_bloque3/Cosmos_bipinnatus/6162849388_3.jpg,Cosmos bipinnatus,6162849388,train
dataset_serb_bloque3/Cosmos_bipinnatus/6162849388_1.jpg,Cosmos bipinnatus,6162849388,train
dataset_serb_bloque3/Cosmos_bipinnatus/6147247782_0.jpg,Cosmos bipinnatus,6147247782,train
dataset_serb_bloque3/Cosmos_bipinnatus/6163098046_0.jpg,Cosmos bipinnatus,6163098046,train
dataset_serb_bloque3/Cosmos_bipinnatus/6147169326_0.jpg,Cosmos bipinnatus,6147169326,train
dataset_serb_bloque3/Cosmos_bipinnatus/6170930500_0.jpg,Cosmos bipinnatus,6170930500,train
dataset_serb_bloque3/Cosmos_bipinnatus/6147167349_3.jpg,Cosmos bipinnatus,6147167349,train
dataset_serb_bloque3/Cosmos_bipinnatus/6147167349_1.jpg,Cosmos bipinnatus,6147167349,train
dataset_serb_bloque3/Cosmos_bipinnatus/6147167349_0.jpg,Cosmos bipinnatus,6147167349,train
dataset_serb_bloque3/Cosmos_bipinnatus/6147167349_2.jpg,Cosmos bipinnatus,6147167349,train
dataset_serb_bloque3/Cosmos_bipinnatus/6163009478_2.jpg,Cosmos bipinnatus,6163009478,train
dataset_serb_bloque3/Cosmos_bipinnatus/6163009478_0.jpg,Cosmos bipinnatus,6163009478,train
dataset_serb_bloque3/Cosmos_bipinnatus/6163009478_1.jpg,Cosmos bipinnatus,6163009478,train
dataset_serb_bloque3/Cosmos_bipinnatus/6147640408_0.jpg,Cosmos bipinnatus,6147640408,train
dataset_serb_bloque3/Cosmos_bipinnatus/6147715421_0.jpg,Cosmos bipinnatus,6147715421,train
dataset_serb_bloque3/Cosmos_bipinnatus/6147656775_0.jpg,Cosmos bipinnatus,6147656775,train
dataset_serb_bloque3/Cosmos_bipinnatus/6147593866_0.jpg,Cosmos bipinnatus,6147593866,train
dataset_serb_bloque3/Cosmos_bipinnatus/6480452264_0.jpg,Cosmos bipinnatus,6480452264,train
dataset_serb_bloque3/Cosmos_bipinnatus/6147654203_0.jpg,Cosmos bipinnatus,6147654203,train
dataset_serb_bloque3/Cosmos_bipinnatus/6147654203_1.jpg,Cosmos bipinnatus,6147654203,train
dataset_serb_bloque3/Zinnia_peruviana/6171123856_0.jpg,Zinnia peruviana,6171123856,val
dataset_serb_bloque3/Zinnia_peruviana/6130532800_0.jpg,Zinnia peruviana,6130532800,val
dataset_serb_bloque3/Zinnia_peruviana/6130532800_1.jpg,Zinnia peruviana,6130532800,val
dataset_serb_bloque3/Zinnia_peruviana/6130695262_0.jpg,Zinnia peruviana,6130695262,val
dataset_serb_bloque3/Zinnia_peruviana/6130720756_0.jpg,Zinnia peruviana,6130720756,val
dataset_serb_bloque3/Zinnia_peruviana/6133103655_0.jpg,Zinnia peruviana,6133103655,val
dataset_serb_bloque3/Zinnia_peruviana/6133103655_1.jpg,Zinnia peruviana,6133103655,val
dataset_serb_bloque3/Zinnia_peruviana/6133068420_0.jpg,Zinnia peruviana,6133068420,val
dataset_serb_bloque3/Zinnia_peruviana/6133068420_1.jpg,Zinnia peruviana,6133068420,val
dataset_serb_bloque3/Zinnia_peruviana/6130600402_0.jpg,Zinnia peruviana,6130600402,val
dataset_serb_bloque3/Zinnia_peruviana/6130600402_1.jpg,Zinnia peruviana,6130600402,val
dataset_serb_bloque3/Zinnia_peruviana/6133252462_0.jpg,Zinnia peruviana,6133252462,val
dataset_serb_bloque3/Zinnia_peruviana/6133252462_1.jpg,Zinnia peruviana,6133252462,val
dataset_serb_bloque3/Zinnia_peruviana/6133347399_2.jpg,Zinnia peruviana,6133347399,test
dataset_serb_bloque3/Zinnia_peruviana/6133347399_0.jpg,Zinnia peruviana,6133347399,test
dataset_serb_bloque3/Zinnia_peruviana/6133347399_1.jpg,Zinnia peruviana,6133347399,test
dataset_serb_bloque3/Zinnia_peruviana/6131669074_2.jpg,Zinnia peruviana,6131669074,test
dataset_serb_bloque3/Zinnia_peruviana/6131669074_4.jpg,Zinnia peruviana,6131669074,test
dataset_serb_bloque3/Zinnia_peruviana/6131669074_1.jpg,Zinnia peruviana,6131669074,test
dataset_serb_bloque3/Zinnia_peruviana/6131669074_3.jpg,Zinnia peruviana,6131669074,test
dataset_serb_bloque3/Zinnia_peruviana/6131669074_0.jpg,Zinnia peruviana,6131669074,test
dataset_serb_bloque3/Zinnia_peruviana/6131669074_5.jpg,Zinnia peruviana,6131669074,test
dataset_serb_bloque3/Zinnia_peruviana/6147222762_1.jpg,Zinnia peruviana,6147222762,test
dataset_serb_bloque3/Zinnia_peruviana/6147222762_0.jpg,Zinnia peruviana,6147222762,test
dataset_serb_bloque3/Zinnia_peruviana/6171000482_0.jpg,Zinnia peruviana,6171000482,test
dataset_serb_bloque3/Zinnia_peruviana/6133341490_0.jpg,Zinnia peruviana,6133341490,test
dataset_serb_bloque3/Zinnia_peruviana/6133565309_0.jpg,Zinnia peruviana,6133565309,test
dataset_serb_bloque3/Zinnia_peruviana/6133463841_1.jpg,Zinnia peruviana,6133463841,test
dataset_serb_bloque3/Zinnia_peruviana/6133463841_0.jpg,Zinnia peruviana,6133463841,test
dataset_serb_bloque3/Zinnia_peruviana/6133234268_0.jpg,Zinnia peruviana,6133234268,test
dataset_serb_bloque3/Zinnia_peruviana/6133557979_0.jpg,Zinnia peruviana,6133557979,train
dataset_serb_bloque3/Zinnia_peruviana/6133557979_1.jpg,Zinnia peruviana,6133557979,train
dataset_serb_bloque3/Zinnia_peruviana/6133557979_2.jpg,Zinnia peruviana,6133557979,train
dataset_serb_bloque3/Zinnia_peruviana/6131585554_1.jpg,Zinnia peruviana,6131585554,train
dataset_serb_bloque3/Zinnia_peruviana/6131585554_0.jpg,Zinnia peruviana,6131585554,train
dataset_serb_bloque3/Zinnia_peruviana/6133218974_0.jpg,Zinnia peruviana,6133218974,train
dataset_serb_bloque3/Zinnia_peruviana/6133527331_2.jpg,Zinnia peruviana,6133527331,train
dataset_serb_bloque3/Zinnia_peruviana/6133527331_1.jpg,Zinnia peruviana,6133527331,train
dataset_serb_bloque3/Zinnia_peruviana/6133527331_0.jpg,Zinnia peruviana,6133527331,train
dataset_serb_bloque3/Zinnia_peruviana/6131670595_0.jpg,Zinnia peruviana,6131670595,train
dataset_serb_bloque3/Zinnia_peruviana/6133215950_0.jpg,Zinnia peruviana,6133215950,train
dataset_serb_bloque3/Zinnia_peruviana/6133192608_0.jpg,Zinnia peruviana,6133192608,train
dataset_serb_bloque3/Zinnia_peruviana/6133339892_0.jpg,Zinnia peruviana,6133339892,train
dataset_serb_bloque3/Zinnia_peruviana/6133046065_0.jpg,Zinnia peruviana,6133046065,train
dataset_serb_bloque3/Zinnia_peruviana/6170893535_0.jpg,Zinnia peruviana,6170893535,train
dataset_serb_bloque3/Zinnia_peruviana/6170893535_1.jpg,Zinnia peruviana,6170893535,train
dataset_serb_bloque3/Zinnia_peruviana/6130916718_0.jpg,Zinnia peruviana,6130916718,train
dataset_serb_bloque3/Zinnia_peruviana/6133124401_0.jpg,Zinnia peruviana,6133124401,train
dataset_serb_bloque3/Zinnia_peruviana/6133423332_0.jpg,Zinnia peruviana,6133423332,train
dataset_serb_bloque3/Zinnia_peruviana/6133479546_1.jpg,Zinnia peruviana,6133479546,train
dataset_serb_bloque3/Zinnia_peruviana/6133479546_0.jpg,Zinnia peruviana,6133479546,train
dataset_serb_bloque3/Zinnia_peruviana/6133479546_2.jpg,Zinnia peruviana,6133479546,train
dataset_serb_bloque3/Zinnia_peruviana/6188223670_0.jpg,Zinnia peruviana,6188223670,train
dataset_serb_bloque3/Zinnia_peruviana/6133461912_0.jpg,Zinnia peruviana,6133461912,train
dataset_serb_bloque3/Zinnia_peruviana/6133221359_0.jpg,Zinnia peruviana,6133221359,train
dataset_serb_bloque3/Zinnia_peruviana/6133335470_0.jpg,Zinnia peruviana,6133335470,train
dataset_serb_bloque3/Zinnia_peruviana/6131161721_1.jpg,Zinnia peruviana,6131161721,train
dataset_serb_bloque3/Zinnia_peruviana/6131161721_0.jpg,Zinnia peruviana,6131161721,train
dataset_serb_bloque3/Zinnia_peruviana/6131065944_0.jpg,Zinnia peruviana,6131065944,train
dataset_serb_bloque3/Zinnia_peruviana/6147265716_0.jpg,Zinnia peruviana,6147265716,train
dataset_serb_bloque3/Zinnia_peruviana/6147265716_1.jpg,Zinnia peruviana,6147265716,train
dataset_serb_bloque3/Zinnia_peruviana/6133158508_0.jpg,Zinnia peruviana,6133158508,train
dataset_serb_bloque3/Zinnia_peruviana/6171210800_0.jpg,Zinnia peruviana,6171210800,train
dataset_serb_bloque3/Zinnia_peruviana/6133365654_1.jpg,Zinnia peruviana,6133365654,train
dataset_serb_bloque3/Zinnia_peruviana/6133365654_0.jpg,Zinnia peruviana,6133365654,train
dataset_serb_bloque3/Zinnia_peruviana/6185183145_0.jpg,Zinnia peruviana,6185183145,train
dataset_serb_bloque3/Zinnia_peruviana/6130643570_0.jpg,Zinnia peruviana,6130643570,train
dataset_serb_bloque3/Zinnia_peruviana/6133308939_0.jpg,Zinnia peruviana,6133308939,train
dataset_serb_bloque3/Zinnia_peruviana/6133313162_0.jpg,Zinnia peruviana,6133313162,train
dataset_serb_bloque3/Zinnia_peruviana/6133295835_0.jpg,Zinnia peruviana,6133295835,train
dataset_serb_bloque3/Zinnia_peruviana/6133295835_1.jpg,Zinnia peruviana,6133295835,train
dataset_serb_bloque3/Zinnia_peruviana/6133295835_2.jpg,Zinnia peruviana,6133295835,train
dataset_serb_bloque3/Zinnia_peruviana/6130795205_0.jpg,Zinnia peruviana,6130795205,train
dataset_serb_bloque3/Zinnia_peruviana/6133023683_0.jpg,Zinnia peruviana,6133023683,train
dataset_serb_bloque3/Zinnia_peruviana/6130713861_0.jpg,Zinnia peruviana,6130713861,train
dataset_serb_bloque3/Zinnia_peruviana/6131000412_0.jpg,Zinnia peruviana,6131000412,train
dataset_serb_bloque3/Zinnia_peruviana/6130985983_0.jpg,Zinnia peruviana,6130985983,train
dataset_serb_bloque3/Zinnia_peruviana/6131528676_0.jpg,Zinnia peruviana,6131528676,train
dataset_serb_bloque3/Zinnia_peruviana/6131211480_0.jpg,Zinnia peruviana,6131211480,train
dataset_serb_bloque3/Zinnia_peruviana/6133276663_0.jpg,Zinnia peruviana,6133276663,train
dataset_serb_bloque3/Zinnia_peruviana/6147716499_0.jpg,Zinnia peruviana,6147716499,train
dataset_serb_bloque3/Zinnia_peruviana/6133095243_0.jpg,Zinnia peruviana,6133095243,train
dataset_serb_bloque3/Zinnia_peruviana/6131275944_0.jpg,Zinnia peruviana,6131275944,train
dataset_serb_bloque3/Montanoa_tomentosa/5062837749_0.jpg,Montanoa tomentosa,5062837749,val
dataset_serb_bloque3/Montanoa_tomentosa/4952432164_0.jpg,Montanoa tomentosa,4952432164,val
dataset_serb_bloque3/Montanoa_tomentosa/4981934468_0.jpg,Montanoa tomentosa,4981934468,val
dataset_serb_bloque3/Montanoa_tomentosa/4981934468_1.jpg,Montanoa tomentosa,4981934468,val
dataset_serb_bloque3/Montanoa_tomentosa/5062813887_0.jpg,Montanoa tomentosa,5062813887,val
dataset_serb_bloque3/Montanoa_tomentosa/5062813887_2.jpg,Montanoa tomentosa,5062813887,val
dataset_serb_bloque3/Montanoa_tomentosa/5062813887_1.jpg,Montanoa tomentosa,5062813887,val
dataset_serb_bloque3/Montanoa_tomentosa/4935684844_0.jpg,Montanoa tomentosa,4935684844,val
dataset_serb_bloque3/Montanoa_tomentosa/4855390931_0.jpg,Montanoa tomentosa,4855390931,val
dataset_serb_bloque3/Montanoa_tomentosa/5062805109_0.jpg,Montanoa tomentosa,5062805109,val
dataset_serb_bloque3/Montanoa_tomentosa/5935730599_2.jpg,Montanoa tomentosa,5935730599,val
dataset_serb_bloque3/Montanoa_tomentosa/5935730599_1.jpg,Montanoa tomentosa,5935730599,val
dataset_serb_bloque3/Montanoa_tomentosa/5935730599_3.jpg,Montanoa tomentosa,5935730599,val
dataset_serb_bloque3/Montanoa_tomentosa/5935730599_0.jpg,Montanoa tomentosa,5935730599,val
dataset_serb_bloque3/Montanoa_tomentosa/4854950445_0.jpg,Montanoa tomentosa,4854950445,val
dataset_serb_bloque3/Montanoa_tomentosa/5133553484_2.jpg,Montanoa tomentosa,5133553484,val
dataset_serb_bloque3/Montanoa_tomentosa/5133553484_1.jpg,Montanoa tomentosa,5133553484,val
dataset_serb_bloque3/Montanoa_tomentosa/5133553484_0.jpg,Montanoa tomentosa,5133553484,val
dataset_serb_bloque3/Montanoa_tomentosa/5844190390_4.jpg,Montanoa tomentosa,5844190390,test
dataset_serb_bloque3/Montanoa_tomentosa/5844190390_1.jpg,Montanoa tomentosa,5844190390,test
dataset_serb_bloque3/Montanoa_tomentosa/5844190390_3.jpg,Montanoa tomentosa,5844190390,test
dataset_serb_bloque3/Montanoa_tomentosa/5844190390_0.jpg,Montanoa tomentosa,5844190390,test
dataset_serb_bloque3/Montanoa_tomentosa/5844190390_2.jpg,Montanoa tomentosa,5844190390,test
dataset_serb_bloque3/Montanoa_tomentosa/5844190390_5.jpg,Montanoa tomentosa,5844190390,test
dataset_serb_bloque3/Montanoa_tomentosa/4946153116_0.jpg,Montanoa tomentosa,4946153116,test
dataset_serb_bloque3/Montanoa_tomentosa/4946153116_5.jpg,Montanoa tomentosa,4946153116,test
dataset_serb_bloque3/Montanoa_tomentosa/4946153116_1.jpg,Montanoa tomentosa,4946153116,test
dataset_serb_bloque3/Montanoa_tomentosa/4946153116_4.jpg,Montanoa tomentosa,4946153116,test
dataset_serb_bloque3/Montanoa_tomentosa/4946153116_2.jpg,Montanoa tomentosa,4946153116,test
dataset_serb_bloque3/Montanoa_tomentosa/4946153116_3.jpg,Montanoa tomentosa,4946153116,test
dataset_serb_bloque3/Montanoa_tomentosa/4946153116_6.jpg,Montanoa tomentosa,4946153116,test
dataset_serb_bloque3/Montanoa_tomentosa/6131255445_1.jpg,Montanoa tomentosa,6131255445,test
dataset_serb_bloque3/Montanoa_tomentosa/6131255445_0.jpg,Montanoa tomentosa,6131255445,test
dataset_serb_bloque3/Montanoa_tomentosa/5840172220_0.jpg,Montanoa tomentosa,5840172220,test
dataset_serb_bloque3/Montanoa_tomentosa/4953145940_1.jpg,Montanoa tomentosa,4953145940,test
dataset_serb_bloque3/Montanoa_tomentosa/4953145940_0.jpg,Montanoa tomentosa,4953145940,test
dataset_serb_bloque3/Montanoa_tomentosa/5840279302_2.jpg,Montanoa tomentosa,5840279302,test
dataset_serb_bloque3/Montanoa_tomentosa/5840279302_1.jpg,Montanoa tomentosa,5840279302,test
dataset_serb_bloque3/Montanoa_tomentosa/5840279302_0.jpg,Montanoa tomentosa,5840279302,test
dataset_serb_bloque3/Montanoa_tomentosa/5844446608_1.jpg,Montanoa tomentosa,5844446608,test
dataset_serb_bloque3/Montanoa_tomentosa/5844446608_0.jpg,Montanoa tomentosa,5844446608,test
dataset_serb_bloque3/Montanoa_tomentosa/4954288166_3.jpg,Montanoa tomentosa,4954288166,test
dataset_serb_bloque3/Montanoa_tomentosa/4954288166_1.jpg,Montanoa tomentosa,4954288166,test
dataset_serb_bloque3/Montanoa_tomentosa/4954288166_2.jpg,Montanoa tomentosa,4954288166,test
dataset_serb_bloque3/Montanoa_tomentosa/4954288166_0.jpg,Montanoa tomentosa,4954288166,test
dataset_serb_bloque3/Montanoa_tomentosa/6163402591_1.jpg,Montanoa tomentosa,6163402591,test
dataset_serb_bloque3/Montanoa_tomentosa/6163402591_2.jpg,Montanoa tomentosa,6163402591,test
dataset_serb_bloque3/Montanoa_tomentosa/6163402591_0.jpg,Montanoa tomentosa,6163402591,test
dataset_serb_bloque3/Montanoa_tomentosa/5908804298_0.jpg,Montanoa tomentosa,5908804298,test
dataset_serb_bloque3/Montanoa_tomentosa/5153754587_1.jpg,Montanoa tomentosa,5153754587,train
dataset_serb_bloque3/Montanoa_tomentosa/5153754587_0.jpg,Montanoa tomentosa,5153754587,train
dataset_serb_bloque3/Montanoa_tomentosa/5153754587_3.jpg,Montanoa tomentosa,5153754587,train
dataset_serb_bloque3/Montanoa_tomentosa/5153754587_2.jpg,Montanoa tomentosa,5153754587,train
dataset_serb_bloque3/Montanoa_tomentosa/5062863804_0.jpg,Montanoa tomentosa,5062863804,train
dataset_serb_bloque3/Montanoa_tomentosa/4855080611_1.jpg,Montanoa tomentosa,4855080611,train
dataset_serb_bloque3/Montanoa_tomentosa/4855080611_0.jpg,Montanoa tomentosa,4855080611,train
dataset_serb_bloque3/Montanoa_tomentosa/5840439504_0.jpg,Montanoa tomentosa,5840439504,train
dataset_serb_bloque3/Montanoa_tomentosa/5840439504_1.jpg,Montanoa tomentosa,5840439504,train
dataset_serb_bloque3/Montanoa_tomentosa/5840439504_2.jpg,Montanoa tomentosa,5840439504,train
dataset_serb_bloque3/Montanoa_tomentosa/4954284268_2.jpg,Montanoa tomentosa,4954284268,train
dataset_serb_bloque3/Montanoa_tomentosa/4954284268_1.jpg,Montanoa tomentosa,4954284268,train
dataset_serb_bloque3/Montanoa_tomentosa/4954284268_0.jpg,Montanoa tomentosa,4954284268,train
dataset_serb_bloque3/Montanoa_tomentosa/5759885327_0.jpg,Montanoa tomentosa,5759885327,train
dataset_serb_bloque3/Montanoa_tomentosa/5133485309_0.jpg,Montanoa tomentosa,5133485309,train
dataset_serb_bloque3/Montanoa_tomentosa/5844067899_0.jpg,Montanoa tomentosa,5844067899,train
dataset_serb_bloque3/Montanoa_tomentosa/5844067899_1.jpg,Montanoa tomentosa,5844067899,train
dataset_serb_bloque3/Montanoa_tomentosa/5844067899_2.jpg,Montanoa tomentosa,5844067899,train
dataset_serb_bloque3/Montanoa_tomentosa/4853036822_0.jpg,Montanoa tomentosa,4853036822,train
dataset_serb_bloque3/Montanoa_tomentosa/4853036822_1.jpg,Montanoa tomentosa,4853036822,train
dataset_serb_bloque3/Montanoa_tomentosa/5844481580_1.jpg,Montanoa tomentosa,5844481580,train
dataset_serb_bloque3/Montanoa_tomentosa/5844481580_0.jpg,Montanoa tomentosa,5844481580,train
dataset_serb_bloque3/Montanoa_tomentosa/4910925507_0.jpg,Montanoa tomentosa,4910925507,train
dataset_serb_bloque3/Montanoa_tomentosa/5840336399_0.jpg,Montanoa tomentosa,5840336399,train
dataset_serb_bloque3/Montanoa_tomentosa/4954484613_2.jpg,Montanoa tomentosa,4954484613,train
dataset_serb_bloque3/Montanoa_tomentosa/4954484613_1.jpg,Montanoa tomentosa,4954484613,train
dataset_serb_bloque3/Montanoa_tomentosa/4954484613_0.jpg,Montanoa tomentosa,4954484613,train
dataset_serb_bloque3/Montanoa_tomentosa/4950392386_1.jpg,Montanoa tomentosa,4950392386,train
dataset_serb_bloque3/Montanoa_tomentosa/4950392386_2.jpg,Montanoa tomentosa,4950392386,train
dataset_serb_bloque3/Montanoa_tomentosa/4950392386_0.jpg,Montanoa tomentosa,4950392386,train
dataset_serb_bloque3/Montanoa_tomentosa/6519514204_0.jpg,Montanoa tomentosa,6519514204,train
dataset_serb_bloque3/Montanoa_tomentosa/5840514066_0.jpg,Montanoa tomentosa,5840514066,train
dataset_serb_bloque3/Montanoa_tomentosa/5840514066_1.jpg,Montanoa tomentosa,5840514066,train
dataset_serb_bloque3/Montanoa_tomentosa/4954486194_4.jpg,Montanoa tomentosa,4954486194,train
dataset_serb_bloque3/Montanoa_tomentosa/4954486194_0.jpg,Montanoa tomentosa,4954486194,train
dataset_serb_bloque3/Montanoa_tomentosa/4954486194_3.jpg,Montanoa tomentosa,4954486194,train
dataset_serb_bloque3/Montanoa_tomentosa/4954486194_2.jpg,Montanoa tomentosa,4954486194,train
dataset_serb_bloque3/Montanoa_tomentosa/4954486194_1.jpg,Montanoa tomentosa,4954486194,train
dataset_serb_bloque3/Montanoa_tomentosa/4954486194_5.jpg,Montanoa tomentosa,4954486194,train
dataset_serb_bloque3/Montanoa_tomentosa/4954486194_6.jpg,Montanoa tomentosa,4954486194,train
dataset_serb_bloque3/Montanoa_tomentosa/4855005090_1.jpg,Montanoa tomentosa,4855005090,train
dataset_serb_bloque3/Montanoa_tomentosa/4855005090_0.jpg,Montanoa tomentosa,4855005090,train
dataset_serb_bloque3/Montanoa_tomentosa/4954494727_2.jpg,Montanoa tomentosa,4954494727,train
dataset_serb_bloque3/Montanoa_tomentosa/4954494727_0.jpg,Montanoa tomentosa,4954494727,train
dataset_serb_bloque3/Montanoa_tomentosa/4954494727_4.jpg,Montanoa tomentosa,4954494727,train
dataset_serb_bloque3/Montanoa_tomentosa/4954494727_1.jpg,Montanoa tomentosa,4954494727,train
dataset_serb_bloque3/Montanoa_tomentosa/4954494727_3.jpg,Montanoa tomentosa,4954494727,train
dataset_serb_bloque3/Montanoa_tomentosa/4854840233_1.jpg,Montanoa tomentosa,4854840233,train
dataset_serb_bloque3/Montanoa_tomentosa/4854840233_0.jpg,Montanoa tomentosa,4854840233,train
dataset_serb_bloque3/Montanoa_tomentosa/4954309514_0.jpg,Montanoa tomentosa,4954309514,train
dataset_serb_bloque3/Montanoa_tomentosa/4954309514_1.jpg,Montanoa tomentosa,4954309514,train
dataset_serb_bloque3/Montanoa_tomentosa/5843972248_0.jpg,Montanoa tomentosa,5843972248,train
dataset_serb_bloque3/Montanoa_tomentosa/5843972248_1.jpg,Montanoa tomentosa,5843972248,train
dataset_serb_bloque3/Montanoa_tomentosa/4950082855_3.jpg,Montanoa tomentosa,4950082855,train
dataset_serb_bloque3/Montanoa_tomentosa/4950082855_2.jpg,Montanoa tomentosa,4950082855,train
dataset_serb_bloque3/Montanoa_tomentosa/4950082855_1.jpg,Montanoa tomentosa,4950082855,train
dataset_serb_bloque3/Montanoa_tomentosa/4950082855_0.jpg,Montanoa tomentosa,4950082855,train
dataset_serb_bloque3/Montanoa_tomentosa/5844323628_1.jpg,Montanoa tomentosa,5844323628,train
dataset_serb_bloque3/Montanoa_tomentosa/5844323628_0.jpg,Montanoa tomentosa,5844323628,train
dataset_serb_bloque3/Montanoa_tomentosa/4954510548_2.jpg,Montanoa tomentosa,4954510548,train
dataset_serb_bloque3/Montanoa_tomentosa/4954510548_1.jpg,Montanoa tomentosa,4954510548,train
dataset_serb_bloque3/Montanoa_tomentosa/4954510548_0.jpg,Montanoa tomentosa,4954510548,train
dataset_serb_bloque3/Montanoa_tomentosa/4855502006_0.jpg,Montanoa tomentosa,4855502006,train
dataset_serb_bloque3/Montanoa_tomentosa/5062829026_1.jpg,Montanoa tomentosa,5062829026,train
dataset_serb_bloque3/Montanoa_tomentosa/5062829026_0.jpg,Montanoa tomentosa,5062829026,train
dataset_serb_bloque3/Montanoa_tomentosa/4980244392_0.jpg,Montanoa tomentosa,4980244392,train
dataset_serb_bloque3/Montanoa_tomentosa/4952809098_1.jpg,Montanoa tomentosa,4952809098,train
dataset_serb_bloque3/Montanoa_tomentosa/4952809098_0.jpg,Montanoa tomentosa,4952809098,train
dataset_serb_bloque3/Montanoa_tomentosa/4903838790_1.jpg,Montanoa tomentosa,4903838790,train
dataset_serb_bloque3/Montanoa_tomentosa/4903838790_4.jpg,Montanoa tomentosa,4903838790,train
dataset_serb_bloque3/Montanoa_tomentosa/4903838790_6.jpg,Montanoa tomentosa,4903838790,train
dataset_serb_bloque3/Montanoa_tomentosa/4903838790_5.jpg,Montanoa tomentosa,4903838790,train
dataset_serb_bloque3/Montanoa_tomentosa/4903838790_8.jpg,Montanoa tomentosa,4903838790,train
dataset_serb_bloque3/Montanoa_tomentosa/4903838790_2.jpg,Montanoa tomentosa,4903838790,train
dataset_serb_bloque3/Montanoa_tomentosa/4903838790_0.jpg,Montanoa tomentosa,4903838790,train
dataset_serb_bloque3/Montanoa_tomentosa/4903838790_7.jpg,Montanoa tomentosa,4903838790,train
dataset_serb_bloque3/Montanoa_tomentosa/4903838790_3.jpg,Montanoa tomentosa,4903838790,train
dataset_serb_bloque3/Montanoa_tomentosa/5844043769_2.jpg,Montanoa tomentosa,5844043769,train
dataset_serb_bloque3/Montanoa_tomentosa/5844043769_0.jpg,Montanoa tomentosa,5844043769,train
dataset_serb_bloque3/Montanoa_tomentosa/5844043769_1.jpg,Montanoa tomentosa,5844043769,train
dataset_serb_bloque3/Montanoa_tomentosa/4855246780_0.jpg,Montanoa tomentosa,4855246780,train
dataset_serb_bloque3/Montanoa_tomentosa/4952971961_3.jpg,Montanoa tomentosa,4952971961,train
dataset_serb_bloque3/Montanoa_tomentosa/4952971961_0.jpg,Montanoa tomentosa,4952971961,train
dataset_serb_bloque3/Montanoa_tomentosa/4952971961_2.jpg,Montanoa tomentosa,4952971961,train
dataset_serb_bloque3/Montanoa_tomentosa/4952971961_1.jpg,Montanoa tomentosa,4952971961,train
dataset_serb_bloque3/Montanoa_tomentosa/4855349661_0.jpg,Montanoa tomentosa,4855349661,train
dataset_serb_bloque3/Montanoa_tomentosa/4855349661_1.jpg,Montanoa tomentosa,4855349661,train
dataset_serb_bloque3/Montanoa_tomentosa/5908625497_4.jpg,Montanoa tomentosa,5908625497,train
dataset_serb_bloque3/Montanoa_tomentosa/5908625497_3.jpg,Montanoa tomentosa,5908625497,train
dataset_serb_bloque3/Montanoa_tomentosa/5908625497_2.jpg,Montanoa tomentosa,5908625497,train
dataset_serb_bloque3/Montanoa_tomentosa/5908625497_0.jpg,Montanoa tomentosa,5908625497,train
dataset_serb_bloque3/Montanoa_tomentosa/5908625497_1.jpg,Montanoa tomentosa,5908625497,train
dataset_serb_bloque3/Montanoa_tomentosa/5062830159_0.jpg,Montanoa tomentosa,5062830159,train
dataset_serb_bloque3/Montanoa_tomentosa/5867986047_3.jpg,Montanoa tomentosa,5867986047,train
dataset_serb_bloque3/Montanoa_tomentosa/5867986047_2.jpg,Montanoa tomentosa,5867986047,train
dataset_serb_bloque3/Montanoa_tomentosa/5867986047_1.jpg,Montanoa tomentosa,5867986047,train
dataset_serb_bloque3/Montanoa_tomentosa/5867986047_0.jpg,Montanoa tomentosa,5867986047,train
dataset_serb_bloque3/Montanoa_tomentosa/5840473353_1.jpg,Montanoa tomentosa,5840473353,train
dataset_serb_bloque3/Montanoa_tomentosa/5840473353_0.jpg,Montanoa tomentosa,5840473353,train
dataset_serb_bloque3/Montanoa_tomentosa/4855289271_1.jpg,Montanoa tomentosa,4855289271,train
dataset_serb_bloque3/Montanoa_tomentosa/4855289271_0.jpg,Montanoa tomentosa,4855289271,train
dataset_serb_bloque3/Montanoa_tomentosa/5936117923_1.jpg,Montanoa tomentosa,5936117923,train
dataset_serb_bloque3/Montanoa_tomentosa/5936117923_0.jpg,Montanoa tomentosa,5936117923,train
dataset_serb_bloque3/Montanoa_tomentosa/5936117923_2.jpg,Montanoa tomentosa,5936117923,train
dataset_serb_bloque3/Montanoa_tomentosa/5062841063_0.jpg,Montanoa tomentosa,5062841063,train
dataset_serb_bloque3/Montanoa_tomentosa/4954313807_0.jpg,Montanoa tomentosa,4954313807,train
dataset_serb_bloque3/Montanoa_tomentosa/4954313807_1.jpg,Montanoa tomentosa,4954313807,train
dataset_serb_bloque3/Montanoa_tomentosa/5889409485_1.jpg,Montanoa tomentosa,5889409485,train
dataset_serb_bloque3/Montanoa_tomentosa/5889409485_0.jpg,Montanoa tomentosa,5889409485,train
dataset_serb_bloque3/Montanoa_tomentosa/5889409485_2.jpg,Montanoa tomentosa,5889409485,train
dataset_serb_bloque3/Montanoa_tomentosa/6162774707_1.jpg,Montanoa tomentosa,6162774707,train
dataset_serb_bloque3/Montanoa_tomentosa/6162774707_0.jpg,Montanoa tomentosa,6162774707,train
dataset_serb_bloque3/Tagetes_lucida/6479659745_0.jpg,Tagetes lucida,6479659745,val
dataset_serb_bloque3/Tagetes_lucida/5133832123_1.jpg,Tagetes lucida,5133832123,val
dataset_serb_bloque3/Tagetes_lucida/5133832123_0.jpg,Tagetes lucida,5133832123,val
dataset_serb_bloque3/Tagetes_lucida/6518578562_0.jpg,Tagetes lucida,6518578562,val
dataset_serb_bloque3/Tagetes_lucida/6518578562_1.jpg,Tagetes lucida,6518578562,val
dataset_serb_bloque3/Tagetes_lucida/6499963484_0.jpg,Tagetes lucida,6499963484,val
dataset_serb_bloque3/Tagetes_lucida/6500130385_0.jpg,Tagetes lucida,6500130385,val
dataset_serb_bloque3/Tagetes_lucida/6498439455_1.jpg,Tagetes lucida,6498439455,val
dataset_serb_bloque3/Tagetes_lucida/6498439455_3.jpg,Tagetes lucida,6498439455,val
dataset_serb_bloque3/Tagetes_lucida/6498439455_2.jpg,Tagetes lucida,6498439455,val
dataset_serb_bloque3/Tagetes_lucida/6498439455_0.jpg,Tagetes lucida,6498439455,val
dataset_serb_bloque3/Tagetes_lucida/5230162530_0.jpg,Tagetes lucida,5230162530,test
dataset_serb_bloque3/Tagetes_lucida/6519330305_1.jpg,Tagetes lucida,6519330305,test
dataset_serb_bloque3/Tagetes_lucida/6519330305_3.jpg,Tagetes lucida,6519330305,test
dataset_serb_bloque3/Tagetes_lucida/6519330305_0.jpg,Tagetes lucida,6519330305,test
dataset_serb_bloque3/Tagetes_lucida/6519330305_2.jpg,Tagetes lucida,6519330305,test
dataset_serb_bloque3/Tagetes_lucida/6498772583_0.jpg,Tagetes lucida,6498772583,test
dataset_serb_bloque3/Tagetes_lucida/6481196868_0.jpg,Tagetes lucida,6481196868,test
dataset_serb_bloque3/Tagetes_lucida/6470517480_0.jpg,Tagetes lucida,6470517480,test
dataset_serb_bloque3/Tagetes_lucida/6470517480_1.jpg,Tagetes lucida,6470517480,test
dataset_serb_bloque3/Tagetes_lucida/6518655389_1.jpg,Tagetes lucida,6518655389,test
dataset_serb_bloque3/Tagetes_lucida/6518655389_3.jpg,Tagetes lucida,6518655389,test
dataset_serb_bloque3/Tagetes_lucida/6518655389_0.jpg,Tagetes lucida,6518655389,test
dataset_serb_bloque3/Tagetes_lucida/6518655389_2.jpg,Tagetes lucida,6518655389,test
dataset_serb_bloque3/Tagetes_lucida/6499143930_0.jpg,Tagetes lucida,6499143930,train
dataset_serb_bloque3/Tagetes_lucida/6498924555_3.jpg,Tagetes lucida,6498924555,train
dataset_serb_bloque3/Tagetes_lucida/6498924555_1.jpg,Tagetes lucida,6498924555,train
dataset_serb_bloque3/Tagetes_lucida/6498924555_0.jpg,Tagetes lucida,6498924555,train
dataset_serb_bloque3/Tagetes_lucida/6498924555_2.jpg,Tagetes lucida,6498924555,train
dataset_serb_bloque3/Tagetes_lucida/5167795111_0.jpg,Tagetes lucida,5167795111,train
dataset_serb_bloque3/Tagetes_lucida/5167795111_1.jpg,Tagetes lucida,5167795111,train
dataset_serb_bloque3/Tagetes_lucida/6519835473_3.jpg,Tagetes lucida,6519835473,train
dataset_serb_bloque3/Tagetes_lucida/6519835473_2.jpg,Tagetes lucida,6519835473,train
dataset_serb_bloque3/Tagetes_lucida/6519835473_0.jpg,Tagetes lucida,6519835473,train
dataset_serb_bloque3/Tagetes_lucida/6519835473_1.jpg,Tagetes lucida,6519835473,train
dataset_serb_bloque3/Tagetes_lucida/6499272145_0.jpg,Tagetes lucida,6499272145,train
dataset_serb_bloque3/Tagetes_lucida/6499180681_0.jpg,Tagetes lucida,6499180681,train
dataset_serb_bloque3/Tagetes_lucida/6498283860_0.jpg,Tagetes lucida,6498283860,train
dataset_serb_bloque3/Tagetes_lucida/5108511400_0.jpg,Tagetes lucida,5108511400,train
dataset_serb_bloque3/Tagetes_lucida/5140925311_0.jpg,Tagetes lucida,5140925311,train
dataset_serb_bloque3/Tagetes_lucida/6499836598_0.jpg,Tagetes lucida,6499836598,train
dataset_serb_bloque3/Tagetes_lucida/6498455374_0.jpg,Tagetes lucida,6498455374,train
dataset_serb_bloque3/Tagetes_lucida/6518977332_0.jpg,Tagetes lucida,6518977332,train
dataset_serb_bloque3/Tagetes_lucida/6479482982_1.jpg,Tagetes lucida,6479482982,train
dataset_serb_bloque3/Tagetes_lucida/6479482982_0.jpg,Tagetes lucida,6479482982,train
dataset_serb_bloque3/Tagetes_lucida/6498611292_3.jpg,Tagetes lucida,6498611292,train
dataset_serb_bloque3/Tagetes_lucida/6498611292_2.jpg,Tagetes lucida,6498611292,train
dataset_serb_bloque3/Tagetes_lucida/6498611292_1.jpg,Tagetes lucida,6498611292,train
dataset_serb_bloque3/Tagetes_lucida/6498611292_0.jpg,Tagetes lucida,6498611292,train
dataset_serb_bloque3/Tagetes_lucida/5087769229_0.jpg,Tagetes lucida,5087769229,train
dataset_serb_bloque3/Tagetes_lucida/6480740796_0.jpg,Tagetes lucida,6480740796,train
dataset_serb_bloque3/Tagetes_lucida/5230686063_0.jpg,Tagetes lucida,5230686063,train
dataset_serb_bloque3/Tagetes_lucida/6519307695_1.jpg,Tagetes lucida,6519307695,train
dataset_serb_bloque3/Tagetes_lucida/6519307695_0.jpg,Tagetes lucida,6519307695,train
dataset_serb_bloque3/Tagetes_lucida/6499142620_0.jpg,Tagetes lucida,6499142620,train
dataset_serb_bloque3/Tagetes_lucida/6499142620_3.jpg,Tagetes lucida,6499142620,train
dataset_serb_bloque3/Tagetes_lucida/6499142620_2.jpg,Tagetes lucida,6499142620,train
dataset_serb_bloque3/Tagetes_lucida/6499142620_1.jpg,Tagetes lucida,6499142620,train
dataset_serb_bloque3/Tagetes_lucida/6520175580_1.jpg,Tagetes lucida,6520175580,train
dataset_serb_bloque3/Tagetes_lucida/6520175580_3.jpg,Tagetes lucida,6520175580,train
dataset_serb_bloque3/Tagetes_lucida/6520175580_2.jpg,Tagetes lucida,6520175580,train
dataset_serb_bloque3/Tagetes_lucida/6520175580_0.jpg,Tagetes lucida,6520175580,train
dataset_serb_bloque3/Tagetes_lucida/6518507906_3.jpg,Tagetes lucida,6518507906,train
dataset_serb_bloque3/Tagetes_lucida/6518507906_4.jpg,Tagetes lucida,6518507906,train
dataset_serb_bloque3/Tagetes_lucida/6518507906_0.jpg,Tagetes lucida,6518507906,train
dataset_serb_bloque3/Tagetes_lucida/6518507906_1.jpg,Tagetes lucida,6518507906,train
dataset_serb_bloque3/Tagetes_lucida/6518507906_2.jpg,Tagetes lucida,6518507906,train
dataset_serb_bloque3/Tagetes_lucida/5087924237_0.jpg,Tagetes lucida,5087924237,train
dataset_serb_bloque3/Tagetes_lucida/6500413576_0.jpg,Tagetes lucida,6500413576,train
dataset_serb_bloque3/Tagetes_lucida/6500413576_2.jpg,Tagetes lucida,6500413576,train
dataset_serb_bloque3/Tagetes_lucida/6500413576_1.jpg,Tagetes lucida,6500413576,train
dataset_serb_bloque3/Tagetes_lucida/5206256484_2.jpg,Tagetes lucida,5206256484,train
dataset_serb_bloque3/Tagetes_lucida/5206256484_1.jpg,Tagetes lucida,5206256484,train
dataset_serb_bloque3/Tagetes_lucida/5206256484_3.jpg,Tagetes lucida,5206256484,train
dataset_serb_bloque3/Tagetes_lucida/5206256484_0.jpg,Tagetes lucida,5206256484,train
dataset_serb_bloque3/Tagetes_lucida/5134355940_0.jpg,Tagetes lucida,5134355940,train
dataset_serb_bloque3/Tagetes_lucida/6500038150_1.jpg,Tagetes lucida,6500038150,train
dataset_serb_bloque3/Tagetes_lucida/6500038150_0.jpg,Tagetes lucida,6500038150,train
dataset_serb_bloque3/Tagetes_lucida/6499514449_1.jpg,Tagetes lucida,6499514449,train
dataset_serb_bloque3/Tagetes_lucida/6499514449_0.jpg,Tagetes lucida,6499514449,train
dataset_serb_bloque3/Tagetes_lucida/6498119424_0.jpg,Tagetes lucida,6498119424,train
dataset_serb_bloque3/Lantana_camara/6130003488_0.jpg,Lantana camara,6130003488,val
dataset_serb_bloque3/Lantana_camara/6130692806_2.jpg,Lantana camara,6130692806,val
dataset_serb_bloque3/Lantana_camara/6130692806_1.jpg,Lantana camara,6130692806,val
dataset_serb_bloque3/Lantana_camara/6130692806_0.jpg,Lantana camara,6130692806,val
dataset_serb_bloque3/Lantana_camara/6130630408_0.jpg,Lantana camara,6130630408,val
dataset_serb_bloque3/Lantana_camara/6130588367_0.jpg,Lantana camara,6130588367,val
dataset_serb_bloque3/Lantana_camara/6130431672_1.jpg,Lantana camara,6130431672,val
dataset_serb_bloque3/Lantana_camara/6130431672_0.jpg,Lantana camara,6130431672,val
dataset_serb_bloque3/Lantana_camara/6130431672_2.jpg,Lantana camara,6130431672,val
dataset_serb_bloque3/Lantana_camara/6130628968_0.jpg,Lantana camara,6130628968,val
dataset_serb_bloque3/Lantana_camara/6130585003_0.jpg,Lantana camara,6130585003,val
dataset_serb_bloque3/Lantana_camara/6130682082_0.jpg,Lantana camara,6130682082,val
dataset_serb_bloque3/Lantana_camara/6130229760_0.jpg,Lantana camara,6130229760,val
dataset_serb_bloque3/Lantana_camara/6130523554_1.jpg,Lantana camara,6130523554,val
dataset_serb_bloque3/Lantana_camara/6130523554_0.jpg,Lantana camara,6130523554,val
dataset_serb_bloque3/Lantana_camara/6130032225_0.jpg,Lantana camara,6130032225,val
dataset_serb_bloque3/Lantana_camara/6130742941_0.jpg,Lantana camara,6130742941,val
dataset_serb_bloque3/Lantana_camara/6130048175_1.jpg,Lantana camara,6130048175,val
dataset_serb_bloque3/Lantana_camara/6130048175_0.jpg,Lantana camara,6130048175,val
dataset_serb_bloque3/Lantana_camara/6130730034_0.jpg,Lantana camara,6130730034,val
dataset_serb_bloque3/Lantana_camara/6130718863_0.jpg,Lantana camara,6130718863,val
dataset_serb_bloque3/Lantana_camara/6129984099_0.jpg,Lantana camara,6129984099,val
dataset_serb_bloque3/Lantana_camara/6130517373_0.jpg,Lantana camara,6130517373,val
dataset_serb_bloque3/Lantana_camara/6130136134_0.jpg,Lantana camara,6130136134,test
dataset_serb_bloque3/Lantana_camara/6130219778_0.jpg,Lantana camara,6130219778,test
dataset_serb_bloque3/Lantana_camara/6130064255_1.jpg,Lantana camara,6130064255,test
dataset_serb_bloque3/Lantana_camara/6130064255_0.jpg,Lantana camara,6130064255,test
dataset_serb_bloque3/Lantana_camara/6130001340_0.jpg,Lantana camara,6130001340,test
dataset_serb_bloque3/Lantana_camara/6130452520_0.jpg,Lantana camara,6130452520,test
dataset_serb_bloque3/Lantana_camara/6130665996_0.jpg,Lantana camara,6130665996,test
dataset_serb_bloque3/Lantana_camara/6130665996_3.jpg,Lantana camara,6130665996,test
dataset_serb_bloque3/Lantana_camara/6130665996_1.jpg,Lantana camara,6130665996,test
dataset_serb_bloque3/Lantana_camara/6130665996_2.jpg,Lantana camara,6130665996,test
dataset_serb_bloque3/Lantana_camara/6130670046_0.jpg,Lantana camara,6130670046,test
dataset_serb_bloque3/Lantana_camara/6130753812_0.jpg,Lantana camara,6130753812,test
dataset_serb_bloque3/Lantana_camara/6130308710_1.jpg,Lantana camara,6130308710,test
dataset_serb_bloque3/Lantana_camara/6130308710_0.jpg,Lantana camara,6130308710,test
dataset_serb_bloque3/Lantana_camara/6130232211_0.jpg,Lantana camara,6130232211,test
dataset_serb_bloque3/Lantana_camara/6130437202_1.jpg,Lantana camara,6130437202,test
dataset_serb_bloque3/Lantana_camara/6130437202_0.jpg,Lantana camara,6130437202,test
dataset_serb_bloque3/Lantana_camara/6129997245_0.jpg,Lantana camara,6129997245,test
dataset_serb_bloque3/Lantana_camara/6130125893_0.jpg,Lantana camara,6130125893,test
dataset_serb_bloque3/Lantana_camara/6130745436_0.jpg,Lantana camara,6130745436,test
dataset_serb_bloque3/Lantana_camara/6130542005_0.jpg,Lantana camara,6130542005,test
dataset_serb_bloque3/Lantana_camara/6130051166_0.jpg,Lantana camara,6130051166,test
dataset_serb_bloque3/Lantana_camara/6130579799_0.jpg,Lantana camara,6130579799,test
dataset_serb_bloque3/Lantana_camara/6130673395_0.jpg,Lantana camara,6130673395,train
dataset_serb_bloque3/Lantana_camara/6130154445_1.jpg,Lantana camara,6130154445,train
dataset_serb_bloque3/Lantana_camara/6130154445_0.jpg,Lantana camara,6130154445,train
dataset_serb_bloque3/Lantana_camara/6130359746_1.jpg,Lantana camara,6130359746,train
dataset_serb_bloque3/Lantana_camara/6130359746_0.jpg,Lantana camara,6130359746,train
dataset_serb_bloque3/Lantana_camara/6130673026_0.jpg,Lantana camara,6130673026,train
dataset_serb_bloque3/Lantana_camara/6130403147_0.jpg,Lantana camara,6130403147,train
dataset_serb_bloque3/Lantana_camara/6130628194_0.jpg,Lantana camara,6130628194,train
dataset_serb_bloque3/Lantana_camara/6130168342_0.jpg,Lantana camara,6130168342,train
dataset_serb_bloque3/Lantana_camara/6130145044_0.jpg,Lantana camara,6130145044,train
dataset_serb_bloque3/Lantana_camara/6130539304_0.jpg,Lantana camara,6130539304,train
dataset_serb_bloque3/Lantana_camara/6130625530_0.jpg,Lantana camara,6130625530,train
dataset_serb_bloque3/Lantana_camara/6130352083_1.jpg,Lantana camara,6130352083,train
dataset_serb_bloque3/Lantana_camara/6130352083_0.jpg,Lantana camara,6130352083,train
dataset_serb_bloque3/Lantana_camara/6130510593_0.jpg,Lantana camara,6130510593,train
dataset_serb_bloque3/Lantana_camara/6130403920_0.jpg,Lantana camara,6130403920,train
dataset_serb_bloque3/Lantana_camara/6130222115_2.jpg,Lantana camara,6130222115,train
dataset_serb_bloque3/Lantana_camara/6130222115_0.jpg,Lantana camara,6130222115,train
dataset_serb_bloque3/Lantana_camara/6130222115_1.jpg,Lantana camara,6130222115,train
dataset_serb_bloque3/Lantana_camara/6130384311_0.jpg,Lantana camara,6130384311,train
dataset_serb_bloque3/Lantana_camara/6130646473_2.jpg,Lantana camara,6130646473,train
dataset_serb_bloque3/Lantana_camara/6130646473_4.jpg,Lantana camara,6130646473,train
dataset_serb_bloque3/Lantana_camara/6130646473_1.jpg,Lantana camara,6130646473,train
dataset_serb_bloque3/Lantana_camara/6130646473_0.jpg,Lantana camara,6130646473,train
dataset_serb_bloque3/Lantana_camara/6130646473_3.jpg,Lantana camara,6130646473,train
dataset_serb_bloque3/Lantana_camara/6130777195_0.jpg,Lantana camara,6130777195,train
dataset_serb_bloque3/Lantana_camara/6130299917_0.jpg,Lantana camara,6130299917,train
dataset_serb_bloque3/Lantana_camara/6130511231_1.jpg,Lantana camara,6130511231,train
dataset_serb_bloque3/Lantana_camara/6130511231_0.jpg,Lantana camara,6130511231,train
dataset_serb_bloque3/Lantana_camara/6130670994_0.jpg,Lantana camara,6130670994,train
dataset_serb_bloque3/Lantana_camara/6130456871_1.jpg,Lantana camara,6130456871,train
dataset_serb_bloque3/Lantana_camara/6130456871_0.jpg,Lantana camara,6130456871,train
dataset_serb_bloque3/Lantana_camara/6130456871_2.jpg,Lantana camara,6130456871,train
dataset_serb_bloque3/Lantana_camara/6130367876_0.jpg,Lantana camara,6130367876,train
dataset_serb_bloque3/Lantana_camara/6130236265_0.jpg,Lantana camara,6130236265,train
dataset_serb_bloque3/Lantana_camara/6130057191_0.jpg,Lantana camara,6130057191,train
dataset_serb_bloque3/Lantana_camara/6130170232_1.jpg,Lantana camara,6130170232,train
dataset_serb_bloque3/Lantana_camara/6130170232_0.jpg,Lantana camara,6130170232,train
dataset_serb_bloque3/Lantana_camara/6130586061_0.jpg,Lantana camara,6130586061,train
dataset_serb_bloque3/Lantana_camara/6130474893_0.jpg,Lantana camara,6130474893,train
dataset_serb_bloque3/Lantana_camara/6130227316_0.jpg,Lantana camara,6130227316,train
dataset_serb_bloque3/Lantana_camara/6130630240_0.jpg,Lantana camara,6130630240,train
dataset_serb_bloque3/Lantana_camara/6130413187_0.jpg,Lantana camara,6130413187,train
dataset_serb_bloque3/Lantana_camara/6130454662_0.jpg,Lantana camara,6130454662,train
dataset_serb_bloque3/Lantana_camara/6130386364_0.jpg,Lantana camara,6130386364,train
dataset_serb_bloque3/Lantana_camara/6130128811_0.jpg,Lantana camara,6130128811,train
dataset_serb_bloque3/Lantana_camara/6130303151_2.jpg,Lantana camara,6130303151,train
dataset_serb_bloque3/Lantana_camara/6130303151_0.jpg,Lantana camara,6130303151,train
dataset_serb_bloque3/Lantana_camara/6130303151_1.jpg,Lantana camara,6130303151,train
dataset_serb_bloque3/Lantana_camara/6130716514_0.jpg,Lantana camara,6130716514,train
dataset_serb_bloque3/Lantana_camara/6130024250_0.jpg,Lantana camara,6130024250,train
dataset_serb_bloque3/Lantana_camara/6130707353_0.jpg,Lantana camara,6130707353,train
dataset_serb_bloque3/Lantana_camara/6130324320_0.jpg,Lantana camara,6130324320,train
dataset_serb_bloque3/Lantana_camara/6130194325_0.jpg,Lantana camara,6130194325,train
dataset_serb_bloque3/Lantana_camara/6130667061_0.jpg,Lantana camara,6130667061,train
dataset_serb_bloque3/Lantana_camara/6130248672_0.jpg,Lantana camara,6130248672,train
dataset_serb_bloque3/Lantana_camara/6130479403_0.jpg,Lantana camara,6130479403,train
dataset_serb_bloque3/Lantana_camara/6130707246_0.jpg,Lantana camara,6130707246,train
dataset_serb_bloque3/Lantana_camara/6130410632_0.jpg,Lantana camara,6130410632,train
dataset_serb_bloque3/Lantana_camara/6130517748_0.jpg,Lantana camara,6130517748,train
dataset_serb_bloque3/Lantana_camara/6130354317_0.jpg,Lantana camara,6130354317,train
dataset_serb_bloque3/Lantana_camara/6130357964_0.jpg,Lantana camara,6130357964,train
dataset_serb_bloque3/Lantana_camara/6130651382_1.jpg,Lantana camara,6130651382,train
dataset_serb_bloque3/Lantana_camara/6130651382_0.jpg,Lantana camara,6130651382,train
dataset_serb_bloque3/Lantana_camara/6130764707_0.jpg,Lantana camara,6130764707,train
dataset_serb_bloque3/Lantana_camara/6130712647_0.jpg,Lantana camara,6130712647,train
dataset_serb_bloque3/Lantana_camara/6130200115_1.jpg,Lantana camara,6130200115,train
dataset_serb_bloque3/Lantana_camara/6130200115_2.jpg,Lantana camara,6130200115,train
dataset_serb_bloque3/Lantana_camara/6130200115_4.jpg,Lantana camara,6130200115,train
dataset_serb_bloque3/Lantana_camara/6130200115_0.jpg,Lantana camara,6130200115,train
dataset_serb_bloque3/Lantana_camara/6130200115_3.jpg,Lantana camara,6130200115,train
dataset_serb_bloque3/Lantana_camara/6130342256_0.jpg,Lantana camara,6130342256,train
dataset_serb_bloque3/Lantana_camara/6130009920_0.jpg,Lantana camara,6130009920,train
dataset_serb_bloque3/Lantana_camara/6130476178_0.jpg,Lantana camara,6130476178,train
dataset_serb_bloque3/Lantana_camara/6130045520_0.jpg,Lantana camara,6130045520,train
dataset_serb_bloque3/Lantana_camara/6130712984_0.jpg,Lantana camara,6130712984,train
dataset_serb_bloque3/Lantana_camara/6130187476_1.jpg,Lantana camara,6130187476,train
dataset_serb_bloque3/Lantana_camara/6130187476_0.jpg,Lantana camara,6130187476,train
dataset_serb_bloque3/Lantana_camara/6130757370_0.jpg,Lantana camara,6130757370,train
dataset_serb_bloque3/Lantana_camara/6130488978_0.jpg,Lantana camara,6130488978,train
dataset_serb_bloque3/Lantana_camara/6130670430_1.jpg,Lantana camara,6130670430,train
dataset_serb_bloque3/Lantana_camara/6130670430_0.jpg,Lantana camara,6130670430,train
dataset_serb_bloque3/Lantana_camara/6130477107_0.jpg,Lantana camara,6130477107,train
dataset_serb_bloque3/Lantana_camara/6130669588_0.jpg,Lantana camara,6130669588,train
dataset_serb_bloque3/Lantana_camara/6130669588_2.jpg,Lantana camara,6130669588,train
dataset_serb_bloque3/Lantana_camara/6130669588_1.jpg,Lantana camara,6130669588,train
dataset_serb_bloque3/Lantana_camara/6130171649_1.jpg,Lantana camara,6130171649,train
dataset_serb_bloque3/Lantana_camara/6130171649_0.jpg,Lantana camara,6130171649,train
dataset_serb_bloque3/Lantana_camara/6130171649_2.jpg,Lantana camara,6130171649,train
dataset_serb_bloque3/Lantana_camara/6130647227_2.jpg,Lantana camara,6130647227,train
dataset_serb_bloque3/Lantana_camara/6130647227_1.jpg,Lantana camara,6130647227,train
dataset_serb_bloque3/Lantana_camara/6130647227_0.jpg,Lantana camara,6130647227,train
dataset_serb_bloque3/Lantana_camara/6130367220_2.jpg,Lantana camara,6130367220,train
dataset_serb_bloque3/Lantana_camara/6130367220_1.jpg,Lantana camara,6130367220,train
dataset_serb_bloque3/Lantana_camara/6130367220_0.jpg,Lantana camara,6130367220,train
dataset_serb_bloque3/Lantana_camara/6130550388_0.jpg,Lantana camara,6130550388,train
dataset_serb_bloque3/Lantana_camara/6130372060_0.jpg,Lantana camara,6130372060,train
dataset_serb_bloque3/Lantana_camara/6130017666_0.jpg,Lantana camara,6130017666,train
dataset_serb_bloque3/Lantana_camara/6130144393_1.jpg,Lantana camara,6130144393,train
dataset_serb_bloque3/Lantana_camara/6130144393_0.jpg,Lantana camara,6130144393,train
dataset_serb_bloque3/Lantana_camara/6130362424_0.jpg,Lantana camara,6130362424,train
dataset_serb_bloque3/Lantana_camara/6130687757_0.jpg,Lantana camara,6130687757,train
dataset_serb_bloque3/Lantana_camara/6130680764_0.jpg,Lantana camara,6130680764,train
dataset_serb_bloque3/Lantana_camara/6130620165_0.jpg,Lantana camara,6130620165,train
dataset_serb_bloque3/Lantana_camara/6130698935_0.jpg,Lantana camara,6130698935,train
dataset_serb_bloque3/Lantana_camara/6130094869_0.jpg,Lantana camara,6130094869,train
dataset_serb_bloque3/Lantana_camara/6130637924_0.jpg,Lantana camara,6130637924,train
dataset_serb_bloque3/Lantana_camara/6130663767_1.jpg,Lantana camara,6130663767,train
dataset_serb_bloque3/Lantana_camara/6130663767_0.jpg,Lantana camara,6130663767,train
dataset_serb_bloque3/Lantana_camara/6130680629_0.jpg,Lantana camara,6130680629,train
dataset_serb_bloque3/Datura_stramonium/6130930165_1.jpg,Datura stramonium,6130930165,val
dataset_serb_bloque3/Datura_stramonium/6130930165_0.jpg,Datura stramonium,6130930165,val
dataset_serb_bloque3/Datura_stramonium/6133080973_0.jpg,Datura stramonium,6133080973,val
dataset_serb_bloque3/Datura_stramonium/6133080973_2.jpg,Datura stramonium,6133080973,val
dataset_serb_bloque3/Datura_stramonium/6133080973_1.jpg,Datura stramonium,6133080973,val
dataset_serb_bloque3/Datura_stramonium/6133227897_1.jpg,Datura stramonium,6133227897,val
dataset_serb_bloque3/Datura_stramonium/6133227897_0.jpg,Datura stramonium,6133227897,val
dataset_serb_bloque3/Datura_stramonium/6133227897_2.jpg,Datura stramonium,6133227897,val
dataset_serb_bloque3/Datura_stramonium/6131144472_0.jpg,Datura stramonium,6131144472,val
dataset_serb_bloque3/Datura_stramonium/6133221119_0.jpg,Datura stramonium,6133221119,val
dataset_serb_bloque3/Datura_stramonium/6133221119_1.jpg,Datura stramonium,6133221119,val
dataset_serb_bloque3/Datura_stramonium/6130814388_0.jpg,Datura stramonium,6130814388,val
dataset_serb_bloque3/Datura_stramonium/6130814388_1.jpg,Datura stramonium,6130814388,val
dataset_serb_bloque3/Datura_stramonium/6130814388_2.jpg,Datura stramonium,6130814388,val
dataset_serb_bloque3/Datura_stramonium/6131525348_0.jpg,Datura stramonium,6131525348,val
dataset_serb_bloque3/Datura_stramonium/6133229585_0.jpg,Datura stramonium,6133229585,val
dataset_serb_bloque3/Datura_stramonium/6133229585_1.jpg,Datura stramonium,6133229585,val
dataset_serb_bloque3/Datura_stramonium/6130461889_0.jpg,Datura stramonium,6130461889,val
dataset_serb_bloque3/Datura_stramonium/6130485270_0.jpg,Datura stramonium,6130485270,val
dataset_serb_bloque3/Datura_stramonium/6133135965_0.jpg,Datura stramonium,6133135965,val
dataset_serb_bloque3/Datura_stramonium/6133135965_1.jpg,Datura stramonium,6133135965,val
dataset_serb_bloque3/Datura_stramonium/6133036591_1.jpg,Datura stramonium,6133036591,val
dataset_serb_bloque3/Datura_stramonium/6133036591_0.jpg,Datura stramonium,6133036591,val
dataset_serb_bloque3/Datura_stramonium/6130901819_1.jpg,Datura stramonium,6130901819,test
dataset_serb_bloque3/Datura_stramonium/6130901819_0.jpg,Datura stramonium,6130901819,test
dataset_serb_bloque3/Datura_stramonium/6133228596_2.jpg,Datura stramonium,6133228596,test
dataset_serb_bloque3/Datura_stramonium/6133228596_1.jpg,Datura stramonium,6133228596,test
dataset_serb_bloque3/Datura_stramonium/6133228596_3.jpg,Datura stramonium,6133228596,test
dataset_serb_bloque3/Datura_stramonium/6133228596_0.jpg,Datura stramonium,6133228596,test
dataset_serb_bloque3/Datura_stramonium/6131470498_0.jpg,Datura stramonium,6131470498,test
dataset_serb_bloque3/Datura_stramonium/6131628773_0.jpg,Datura stramonium,6131628773,test
dataset_serb_bloque3/Datura_stramonium/6130455137_1.jpg,Datura stramonium,6130455137,test
dataset_serb_bloque3/Datura_stramonium/6130455137_2.jpg,Datura stramonium,6130455137,test
dataset_serb_bloque3/Datura_stramonium/6130455137_0.jpg,Datura stramonium,6130455137,test
dataset_serb_bloque3/Datura_stramonium/6130732339_1.jpg,Datura stramonium,6130732339,test
dataset_serb_bloque3/Datura_stramonium/6130732339_0.jpg,Datura stramonium,6130732339,test
dataset_serb_bloque3/Datura_stramonium/6130732339_2.jpg,Datura stramonium,6130732339,test
dataset_serb_bloque3/Datura_stramonium/6133181901_0.jpg,Datura stramonium,6133181901,test
dataset_serb_bloque3/Datura_stramonium/6133181901_1.jpg,Datura stramonium,6133181901,test
dataset_serb_bloque3/Datura_stramonium/6131312270_1.jpg,Datura stramonium,6131312270,test
dataset_serb_bloque3/Datura_stramonium/6131312270_0.jpg,Datura stramonium,6131312270,test
dataset_serb_bloque3/Datura_stramonium/6131312270_2.jpg,Datura stramonium,6131312270,test
dataset_serb_bloque3/Datura_stramonium/6130594254_1.jpg,Datura stramonium,6130594254,test
dataset_serb_bloque3/Datura_stramonium/6130594254_2.jpg,Datura stramonium,6130594254,test
dataset_serb_bloque3/Datura_stramonium/6130594254_0.jpg,Datura stramonium,6130594254,test
dataset_serb_bloque3/Datura_stramonium/6130594254_3.jpg,Datura stramonium,6130594254,test
dataset_serb_bloque3/Datura_stramonium/6130594254_5.jpg,Datura stramonium,6130594254,test
dataset_serb_bloque3/Datura_stramonium/6130594254_4.jpg,Datura stramonium,6130594254,test
dataset_serb_bloque3/Datura_stramonium/6133093021_1.jpg,Datura stramonium,6133093021,test
dataset_serb_bloque3/Datura_stramonium/6133093021_0.jpg,Datura stramonium,6133093021,test
dataset_serb_bloque3/Datura_stramonium/6131549561_0.jpg,Datura stramonium,6131549561,test
dataset_serb_bloque3/Datura_stramonium/6131573513_0.jpg,Datura stramonium,6131573513,test
dataset_serb_bloque3/Datura_stramonium/6131376711_0.jpg,Datura stramonium,6131376711,train
dataset_serb_bloque3/Datura_stramonium/6131376711_1.jpg,Datura stramonium,6131376711,train
dataset_serb_bloque3/Datura_stramonium/6130869165_4.jpg,Datura stramonium,6130869165,train
dataset_serb_bloque3/Datura_stramonium/6130869165_1.jpg,Datura stramonium,6130869165,train
dataset_serb_bloque3/Datura_stramonium/6130869165_3.jpg,Datura stramonium,6130869165,train
dataset_serb_bloque3/Datura_stramonium/6130869165_0.jpg,Datura stramonium,6130869165,train
dataset_serb_bloque3/Datura_stramonium/6130869165_2.jpg,Datura stramonium,6130869165,train
dataset_serb_bloque3/Datura_stramonium/6133199833_1.jpg,Datura stramonium,6133199833,train
dataset_serb_bloque3/Datura_stramonium/6133199833_2.jpg,Datura stramonium,6133199833,train
dataset_serb_bloque3/Datura_stramonium/6133199833_0.jpg,Datura stramonium,6133199833,train
dataset_serb_bloque3/Datura_stramonium/6131340428_2.jpg,Datura stramonium,6131340428,train
dataset_serb_bloque3/Datura_stramonium/6131340428_0.jpg,Datura stramonium,6131340428,train
dataset_serb_bloque3/Datura_stramonium/6131340428_1.jpg,Datura stramonium,6131340428,train
dataset_serb_bloque3/Datura_stramonium/6131006330_0.jpg,Datura stramonium,6131006330,train
dataset_serb_bloque3/Datura_stramonium/6131016397_0.jpg,Datura stramonium,6131016397,train
dataset_serb_bloque3/Datura_stramonium/6131338621_0.jpg,Datura stramonium,6131338621,train
dataset_serb_bloque3/Datura_stramonium/6131338621_1.jpg,Datura stramonium,6131338621,train
dataset_serb_bloque3/Datura_stramonium/6130672498_0.jpg,Datura stramonium,6130672498,train
dataset_serb_bloque3/Datura_stramonium/6133272472_0.jpg,Datura stramonium,6133272472,train
dataset_serb_bloque3/Datura_stramonium/6131582867_2.jpg,Datura stramonium,6131582867,train
dataset_serb_bloque3/Datura_stramonium/6131582867_0.jpg,Datura stramonium,6131582867,train
dataset_serb_bloque3/Datura_stramonium/6131582867_1.jpg,Datura stramonium,6131582867,train
dataset_serb_bloque3/Datura_stramonium/6131242575_0.jpg,Datura stramonium,6131242575,train
dataset_serb_bloque3/Datura_stramonium/6131613779_0.jpg,Datura stramonium,6131613779,train
dataset_serb_bloque3/Datura_stramonium/6131378421_0.jpg,Datura stramonium,6131378421,train
dataset_serb_bloque3/Datura_stramonium/6130844031_0.jpg,Datura stramonium,6130844031,train
dataset_serb_bloque3/Datura_stramonium/6130812648_1.jpg,Datura stramonium,6130812648,train
dataset_serb_bloque3/Datura_stramonium/6130812648_2.jpg,Datura stramonium,6130812648,train
dataset_serb_bloque3/Datura_stramonium/6130812648_0.jpg,Datura stramonium,6130812648,train
dataset_serb_bloque3/Datura_stramonium/6130589538_0.jpg,Datura stramonium,6130589538,train
dataset_serb_bloque3/Datura_stramonium/6130589538_1.jpg,Datura stramonium,6130589538,train
dataset_serb_bloque3/Datura_stramonium/6131377088_0.jpg,Datura stramonium,6131377088,train
dataset_serb_bloque3/Datura_stramonium/6130674217_0.jpg,Datura stramonium,6130674217,train
dataset_serb_bloque3/Datura_stramonium/6130674217_1.jpg,Datura stramonium,6130674217,train
dataset_serb_bloque3/Datura_stramonium/6131544405_3.jpg,Datura stramonium,6131544405,train
dataset_serb_bloque3/Datura_stramonium/6131544405_2.jpg,Datura stramonium,6131544405,train
dataset_serb_bloque3/Datura_stramonium/6131544405_4.jpg,Datura stramonium,6131544405,train
dataset_serb_bloque3/Datura_stramonium/6131544405_1.jpg,Datura stramonium,6131544405,train
dataset_serb_bloque3/Datura_stramonium/6131544405_5.jpg,Datura stramonium,6131544405,train
dataset_serb_bloque3/Datura_stramonium/6131544405_0.jpg,Datura stramonium,6131544405,train
dataset_serb_bloque3/Datura_stramonium/6130545326_1.jpg,Datura stramonium,6130545326,train
dataset_serb_bloque3/Datura_stramonium/6130545326_4.jpg,Datura stramonium,6130545326,train
dataset_serb_bloque3/Datura_stramonium/6130545326_2.jpg,Datura stramonium,6130545326,train
dataset_serb_bloque3/Datura_stramonium/6130545326_3.jpg,Datura stramonium,6130545326,train
dataset_serb_bloque3/Datura_stramonium/6130545326_0.jpg,Datura stramonium,6130545326,train
dataset_serb_bloque3/Datura_stramonium/6130634780_0.jpg,Datura stramonium,6130634780,train
dataset_serb_bloque3/Datura_stramonium/6133275877_0.jpg,Datura stramonium,6133275877,train
dataset_serb_bloque3/Datura_stramonium/6130694364_0.jpg,Datura stramonium,6130694364,train
dataset_serb_bloque3/Datura_stramonium/6130694364_4.jpg,Datura stramonium,6130694364,train
dataset_serb_bloque3/Datura_stramonium/6130694364_3.jpg,Datura stramonium,6130694364,train
dataset_serb_bloque3/Datura_stramonium/6130694364_1.jpg,Datura stramonium,6130694364,train
dataset_serb_bloque3/Datura_stramonium/6130694364_2.jpg,Datura stramonium,6130694364,train
dataset_serb_bloque3/Datura_stramonium/6133036853_0.jpg,Datura stramonium,6133036853,train
dataset_serb_bloque3/Datura_stramonium/6131409476_1.jpg,Datura stramonium,6131409476,train
dataset_serb_bloque3/Datura_stramonium/6131409476_0.jpg,Datura stramonium,6131409476,train
dataset_serb_bloque3/Datura_stramonium/6130802453_0.jpg,Datura stramonium,6130802453,train
dataset_serb_bloque3/Datura_stramonium/6131359888_0.jpg,Datura stramonium,6131359888,train
dataset_serb_bloque3/Datura_stramonium/6130700164_1.jpg,Datura stramonium,6130700164,train
dataset_serb_bloque3/Datura_stramonium/6130700164_0.jpg,Datura stramonium,6130700164,train
dataset_serb_bloque3/Datura_stramonium/6130998142_1.jpg,Datura stramonium,6130998142,train
dataset_serb_bloque3/Datura_stramonium/6130998142_0.jpg,Datura stramonium,6130998142,train
dataset_serb_bloque3/Datura_stramonium/6131447667_0.jpg,Datura stramonium,6131447667,train
dataset_serb_bloque3/Datura_stramonium/6133228981_0.jpg,Datura stramonium,6133228981,train
dataset_serb_bloque3/Datura_stramonium/6131486690_0.jpg,Datura stramonium,6131486690,train
dataset_serb_bloque3/Datura_stramonium/6130739511_0.jpg,Datura stramonium,6130739511,train
dataset_serb_bloque3/Datura_stramonium/6130622758_0.jpg,Datura stramonium,6130622758,train
dataset_serb_bloque3/Datura_stramonium/6133224303_0.jpg,Datura stramonium,6133224303,train
dataset_serb_bloque3/Datura_stramonium/6131607996_0.jpg,Datura stramonium,6131607996,train
dataset_serb_bloque3/Datura_stramonium/6130858464_0.jpg,Datura stramonium,6130858464,train
dataset_serb_bloque3/Datura_stramonium/6131150669_0.jpg,Datura stramonium,6131150669,train
dataset_serb_bloque3/Datura_stramonium/6131150669_1.jpg,Datura stramonium,6131150669,train
dataset_serb_bloque3/Datura_stramonium/6133137963_0.jpg,Datura stramonium,6133137963,train
dataset_serb_bloque3/Datura_stramonium/6133137963_1.jpg,Datura stramonium,6133137963,train
dataset_serb_bloque3/Datura_stramonium/6130853992_0.jpg,Datura stramonium,6130853992,train
dataset_serb_bloque3/Datura_stramonium/6130528338_0.jpg,Datura stramonium,6130528338,train
dataset_serb_bloque3/Datura_stramonium/6130704155_1.jpg,Datura stramonium,6130704155,train
dataset_serb_bloque3/Datura_stramonium/6130704155_0.jpg,Datura stramonium,6130704155,train
dataset_serb_bloque3/Datura_stramonium/6131120102_2.jpg,Datura stramonium,6131120102,train
dataset_serb_bloque3/Datura_stramonium/6131120102_0.jpg,Datura stramonium,6131120102,train
dataset_serb_bloque3/Datura_stramonium/6131120102_1.jpg,Datura stramonium,6131120102,train
dataset_serb_bloque3/Datura_stramonium/6131246790_1.jpg,Datura stramonium,6131246790,train
dataset_serb_bloque3/Datura_stramonium/6131246790_0.jpg,Datura stramonium,6131246790,train
dataset_serb_bloque3/Datura_stramonium/6131376481_1.jpg,Datura stramonium,6131376481,train
dataset_serb_bloque3/Datura_stramonium/6131376481_0.jpg,Datura stramonium,6131376481,train
dataset_serb_bloque3/Datura_stramonium/6131503551_0.jpg,Datura stramonium,6131503551,train
dataset_serb_bloque3/Datura_stramonium/6131467223_0.jpg,Datura stramonium,6131467223,train
dataset_serb_bloque3/Datura_stramonium/6133165083_1.jpg,Datura stramonium,6133165083,train
dataset_serb_bloque3/Datura_stramonium/6133165083_0.jpg,Datura stramonium,6133165083,train
dataset_serb_bloque3/Datura_stramonium/6130752583_0.jpg,Datura stramonium,6130752583,train
dataset_serb_bloque3/Datura_stramonium/6130635603_0.jpg,Datura stramonium,6130635603,train
dataset_serb_bloque3/Datura_stramonium/6131591875_0.jpg,Datura stramonium,6131591875,train
dataset_serb_bloque3/Datura_stramonium/6133238187_0.jpg,Datura stramonium,6133238187,train
dataset_serb_bloque3/Datura_stramonium/6131470389_1.jpg,Datura stramonium,6131470389,train
dataset_serb_bloque3/Datura_stramonium/6131470389_0.jpg,Datura stramonium,6131470389,train
dataset_serb_bloque3/Datura_stramonium/6131470389_2.jpg,Datura stramonium,6131470389,train
dataset_serb_bloque3/Datura_stramonium/6131603909_0.jpg,Datura stramonium,6131603909,train
dataset_serb_bloque3/Datura_stramonium/6130807607_0.jpg,Datura stramonium,6130807607,train
dataset_serb_bloque3/Datura_stramonium/6133270404_0.jpg,Datura stramonium,6133270404,train
dataset_serb_bloque3/Dahlia_coccinea/6451508415_1.jpg,Dahlia coccinea,6451508415,val
dataset_serb_bloque3/Dahlia_coccinea/6451508415_0.jpg,Dahlia coccinea,6451508415,val
dataset_serb_bloque3/Dahlia_coccinea/6451935360_2.jpg,Dahlia coccinea,6451935360,val
dataset_serb_bloque3/Dahlia_coccinea/6451935360_0.jpg,Dahlia coccinea,6451935360,val
dataset_serb_bloque3/Dahlia_coccinea/6451935360_1.jpg,Dahlia coccinea,6451935360,val
dataset_serb_bloque3/Dahlia_coccinea/6440939400_0.jpg,Dahlia coccinea,6440939400,val
dataset_serb_bloque3/Dahlia_coccinea/6423211796_1.jpg,Dahlia coccinea,6423211796,val
dataset_serb_bloque3/Dahlia_coccinea/6423211796_0.jpg,Dahlia coccinea,6423211796,val
dataset_serb_bloque3/Dahlia_coccinea/6451656318_0.jpg,Dahlia coccinea,6451656318,val
dataset_serb_bloque3/Dahlia_coccinea/6452089123_0.jpg,Dahlia coccinea,6452089123,val
dataset_serb_bloque3/Dahlia_coccinea/6518498345_0.jpg,Dahlia coccinea,6518498345,test
dataset_serb_bloque3/Dahlia_coccinea/6430908799_0.jpg,Dahlia coccinea,6430908799,test
dataset_serb_bloque3/Dahlia_coccinea/6441367318_0.jpg,Dahlia coccinea,6441367318,test
dataset_serb_bloque3/Dahlia_coccinea/6470709703_0.jpg,Dahlia coccinea,6470709703,test
dataset_serb_bloque3/Dahlia_coccinea/6452107970_0.jpg,Dahlia coccinea,6452107970,test
dataset_serb_bloque3/Dahlia_coccinea/6452107970_1.jpg,Dahlia coccinea,6452107970,test
dataset_serb_bloque3/Dahlia_coccinea/6470106754_6.jpg,Dahlia coccinea,6470106754,test
dataset_serb_bloque3/Dahlia_coccinea/6470106754_4.jpg,Dahlia coccinea,6470106754,test
dataset_serb_bloque3/Dahlia_coccinea/6470106754_3.jpg,Dahlia coccinea,6470106754,test
dataset_serb_bloque3/Dahlia_coccinea/6470106754_5.jpg,Dahlia coccinea,6470106754,test
dataset_serb_bloque3/Dahlia_coccinea/6470106754_1.jpg,Dahlia coccinea,6470106754,test
dataset_serb_bloque3/Dahlia_coccinea/6470106754_2.jpg,Dahlia coccinea,6470106754,test
dataset_serb_bloque3/Dahlia_coccinea/6470106754_0.jpg,Dahlia coccinea,6470106754,test
dataset_serb_bloque3/Dahlia_coccinea/6470028451_0.jpg,Dahlia coccinea,6470028451,train
dataset_serb_bloque3/Dahlia_coccinea/6470028451_2.jpg,Dahlia coccinea,6470028451,train
dataset_serb_bloque3/Dahlia_coccinea/6470028451_1.jpg,Dahlia coccinea,6470028451,train
dataset_serb_bloque3/Dahlia_coccinea/6470424553_0.jpg,Dahlia coccinea,6470424553,train
dataset_serb_bloque3/Dahlia_coccinea/6498341575_1.jpg,Dahlia coccinea,6498341575,train
dataset_serb_bloque3/Dahlia_coccinea/6498341575_0.jpg,Dahlia coccinea,6498341575,train
dataset_serb_bloque3/Dahlia_coccinea/6479110215_0.jpg,Dahlia coccinea,6479110215,train
dataset_serb_bloque3/Dahlia_coccinea/6479110215_2.jpg,Dahlia coccinea,6479110215,train
dataset_serb_bloque3/Dahlia_coccinea/6479110215_1.jpg,Dahlia coccinea,6479110215,train
dataset_serb_bloque3/Dahlia_coccinea/6479110215_3.jpg,Dahlia coccinea,6479110215,train
dataset_serb_bloque3/Dahlia_coccinea/6479110215_4.jpg,Dahlia coccinea,6479110215,train
dataset_serb_bloque3/Dahlia_coccinea/6479110215_5.jpg,Dahlia coccinea,6479110215,train
dataset_serb_bloque3/Dahlia_coccinea/6479110215_6.jpg,Dahlia coccinea,6479110215,train
dataset_serb_bloque3/Dahlia_coccinea/6470501888_6.jpg,Dahlia coccinea,6470501888,train
dataset_serb_bloque3/Dahlia_coccinea/6470501888_2.jpg,Dahlia coccinea,6470501888,train
dataset_serb_bloque3/Dahlia_coccinea/6470501888_5.jpg,Dahlia coccinea,6470501888,train
dataset_serb_bloque3/Dahlia_coccinea/6470501888_0.jpg,Dahlia coccinea,6470501888,train
dataset_serb_bloque3/Dahlia_coccinea/6470501888_1.jpg,Dahlia coccinea,6470501888,train
dataset_serb_bloque3/Dahlia_coccinea/6470501888_4.jpg,Dahlia coccinea,6470501888,train
dataset_serb_bloque3/Dahlia_coccinea/6470501888_3.jpg,Dahlia coccinea,6470501888,train
dataset_serb_bloque3/Dahlia_coccinea/6470599471_6.jpg,Dahlia coccinea,6470599471,train
dataset_serb_bloque3/Dahlia_coccinea/6470599471_0.jpg,Dahlia coccinea,6470599471,train
dataset_serb_bloque3/Dahlia_coccinea/6470599471_2.jpg,Dahlia coccinea,6470599471,train
dataset_serb_bloque3/Dahlia_coccinea/6470599471_4.jpg,Dahlia coccinea,6470599471,train
dataset_serb_bloque3/Dahlia_coccinea/6470599471_3.jpg,Dahlia coccinea,6470599471,train
dataset_serb_bloque3/Dahlia_coccinea/6470599471_1.jpg,Dahlia coccinea,6470599471,train
dataset_serb_bloque3/Dahlia_coccinea/6470599471_5.jpg,Dahlia coccinea,6470599471,train
dataset_serb_bloque3/Dahlia_coccinea/6441012712_0.jpg,Dahlia coccinea,6441012712,train
dataset_serb_bloque3/Dahlia_coccinea/6441012712_1.jpg,Dahlia coccinea,6441012712,train
dataset_serb_bloque3/Dahlia_coccinea/6441203559_0.jpg,Dahlia coccinea,6441203559,train
dataset_serb_bloque3/Dahlia_coccinea/6441203559_1.jpg,Dahlia coccinea,6441203559,train
dataset_serb_bloque3/Dahlia_coccinea/6452627386_0.jpg,Dahlia coccinea,6452627386,train
dataset_serb_bloque3/Dahlia_coccinea/6431405068_0.jpg,Dahlia coccinea,6431405068,train
dataset_serb_bloque3/Dahlia_coccinea/6441152441_0.jpg,Dahlia coccinea,6441152441,train
dataset_serb_bloque3/Dahlia_coccinea/6479167614_0.jpg,Dahlia coccinea,6479167614,train
dataset_serb_bloque3/Dahlia_coccinea/6470449850_7.jpg,Dahlia coccinea,6470449850,train
dataset_serb_bloque3/Dahlia_coccinea/6470449850_6.jpg,Dahlia coccinea,6470449850,train
dataset_serb_bloque3/Dahlia_coccinea/6470449850_9.jpg,Dahlia coccinea,6470449850,train
dataset_serb_bloque3/Dahlia_coccinea/6470449850_3.jpg,Dahlia coccinea,6470449850,train
dataset_serb_bloque3/Dahlia_coccinea/6470449850_1.jpg,Dahlia coccinea,6470449850,train
dataset_serb_bloque3/Dahlia_coccinea/6470449850_4.jpg,Dahlia coccinea,6470449850,train
dataset_serb_bloque3/Dahlia_coccinea/6470449850_2.jpg,Dahlia coccinea,6470449850,train
dataset_serb_bloque3/Dahlia_coccinea/6470449850_8.jpg,Dahlia coccinea,6470449850,train
dataset_serb_bloque3/Dahlia_coccinea/6470449850_0.jpg,Dahlia coccinea,6470449850,train
dataset_serb_bloque3/Dahlia_coccinea/6470449850_5.jpg,Dahlia coccinea,6470449850,train
dataset_serb_bloque3/Dahlia_coccinea/6431234862_1.jpg,Dahlia coccinea,6431234862,train
dataset_serb_bloque3/Dahlia_coccinea/6431234862_0.jpg,Dahlia coccinea,6431234862,train
dataset_serb_bloque3/Dahlia_coccinea/6430806374_0.jpg,Dahlia coccinea,6430806374,train
dataset_serb_bloque3/Dahlia_coccinea/6430806374_1.jpg,Dahlia coccinea,6430806374,train
dataset_serb_bloque3/Dahlia_coccinea/6451752514_0.jpg,Dahlia coccinea,6451752514,train
dataset_serb_bloque3/Dahlia_coccinea/6441661500_0.jpg,Dahlia coccinea,6441661500,train
dataset_serb_bloque3/Dahlia_coccinea/6499541421_0.jpg,Dahlia coccinea,6499541421,train
dataset_serb_bloque3/Dahlia_coccinea/6470046534_3.jpg,Dahlia coccinea,6470046534,train
dataset_serb_bloque3/Dahlia_coccinea/6470046534_5.jpg,Dahlia coccinea,6470046534,train
dataset_serb_bloque3/Dahlia_coccinea/6470046534_2.jpg,Dahlia coccinea,6470046534,train
dataset_serb_bloque3/Dahlia_coccinea/6470046534_6.jpg,Dahlia coccinea,6470046534,train
dataset_serb_bloque3/Dahlia_coccinea/6470046534_0.jpg,Dahlia coccinea,6470046534,train
dataset_serb_bloque3/Dahlia_coccinea/6470046534_1.jpg,Dahlia coccinea,6470046534,train
dataset_serb_bloque3/Dahlia_coccinea/6470046534_4.jpg,Dahlia coccinea,6470046534,train
dataset_serb_bloque3/Dahlia_coccinea/6441261848_0.jpg,Dahlia coccinea,6441261848,train
dataset_serb_bloque3/Dahlia_coccinea/6518558568_0.jpg,Dahlia coccinea,6518558568,train
dataset_serb_bloque3/Dahlia_coccinea/6469960347_2.jpg,Dahlia coccinea,6469960347,train
dataset_serb_bloque3/Dahlia_coccinea/6469960347_4.jpg,Dahlia coccinea,6469960347,train
dataset_serb_bloque3/Dahlia_coccinea/6469960347_3.jpg,Dahlia coccinea,6469960347,train
dataset_serb_bloque3/Dahlia_coccinea/6469960347_5.jpg,Dahlia coccinea,6469960347,train
dataset_serb_bloque3/Dahlia_coccinea/6469960347_1.jpg,Dahlia coccinea,6469960347,train
dataset_serb_bloque3/Dahlia_coccinea/6469960347_0.jpg,Dahlia coccinea,6469960347,train
dataset_serb_bloque3/Dahlia_coccinea/6470737688_2.jpg,Dahlia coccinea,6470737688,train
dataset_serb_bloque3/Dahlia_coccinea/6470737688_0.jpg,Dahlia coccinea,6470737688,train
dataset_serb_bloque3/Dahlia_coccinea/6470737688_1.jpg,Dahlia coccinea,6470737688,train
dataset_serb_bloque3/Dahlia_coccinea/6470482100_1.jpg,Dahlia coccinea,6470482100,train
dataset_serb_bloque3/Dahlia_coccinea/6470482100_0.jpg,Dahlia coccinea,6470482100,train
dataset_serb_bloque3/Dahlia_coccinea/6470465309_0.jpg,Dahlia coccinea,6470465309,train
dataset_serb_bloque3/Dahlia_coccinea/6431320642_0.jpg,Dahlia coccinea,6431320642,train
dataset_serb_bloque3/Dahlia_coccinea/6431320642_1.jpg,Dahlia coccinea,6431320642,train
dataset_serb_bloque3/Dahlia_coccinea/6452222760_1.jpg,Dahlia coccinea,6452222760,train
dataset_serb_bloque3/Dahlia_coccinea/6452222760_0.jpg,Dahlia coccinea,6452222760,train
dataset_serb_bloque3/Dahlia_coccinea/6441077029_0.jpg,Dahlia coccinea,6441077029,train
dataset_serb_bloque3/Dahlia_coccinea/6441077029_2.jpg,Dahlia coccinea,6441077029,train
dataset_serb_bloque3/Dahlia_coccinea/6441077029_1.jpg,Dahlia coccinea,6441077029,train
dataset_serb_bloque3/Dodonaea_viscosa/6130242001_0.jpg,Dodonaea viscosa,6130242001,val
dataset_serb_bloque3/Dodonaea_viscosa/5938500251_0.jpg,Dodonaea viscosa,5938500251,val
dataset_serb_bloque3/Dodonaea_viscosa/6130152366_0.jpg,Dodonaea viscosa,6130152366,val
dataset_serb_bloque3/Dodonaea_viscosa/5938575578_0.jpg,Dodonaea viscosa,5938575578,val
dataset_serb_bloque3/Dodonaea_viscosa/6129822332_1.jpg,Dodonaea viscosa,6129822332,val
dataset_serb_bloque3/Dodonaea_viscosa/6129822332_0.jpg,Dodonaea viscosa,6129822332,val
dataset_serb_bloque3/Dodonaea_viscosa/6129822332_2.jpg,Dodonaea viscosa,6129822332,val
dataset_serb_bloque3/Dodonaea_viscosa/6129852870_0.jpg,Dodonaea viscosa,6129852870,val
dataset_serb_bloque3/Dodonaea_viscosa/6130147598_0.jpg,Dodonaea viscosa,6130147598,val
dataset_serb_bloque3/Dodonaea_viscosa/6129923834_1.jpg,Dodonaea viscosa,6129923834,test
dataset_serb_bloque3/Dodonaea_viscosa/6129923834_0.jpg,Dodonaea viscosa,6129923834,test
dataset_serb_bloque3/Dodonaea_viscosa/6130094708_1.jpg,Dodonaea viscosa,6130094708,test
dataset_serb_bloque3/Dodonaea_viscosa/6130094708_2.jpg,Dodonaea viscosa,6130094708,test
dataset_serb_bloque3/Dodonaea_viscosa/6130094708_0.jpg,Dodonaea viscosa,6130094708,test
dataset_serb_bloque3/Dodonaea_viscosa/6130041947_0.jpg,Dodonaea viscosa,6130041947,test
dataset_serb_bloque3/Dodonaea_viscosa/5938569745_0.jpg,Dodonaea viscosa,5938569745,test
dataset_serb_bloque3/Dodonaea_viscosa/5938569745_2.jpg,Dodonaea viscosa,5938569745,test
dataset_serb_bloque3/Dodonaea_viscosa/5938569745_1.jpg,Dodonaea viscosa,5938569745,test
dataset_serb_bloque3/Dodonaea_viscosa/6130050814_1.jpg,Dodonaea viscosa,6130050814,test
dataset_serb_bloque3/Dodonaea_viscosa/6130050814_0.jpg,Dodonaea viscosa,6130050814,test
dataset_serb_bloque3/Dodonaea_viscosa/6129916204_1.jpg,Dodonaea viscosa,6129916204,test
dataset_serb_bloque3/Dodonaea_viscosa/6129916204_0.jpg,Dodonaea viscosa,6129916204,test
dataset_serb_bloque3/Dodonaea_viscosa/6129916204_2.jpg,Dodonaea viscosa,6129916204,test
dataset_serb_bloque3/Dodonaea_viscosa/5938670786_0.jpg,Dodonaea viscosa,5938670786,test
dataset_serb_bloque3/Dodonaea_viscosa/6130040288_0.jpg,Dodonaea viscosa,6130040288,train
dataset_serb_bloque3/Dodonaea_viscosa/6130225309_1.jpg,Dodonaea viscosa,6130225309,train
dataset_serb_bloque3/Dodonaea_viscosa/6130225309_0.jpg,Dodonaea viscosa,6130225309,train
dataset_serb_bloque3/Dodonaea_viscosa/6130138805_0.jpg,Dodonaea viscosa,6130138805,train
dataset_serb_bloque3/Dodonaea_viscosa/6130155585_3.jpg,Dodonaea viscosa,6130155585,train
dataset_serb_bloque3/Dodonaea_viscosa/6130155585_1.jpg,Dodonaea viscosa,6130155585,train
dataset_serb_bloque3/Dodonaea_viscosa/6130155585_2.jpg,Dodonaea viscosa,6130155585,train
dataset_serb_bloque3/Dodonaea_viscosa/6130155585_0.jpg,Dodonaea viscosa,6130155585,train
dataset_serb_bloque3/Dodonaea_viscosa/6129881617_0.jpg,Dodonaea viscosa,6129881617,train
dataset_serb_bloque3/Dodonaea_viscosa/6130047670_1.jpg,Dodonaea viscosa,6130047670,train
dataset_serb_bloque3/Dodonaea_viscosa/6130047670_0.jpg,Dodonaea viscosa,6130047670,train
dataset_serb_bloque3/Dodonaea_viscosa/6129863042_0.jpg,Dodonaea viscosa,6129863042,train
dataset_serb_bloque3/Dodonaea_viscosa/6130215439_0.jpg,Dodonaea viscosa,6130215439,train
dataset_serb_bloque3/Dodonaea_viscosa/5938721001_0.jpg,Dodonaea viscosa,5938721001,train
dataset_serb_bloque3/Dodonaea_viscosa/6130137458_0.jpg,Dodonaea viscosa,6130137458,train
dataset_serb_bloque3/Dodonaea_viscosa/6130146191_2.jpg,Dodonaea viscosa,6130146191,train
dataset_serb_bloque3/Dodonaea_viscosa/6130146191_1.jpg,Dodonaea viscosa,6130146191,train
dataset_serb_bloque3/Dodonaea_viscosa/6130146191_0.jpg,Dodonaea viscosa,6130146191,train
dataset_serb_bloque3/Dodonaea_viscosa/6130120805_0.jpg,Dodonaea viscosa,6130120805,train
dataset_serb_bloque3/Dodonaea_viscosa/6130251845_0.jpg,Dodonaea viscosa,6130251845,train
dataset_serb_bloque3/Dodonaea_viscosa/6129906817_0.jpg,Dodonaea viscosa,6129906817,train
dataset_serb_bloque3/Dodonaea_viscosa/6130010677_0.jpg,Dodonaea viscosa,6130010677,train
dataset_serb_bloque3/Dodonaea_viscosa/6130010677_2.jpg,Dodonaea viscosa,6130010677,train
dataset_serb_bloque3/Dodonaea_viscosa/6130010677_5.jpg,Dodonaea viscosa,6130010677,train
dataset_serb_bloque3/Dodonaea_viscosa/6130010677_3.jpg,Dodonaea viscosa,6130010677,train
dataset_serb_bloque3/Dodonaea_viscosa/6130010677_4.jpg,Dodonaea viscosa,6130010677,train
dataset_serb_bloque3/Dodonaea_viscosa/6130010677_1.jpg,Dodonaea viscosa,6130010677,train
dataset_serb_bloque3/Dodonaea_viscosa/6130113656_0.jpg,Dodonaea viscosa,6130113656,train
dataset_serb_bloque3/Dodonaea_viscosa/6129892063_0.jpg,Dodonaea viscosa,6129892063,train
dataset_serb_bloque3/Dodonaea_viscosa/6130290911_0.jpg,Dodonaea viscosa,6130290911,train
dataset_serb_bloque3/Dodonaea_viscosa/6130069278_0.jpg,Dodonaea viscosa,6130069278,train
dataset_serb_bloque3/Dodonaea_viscosa/6129866320_0.jpg,Dodonaea viscosa,6129866320,train
dataset_serb_bloque3/Dodonaea_viscosa/6129896444_0.jpg,Dodonaea viscosa,6129896444,train
dataset_serb_bloque3/Dodonaea_viscosa/6130216465_0.jpg,Dodonaea viscosa,6130216465,train
dataset_serb_bloque3/Dodonaea_viscosa/5938618619_2.jpg,Dodonaea viscosa,5938618619,train
dataset_serb_bloque3/Dodonaea_viscosa/5938618619_1.jpg,Dodonaea viscosa,5938618619,train
dataset_serb_bloque3/Dodonaea_viscosa/5938618619_0.jpg,Dodonaea viscosa,5938618619,train
dataset_serb_bloque3/Dodonaea_viscosa/5938510059_1.jpg,Dodonaea viscosa,5938510059,train
dataset_serb_bloque3/Dodonaea_viscosa/5938510059_0.jpg,Dodonaea viscosa,5938510059,train
dataset_serb_bloque3/Dodonaea_viscosa/5938527581_0.jpg,Dodonaea viscosa,5938527581,train
dataset_serb_bloque3/Dodonaea_viscosa/5938527581_1.jpg,Dodonaea viscosa,5938527581,train
dataset_serb_bloque3/Dodonaea_viscosa/5938527581_2.jpg,Dodonaea viscosa,5938527581,train
dataset_serb_bloque3/Dodonaea_viscosa/6130185540_0.jpg,Dodonaea viscosa,6130185540,train
dataset_serb_bloque3/Dodonaea_viscosa/6130013332_0.jpg,Dodonaea viscosa,6130013332,train
dataset_serb_bloque3/Dodonaea_viscosa/6130013332_2.jpg,Dodonaea viscosa,6130013332,train
dataset_serb_bloque3/Dodonaea_viscosa/6130013332_1.jpg,Dodonaea viscosa,6130013332,train
dataset_serb_bloque3/Dodonaea_viscosa/6130213010_0.jpg,Dodonaea viscosa,6130213010,train
dataset_serb_bloque3/Dodonaea_viscosa/6130213862_0.jpg,Dodonaea viscosa,6130213862,train
dataset_serb_bloque3/Dodonaea_viscosa/6130213862_1.jpg,Dodonaea viscosa,6130213862,train
dataset_serb_bloque3/Dodonaea_viscosa/6130221699_0.jpg,Dodonaea viscosa,6130221699,train
dataset_serb_bloque3/Dodonaea_viscosa/6129842258_1.jpg,Dodonaea viscosa,6129842258,train
dataset_serb_bloque3/Dodonaea_viscosa/6129842258_0.jpg,Dodonaea viscosa,6129842258,train
dataset_serb_bloque3/Dodonaea_viscosa/6129842258_2.jpg,Dodonaea viscosa,6129842258,train
dataset_serb_bloque3/Dodonaea_viscosa/6129841954_0.jpg,Dodonaea viscosa,6129841954,train
dataset_serb_bloque3/Dodonaea_viscosa/6130291772_0.jpg,Dodonaea viscosa,6130291772,train
dataset_serb_bloque3/Dodonaea_viscosa/6130193386_0.jpg,Dodonaea viscosa,6130193386,train
dataset_serb_bloque3/Baccharis_salicifolia/6129995716_0.jpg,Baccharis salicifolia,6129995716,val
dataset_serb_bloque3/Baccharis_salicifolia/6130440868_1.jpg,Baccharis salicifolia,6130440868,val
dataset_serb_bloque3/Baccharis_salicifolia/6130440868_0.jpg,Baccharis salicifolia,6130440868,val
dataset_serb_bloque3/Baccharis_salicifolia/6130213067_0.jpg,Baccharis salicifolia,6130213067,val
dataset_serb_bloque3/Baccharis_salicifolia/6130305715_0.jpg,Baccharis salicifolia,6130305715,val
dataset_serb_bloque3/Baccharis_salicifolia/6130155455_0.jpg,Baccharis salicifolia,6130155455,val
dataset_serb_bloque3/Baccharis_salicifolia/6130403308_1.jpg,Baccharis salicifolia,6130403308,val
dataset_serb_bloque3/Baccharis_salicifolia/6130403308_2.jpg,Baccharis salicifolia,6130403308,val
dataset_serb_bloque3/Baccharis_salicifolia/6130403308_0.jpg,Baccharis salicifolia,6130403308,val
dataset_serb_bloque3/Baccharis_salicifolia/6130362390_0.jpg,Baccharis salicifolia,6130362390,test
dataset_serb_bloque3/Baccharis_salicifolia/6130362390_4.jpg,Baccharis salicifolia,6130362390,test
dataset_serb_bloque3/Baccharis_salicifolia/6130362390_3.jpg,Baccharis salicifolia,6130362390,test
dataset_serb_bloque3/Baccharis_salicifolia/6130362390_1.jpg,Baccharis salicifolia,6130362390,test
dataset_serb_bloque3/Baccharis_salicifolia/6130362390_2.jpg,Baccharis salicifolia,6130362390,test
dataset_serb_bloque3/Baccharis_salicifolia/6130357248_1.jpg,Baccharis salicifolia,6130357248,test
dataset_serb_bloque3/Baccharis_salicifolia/6130357248_0.jpg,Baccharis salicifolia,6130357248,test
dataset_serb_bloque3/Baccharis_salicifolia/6130357248_3.jpg,Baccharis salicifolia,6130357248,test
dataset_serb_bloque3/Baccharis_salicifolia/6130357248_2.jpg,Baccharis salicifolia,6130357248,test
dataset_serb_bloque3/Baccharis_salicifolia/6129914173_0.jpg,Baccharis salicifolia,6129914173,test
dataset_serb_bloque3/Baccharis_salicifolia/6130091883_1.jpg,Baccharis salicifolia,6130091883,test
dataset_serb_bloque3/Baccharis_salicifolia/6130091883_2.jpg,Baccharis salicifolia,6130091883,test
dataset_serb_bloque3/Baccharis_salicifolia/6130091883_0.jpg,Baccharis salicifolia,6130091883,test
dataset_serb_bloque3/Baccharis_salicifolia/6130371846_0.jpg,Baccharis salicifolia,6130371846,test
dataset_serb_bloque3/Baccharis_salicifolia/6130225970_3.jpg,Baccharis salicifolia,6130225970,test
dataset_serb_bloque3/Baccharis_salicifolia/6130225970_2.jpg,Baccharis salicifolia,6130225970,test
dataset_serb_bloque3/Baccharis_salicifolia/6130225970_1.jpg,Baccharis salicifolia,6130225970,test
dataset_serb_bloque3/Baccharis_salicifolia/6130225970_0.jpg,Baccharis salicifolia,6130225970,test
dataset_serb_bloque3/Baccharis_salicifolia/6130397187_0.jpg,Baccharis salicifolia,6130397187,train
dataset_serb_bloque3/Baccharis_salicifolia/6130040376_0.jpg,Baccharis salicifolia,6130040376,train
dataset_serb_bloque3/Baccharis_salicifolia/6130209720_1.jpg,Baccharis salicifolia,6130209720,train
dataset_serb_bloque3/Baccharis_salicifolia/6130209720_0.jpg,Baccharis salicifolia,6130209720,train
dataset_serb_bloque3/Baccharis_salicifolia/6130499040_0.jpg,Baccharis salicifolia,6130499040,train
dataset_serb_bloque3/Baccharis_salicifolia/6130468533_0.jpg,Baccharis salicifolia,6130468533,train
dataset_serb_bloque3/Baccharis_salicifolia/6130540020_0.jpg,Baccharis salicifolia,6130540020,train
dataset_serb_bloque3/Baccharis_salicifolia/6130160126_2.jpg,Baccharis salicifolia,6130160126,train
dataset_serb_bloque3/Baccharis_salicifolia/6130160126_1.jpg,Baccharis salicifolia,6130160126,train
dataset_serb_bloque3/Baccharis_salicifolia/6130160126_0.jpg,Baccharis salicifolia,6130160126,train
dataset_serb_bloque3/Baccharis_salicifolia/6130160126_3.jpg,Baccharis salicifolia,6130160126,train
dataset_serb_bloque3/Baccharis_salicifolia/6130074458_1.jpg,Baccharis salicifolia,6130074458,train
dataset_serb_bloque3/Baccharis_salicifolia/6130074458_0.jpg,Baccharis salicifolia,6130074458,train
dataset_serb_bloque3/Baccharis_salicifolia/6130015700_0.jpg,Baccharis salicifolia,6130015700,train
dataset_serb_bloque3/Baccharis_salicifolia/6130406862_1.jpg,Baccharis salicifolia,6130406862,train
dataset_serb_bloque3/Baccharis_salicifolia/6130406862_3.jpg,Baccharis salicifolia,6130406862,train
dataset_serb_bloque3/Baccharis_salicifolia/6130406862_4.jpg,Baccharis salicifolia,6130406862,train
dataset_serb_bloque3/Baccharis_salicifolia/6130406862_2.jpg,Baccharis salicifolia,6130406862,train
dataset_serb_bloque3/Baccharis_salicifolia/6130406862_0.jpg,Baccharis salicifolia,6130406862,train
dataset_serb_bloque3/Baccharis_salicifolia/6130101967_3.jpg,Baccharis salicifolia,6130101967,train
dataset_serb_bloque3/Baccharis_salicifolia/6130101967_2.jpg,Baccharis salicifolia,6130101967,train
dataset_serb_bloque3/Baccharis_salicifolia/6130101967_1.jpg,Baccharis salicifolia,6130101967,train
dataset_serb_bloque3/Baccharis_salicifolia/6130101967_0.jpg,Baccharis salicifolia,6130101967,train
dataset_serb_bloque3/Baccharis_salicifolia/6130171798_1.jpg,Baccharis salicifolia,6130171798,train
dataset_serb_bloque3/Baccharis_salicifolia/6130171798_0.jpg,Baccharis salicifolia,6130171798,train
dataset_serb_bloque3/Baccharis_salicifolia/6130096910_0.jpg,Baccharis salicifolia,6130096910,train
dataset_serb_bloque3/Baccharis_salicifolia/6130064515_1.jpg,Baccharis salicifolia,6130064515,train
dataset_serb_bloque3/Baccharis_salicifolia/6130064515_0.jpg,Baccharis salicifolia,6130064515,train
dataset_serb_bloque3/Baccharis_salicifolia/6129929669_0.jpg,Baccharis salicifolia,6129929669,train
dataset_serb_bloque3/Baccharis_salicifolia/6129929669_1.jpg,Baccharis salicifolia,6129929669,train
dataset_serb_bloque3/Baccharis_salicifolia/6130005268_1.jpg,Baccharis salicifolia,6130005268,train
dataset_serb_bloque3/Baccharis_salicifolia/6130005268_4.jpg,Baccharis salicifolia,6130005268,train
dataset_serb_bloque3/Baccharis_salicifolia/6130005268_3.jpg,Baccharis salicifolia,6130005268,train
dataset_serb_bloque3/Baccharis_salicifolia/6130005268_2.jpg,Baccharis salicifolia,6130005268,train
dataset_serb_bloque3/Baccharis_salicifolia/6130005268_0.jpg,Baccharis salicifolia,6130005268,train
dataset_serb_bloque3/Baccharis_salicifolia/6130013696_0.jpg,Baccharis salicifolia,6130013696,train
dataset_serb_bloque3/Baccharis_salicifolia/6130525468_0.jpg,Baccharis salicifolia,6130525468,train
dataset_serb_bloque3/Baccharis_salicifolia/6130525468_3.jpg,Baccharis salicifolia,6130525468,train
dataset_serb_bloque3/Baccharis_salicifolia/6130525468_2.jpg,Baccharis salicifolia,6130525468,train
dataset_serb_bloque3/Baccharis_salicifolia/6130525468_1.jpg,Baccharis salicifolia,6130525468,train
dataset_serb_bloque3/Baccharis_salicifolia/6130108404_0.jpg,Baccharis salicifolia,6130108404,train
dataset_serb_bloque3/Baccharis_salicifolia/6130108404_1.jpg,Baccharis salicifolia,6130108404,train
dataset_serb_bloque3/Baccharis_salicifolia/6130159558_0.jpg,Baccharis salicifolia,6130159558,train
dataset_serb_bloque3/Baccharis_salicifolia/6130159558_3.jpg,Baccharis salicifolia,6130159558,train
dataset_serb_bloque3/Baccharis_salicifolia/6130159558_1.jpg,Baccharis salicifolia,6130159558,train
dataset_serb_bloque3/Baccharis_salicifolia/6130159558_2.jpg,Baccharis salicifolia,6130159558,train
dataset_serb_bloque3/Baccharis_salicifolia/6130030958_0.jpg,Baccharis salicifolia,6130030958,train
dataset_serb_bloque3/Baccharis_salicifolia/6130388112_1.jpg,Baccharis salicifolia,6130388112,train
dataset_serb_bloque3/Baccharis_salicifolia/6130388112_2.jpg,Baccharis salicifolia,6130388112,train
dataset_serb_bloque3/Baccharis_salicifolia/6130388112_0.jpg,Baccharis salicifolia,6130388112,train
dataset_serb_bloque3/Baccharis_salicifolia/6130388112_3.jpg,Baccharis salicifolia,6130388112,train
dataset_serb_bloque3/Baccharis_salicifolia/6130114227_4.jpg,Baccharis salicifolia,6130114227,train
dataset_serb_bloque3/Baccharis_salicifolia/6130114227_1.jpg,Baccharis salicifolia,6130114227,train
dataset_serb_bloque3/Baccharis_salicifolia/6130114227_2.jpg,Baccharis salicifolia,6130114227,train
dataset_serb_bloque3/Baccharis_salicifolia/6130114227_3.jpg,Baccharis salicifolia,6130114227,train
dataset_serb_bloque3/Baccharis_salicifolia/6130114227_0.jpg,Baccharis salicifolia,6130114227,train
dataset_serb_bloque3/Baccharis_salicifolia/6130185633_0.jpg,Baccharis salicifolia,6130185633,train
dataset_serb_bloque3/Baccharis_salicifolia/6130022024_0.jpg,Baccharis salicifolia,6130022024,train
dataset_serb_bloque3/Baccharis_salicifolia/6130022024_1.jpg,Baccharis salicifolia,6130022024,train
dataset_serb_bloque3/Baccharis_salicifolia/6130452471_0.jpg,Baccharis salicifolia,6130452471,train
dataset_serb_bloque3/Baccharis_salicifolia/6130404270_0.jpg,Baccharis salicifolia,6130404270,train
dataset_serb_bloque3/Baccharis_salicifolia/6130404270_2.jpg,Baccharis salicifolia,6130404270,train
dataset_serb_bloque3/Baccharis_salicifolia/6130404270_1.jpg,Baccharis salicifolia,6130404270,train
dataset_serb_bloque3/Baccharis_salicifolia/6130225473_0.jpg,Baccharis salicifolia,6130225473,train
dataset_serb_bloque3/Plumeria_rubra/6185081137_0.jpg,Plumeria rubra,6185081137,val
dataset_serb_bloque3/Plumeria_rubra/6171321705_0.jpg,Plumeria rubra,6171321705,val
dataset_serb_bloque3/Plumeria_rubra/6171321705_1.jpg,Plumeria rubra,6171321705,val
dataset_serb_bloque3/Plumeria_rubra/6188034040_0.jpg,Plumeria rubra,6188034040,val
dataset_serb_bloque3/Plumeria_rubra/6399939321_0.jpg,Plumeria rubra,6399939321,val
dataset_serb_bloque3/Plumeria_rubra/6235352869_0.jpg,Plumeria rubra,6235352869,val
dataset_serb_bloque3/Plumeria_rubra/6236546945_0.jpg,Plumeria rubra,6236546945,val
dataset_serb_bloque3/Plumeria_rubra/6252840262_0.jpg,Plumeria rubra,6252840262,val
dataset_serb_bloque3/Plumeria_rubra/6185395613_0.jpg,Plumeria rubra,6185395613,val
dataset_serb_bloque3/Plumeria_rubra/6170850528_0.jpg,Plumeria rubra,6170850528,val
dataset_serb_bloque3/Plumeria_rubra/6185306070_0.jpg,Plumeria rubra,6185306070,val
dataset_serb_bloque3/Plumeria_rubra/6185880683_0.jpg,Plumeria rubra,6185880683,val
dataset_serb_bloque3/Plumeria_rubra/6451789442_0.jpg,Plumeria rubra,6451789442,val
dataset_serb_bloque3/Plumeria_rubra/6196053374_0.jpg,Plumeria rubra,6196053374,val
dataset_serb_bloque3/Plumeria_rubra/6163000428_0.jpg,Plumeria rubra,6163000428,val
dataset_serb_bloque3/Plumeria_rubra/6186072725_0.jpg,Plumeria rubra,6186072725,test
dataset_serb_bloque3/Plumeria_rubra/6334004926_5.jpg,Plumeria rubra,6334004926,test
dataset_serb_bloque3/Plumeria_rubra/6334004926_2.jpg,Plumeria rubra,6334004926,test
dataset_serb_bloque3/Plumeria_rubra/6334004926_1.jpg,Plumeria rubra,6334004926,test
dataset_serb_bloque3/Plumeria_rubra/6334004926_3.jpg,Plumeria rubra,6334004926,test
dataset_serb_bloque3/Plumeria_rubra/6334004926_4.jpg,Plumeria rubra,6334004926,test
dataset_serb_bloque3/Plumeria_rubra/6334004926_6.jpg,Plumeria rubra,6334004926,test
dataset_serb_bloque3/Plumeria_rubra/6334004926_0.jpg,Plumeria rubra,6334004926,test
dataset_serb_bloque3/Plumeria_rubra/6162861116_0.jpg,Plumeria rubra,6162861116,test
dataset_serb_bloque3/Plumeria_rubra/6185970878_0.jpg,Plumeria rubra,6185970878,test
dataset_serb_bloque3/Plumeria_rubra/6171049683_0.jpg,Plumeria rubra,6171049683,test
dataset_serb_bloque3/Plumeria_rubra/6159573450_0.jpg,Plumeria rubra,6159573450,test
dataset_serb_bloque3/Plumeria_rubra/6252392402_0.jpg,Plumeria rubra,6252392402,test
dataset_serb_bloque3/Plumeria_rubra/6185954924_1.jpg,Plumeria rubra,6185954924,test
dataset_serb_bloque3/Plumeria_rubra/6185954924_0.jpg,Plumeria rubra,6185954924,test
dataset_serb_bloque3/Plumeria_rubra/6186049632_0.jpg,Plumeria rubra,6186049632,test
dataset_serb_bloque3/Plumeria_rubra/6179292072_0.jpg,Plumeria rubra,6179292072,test
dataset_serb_bloque3/Plumeria_rubra/6452174552_0.jpg,Plumeria rubra,6452174552,test
dataset_serb_bloque3/Plumeria_rubra/6320879040_0.jpg,Plumeria rubra,6320879040,test
dataset_serb_bloque3/Plumeria_rubra/6185165336_0.jpg,Plumeria rubra,6185165336,test
dataset_serb_bloque3/Plumeria_rubra/6184952640_3.jpg,Plumeria rubra,6184952640,test
dataset_serb_bloque3/Plumeria_rubra/6184952640_0.jpg,Plumeria rubra,6184952640,test
dataset_serb_bloque3/Plumeria_rubra/6184952640_5.jpg,Plumeria rubra,6184952640,test
dataset_serb_bloque3/Plumeria_rubra/6184952640_4.jpg,Plumeria rubra,6184952640,test
dataset_serb_bloque3/Plumeria_rubra/6184952640_6.jpg,Plumeria rubra,6184952640,test
dataset_serb_bloque3/Plumeria_rubra/6184952640_2.jpg,Plumeria rubra,6184952640,test
dataset_serb_bloque3/Plumeria_rubra/6184952640_1.jpg,Plumeria rubra,6184952640,test
dataset_serb_bloque3/Plumeria_rubra/6178696738_0.jpg,Plumeria rubra,6178696738,train
dataset_serb_bloque3/Plumeria_rubra/6186027253_0.jpg,Plumeria rubra,6186027253,train
dataset_serb_bloque3/Plumeria_rubra/6178756938_0.jpg,Plumeria rubra,6178756938,train
dataset_serb_bloque3/Plumeria_rubra/6178818022_0.jpg,Plumeria rubra,6178818022,train
dataset_serb_bloque3/Plumeria_rubra/6236059377_1.jpg,Plumeria rubra,6236059377,train
dataset_serb_bloque3/Plumeria_rubra/6236059377_0.jpg,Plumeria rubra,6236059377,train
dataset_serb_bloque3/Plumeria_rubra/6236059377_2.jpg,Plumeria rubra,6236059377,train
dataset_serb_bloque3/Plumeria_rubra/6236059377_3.jpg,Plumeria rubra,6236059377,train
dataset_serb_bloque3/Plumeria_rubra/6171007648_1.jpg,Plumeria rubra,6171007648,train
dataset_serb_bloque3/Plumeria_rubra/6171007648_0.jpg,Plumeria rubra,6171007648,train
dataset_serb_bloque3/Plumeria_rubra/6234667491_2.jpg,Plumeria rubra,6234667491,train
dataset_serb_bloque3/Plumeria_rubra/6234667491_0.jpg,Plumeria rubra,6234667491,train
dataset_serb_bloque3/Plumeria_rubra/6234667491_1.jpg,Plumeria rubra,6234667491,train
dataset_serb_bloque3/Plumeria_rubra/6234667491_3.jpg,Plumeria rubra,6234667491,train
dataset_serb_bloque3/Plumeria_rubra/6178940451_1.jpg,Plumeria rubra,6178940451,train
dataset_serb_bloque3/Plumeria_rubra/6178940451_2.jpg,Plumeria rubra,6178940451,train
dataset_serb_bloque3/Plumeria_rubra/6178940451_0.jpg,Plumeria rubra,6178940451,train
dataset_serb_bloque3/Plumeria_rubra/6186115598_0.jpg,Plumeria rubra,6186115598,train
dataset_serb_bloque3/Plumeria_rubra/6234472503_2.jpg,Plumeria rubra,6234472503,train
dataset_serb_bloque3/Plumeria_rubra/6234472503_0.jpg,Plumeria rubra,6234472503,train
dataset_serb_bloque3/Plumeria_rubra/6234472503_6.jpg,Plumeria rubra,6234472503,train
dataset_serb_bloque3/Plumeria_rubra/6234472503_7.jpg,Plumeria rubra,6234472503,train
dataset_serb_bloque3/Plumeria_rubra/6234472503_1.jpg,Plumeria rubra,6234472503,train
dataset_serb_bloque3/Plumeria_rubra/6234472503_5.jpg,Plumeria rubra,6234472503,train
dataset_serb_bloque3/Plumeria_rubra/6234472503_3.jpg,Plumeria rubra,6234472503,train
dataset_serb_bloque3/Plumeria_rubra/6234472503_4.jpg,Plumeria rubra,6234472503,train
dataset_serb_bloque3/Plumeria_rubra/6452093474_0.jpg,Plumeria rubra,6452093474,train
dataset_serb_bloque3/Plumeria_rubra/6234200210_0.jpg,Plumeria rubra,6234200210,train
dataset_serb_bloque3/Plumeria_rubra/6185183312_0.jpg,Plumeria rubra,6185183312,train
dataset_serb_bloque3/Plumeria_rubra/6320818437_1.jpg,Plumeria rubra,6320818437,train
dataset_serb_bloque3/Plumeria_rubra/6320818437_0.jpg,Plumeria rubra,6320818437,train
dataset_serb_bloque3/Plumeria_rubra/6185260139_0.jpg,Plumeria rubra,6185260139,train
dataset_serb_bloque3/Plumeria_rubra/6235836189_0.jpg,Plumeria rubra,6235836189,train
dataset_serb_bloque3/Plumeria_rubra/6235369318_0.jpg,Plumeria rubra,6235369318,train
dataset_serb_bloque3/Plumeria_rubra/6252252536_0.jpg,Plumeria rubra,6252252536,train
dataset_serb_bloque3/Plumeria_rubra/6188180380_0.jpg,Plumeria rubra,6188180380,train
dataset_serb_bloque3/Plumeria_rubra/6162801819_0.jpg,Plumeria rubra,6162801819,train
dataset_serb_bloque3/Plumeria_rubra/6234954524_0.jpg,Plumeria rubra,6234954524,train
dataset_serb_bloque3/Plumeria_rubra/6451513692_0.jpg,Plumeria rubra,6451513692,train
dataset_serb_bloque3/Plumeria_rubra/6185306755_0.jpg,Plumeria rubra,6185306755,train
dataset_serb_bloque3/Plumeria_rubra/6185910159_1.jpg,Plumeria rubra,6185910159,train
dataset_serb_bloque3/Plumeria_rubra/6185910159_0.jpg,Plumeria rubra,6185910159,train
dataset_serb_bloque3/Plumeria_rubra/6171149012_0.jpg,Plumeria rubra,6171149012,train
dataset_serb_bloque3/Plumeria_rubra/6451654719_1.jpg,Plumeria rubra,6451654719,train
dataset_serb_bloque3/Plumeria_rubra/6451654719_0.jpg,Plumeria rubra,6451654719,train
dataset_serb_bloque3/Plumeria_rubra/6451654719_2.jpg,Plumeria rubra,6451654719,train
dataset_serb_bloque3/Plumeria_rubra/6188320612_0.jpg,Plumeria rubra,6188320612,train
dataset_serb_bloque3/Plumeria_rubra/6235167525_0.jpg,Plumeria rubra,6235167525,train
dataset_serb_bloque3/Plumeria_rubra/6235995908_0.jpg,Plumeria rubra,6235995908,train
dataset_serb_bloque3/Plumeria_rubra/6178964556_0.jpg,Plumeria rubra,6178964556,train
dataset_serb_bloque3/Plumeria_rubra/6195284699_0.jpg,Plumeria rubra,6195284699,train
dataset_serb_bloque3/Plumeria_rubra/6184721522_0.jpg,Plumeria rubra,6184721522,train
dataset_serb_bloque3/Plumeria_rubra/6184923098_0.jpg,Plumeria rubra,6184923098,train
dataset_serb_bloque3/Plumeria_rubra/6252413023_0.jpg,Plumeria rubra,6252413023,train
dataset_serb_bloque3/Plumeria_rubra/6252413023_1.jpg,Plumeria rubra,6252413023,train
dataset_serb_bloque3/Plumeria_rubra/6252413023_2.jpg,Plumeria rubra,6252413023,train
dataset_serb_bloque3/Plumeria_rubra/6252413023_3.jpg,Plumeria rubra,6252413023,train
dataset_serb_bloque3/Plumeria_rubra/6170883068_0.jpg,Plumeria rubra,6170883068,train
dataset_serb_bloque3/Plumeria_rubra/6178514052_0.jpg,Plumeria rubra,6178514052,train
dataset_serb_bloque3/Plumeria_rubra/6185520082_0.jpg,Plumeria rubra,6185520082,train
dataset_serb_bloque3/Plumeria_rubra/6234830490_0.jpg,Plumeria rubra,6234830490,train
dataset_serb_bloque3/Plumeria_rubra/6235605212_3.jpg,Plumeria rubra,6235605212,train
dataset_serb_bloque3/Plumeria_rubra/6235605212_1.jpg,Plumeria rubra,6235605212,train
dataset_serb_bloque3/Plumeria_rubra/6235605212_2.jpg,Plumeria rubra,6235605212,train
dataset_serb_bloque3/Plumeria_rubra/6235605212_0.jpg,Plumeria rubra,6235605212,train
dataset_serb_bloque3/Plumeria_rubra/6235605212_4.jpg,Plumeria rubra,6235605212,train
dataset_serb_bloque3/Plumeria_rubra/6188526734_0.jpg,Plumeria rubra,6188526734,train
dataset_serb_bloque3/Plumeria_rubra/6170944486_0.jpg,Plumeria rubra,6170944486,train
dataset_serb_bloque3/Plumeria_rubra/6441782659_0.jpg,Plumeria rubra,6441782659,train
dataset_serb_bloque3/Plumeria_rubra/6251817200_3.jpg,Plumeria rubra,6251817200,train
dataset_serb_bloque3/Plumeria_rubra/6251817200_2.jpg,Plumeria rubra,6251817200,train
dataset_serb_bloque3/Plumeria_rubra/6251817200_0.jpg,Plumeria rubra,6251817200,train
dataset_serb_bloque3/Plumeria_rubra/6251817200_1.jpg,Plumeria rubra,6251817200,train
dataset_serb_bloque3/Plumeria_rubra/6252890458_1.jpg,Plumeria rubra,6252890458,train
dataset_serb_bloque3/Plumeria_rubra/6252890458_0.jpg,Plumeria rubra,6252890458,train
dataset_serb_bloque3/Plumeria_rubra/6184765190_0.jpg,Plumeria rubra,6184765190,train
dataset_serb_bloque3/Plumeria_rubra/6184765190_1.jpg,Plumeria rubra,6184765190,train
dataset_serb_bloque3/Plumeria_rubra/6184765190_2.jpg,Plumeria rubra,6184765190,train
dataset_serb_bloque3/Plumeria_rubra/6252066261_0.jpg,Plumeria rubra,6252066261,train
dataset_serb_bloque3/Plumeria_rubra/6252066261_2.jpg,Plumeria rubra,6252066261,train
dataset_serb_bloque3/Plumeria_rubra/6252066261_4.jpg,Plumeria rubra,6252066261,train
dataset_serb_bloque3/Plumeria_rubra/6252066261_3.jpg,Plumeria rubra,6252066261,train
dataset_serb_bloque3/Plumeria_rubra/6252066261_1.jpg,Plumeria rubra,6252066261,train
dataset_serb_bloque3/Plumeria_rubra/6252151235_0.jpg,Plumeria rubra,6252151235,train
dataset_serb_bloque3/Plumeria_rubra/6452698447_0.jpg,Plumeria rubra,6452698447,train
dataset_serb_bloque3/Plumeria_rubra/6273786303_0.jpg,Plumeria rubra,6273786303,train
dataset_serb_bloque3/Plumeria_rubra/6163139388_0.jpg,Plumeria rubra,6163139388,train
dataset_serb_bloque3/Plumeria_rubra/6320616962_0.jpg,Plumeria rubra,6320616962,train
dataset_serb_bloque3/Plumeria_rubra/6195332878_0.jpg,Plumeria rubra,6195332878,train
dataset_serb_bloque3/Plumeria_rubra/6188072093_1.jpg,Plumeria rubra,6188072093,train
dataset_serb_bloque3/Plumeria_rubra/6188072093_0.jpg,Plumeria rubra,6188072093,train
dataset_serb_bloque3/Plumeria_rubra/6185387021_0.jpg,Plumeria rubra,6185387021,train
dataset_serb_bloque3/Plumeria_rubra/6178732527_0.jpg,Plumeria rubra,6178732527,train
dataset_serb_bloque3/Plumeria_rubra/6178732527_1.jpg,Plumeria rubra,6178732527,train
dataset_serb_bloque3/Plumeria_rubra/6234628693_0.jpg,Plumeria rubra,6234628693,train
dataset_serb_bloque3/Plumeria_rubra/6171292366_0.jpg,Plumeria rubra,6171292366,train
dataset_serb_bloque3/Plumeria_rubra/6159696335_0.jpg,Plumeria rubra,6159696335,train
dataset_serb_bloque3/Plumeria_rubra/6159696335_1.jpg,Plumeria rubra,6159696335,train
dataset_serb_bloque3/Plumeria_rubra/6236158835_1.jpg,Plumeria rubra,6236158835,train
dataset_serb_bloque3/Plumeria_rubra/6236158835_3.jpg,Plumeria rubra,6236158835,train
dataset_serb_bloque3/Plumeria_rubra/6236158835_0.jpg,Plumeria rubra,6236158835,train
dataset_serb_bloque3/Plumeria_rubra/6236158835_2.jpg,Plumeria rubra,6236158835,train
dataset_serb_bloque3/Plumeria_rubra/6452668369_0.jpg,Plumeria rubra,6452668369,train
dataset_serb_bloque3/Plumeria_rubra/6235240761_0.jpg,Plumeria rubra,6235240761,train
dataset_serb_bloque3/Plumeria_rubra/6431908821_0.jpg,Plumeria rubra,6431908821,train
dataset_serb_bloque3/Plumeria_rubra/6333842317_2.jpg,Plumeria rubra,6333842317,train
dataset_serb_bloque3/Plumeria_rubra/6333842317_0.jpg,Plumeria rubra,6333842317,train
dataset_serb_bloque3/Plumeria_rubra/6333842317_1.jpg,Plumeria rubra,6333842317,train
dataset_serb_bloque3/Plumeria_rubra/6252492718_0.jpg,Plumeria rubra,6252492718,train
dataset_serb_bloque3/Plumeria_rubra/6235580843_0.jpg,Plumeria rubra,6235580843,train
dataset_serb_bloque3/Plumeria_rubra/6185796074_0.jpg,Plumeria rubra,6185796074,train
dataset_serb_bloque3/Plumeria_rubra/6470517814_0.jpg,Plumeria rubra,6470517814,train
dataset_serb_bloque3/Plumeria_rubra/6163313313_0.jpg,Plumeria rubra,6163313313,train
dataset_serb_bloque3/Jatropha_curcas/5153746407_0.jpg,Jatropha curcas,5153746407,val
dataset_serb_bloque3/Jatropha_curcas/5154078784_1.jpg,Jatropha curcas,5154078784,val
dataset_serb_bloque3/Jatropha_curcas/5154078784_0.jpg,Jatropha curcas,5154078784,val
dataset_serb_bloque3/Jatropha_curcas/6520226448_0.jpg,Jatropha curcas,6520226448,val
dataset_serb_bloque3/Jatropha_curcas/6520226448_1.jpg,Jatropha curcas,6520226448,val
dataset_serb_bloque3/Jatropha_curcas/6520226448_2.jpg,Jatropha curcas,6520226448,val
dataset_serb_bloque3/Jatropha_curcas/6520226448_3.jpg,Jatropha curcas,6520226448,val
dataset_serb_bloque3/Jatropha_curcas/6520731594_1.jpg,Jatropha curcas,6520731594,val
dataset_serb_bloque3/Jatropha_curcas/6520731594_0.jpg,Jatropha curcas,6520731594,val
dataset_serb_bloque3/Jatropha_curcas/6129962856_0.jpg,Jatropha curcas,6129962856,val
dataset_serb_bloque3/Jatropha_curcas/5108137009_0.jpg,Jatropha curcas,5108137009,val
dataset_serb_bloque3/Jatropha_curcas/5154404785_0.jpg,Jatropha curcas,5154404785,val
dataset_serb_bloque3/Jatropha_curcas/6520291091_0.jpg,Jatropha curcas,6520291091,val
dataset_serb_bloque3/Jatropha_curcas/5153508789_0.jpg,Jatropha curcas,5153508789,val
dataset_serb_bloque3/Jatropha_curcas/5153508789_3.jpg,Jatropha curcas,5153508789,val
dataset_serb_bloque3/Jatropha_curcas/5153508789_4.jpg,Jatropha curcas,5153508789,val
dataset_serb_bloque3/Jatropha_curcas/5153508789_2.jpg,Jatropha curcas,5153508789,val
dataset_serb_bloque3/Jatropha_curcas/5153508789_1.jpg,Jatropha curcas,5153508789,val
dataset_serb_bloque3/Jatropha_curcas/6518938506_0.jpg,Jatropha curcas,6518938506,val
dataset_serb_bloque3/Jatropha_curcas/5108115610_0.jpg,Jatropha curcas,5108115610,val
dataset_serb_bloque3/Jatropha_curcas/5064116738_6.jpg,Jatropha curcas,5064116738,val
dataset_serb_bloque3/Jatropha_curcas/5064116738_5.jpg,Jatropha curcas,5064116738,val
dataset_serb_bloque3/Jatropha_curcas/5064116738_2.jpg,Jatropha curcas,5064116738,val
dataset_serb_bloque3/Jatropha_curcas/5064116738_4.jpg,Jatropha curcas,5064116738,val
dataset_serb_bloque3/Jatropha_curcas/5064116738_1.jpg,Jatropha curcas,5064116738,val
dataset_serb_bloque3/Jatropha_curcas/5064116738_3.jpg,Jatropha curcas,5064116738,val
dataset_serb_bloque3/Jatropha_curcas/5064116738_0.jpg,Jatropha curcas,5064116738,val
dataset_serb_bloque3/Jatropha_curcas/5837882396_0.jpg,Jatropha curcas,5837882396,val
dataset_serb_bloque3/Jatropha_curcas/5154156585_0.jpg,Jatropha curcas,5154156585,test
dataset_serb_bloque3/Jatropha_curcas/5063783582_1.jpg,Jatropha curcas,5063783582,test
dataset_serb_bloque3/Jatropha_curcas/5063783582_3.jpg,Jatropha curcas,5063783582,test
dataset_serb_bloque3/Jatropha_curcas/5063783582_0.jpg,Jatropha curcas,5063783582,test
dataset_serb_bloque3/Jatropha_curcas/5063783582_2.jpg,Jatropha curcas,5063783582,test
dataset_serb_bloque3/Jatropha_curcas/5063783582_4.jpg,Jatropha curcas,5063783582,test
dataset_serb_bloque3/Jatropha_curcas/5063783582_5.jpg,Jatropha curcas,5063783582,test
dataset_serb_bloque3/Jatropha_curcas/6519212348_0.jpg,Jatropha curcas,6519212348,test
dataset_serb_bloque3/Jatropha_curcas/6519889775_0.jpg,Jatropha curcas,6519889775,test
dataset_serb_bloque3/Jatropha_curcas/5153422811_0.jpg,Jatropha curcas,5153422811,test
dataset_serb_bloque3/Jatropha_curcas/5153422811_1.jpg,Jatropha curcas,5153422811,test
dataset_serb_bloque3/Jatropha_curcas/5154351331_2.jpg,Jatropha curcas,5154351331,test
dataset_serb_bloque3/Jatropha_curcas/5154351331_3.jpg,Jatropha curcas,5154351331,test
dataset_serb_bloque3/Jatropha_curcas/5154351331_1.jpg,Jatropha curcas,5154351331,test
dataset_serb_bloque3/Jatropha_curcas/5154351331_0.jpg,Jatropha curcas,5154351331,test
dataset_serb_bloque3/Jatropha_curcas/6519665454_0.jpg,Jatropha curcas,6519665454,test
dataset_serb_bloque3/Jatropha_curcas/6519665454_1.jpg,Jatropha curcas,6519665454,test
dataset_serb_bloque3/Jatropha_curcas/5153372855_0.jpg,Jatropha curcas,5153372855,test
dataset_serb_bloque3/Jatropha_curcas/5153372855_1.jpg,Jatropha curcas,5153372855,test
dataset_serb_bloque3/Jatropha_curcas/5153372855_2.jpg,Jatropha curcas,5153372855,test
dataset_serb_bloque3/Jatropha_curcas/6519877598_0.jpg,Jatropha curcas,6519877598,test
dataset_serb_bloque3/Jatropha_curcas/5069852344_0.jpg,Jatropha curcas,5069852344,test
dataset_serb_bloque3/Jatropha_curcas/5108236604_0.jpg,Jatropha curcas,5108236604,test
dataset_serb_bloque3/Jatropha_curcas/5108185248_0.jpg,Jatropha curcas,5108185248,test
dataset_serb_bloque3/Jatropha_curcas/5153196659_0.jpg,Jatropha curcas,5153196659,test
dataset_serb_bloque3/Jatropha_curcas/5153196659_1.jpg,Jatropha curcas,5153196659,test
dataset_serb_bloque3/Jatropha_curcas/5153196659_2.jpg,Jatropha curcas,5153196659,test
dataset_serb_bloque3/Jatropha_curcas/5153196659_4.jpg,Jatropha curcas,5153196659,test
dataset_serb_bloque3/Jatropha_curcas/5153196659_3.jpg,Jatropha curcas,5153196659,test
dataset_serb_bloque3/Jatropha_curcas/5153230488_2.jpg,Jatropha curcas,5153230488,train
dataset_serb_bloque3/Jatropha_curcas/5153230488_1.jpg,Jatropha curcas,5153230488,train
dataset_serb_bloque3/Jatropha_curcas/5153230488_0.jpg,Jatropha curcas,5153230488,train
dataset_serb_bloque3/Jatropha_curcas/5153824077_0.jpg,Jatropha curcas,5153824077,train
dataset_serb_bloque3/Jatropha_curcas/6519460455_1.jpg,Jatropha curcas,6519460455,train
dataset_serb_bloque3/Jatropha_curcas/6519460455_0.jpg,Jatropha curcas,6519460455,train
dataset_serb_bloque3/Jatropha_curcas/6498954855_0.jpg,Jatropha curcas,6498954855,train
dataset_serb_bloque3/Jatropha_curcas/6498954855_3.jpg,Jatropha curcas,6498954855,train
dataset_serb_bloque3/Jatropha_curcas/6498954855_2.jpg,Jatropha curcas,6498954855,train
dataset_serb_bloque3/Jatropha_curcas/6498954855_1.jpg,Jatropha curcas,6498954855,train
dataset_serb_bloque3/Jatropha_curcas/5110509716_0.jpg,Jatropha curcas,5110509716,train
dataset_serb_bloque3/Jatropha_curcas/5110509716_1.jpg,Jatropha curcas,5110509716,train
dataset_serb_bloque3/Jatropha_curcas/6520255624_1.jpg,Jatropha curcas,6520255624,train
dataset_serb_bloque3/Jatropha_curcas/6520255624_0.jpg,Jatropha curcas,6520255624,train
dataset_serb_bloque3/Jatropha_curcas/6520673669_0.jpg,Jatropha curcas,6520673669,train
dataset_serb_bloque3/Jatropha_curcas/6520285524_0.jpg,Jatropha curcas,6520285524,train
dataset_serb_bloque3/Jatropha_curcas/6520285524_1.jpg,Jatropha curcas,6520285524,train
dataset_serb_bloque3/Jatropha_curcas/5153668482_0.jpg,Jatropha curcas,5153668482,train
dataset_serb_bloque3/Jatropha_curcas/5153668482_1.jpg,Jatropha curcas,5153668482,train
dataset_serb_bloque3/Jatropha_curcas/6519825646_0.jpg,Jatropha curcas,6519825646,train
dataset_serb_bloque3/Jatropha_curcas/6519825646_1.jpg,Jatropha curcas,6519825646,train
dataset_serb_bloque3/Jatropha_curcas/6519427529_1.jpg,Jatropha curcas,6519427529,train
dataset_serb_bloque3/Jatropha_curcas/6519427529_0.jpg,Jatropha curcas,6519427529,train
dataset_serb_bloque3/Jatropha_curcas/6518819177_0.jpg,Jatropha curcas,6518819177,train
dataset_serb_bloque3/Jatropha_curcas/6518563438_0.jpg,Jatropha curcas,6518563438,train
dataset_serb_bloque3/Jatropha_curcas/5153033265_2.jpg,Jatropha curcas,5153033265,train
dataset_serb_bloque3/Jatropha_curcas/5153033265_3.jpg,Jatropha curcas,5153033265,train
dataset_serb_bloque3/Jatropha_curcas/5153033265_0.jpg,Jatropha curcas,5153033265,train
dataset_serb_bloque3/Jatropha_curcas/5153033265_1.jpg,Jatropha curcas,5153033265,train
dataset_serb_bloque3/Jatropha_curcas/5153004866_0.jpg,Jatropha curcas,5153004866,train
dataset_serb_bloque3/Jatropha_curcas/6498491454_0.jpg,Jatropha curcas,6498491454,train
dataset_serb_bloque3/Jatropha_curcas/5153859935_0.jpg,Jatropha curcas,5153859935,train
dataset_serb_bloque3/Jatropha_curcas/5153054900_1.jpg,Jatropha curcas,5153054900,train
dataset_serb_bloque3/Jatropha_curcas/5153054900_0.jpg,Jatropha curcas,5153054900,train
dataset_serb_bloque3/Jatropha_curcas/5153912380_1.jpg,Jatropha curcas,5153912380,train
dataset_serb_bloque3/Jatropha_curcas/5153912380_0.jpg,Jatropha curcas,5153912380,train
dataset_serb_bloque3/Jatropha_curcas/5154239966_0.jpg,Jatropha curcas,5154239966,train
dataset_serb_bloque3/Jatropha_curcas/5154196872_0.jpg,Jatropha curcas,5154196872,train
dataset_serb_bloque3/Jatropha_curcas/5153974483_0.jpg,Jatropha curcas,5153974483,train
dataset_serb_bloque3/Jatropha_curcas/5153184684_0.jpg,Jatropha curcas,5153184684,train
dataset_serb_bloque3/Jatropha_curcas/5154426614_0.jpg,Jatropha curcas,5154426614,train
dataset_serb_bloque3/Jatropha_curcas/6520540464_0.jpg,Jatropha curcas,6520540464,train
dataset_serb_bloque3/Jatropha_curcas/5153606168_0.jpg,Jatropha curcas,5153606168,train
dataset_serb_bloque3/Jatropha_curcas/5153606168_2.jpg,Jatropha curcas,5153606168,train
dataset_serb_bloque3/Jatropha_curcas/5153606168_1.jpg,Jatropha curcas,5153606168,train
dataset_serb_bloque3/Jatropha_curcas/5153470289_0.jpg,Jatropha curcas,5153470289,train
dataset_serb_bloque3/Jatropha_curcas/5140224316_0.jpg,Jatropha curcas,5140224316,train
dataset_serb_bloque3/Jatropha_curcas/5140224316_1.jpg,Jatropha curcas,5140224316,train
dataset_serb_bloque3/Jatropha_curcas/5140224316_3.jpg,Jatropha curcas,5140224316,train
dataset_serb_bloque3/Jatropha_curcas/5140224316_2.jpg,Jatropha curcas,5140224316,train
dataset_serb_bloque3/Jatropha_curcas/6499283375_0.jpg,Jatropha curcas,6499283375,train
dataset_serb_bloque3/Jatropha_curcas/6519803592_0.jpg,Jatropha curcas,6519803592,train
dataset_serb_bloque3/Jatropha_curcas/6518516976_0.jpg,Jatropha curcas,6518516976,train
dataset_serb_bloque3/Jatropha_curcas/5153485892_0.jpg,Jatropha curcas,5153485892,train
dataset_serb_bloque3/Jatropha_curcas/5153915131_0.jpg,Jatropha curcas,5153915131,train
dataset_serb_bloque3/Jatropha_curcas/5153915131_1.jpg,Jatropha curcas,5153915131,train
dataset_serb_bloque3/Jatropha_curcas/5153138945_0.jpg,Jatropha curcas,5153138945,train
dataset_serb_bloque3/Jatropha_curcas/5153624410_0.jpg,Jatropha curcas,5153624410,train
dataset_serb_bloque3/Jatropha_curcas/5153021110_0.jpg,Jatropha curcas,5153021110,train
dataset_serb_bloque3/Jatropha_curcas/5153552156_1.jpg,Jatropha curcas,5153552156,train
dataset_serb_bloque3/Jatropha_curcas/5153552156_3.jpg,Jatropha curcas,5153552156,train
dataset_serb_bloque3/Jatropha_curcas/5153552156_0.jpg,Jatropha curcas,5153552156,train
dataset_serb_bloque3/Jatropha_curcas/5153552156_2.jpg,Jatropha curcas,5153552156,train
dataset_serb_bloque3/Jatropha_curcas/5153055194_0.jpg,Jatropha curcas,5153055194,train
dataset_serb_bloque3/Jatropha_curcas/5108139663_1.jpg,Jatropha curcas,5108139663,train
dataset_serb_bloque3/Jatropha_curcas/5108139663_0.jpg,Jatropha curcas,5108139663,train
dataset_serb_bloque3/Jatropha_curcas/6500129572_0.jpg,Jatropha curcas,6500129572,train
dataset_serb_bloque3/Jatropha_curcas/6518637702_0.jpg,Jatropha curcas,6518637702,train
dataset_serb_bloque3/Jatropha_curcas/6519348230_0.jpg,Jatropha curcas,6519348230,train
dataset_serb_bloque3/Jatropha_curcas/5153356232_1.jpg,Jatropha curcas,5153356232,train
dataset_serb_bloque3/Jatropha_curcas/5153356232_0.jpg,Jatropha curcas,5153356232,train
dataset_serb_bloque3/Jatropha_curcas/5154568500_0.jpg,Jatropha curcas,5154568500,train
dataset_serb_bloque3/Jatropha_curcas/5154568500_1.jpg,Jatropha curcas,5154568500,train
dataset_serb_bloque3/Jatropha_curcas/5153119523_1.jpg,Jatropha curcas,5153119523,train
dataset_serb_bloque3/Jatropha_curcas/5153119523_2.jpg,Jatropha curcas,5153119523,train
dataset_serb_bloque3/Jatropha_curcas/5153119523_0.jpg,Jatropha curcas,5153119523,train
dataset_serb_bloque3/Jatropha_curcas/5230585999_1.jpg,Jatropha curcas,5230585999,train
dataset_serb_bloque3/Jatropha_curcas/5230585999_0.jpg,Jatropha curcas,5230585999,train
dataset_serb_bloque3/Jatropha_curcas/5153902204_0.jpg,Jatropha curcas,5153902204,train
dataset_serb_bloque3/Jatropha_curcas/6130107404_0.jpg,Jatropha curcas,6130107404,train
dataset_serb_bloque3/Jatropha_curcas/5069754079_0.jpg,Jatropha curcas,5069754079,train
dataset_serb_bloque3/Jatropha_curcas/5153222309_0.jpg,Jatropha curcas,5153222309,train
dataset_serb_bloque3/Jatropha_curcas/5153222309_1.jpg,Jatropha curcas,5153222309,train
dataset_serb_bloque3/Jatropha_curcas/5153025245_0.jpg,Jatropha curcas,5153025245,train
dataset_serb_bloque3/Jatropha_curcas/6519775991_0.jpg,Jatropha curcas,6519775991,train
dataset_serb_bloque3/Jatropha_curcas/5076983868_0.jpg,Jatropha curcas,5076983868,train
dataset_serb_bloque3/Jatropha_curcas/5153506407_0.jpg,Jatropha curcas,5153506407,train
dataset_serb_bloque3/Jatropha_curcas/5153506407_3.jpg,Jatropha curcas,5153506407,train
dataset_serb_bloque3/Jatropha_curcas/5153506407_1.jpg,Jatropha curcas,5153506407,train
dataset_serb_bloque3/Jatropha_curcas/5153506407_2.jpg,Jatropha curcas,5153506407,train
dataset_serb_bloque3/Jatropha_curcas/5153111458_1.jpg,Jatropha curcas,5153111458,train
dataset_serb_bloque3/Jatropha_curcas/5153111458_0.jpg,Jatropha curcas,5153111458,train
dataset_serb_bloque3/Jatropha_curcas/5154317823_1.jpg,Jatropha curcas,5154317823,train
dataset_serb_bloque3/Jatropha_curcas/5154317823_0.jpg,Jatropha curcas,5154317823,train
dataset_serb_bloque3/Jatropha_curcas/6519924598_0.jpg,Jatropha curcas,6519924598,train
dataset_serb_bloque3/Jatropha_curcas/6520191384_0.jpg,Jatropha curcas,6520191384,train
dataset_serb_bloque3/Jatropha_curcas/6519032828_0.jpg,Jatropha curcas,6519032828,train
dataset_serb_bloque3/Jatropha_curcas/5153164422_1.jpg,Jatropha curcas,5153164422,train
dataset_serb_bloque3/Jatropha_curcas/5153164422_0.jpg,Jatropha curcas,5153164422,train
dataset_serb_bloque3/Jatropha_curcas/6518346300_0.jpg,Jatropha curcas,6518346300,train
dataset_serb_bloque3/Jatropha_curcas/6519792573_0.jpg,Jatropha curcas,6519792573,train
dataset_serb_bloque3/Solanum_rostratum/6235450713_0.jpg,Solanum rostratum,6235450713,val
dataset_serb_bloque3/Solanum_rostratum/6235450713_5.jpg,Solanum rostratum,6235450713,val
dataset_serb_bloque3/Solanum_rostratum/6235450713_7.jpg,Solanum rostratum,6235450713,val
dataset_serb_bloque3/Solanum_rostratum/6235450713_3.jpg,Solanum rostratum,6235450713,val
dataset_serb_bloque3/Solanum_rostratum/6235450713_1.jpg,Solanum rostratum,6235450713,val
dataset_serb_bloque3/Solanum_rostratum/6235450713_6.jpg,Solanum rostratum,6235450713,val
dataset_serb_bloque3/Solanum_rostratum/6235450713_4.jpg,Solanum rostratum,6235450713,val
dataset_serb_bloque3/Solanum_rostratum/6235450713_2.jpg,Solanum rostratum,6235450713,val
dataset_serb_bloque3/Solanum_rostratum/6235776200_0.jpg,Solanum rostratum,6235776200,val
dataset_serb_bloque3/Solanum_rostratum/6234367443_3.jpg,Solanum rostratum,6234367443,val
dataset_serb_bloque3/Solanum_rostratum/6234367443_1.jpg,Solanum rostratum,6234367443,val
dataset_serb_bloque3/Solanum_rostratum/6234367443_2.jpg,Solanum rostratum,6234367443,val
dataset_serb_bloque3/Solanum_rostratum/6234367443_5.jpg,Solanum rostratum,6234367443,val
dataset_serb_bloque3/Solanum_rostratum/6234367443_0.jpg,Solanum rostratum,6234367443,val
dataset_serb_bloque3/Solanum_rostratum/6234367443_4.jpg,Solanum rostratum,6234367443,val
dataset_serb_bloque3/Solanum_rostratum/6234816425_1.jpg,Solanum rostratum,6234816425,val
dataset_serb_bloque3/Solanum_rostratum/6234816425_0.jpg,Solanum rostratum,6234816425,val
dataset_serb_bloque3/Solanum_rostratum/6235563992_1.jpg,Solanum rostratum,6235563992,val
dataset_serb_bloque3/Solanum_rostratum/6235563992_0.jpg,Solanum rostratum,6235563992,val
dataset_serb_bloque3/Solanum_rostratum/6234796987_0.jpg,Solanum rostratum,6234796987,val
dataset_serb_bloque3/Solanum_rostratum/6234188651_0.jpg,Solanum rostratum,6234188651,val
dataset_serb_bloque3/Solanum_rostratum/6235063452_0.jpg,Solanum rostratum,6235063452,val
dataset_serb_bloque3/Solanum_rostratum/6235008867_0.jpg,Solanum rostratum,6235008867,val
dataset_serb_bloque3/Solanum_rostratum/6235008867_1.jpg,Solanum rostratum,6235008867,val
dataset_serb_bloque3/Solanum_rostratum/6334195467_1.jpg,Solanum rostratum,6334195467,val
dataset_serb_bloque3/Solanum_rostratum/6334195467_0.jpg,Solanum rostratum,6334195467,val
dataset_serb_bloque3/Solanum_rostratum/6188289405_0.jpg,Solanum rostratum,6188289405,val
dataset_serb_bloque3/Solanum_rostratum/6234224598_0.jpg,Solanum rostratum,6234224598,val
dataset_serb_bloque3/Solanum_rostratum/6235265363_0.jpg,Solanum rostratum,6235265363,val
dataset_serb_bloque3/Solanum_rostratum/6234883401_0.jpg,Solanum rostratum,6234883401,val
dataset_serb_bloque3/Solanum_rostratum/6400194334_0.jpg,Solanum rostratum,6400194334,test
dataset_serb_bloque3/Solanum_rostratum/6234972819_1.jpg,Solanum rostratum,6234972819,test
dataset_serb_bloque3/Solanum_rostratum/6234972819_0.jpg,Solanum rostratum,6234972819,test
dataset_serb_bloque3/Solanum_rostratum/6235625154_0.jpg,Solanum rostratum,6235625154,test
dataset_serb_bloque3/Solanum_rostratum/6235625154_1.jpg,Solanum rostratum,6235625154,test
dataset_serb_bloque3/Solanum_rostratum/6235934991_1.jpg,Solanum rostratum,6235934991,test
dataset_serb_bloque3/Solanum_rostratum/6235934991_0.jpg,Solanum rostratum,6235934991,test
dataset_serb_bloque3/Solanum_rostratum/6195573184_0.jpg,Solanum rostratum,6195573184,test
dataset_serb_bloque3/Solanum_rostratum/6236206106_1.jpg,Solanum rostratum,6236206106,test
dataset_serb_bloque3/Solanum_rostratum/6236206106_0.jpg,Solanum rostratum,6236206106,test
dataset_serb_bloque3/Solanum_rostratum/6235017965_0.jpg,Solanum rostratum,6235017965,test
dataset_serb_bloque3/Solanum_rostratum/6234466753_0.jpg,Solanum rostratum,6234466753,test
dataset_serb_bloque3/Solanum_rostratum/6234320741_0.jpg,Solanum rostratum,6234320741,test
dataset_serb_bloque3/Solanum_rostratum/6234733065_0.jpg,Solanum rostratum,6234733065,test
dataset_serb_bloque3/Solanum_rostratum/6235776812_1.jpg,Solanum rostratum,6235776812,test
dataset_serb_bloque3/Solanum_rostratum/6235776812_0.jpg,Solanum rostratum,6235776812,test
dataset_serb_bloque3/Solanum_rostratum/6234184996_1.jpg,Solanum rostratum,6234184996,test
dataset_serb_bloque3/Solanum_rostratum/6234184996_0.jpg,Solanum rostratum,6234184996,test
dataset_serb_bloque3/Solanum_rostratum/6234348885_1.jpg,Solanum rostratum,6234348885,test
dataset_serb_bloque3/Solanum_rostratum/6234348885_0.jpg,Solanum rostratum,6234348885,test
dataset_serb_bloque3/Solanum_rostratum/6234348885_2.jpg,Solanum rostratum,6234348885,test
dataset_serb_bloque3/Solanum_rostratum/6195398414_0.jpg,Solanum rostratum,6195398414,test
dataset_serb_bloque3/Solanum_rostratum/6195681506_3.jpg,Solanum rostratum,6195681506,train
dataset_serb_bloque3/Solanum_rostratum/6195681506_1.jpg,Solanum rostratum,6195681506,train
dataset_serb_bloque3/Solanum_rostratum/6195681506_2.jpg,Solanum rostratum,6195681506,train
dataset_serb_bloque3/Solanum_rostratum/6195681506_0.jpg,Solanum rostratum,6195681506,train
dataset_serb_bloque3/Solanum_rostratum/6188559722_1.jpg,Solanum rostratum,6188559722,train
dataset_serb_bloque3/Solanum_rostratum/6188559722_0.jpg,Solanum rostratum,6188559722,train
dataset_serb_bloque3/Solanum_rostratum/6188559722_2.jpg,Solanum rostratum,6188559722,train
dataset_serb_bloque3/Solanum_rostratum/6235192791_0.jpg,Solanum rostratum,6235192791,train
dataset_serb_bloque3/Solanum_rostratum/6400181704_0.jpg,Solanum rostratum,6400181704,train
dataset_serb_bloque3/Solanum_rostratum/6235833819_2.jpg,Solanum rostratum,6235833819,train
dataset_serb_bloque3/Solanum_rostratum/6235833819_1.jpg,Solanum rostratum,6235833819,train
dataset_serb_bloque3/Solanum_rostratum/6235833819_0.jpg,Solanum rostratum,6235833819,train
dataset_serb_bloque3/Solanum_rostratum/6234809573_0.jpg,Solanum rostratum,6234809573,train
dataset_serb_bloque3/Solanum_rostratum/6234673961_0.jpg,Solanum rostratum,6234673961,train
dataset_serb_bloque3/Solanum_rostratum/6195508184_2.jpg,Solanum rostratum,6195508184,train
dataset_serb_bloque3/Solanum_rostratum/6195508184_0.jpg,Solanum rostratum,6195508184,train
dataset_serb_bloque3/Solanum_rostratum/6195508184_1.jpg,Solanum rostratum,6195508184,train
dataset_serb_bloque3/Solanum_rostratum/6235107374_0.jpg,Solanum rostratum,6235107374,train
dataset_serb_bloque3/Solanum_rostratum/6234677595_0.jpg,Solanum rostratum,6234677595,train
dataset_serb_bloque3/Solanum_rostratum/6234711138_0.jpg,Solanum rostratum,6234711138,train
dataset_serb_bloque3/Solanum_rostratum/6235492984_2.jpg,Solanum rostratum,6235492984,train
dataset_serb_bloque3/Solanum_rostratum/6235492984_3.jpg,Solanum rostratum,6235492984,train
dataset_serb_bloque3/Solanum_rostratum/6235492984_0.jpg,Solanum rostratum,6235492984,train
dataset_serb_bloque3/Solanum_rostratum/6235492984_1.jpg,Solanum rostratum,6235492984,train
dataset_serb_bloque3/Solanum_rostratum/6235060350_1.jpg,Solanum rostratum,6235060350,train
dataset_serb_bloque3/Solanum_rostratum/6235060350_0.jpg,Solanum rostratum,6235060350,train
dataset_serb_bloque3/Solanum_rostratum/6234306605_0.jpg,Solanum rostratum,6234306605,train
dataset_serb_bloque3/Solanum_rostratum/6236078611_0.jpg,Solanum rostratum,6236078611,train
dataset_serb_bloque3/Solanum_rostratum/6234798458_0.jpg,Solanum rostratum,6234798458,train
dataset_serb_bloque3/Solanum_rostratum/6236253428_0.jpg,Solanum rostratum,6236253428,train
dataset_serb_bloque3/Solanum_rostratum/6234268693_0.jpg,Solanum rostratum,6234268693,train
dataset_serb_bloque3/Solanum_rostratum/6235821755_0.jpg,Solanum rostratum,6235821755,train
dataset_serb_bloque3/Solanum_rostratum/6235195435_0.jpg,Solanum rostratum,6235195435,train
dataset_serb_bloque3/Solanum_rostratum/6234242699_1.jpg,Solanum rostratum,6234242699,train
dataset_serb_bloque3/Solanum_rostratum/6234242699_0.jpg,Solanum rostratum,6234242699,train
dataset_serb_bloque3/Solanum_rostratum/6235050968_0.jpg,Solanum rostratum,6235050968,train
dataset_serb_bloque3/Solanum_rostratum/6235050968_1.jpg,Solanum rostratum,6235050968,train
dataset_serb_bloque3/Solanum_rostratum/6235724961_0.jpg,Solanum rostratum,6235724961,train
dataset_serb_bloque3/Solanum_rostratum/6236346433_0.jpg,Solanum rostratum,6236346433,train
dataset_serb_bloque3/Solanum_rostratum/6235078594_0.jpg,Solanum rostratum,6235078594,train
dataset_serb_bloque3/Solanum_rostratum/6399821674_0.jpg,Solanum rostratum,6399821674,train
dataset_serb_bloque3/Solanum_rostratum/6235243646_0.jpg,Solanum rostratum,6235243646,train
dataset_serb_bloque3/Solanum_rostratum/6188446902_0.jpg,Solanum rostratum,6188446902,train
dataset_serb_bloque3/Solanum_rostratum/6235748385_0.jpg,Solanum rostratum,6235748385,train
dataset_serb_bloque3/Solanum_rostratum/6235165148_0.jpg,Solanum rostratum,6235165148,train
dataset_serb_bloque3/Solanum_rostratum/6235236285_2.jpg,Solanum rostratum,6235236285,train
dataset_serb_bloque3/Solanum_rostratum/6235236285_1.jpg,Solanum rostratum,6235236285,train
dataset_serb_bloque3/Solanum_rostratum/6235236285_0.jpg,Solanum rostratum,6235236285,train
dataset_serb_bloque3/Solanum_rostratum/6234451922_0.jpg,Solanum rostratum,6234451922,train
dataset_serb_bloque3/Solanum_rostratum/6235502926_0.jpg,Solanum rostratum,6235502926,train
dataset_serb_bloque3/Solanum_rostratum/6235362031_0.jpg,Solanum rostratum,6235362031,train
dataset_serb_bloque3/Solanum_rostratum/6235250026_0.jpg,Solanum rostratum,6235250026,train
dataset_serb_bloque3/Solanum_rostratum/6188579902_0.jpg,Solanum rostratum,6188579902,train
dataset_serb_bloque3/Solanum_rostratum/6236103365_0.jpg,Solanum rostratum,6236103365,train
dataset_serb_bloque3/Solanum_rostratum/6195753101_0.jpg,Solanum rostratum,6195753101,train
dataset_serb_bloque3/Solanum_rostratum/6195506839_2.jpg,Solanum rostratum,6195506839,train
dataset_serb_bloque3/Solanum_rostratum/6195506839_0.jpg,Solanum rostratum,6195506839,train
dataset_serb_bloque3/Solanum_rostratum/6195506839_1.jpg,Solanum rostratum,6195506839,train
dataset_serb_bloque3/Solanum_rostratum/6195506839_3.jpg,Solanum rostratum,6195506839,train
dataset_serb_bloque3/Solanum_rostratum/6235655390_1.jpg,Solanum rostratum,6235655390,train
dataset_serb_bloque3/Solanum_rostratum/6235655390_0.jpg,Solanum rostratum,6235655390,train
dataset_serb_bloque3/Solanum_rostratum/6234861333_1.jpg,Solanum rostratum,6234861333,train
dataset_serb_bloque3/Solanum_rostratum/6234861333_0.jpg,Solanum rostratum,6234861333,train
dataset_serb_bloque3/Solanum_rostratum/6234785710_0.jpg,Solanum rostratum,6234785710,train
dataset_serb_bloque3/Solanum_rostratum/6234369954_0.jpg,Solanum rostratum,6234369954,train
dataset_serb_bloque3/Solanum_rostratum/6235331988_1.jpg,Solanum rostratum,6235331988,train
dataset_serb_bloque3/Solanum_rostratum/6235331988_0.jpg,Solanum rostratum,6235331988,train
dataset_serb_bloque3/Solanum_rostratum/6235911463_0.jpg,Solanum rostratum,6235911463,train
dataset_serb_bloque3/Solanum_rostratum/6235911463_1.jpg,Solanum rostratum,6235911463,train
dataset_serb_bloque3/Solanum_rostratum/6235911463_2.jpg,Solanum rostratum,6235911463,train
dataset_serb_bloque3/Solanum_rostratum/6236323677_0.jpg,Solanum rostratum,6236323677,train
dataset_serb_bloque3/Solanum_rostratum/6234281340_0.jpg,Solanum rostratum,6234281340,train
dataset_serb_bloque3/Solanum_rostratum/6235714707_0.jpg,Solanum rostratum,6235714707,train
dataset_serb_bloque3/Solanum_rostratum/6188124955_0.jpg,Solanum rostratum,6188124955,train
dataset_serb_bloque3/Solanum_rostratum/6400615711_0.jpg,Solanum rostratum,6400615711,train
dataset_serb_bloque3/Solanum_rostratum/6400615711_1.jpg,Solanum rostratum,6400615711,train
dataset_serb_bloque3/Solanum_rostratum/6236068612_0.jpg,Solanum rostratum,6236068612,train
dataset_serb_bloque3/Solanum_rostratum/6235310472_0.jpg,Solanum rostratum,6235310472,train
dataset_serb_bloque3/Solanum_rostratum/6235310472_1.jpg,Solanum rostratum,6235310472,train
dataset_serb_bloque3/Solanum_rostratum/6234861675_0.jpg,Solanum rostratum,6234861675,train
dataset_serb_bloque3/Solanum_rostratum/6235144430_0.jpg,Solanum rostratum,6235144430,train
dataset_serb_bloque3/Solanum_rostratum/6195818813_0.jpg,Solanum rostratum,6195818813,train
dataset_serb_bloque3/Solanum_rostratum/6236341449_0.jpg,Solanum rostratum,6236341449,train
dataset_serb_bloque3/Solanum_rostratum/6234508409_0.jpg,Solanum rostratum,6234508409,train
dataset_serb_bloque3/Solanum_rostratum/6236013359_0.jpg,Solanum rostratum,6236013359,train
dataset_serb_bloque3/Solanum_rostratum/6234484581_0.jpg,Solanum rostratum,6234484581,train
dataset_serb_bloque3/Solanum_rostratum/6234484581_1.jpg,Solanum rostratum,6234484581,train
dataset_serb_bloque3/Solanum_rostratum/6235577560_0.jpg,Solanum rostratum,6235577560,train
dataset_serb_bloque3/Solanum_rostratum/6236148511_0.jpg,Solanum rostratum,6236148511,train
dataset_serb_bloque3/Solanum_rostratum/6195472596_3.jpg,Solanum rostratum,6195472596,train
dataset_serb_bloque3/Solanum_rostratum/6195472596_1.jpg,Solanum rostratum,6195472596,train
dataset_serb_bloque3/Solanum_rostratum/6195472596_2.jpg,Solanum rostratum,6195472596,train
dataset_serb_bloque3/Solanum_rostratum/6195472596_0.jpg,Solanum rostratum,6195472596,train
dataset_serb_bloque3/Solanum_rostratum/6234664732_0.jpg,Solanum rostratum,6234664732,train
dataset_serb_bloque3/Solanum_rostratum/6234664732_1.jpg,Solanum rostratum,6234664732,train
dataset_serb_bloque3/Solanum_rostratum/6234571001_0.jpg,Solanum rostratum,6234571001,train
dataset_serb_bloque3/Solanum_rostratum/6235785008_0.jpg,Solanum rostratum,6235785008,train
dataset_serb_bloque3/Solanum_rostratum/6235835172_0.jpg,Solanum rostratum,6235835172,train
dataset_serb_bloque3/Solanum_rostratum/6234160830_0.jpg,Solanum rostratum,6234160830,train
dataset_serb_bloque3/Solanum_rostratum/6234160830_2.jpg,Solanum rostratum,6234160830,train
dataset_serb_bloque3/Solanum_rostratum/6234160830_1.jpg,Solanum rostratum,6234160830,train
dataset_serb_bloque3/Solanum_rostratum/6234237370_0.jpg,Solanum rostratum,6234237370,train
dataset_serb_bloque4/Lobelia_laxiflora/6185946263_0.jpg,Lobelia laxiflora,6185946263,val
dataset_serb_bloque4/Lobelia_laxiflora/6187960828_0.jpg,Lobelia laxiflora,6187960828,val
dataset_serb_bloque4/Lobelia_laxiflora/6234976727_0.jpg,Lobelia laxiflora,6234976727,val
dataset_serb_bloque4/Lobelia_laxiflora/6184784503_0.jpg,Lobelia laxiflora,6184784503,val
dataset_serb_bloque4/Lobelia_laxiflora/6185299421_0.jpg,Lobelia laxiflora,6185299421,val
dataset_serb_bloque4/Lobelia_laxiflora/6178411845_3.jpg,Lobelia laxiflora,6178411845,val
dataset_serb_bloque4/Lobelia_laxiflora/6178411845_0.jpg,Lobelia laxiflora,6178411845,val
dataset_serb_bloque4/Lobelia_laxiflora/6178411845_4.jpg,Lobelia laxiflora,6178411845,val
dataset_serb_bloque4/Lobelia_laxiflora/6178411845_2.jpg,Lobelia laxiflora,6178411845,val
dataset_serb_bloque4/Lobelia_laxiflora/6178411845_1.jpg,Lobelia laxiflora,6178411845,val
dataset_serb_bloque4/Lobelia_laxiflora/6185200133_0.jpg,Lobelia laxiflora,6185200133,val
dataset_serb_bloque4/Lobelia_laxiflora/6185200133_1.jpg,Lobelia laxiflora,6185200133,val
dataset_serb_bloque4/Lobelia_laxiflora/6185200133_2.jpg,Lobelia laxiflora,6185200133,val
dataset_serb_bloque4/Lobelia_laxiflora/6184967698_0.jpg,Lobelia laxiflora,6184967698,val
dataset_serb_bloque4/Lobelia_laxiflora/6234367351_0.jpg,Lobelia laxiflora,6234367351,val
dataset_serb_bloque4/Lobelia_laxiflora/6234367351_1.jpg,Lobelia laxiflora,6234367351,val
dataset_serb_bloque4/Lobelia_laxiflora/6185910319_1.jpg,Lobelia laxiflora,6185910319,val
dataset_serb_bloque4/Lobelia_laxiflora/6185910319_0.jpg,Lobelia laxiflora,6185910319,val
dataset_serb_bloque4/Lobelia_laxiflora/6185916116_0.jpg,Lobelia laxiflora,6185916116,val
dataset_serb_bloque4/Lobelia_laxiflora/6185916116_1.jpg,Lobelia laxiflora,6185916116,val
dataset_serb_bloque4/Lobelia_laxiflora/6185919309_0.jpg,Lobelia laxiflora,6185919309,val
dataset_serb_bloque4/Lobelia_laxiflora/6184775571_0.jpg,Lobelia laxiflora,6184775571,test
dataset_serb_bloque4/Lobelia_laxiflora/6185982011_1.jpg,Lobelia laxiflora,6185982011,test
dataset_serb_bloque4/Lobelia_laxiflora/6185982011_0.jpg,Lobelia laxiflora,6185982011,test
dataset_serb_bloque4/Lobelia_laxiflora/6184969396_1.jpg,Lobelia laxiflora,6184969396,test
dataset_serb_bloque4/Lobelia_laxiflora/6184969396_0.jpg,Lobelia laxiflora,6184969396,test
dataset_serb_bloque4/Lobelia_laxiflora/6185071983_0.jpg,Lobelia laxiflora,6185071983,test
dataset_serb_bloque4/Lobelia_laxiflora/6185742930_0.jpg,Lobelia laxiflora,6185742930,test
dataset_serb_bloque4/Lobelia_laxiflora/6185742930_1.jpg,Lobelia laxiflora,6185742930,test
dataset_serb_bloque4/Lobelia_laxiflora/6185051535_0.jpg,Lobelia laxiflora,6185051535,test
dataset_serb_bloque4/Lobelia_laxiflora/6184756694_1.jpg,Lobelia laxiflora,6184756694,test
dataset_serb_bloque4/Lobelia_laxiflora/6184756694_0.jpg,Lobelia laxiflora,6184756694,test
dataset_serb_bloque4/Lobelia_laxiflora/6184756694_2.jpg,Lobelia laxiflora,6184756694,test
dataset_serb_bloque4/Lobelia_laxiflora/6185305058_2.jpg,Lobelia laxiflora,6185305058,test
dataset_serb_bloque4/Lobelia_laxiflora/6185305058_0.jpg,Lobelia laxiflora,6185305058,test
dataset_serb_bloque4/Lobelia_laxiflora/6185305058_1.jpg,Lobelia laxiflora,6185305058,test
dataset_serb_bloque4/Lobelia_laxiflora/6178795682_3.jpg,Lobelia laxiflora,6178795682,test
dataset_serb_bloque4/Lobelia_laxiflora/6178795682_2.jpg,Lobelia laxiflora,6178795682,test
dataset_serb_bloque4/Lobelia_laxiflora/6178795682_1.jpg,Lobelia laxiflora,6178795682,test
dataset_serb_bloque4/Lobelia_laxiflora/6178795682_0.jpg,Lobelia laxiflora,6178795682,test
dataset_serb_bloque4/Lobelia_laxiflora/6185056268_0.jpg,Lobelia laxiflora,6185056268,test
dataset_serb_bloque4/Lobelia_laxiflora/6186148929_1.jpg,Lobelia laxiflora,6186148929,test
dataset_serb_bloque4/Lobelia_laxiflora/6186148929_2.jpg,Lobelia laxiflora,6186148929,test
dataset_serb_bloque4/Lobelia_laxiflora/6186148929_0.jpg,Lobelia laxiflora,6186148929,test
dataset_serb_bloque4/Lobelia_laxiflora/6179213341_1.jpg,Lobelia laxiflora,6179213341,test
dataset_serb_bloque4/Lobelia_laxiflora/6179213341_0.jpg,Lobelia laxiflora,6179213341,test
dataset_serb_bloque4/Lobelia_laxiflora/6184917057_0.jpg,Lobelia laxiflora,6184917057,train
dataset_serb_bloque4/Lobelia_laxiflora/6184917057_3.jpg,Lobelia laxiflora,6184917057,train
dataset_serb_bloque4/Lobelia_laxiflora/6184917057_2.jpg,Lobelia laxiflora,6184917057,train
dataset_serb_bloque4/Lobelia_laxiflora/6184917057_1.jpg,Lobelia laxiflora,6184917057,train
dataset_serb_bloque4/Lobelia_laxiflora/6184938839_0.jpg,Lobelia laxiflora,6184938839,train
dataset_serb_bloque4/Lobelia_laxiflora/6184938839_1.jpg,Lobelia laxiflora,6184938839,train
dataset_serb_bloque4/Lobelia_laxiflora/6184938839_2.jpg,Lobelia laxiflora,6184938839,train
dataset_serb_bloque4/Lobelia_laxiflora/6184938839_3.jpg,Lobelia laxiflora,6184938839,train
dataset_serb_bloque4/Lobelia_laxiflora/6234372419_2.jpg,Lobelia laxiflora,6234372419,train
dataset_serb_bloque4/Lobelia_laxiflora/6234372419_0.jpg,Lobelia laxiflora,6234372419,train
dataset_serb_bloque4/Lobelia_laxiflora/6234372419_1.jpg,Lobelia laxiflora,6234372419,train
dataset_serb_bloque4/Lobelia_laxiflora/6178770536_1.jpg,Lobelia laxiflora,6178770536,train
dataset_serb_bloque4/Lobelia_laxiflora/6178770536_0.jpg,Lobelia laxiflora,6178770536,train
dataset_serb_bloque4/Lobelia_laxiflora/6186163246_0.jpg,Lobelia laxiflora,6186163246,train
dataset_serb_bloque4/Lobelia_laxiflora/6186157443_4.jpg,Lobelia laxiflora,6186157443,train
dataset_serb_bloque4/Lobelia_laxiflora/6186157443_0.jpg,Lobelia laxiflora,6186157443,train
dataset_serb_bloque4/Lobelia_laxiflora/6186157443_2.jpg,Lobelia laxiflora,6186157443,train
dataset_serb_bloque4/Lobelia_laxiflora/6186157443_1.jpg,Lobelia laxiflora,6186157443,train
dataset_serb_bloque4/Lobelia_laxiflora/6186157443_3.jpg,Lobelia laxiflora,6186157443,train
dataset_serb_bloque4/Lobelia_laxiflora/6178597147_0.jpg,Lobelia laxiflora,6178597147,train
dataset_serb_bloque4/Lobelia_laxiflora/6185423079_0.jpg,Lobelia laxiflora,6185423079,train
dataset_serb_bloque4/Lobelia_laxiflora/6185085949_0.jpg,Lobelia laxiflora,6185085949,train
dataset_serb_bloque4/Lobelia_laxiflora/6234370086_1.jpg,Lobelia laxiflora,6234370086,train
dataset_serb_bloque4/Lobelia_laxiflora/6234370086_0.jpg,Lobelia laxiflora,6234370086,train
dataset_serb_bloque4/Lobelia_laxiflora/6179207323_2.jpg,Lobelia laxiflora,6179207323,train
dataset_serb_bloque4/Lobelia_laxiflora/6179207323_0.jpg,Lobelia laxiflora,6179207323,train
dataset_serb_bloque4/Lobelia_laxiflora/6179207323_1.jpg,Lobelia laxiflora,6179207323,train
dataset_serb_bloque4/Lobelia_laxiflora/6188112990_0.jpg,Lobelia laxiflora,6188112990,train
dataset_serb_bloque4/Lobelia_laxiflora/6184813530_0.jpg,Lobelia laxiflora,6184813530,train
dataset_serb_bloque4/Lobelia_laxiflora/6235646644_3.jpg,Lobelia laxiflora,6235646644,train
dataset_serb_bloque4/Lobelia_laxiflora/6235646644_1.jpg,Lobelia laxiflora,6235646644,train
dataset_serb_bloque4/Lobelia_laxiflora/6235646644_0.jpg,Lobelia laxiflora,6235646644,train
dataset_serb_bloque4/Lobelia_laxiflora/6235646644_2.jpg,Lobelia laxiflora,6235646644,train
dataset_serb_bloque4/Lobelia_laxiflora/6186148927_0.jpg,Lobelia laxiflora,6186148927,train
dataset_serb_bloque4/Lobelia_laxiflora/6186148927_1.jpg,Lobelia laxiflora,6186148927,train
dataset_serb_bloque4/Lobelia_laxiflora/6186148927_2.jpg,Lobelia laxiflora,6186148927,train
dataset_serb_bloque4/Lobelia_laxiflora/6185287137_0.jpg,Lobelia laxiflora,6185287137,train
dataset_serb_bloque4/Lobelia_laxiflora/6185069831_0.jpg,Lobelia laxiflora,6185069831,train
dataset_serb_bloque4/Lobelia_laxiflora/6185857568_0.jpg,Lobelia laxiflora,6185857568,train
dataset_serb_bloque4/Lobelia_laxiflora/6234471053_0.jpg,Lobelia laxiflora,6234471053,train
dataset_serb_bloque4/Lobelia_laxiflora/6185121084_0.jpg,Lobelia laxiflora,6185121084,train
dataset_serb_bloque4/Lobelia_laxiflora/6185121084_1.jpg,Lobelia laxiflora,6185121084,train
dataset_serb_bloque4/Lobelia_laxiflora/6185121084_3.jpg,Lobelia laxiflora,6185121084,train
dataset_serb_bloque4/Lobelia_laxiflora/6185121084_2.jpg,Lobelia laxiflora,6185121084,train
dataset_serb_bloque4/Lobelia_laxiflora/6184738227_0.jpg,Lobelia laxiflora,6184738227,train
dataset_serb_bloque4/Lobelia_laxiflora/6234244252_1.jpg,Lobelia laxiflora,6234244252,train
dataset_serb_bloque4/Lobelia_laxiflora/6234244252_2.jpg,Lobelia laxiflora,6234244252,train
dataset_serb_bloque4/Lobelia_laxiflora/6234244252_0.jpg,Lobelia laxiflora,6234244252,train
dataset_serb_bloque4/Lobelia_laxiflora/6179348716_0.jpg,Lobelia laxiflora,6179348716,train
dataset_serb_bloque4/Lobelia_laxiflora/6185783107_0.jpg,Lobelia laxiflora,6185783107,train
dataset_serb_bloque4/Lobelia_laxiflora/6184855186_3.jpg,Lobelia laxiflora,6184855186,train
dataset_serb_bloque4/Lobelia_laxiflora/6184855186_2.jpg,Lobelia laxiflora,6184855186,train
dataset_serb_bloque4/Lobelia_laxiflora/6184855186_1.jpg,Lobelia laxiflora,6184855186,train
dataset_serb_bloque4/Lobelia_laxiflora/6184855186_0.jpg,Lobelia laxiflora,6184855186,train
dataset_serb_bloque4/Lobelia_laxiflora/6187961994_0.jpg,Lobelia laxiflora,6187961994,train
dataset_serb_bloque4/Lobelia_laxiflora/6185011894_0.jpg,Lobelia laxiflora,6185011894,train
dataset_serb_bloque4/Lobelia_laxiflora/6184941904_0.jpg,Lobelia laxiflora,6184941904,train
dataset_serb_bloque4/Lobelia_laxiflora/6185370921_0.jpg,Lobelia laxiflora,6185370921,train
dataset_serb_bloque4/Lobelia_laxiflora/6185370921_1.jpg,Lobelia laxiflora,6185370921,train
dataset_serb_bloque4/Lobelia_laxiflora/6185370921_2.jpg,Lobelia laxiflora,6185370921,train
dataset_serb_bloque4/Lobelia_laxiflora/6188244061_0.jpg,Lobelia laxiflora,6188244061,train
dataset_serb_bloque4/Lobelia_laxiflora/6188244061_2.jpg,Lobelia laxiflora,6188244061,train
dataset_serb_bloque4/Lobelia_laxiflora/6188244061_1.jpg,Lobelia laxiflora,6188244061,train
dataset_serb_bloque4/Lobelia_laxiflora/6185617023_0.jpg,Lobelia laxiflora,6185617023,train
dataset_serb_bloque4/Lobelia_laxiflora/6184952248_0.jpg,Lobelia laxiflora,6184952248,train
dataset_serb_bloque4/Lobelia_laxiflora/6518981411_1.jpg,Lobelia laxiflora,6518981411,train
dataset_serb_bloque4/Lobelia_laxiflora/6518981411_0.jpg,Lobelia laxiflora,6518981411,train
dataset_serb_bloque4/Lobelia_laxiflora/6185622468_1.jpg,Lobelia laxiflora,6185622468,train
dataset_serb_bloque4/Lobelia_laxiflora/6185622468_0.jpg,Lobelia laxiflora,6185622468,train
dataset_serb_bloque4/Lobelia_laxiflora/6185964332_0.jpg,Lobelia laxiflora,6185964332,train
dataset_serb_bloque4/Lobelia_laxiflora/6185964332_2.jpg,Lobelia laxiflora,6185964332,train
dataset_serb_bloque4/Lobelia_laxiflora/6185964332_1.jpg,Lobelia laxiflora,6185964332,train
dataset_serb_bloque4/Lobelia_laxiflora/6235818820_0.jpg,Lobelia laxiflora,6235818820,train
dataset_serb_bloque4/Lobelia_laxiflora/6188044751_0.jpg,Lobelia laxiflora,6188044751,train
dataset_serb_bloque4/Lobelia_laxiflora/6188044751_1.jpg,Lobelia laxiflora,6188044751,train
dataset_serb_bloque4/Lobelia_laxiflora/6185225083_0.jpg,Lobelia laxiflora,6185225083,train
dataset_serb_bloque4/Lobelia_laxiflora/6185466357_0.jpg,Lobelia laxiflora,6185466357,train
dataset_serb_bloque4/Lobelia_laxiflora/6185909929_0.jpg,Lobelia laxiflora,6185909929,train
dataset_serb_bloque4/Lobelia_laxiflora/6184967209_0.jpg,Lobelia laxiflora,6184967209,train
dataset_serb_bloque4/Lobelia_laxiflora/6184967209_1.jpg,Lobelia laxiflora,6184967209,train
dataset_serb_bloque4/Lobelia_laxiflora/6185318365_0.jpg,Lobelia laxiflora,6185318365,train
dataset_serb_bloque4/Lobelia_laxiflora/6185318365_1.jpg,Lobelia laxiflora,6185318365,train
dataset_serb_bloque4/Lobelia_laxiflora/6185318365_3.jpg,Lobelia laxiflora,6185318365,train
dataset_serb_bloque4/Lobelia_laxiflora/6185318365_2.jpg,Lobelia laxiflora,6185318365,train
dataset_serb_bloque4/Lobelia_laxiflora/6186023067_0.jpg,Lobelia laxiflora,6186023067,train
dataset_serb_bloque4/Lobelia_laxiflora/6186023067_1.jpg,Lobelia laxiflora,6186023067,train
dataset_serb_bloque4/Lobelia_laxiflora/6184870265_1.jpg,Lobelia laxiflora,6184870265,train
dataset_serb_bloque4/Lobelia_laxiflora/6184870265_0.jpg,Lobelia laxiflora,6184870265,train
dataset_serb_bloque4/Lobelia_laxiflora/6184870265_2.jpg,Lobelia laxiflora,6184870265,train
dataset_serb_bloque4/Lobelia_laxiflora/6179283844_0.jpg,Lobelia laxiflora,6179283844,train
dataset_serb_bloque4/Lobelia_laxiflora/6470763979_0.jpg,Lobelia laxiflora,6470763979,train
dataset_serb_bloque4/Lobelia_laxiflora/6185624253_0.jpg,Lobelia laxiflora,6185624253,train
dataset_serb_bloque4/Lobelia_laxiflora/6185624253_1.jpg,Lobelia laxiflora,6185624253,train
dataset_serb_bloque4/Lobelia_laxiflora/6185229046_0.jpg,Lobelia laxiflora,6185229046,train
dataset_serb_bloque4/Lobelia_laxiflora/6178576982_0.jpg,Lobelia laxiflora,6178576982,train
dataset_serb_bloque4/Lobelia_laxiflora/6234427855_2.jpg,Lobelia laxiflora,6234427855,train
dataset_serb_bloque4/Lobelia_laxiflora/6234427855_1.jpg,Lobelia laxiflora,6234427855,train
dataset_serb_bloque4/Lobelia_laxiflora/6234427855_0.jpg,Lobelia laxiflora,6234427855,train
dataset_serb_bloque4/Lobelia_laxiflora/6185311669_0.jpg,Lobelia laxiflora,6185311669,train
dataset_serb_bloque4/Lobelia_laxiflora/6185435252_0.jpg,Lobelia laxiflora,6185435252,train
dataset_serb_bloque4/Lobelia_laxiflora/6185267109_0.jpg,Lobelia laxiflora,6185267109,train
dataset_serb_bloque4/Lobelia_laxiflora/6185974513_0.jpg,Lobelia laxiflora,6185974513,train
dataset_serb_bloque4/Lobelia_laxiflora/6185129392_0.jpg,Lobelia laxiflora,6185129392,train
dataset_serb_bloque4/Lobelia_laxiflora/6185799799_0.jpg,Lobelia laxiflora,6185799799,train
dataset_serb_bloque4/Lobelia_laxiflora/6185799799_1.jpg,Lobelia laxiflora,6185799799,train
dataset_serb_bloque4/Mirabilis_jalapa/6131612487_0.jpg,Mirabilis jalapa,6131612487,val
dataset_serb_bloque4/Mirabilis_jalapa/6131109353_0.jpg,Mirabilis jalapa,6131109353,val
dataset_serb_bloque4/Mirabilis_jalapa/6131061224_0.jpg,Mirabilis jalapa,6131061224,val
dataset_serb_bloque4/Mirabilis_jalapa/6133423318_0.jpg,Mirabilis jalapa,6133423318,val
dataset_serb_bloque4/Mirabilis_jalapa/6131113945_0.jpg,Mirabilis jalapa,6131113945,val
dataset_serb_bloque4/Mirabilis_jalapa/6147269702_0.jpg,Mirabilis jalapa,6147269702,val
dataset_serb_bloque4/Mirabilis_jalapa/6130970498_0.jpg,Mirabilis jalapa,6130970498,val
dataset_serb_bloque4/Mirabilis_jalapa/6147382748_0.jpg,Mirabilis jalapa,6147382748,val
dataset_serb_bloque4/Mirabilis_jalapa/6130831563_0.jpg,Mirabilis jalapa,6130831563,val
dataset_serb_bloque4/Mirabilis_jalapa/6133479260_1.jpg,Mirabilis jalapa,6133479260,val
dataset_serb_bloque4/Mirabilis_jalapa/6133479260_2.jpg,Mirabilis jalapa,6133479260,val
dataset_serb_bloque4/Mirabilis_jalapa/6133479260_0.jpg,Mirabilis jalapa,6133479260,val
dataset_serb_bloque4/Mirabilis_jalapa/6130730519_0.jpg,Mirabilis jalapa,6130730519,val
dataset_serb_bloque4/Mirabilis_jalapa/6131058322_0.jpg,Mirabilis jalapa,6131058322,val
dataset_serb_bloque4/Mirabilis_jalapa/6131058322_1.jpg,Mirabilis jalapa,6131058322,val
dataset_serb_bloque4/Mirabilis_jalapa/6130774497_0.jpg,Mirabilis jalapa,6130774497,test
dataset_serb_bloque4/Mirabilis_jalapa/6130774497_2.jpg,Mirabilis jalapa,6130774497,test
dataset_serb_bloque4/Mirabilis_jalapa/6130774497_1.jpg,Mirabilis jalapa,6130774497,test
dataset_serb_bloque4/Mirabilis_jalapa/6133318345_3.jpg,Mirabilis jalapa,6133318345,test
dataset_serb_bloque4/Mirabilis_jalapa/6133318345_2.jpg,Mirabilis jalapa,6133318345,test
dataset_serb_bloque4/Mirabilis_jalapa/6133318345_0.jpg,Mirabilis jalapa,6133318345,test
dataset_serb_bloque4/Mirabilis_jalapa/6133318345_1.jpg,Mirabilis jalapa,6133318345,test
dataset_serb_bloque4/Mirabilis_jalapa/6133328430_0.jpg,Mirabilis jalapa,6133328430,test
dataset_serb_bloque4/Mirabilis_jalapa/6133328430_3.jpg,Mirabilis jalapa,6133328430,test
dataset_serb_bloque4/Mirabilis_jalapa/6133328430_4.jpg,Mirabilis jalapa,6133328430,test
dataset_serb_bloque4/Mirabilis_jalapa/6133328430_2.jpg,Mirabilis jalapa,6133328430,test
dataset_serb_bloque4/Mirabilis_jalapa/6133328430_1.jpg,Mirabilis jalapa,6133328430,test
dataset_serb_bloque4/Mirabilis_jalapa/6131446119_0.jpg,Mirabilis jalapa,6131446119,test
dataset_serb_bloque4/Mirabilis_jalapa/6131432361_0.jpg,Mirabilis jalapa,6131432361,test
dataset_serb_bloque4/Mirabilis_jalapa/6133150616_0.jpg,Mirabilis jalapa,6133150616,test
dataset_serb_bloque4/Mirabilis_jalapa/6131465490_2.jpg,Mirabilis jalapa,6131465490,test
dataset_serb_bloque4/Mirabilis_jalapa/6131465490_0.jpg,Mirabilis jalapa,6131465490,test
dataset_serb_bloque4/Mirabilis_jalapa/6131465490_1.jpg,Mirabilis jalapa,6131465490,test
dataset_serb_bloque4/Mirabilis_jalapa/6131025859_0.jpg,Mirabilis jalapa,6131025859,test
dataset_serb_bloque4/Mirabilis_jalapa/6131466213_3.jpg,Mirabilis jalapa,6131466213,test
dataset_serb_bloque4/Mirabilis_jalapa/6131466213_4.jpg,Mirabilis jalapa,6131466213,test
dataset_serb_bloque4/Mirabilis_jalapa/6131466213_1.jpg,Mirabilis jalapa,6131466213,test
dataset_serb_bloque4/Mirabilis_jalapa/6131466213_2.jpg,Mirabilis jalapa,6131466213,test
dataset_serb_bloque4/Mirabilis_jalapa/6131466213_0.jpg,Mirabilis jalapa,6131466213,test
dataset_serb_bloque4/Mirabilis_jalapa/6131466213_5.jpg,Mirabilis jalapa,6131466213,test
dataset_serb_bloque4/Mirabilis_jalapa/6131048367_0.jpg,Mirabilis jalapa,6131048367,test
dataset_serb_bloque4/Mirabilis_jalapa/6131095636_0.jpg,Mirabilis jalapa,6131095636,test
dataset_serb_bloque4/Mirabilis_jalapa/6131667716_1.jpg,Mirabilis jalapa,6131667716,test
dataset_serb_bloque4/Mirabilis_jalapa/6131667716_2.jpg,Mirabilis jalapa,6131667716,test
dataset_serb_bloque4/Mirabilis_jalapa/6131667716_3.jpg,Mirabilis jalapa,6131667716,test
dataset_serb_bloque4/Mirabilis_jalapa/6131667716_0.jpg,Mirabilis jalapa,6131667716,test
dataset_serb_bloque4/Mirabilis_jalapa/6131188995_1.jpg,Mirabilis jalapa,6131188995,train
dataset_serb_bloque4/Mirabilis_jalapa/6131188995_0.jpg,Mirabilis jalapa,6131188995,train
dataset_serb_bloque4/Mirabilis_jalapa/6131378361_0.jpg,Mirabilis jalapa,6131378361,train
dataset_serb_bloque4/Mirabilis_jalapa/6133474452_0.jpg,Mirabilis jalapa,6133474452,train
dataset_serb_bloque4/Mirabilis_jalapa/6131369353_0.jpg,Mirabilis jalapa,6131369353,train
dataset_serb_bloque4/Mirabilis_jalapa/6131553136_0.jpg,Mirabilis jalapa,6131553136,train
dataset_serb_bloque4/Mirabilis_jalapa/6133483239_0.jpg,Mirabilis jalapa,6133483239,train
dataset_serb_bloque4/Mirabilis_jalapa/6131593246_0.jpg,Mirabilis jalapa,6131593246,train
dataset_serb_bloque4/Mirabilis_jalapa/6131057779_0.jpg,Mirabilis jalapa,6131057779,train
dataset_serb_bloque4/Mirabilis_jalapa/6147190424_0.jpg,Mirabilis jalapa,6147190424,train
dataset_serb_bloque4/Mirabilis_jalapa/6131401429_0.jpg,Mirabilis jalapa,6131401429,train
dataset_serb_bloque4/Mirabilis_jalapa/6131401429_1.jpg,Mirabilis jalapa,6131401429,train
dataset_serb_bloque4/Mirabilis_jalapa/6131401429_2.jpg,Mirabilis jalapa,6131401429,train
dataset_serb_bloque4/Mirabilis_jalapa/6131303929_0.jpg,Mirabilis jalapa,6131303929,train
dataset_serb_bloque4/Mirabilis_jalapa/6131518486_0.jpg,Mirabilis jalapa,6131518486,train
dataset_serb_bloque4/Mirabilis_jalapa/6133425318_2.jpg,Mirabilis jalapa,6133425318,train
dataset_serb_bloque4/Mirabilis_jalapa/6133425318_0.jpg,Mirabilis jalapa,6133425318,train
dataset_serb_bloque4/Mirabilis_jalapa/6133425318_3.jpg,Mirabilis jalapa,6133425318,train
dataset_serb_bloque4/Mirabilis_jalapa/6133425318_1.jpg,Mirabilis jalapa,6133425318,train
dataset_serb_bloque4/Mirabilis_jalapa/6133408854_4.jpg,Mirabilis jalapa,6133408854,train
dataset_serb_bloque4/Mirabilis_jalapa/6133408854_0.jpg,Mirabilis jalapa,6133408854,train
dataset_serb_bloque4/Mirabilis_jalapa/6133408854_1.jpg,Mirabilis jalapa,6133408854,train
dataset_serb_bloque4/Mirabilis_jalapa/6133408854_5.jpg,Mirabilis jalapa,6133408854,train
dataset_serb_bloque4/Mirabilis_jalapa/6133408854_2.jpg,Mirabilis jalapa,6133408854,train
dataset_serb_bloque4/Mirabilis_jalapa/6133408854_3.jpg,Mirabilis jalapa,6133408854,train
dataset_serb_bloque4/Mirabilis_jalapa/6131269359_0.jpg,Mirabilis jalapa,6131269359,train
dataset_serb_bloque4/Mirabilis_jalapa/6133047164_0.jpg,Mirabilis jalapa,6133047164,train
dataset_serb_bloque4/Mirabilis_jalapa/6131423694_0.jpg,Mirabilis jalapa,6131423694,train
dataset_serb_bloque4/Mirabilis_jalapa/6133448042_2.jpg,Mirabilis jalapa,6133448042,train
dataset_serb_bloque4/Mirabilis_jalapa/6133448042_0.jpg,Mirabilis jalapa,6133448042,train
dataset_serb_bloque4/Mirabilis_jalapa/6133448042_1.jpg,Mirabilis jalapa,6133448042,train
dataset_serb_bloque4/Mirabilis_jalapa/6131571446_0.jpg,Mirabilis jalapa,6131571446,train
dataset_serb_bloque4/Mirabilis_jalapa/6131581208_0.jpg,Mirabilis jalapa,6131581208,train
dataset_serb_bloque4/Mirabilis_jalapa/6131336393_1.jpg,Mirabilis jalapa,6131336393,train
dataset_serb_bloque4/Mirabilis_jalapa/6131336393_0.jpg,Mirabilis jalapa,6131336393,train
dataset_serb_bloque4/Mirabilis_jalapa/6131293106_0.jpg,Mirabilis jalapa,6131293106,train
dataset_serb_bloque4/Mirabilis_jalapa/6131273729_0.jpg,Mirabilis jalapa,6131273729,train
dataset_serb_bloque4/Mirabilis_jalapa/6133097345_0.jpg,Mirabilis jalapa,6133097345,train
dataset_serb_bloque4/Mirabilis_jalapa/6147294478_2.jpg,Mirabilis jalapa,6147294478,train
dataset_serb_bloque4/Mirabilis_jalapa/6147294478_1.jpg,Mirabilis jalapa,6147294478,train
dataset_serb_bloque4/Mirabilis_jalapa/6147294478_0.jpg,Mirabilis jalapa,6147294478,train
dataset_serb_bloque4/Mirabilis_jalapa/6131590822_0.jpg,Mirabilis jalapa,6131590822,train
dataset_serb_bloque4/Mirabilis_jalapa/6131590822_1.jpg,Mirabilis jalapa,6131590822,train
dataset_serb_bloque4/Mirabilis_jalapa/6131546496_0.jpg,Mirabilis jalapa,6131546496,train
dataset_serb_bloque4/Mirabilis_jalapa/6131546496_2.jpg,Mirabilis jalapa,6131546496,train
dataset_serb_bloque4/Mirabilis_jalapa/6131546496_1.jpg,Mirabilis jalapa,6131546496,train
dataset_serb_bloque4/Mirabilis_jalapa/6133053536_0.jpg,Mirabilis jalapa,6133053536,train
dataset_serb_bloque4/Mirabilis_jalapa/6133411594_0.jpg,Mirabilis jalapa,6133411594,train
dataset_serb_bloque4/Mirabilis_jalapa/6131612913_0.jpg,Mirabilis jalapa,6131612913,train
dataset_serb_bloque4/Mirabilis_jalapa/6130984232_0.jpg,Mirabilis jalapa,6130984232,train
dataset_serb_bloque4/Mirabilis_jalapa/6131324319_0.jpg,Mirabilis jalapa,6131324319,train
dataset_serb_bloque4/Mirabilis_jalapa/6131100975_2.jpg,Mirabilis jalapa,6131100975,train
dataset_serb_bloque4/Mirabilis_jalapa/6131100975_3.jpg,Mirabilis jalapa,6131100975,train
dataset_serb_bloque4/Mirabilis_jalapa/6131100975_1.jpg,Mirabilis jalapa,6131100975,train
dataset_serb_bloque4/Mirabilis_jalapa/6131100975_0.jpg,Mirabilis jalapa,6131100975,train
dataset_serb_bloque4/Mirabilis_jalapa/6133611462_0.jpg,Mirabilis jalapa,6133611462,train
dataset_serb_bloque4/Mirabilis_jalapa/6131370660_0.jpg,Mirabilis jalapa,6131370660,train
dataset_serb_bloque4/Mirabilis_jalapa/6133361572_3.jpg,Mirabilis jalapa,6133361572,train
dataset_serb_bloque4/Mirabilis_jalapa/6133361572_1.jpg,Mirabilis jalapa,6133361572,train
dataset_serb_bloque4/Mirabilis_jalapa/6133361572_0.jpg,Mirabilis jalapa,6133361572,train
dataset_serb_bloque4/Mirabilis_jalapa/6133361572_2.jpg,Mirabilis jalapa,6133361572,train
dataset_serb_bloque4/Mirabilis_jalapa/6133361572_4.jpg,Mirabilis jalapa,6133361572,train
dataset_serb_bloque4/Mirabilis_jalapa/6130807440_0.jpg,Mirabilis jalapa,6130807440,train
dataset_serb_bloque4/Mirabilis_jalapa/6130807440_1.jpg,Mirabilis jalapa,6130807440,train
dataset_serb_bloque4/Mirabilis_jalapa/6130807440_2.jpg,Mirabilis jalapa,6130807440,train
dataset_serb_bloque4/Mirabilis_jalapa/6133191655_3.jpg,Mirabilis jalapa,6133191655,train
dataset_serb_bloque4/Mirabilis_jalapa/6133191655_2.jpg,Mirabilis jalapa,6133191655,train
dataset_serb_bloque4/Mirabilis_jalapa/6133191655_1.jpg,Mirabilis jalapa,6133191655,train
dataset_serb_bloque4/Mirabilis_jalapa/6133191655_5.jpg,Mirabilis jalapa,6133191655,train
dataset_serb_bloque4/Mirabilis_jalapa/6133191655_0.jpg,Mirabilis jalapa,6133191655,train
dataset_serb_bloque4/Mirabilis_jalapa/6133191655_4.jpg,Mirabilis jalapa,6133191655,train
dataset_serb_bloque4/Mirabilis_jalapa/6147240821_0.jpg,Mirabilis jalapa,6147240821,train
dataset_serb_bloque4/Mirabilis_jalapa/6147286869_1.jpg,Mirabilis jalapa,6147286869,train
dataset_serb_bloque4/Mirabilis_jalapa/6147286869_2.jpg,Mirabilis jalapa,6147286869,train
dataset_serb_bloque4/Mirabilis_jalapa/6147286869_0.jpg,Mirabilis jalapa,6147286869,train
dataset_serb_bloque4/Mirabilis_jalapa/6130864916_1.jpg,Mirabilis jalapa,6130864916,train
dataset_serb_bloque4/Mirabilis_jalapa/6130864916_2.jpg,Mirabilis jalapa,6130864916,train
dataset_serb_bloque4/Mirabilis_jalapa/6130864916_0.jpg,Mirabilis jalapa,6130864916,train
dataset_serb_bloque4/Mirabilis_jalapa/6131571781_0.jpg,Mirabilis jalapa,6131571781,train
dataset_serb_bloque4/Mirabilis_jalapa/6133089163_0.jpg,Mirabilis jalapa,6133089163,train
dataset_serb_bloque4/Mirabilis_jalapa/6133089163_1.jpg,Mirabilis jalapa,6133089163,train
dataset_serb_bloque4/Mirabilis_jalapa/6130819432_0.jpg,Mirabilis jalapa,6130819432,train
dataset_serb_bloque4/Mirabilis_jalapa/6130819432_1.jpg,Mirabilis jalapa,6130819432,train
dataset_serb_bloque4/Mirabilis_jalapa/6130951403_0.jpg,Mirabilis jalapa,6130951403,train
dataset_serb_bloque4/Mirabilis_jalapa/6131330935_0.jpg,Mirabilis jalapa,6131330935,train
dataset_serb_bloque4/Mirabilis_jalapa/6130715239_0.jpg,Mirabilis jalapa,6130715239,train
dataset_serb_bloque4/Mirabilis_jalapa/6131388561_0.jpg,Mirabilis jalapa,6131388561,train
dataset_serb_bloque4/Mirabilis_jalapa/6131388561_1.jpg,Mirabilis jalapa,6131388561,train
dataset_serb_bloque4/Mirabilis_jalapa/6131648829_0.jpg,Mirabilis jalapa,6131648829,train
dataset_serb_bloque4/Mirabilis_jalapa/6131648829_1.jpg,Mirabilis jalapa,6131648829,train
dataset_serb_bloque4/Mirabilis_jalapa/6131648829_2.jpg,Mirabilis jalapa,6131648829,train
dataset_serb_bloque4/Mirabilis_jalapa/6130752052_0.jpg,Mirabilis jalapa,6130752052,train
dataset_serb_bloque4/Mirabilis_jalapa/6131483114_0.jpg,Mirabilis jalapa,6131483114,train
dataset_serb_bloque4/Mirabilis_jalapa/6133243474_1.jpg,Mirabilis jalapa,6133243474,train
dataset_serb_bloque4/Mirabilis_jalapa/6133243474_0.jpg,Mirabilis jalapa,6133243474,train
dataset_serb_bloque4/Mirabilis_jalapa/6133243474_3.jpg,Mirabilis jalapa,6133243474,train
dataset_serb_bloque4/Mirabilis_jalapa/6133243474_4.jpg,Mirabilis jalapa,6133243474,train
dataset_serb_bloque4/Mirabilis_jalapa/6133243474_2.jpg,Mirabilis jalapa,6133243474,train
dataset_serb_bloque4/Mirabilis_jalapa/6133543540_1.jpg,Mirabilis jalapa,6133543540,train
dataset_serb_bloque4/Mirabilis_jalapa/6133543540_0.jpg,Mirabilis jalapa,6133543540,train
dataset_serb_bloque4/Mirabilis_jalapa/6133543540_2.jpg,Mirabilis jalapa,6133543540,train
dataset_serb_bloque4/Mirabilis_jalapa/6130844708_0.jpg,Mirabilis jalapa,6130844708,train
dataset_serb_bloque4/Mirabilis_jalapa/6133545741_0.jpg,Mirabilis jalapa,6133545741,train
dataset_serb_bloque4/Mirabilis_jalapa/6133217269_0.jpg,Mirabilis jalapa,6133217269,train
dataset_serb_bloque4/Adiantum_capillus-veneris/6130474122_0.jpg,Adiantum capillus-veneris,6130474122,val
dataset_serb_bloque4/Adiantum_capillus-veneris/6130216140_1.jpg,Adiantum capillus-veneris,6130216140,val
dataset_serb_bloque4/Adiantum_capillus-veneris/6130216140_0.jpg,Adiantum capillus-veneris,6130216140,val
dataset_serb_bloque4/Adiantum_capillus-veneris/6130216140_2.jpg,Adiantum capillus-veneris,6130216140,val
dataset_serb_bloque4/Adiantum_capillus-veneris/6129833611_0.jpg,Adiantum capillus-veneris,6129833611,val
dataset_serb_bloque4/Adiantum_capillus-veneris/6129833611_1.jpg,Adiantum capillus-veneris,6129833611,val
dataset_serb_bloque4/Adiantum_capillus-veneris/6130418588_0.jpg,Adiantum capillus-veneris,6130418588,val
dataset_serb_bloque4/Adiantum_capillus-veneris/6129973489_0.jpg,Adiantum capillus-veneris,6129973489,val
dataset_serb_bloque4/Adiantum_capillus-veneris/6130508743_0.jpg,Adiantum capillus-veneris,6130508743,val
dataset_serb_bloque4/Adiantum_capillus-veneris/6130508743_1.jpg,Adiantum capillus-veneris,6130508743,val
dataset_serb_bloque4/Adiantum_capillus-veneris/6130732697_0.jpg,Adiantum capillus-veneris,6130732697,val
dataset_serb_bloque4/Adiantum_capillus-veneris/6130732697_1.jpg,Adiantum capillus-veneris,6130732697,val
dataset_serb_bloque4/Adiantum_capillus-veneris/6129907978_0.jpg,Adiantum capillus-veneris,6129907978,val
dataset_serb_bloque4/Adiantum_capillus-veneris/6130910289_0.jpg,Adiantum capillus-veneris,6130910289,test
dataset_serb_bloque4/Adiantum_capillus-veneris/6130047920_1.jpg,Adiantum capillus-veneris,6130047920,test
dataset_serb_bloque4/Adiantum_capillus-veneris/6130047920_0.jpg,Adiantum capillus-veneris,6130047920,test
dataset_serb_bloque4/Adiantum_capillus-veneris/6129949114_1.jpg,Adiantum capillus-veneris,6129949114,test
dataset_serb_bloque4/Adiantum_capillus-veneris/6129949114_0.jpg,Adiantum capillus-veneris,6129949114,test
dataset_serb_bloque4/Adiantum_capillus-veneris/6130113888_0.jpg,Adiantum capillus-veneris,6130113888,test
dataset_serb_bloque4/Adiantum_capillus-veneris/6130113888_1.jpg,Adiantum capillus-veneris,6130113888,test
dataset_serb_bloque4/Adiantum_capillus-veneris/6130113888_2.jpg,Adiantum capillus-veneris,6130113888,test
dataset_serb_bloque4/Adiantum_capillus-veneris/6130293045_1.jpg,Adiantum capillus-veneris,6130293045,test
dataset_serb_bloque4/Adiantum_capillus-veneris/6130293045_0.jpg,Adiantum capillus-veneris,6130293045,test
dataset_serb_bloque4/Adiantum_capillus-veneris/6130293045_2.jpg,Adiantum capillus-veneris,6130293045,test
dataset_serb_bloque4/Adiantum_capillus-veneris/6130901339_0.jpg,Adiantum capillus-veneris,6130901339,test
dataset_serb_bloque4/Adiantum_capillus-veneris/6130943042_0.jpg,Adiantum capillus-veneris,6130943042,test
dataset_serb_bloque4/Adiantum_capillus-veneris/6130075347_0.jpg,Adiantum capillus-veneris,6130075347,test
dataset_serb_bloque4/Adiantum_capillus-veneris/6130050845_0.jpg,Adiantum capillus-veneris,6130050845,train
dataset_serb_bloque4/Adiantum_capillus-veneris/6130382588_1.jpg,Adiantum capillus-veneris,6130382588,train
dataset_serb_bloque4/Adiantum_capillus-veneris/6130382588_2.jpg,Adiantum capillus-veneris,6130382588,train
dataset_serb_bloque4/Adiantum_capillus-veneris/6130382588_0.jpg,Adiantum capillus-veneris,6130382588,train
dataset_serb_bloque4/Adiantum_capillus-veneris/6130742116_0.jpg,Adiantum capillus-veneris,6130742116,train
dataset_serb_bloque4/Adiantum_capillus-veneris/6130376562_1.jpg,Adiantum capillus-veneris,6130376562,train
dataset_serb_bloque4/Adiantum_capillus-veneris/6130376562_0.jpg,Adiantum capillus-veneris,6130376562,train
dataset_serb_bloque4/Adiantum_capillus-veneris/6130443461_0.jpg,Adiantum capillus-veneris,6130443461,train
dataset_serb_bloque4/Adiantum_capillus-veneris/6130211549_0.jpg,Adiantum capillus-veneris,6130211549,train
dataset_serb_bloque4/Adiantum_capillus-veneris/6130571408_0.jpg,Adiantum capillus-veneris,6130571408,train
dataset_serb_bloque4/Adiantum_capillus-veneris/6129920254_0.jpg,Adiantum capillus-veneris,6129920254,train
dataset_serb_bloque4/Adiantum_capillus-veneris/6130285018_0.jpg,Adiantum capillus-veneris,6130285018,train
dataset_serb_bloque4/Adiantum_capillus-veneris/6130629410_0.jpg,Adiantum capillus-veneris,6130629410,train
dataset_serb_bloque4/Adiantum_capillus-veneris/6130122910_0.jpg,Adiantum capillus-veneris,6130122910,train
dataset_serb_bloque4/Adiantum_capillus-veneris/6129843404_1.jpg,Adiantum capillus-veneris,6129843404,train
dataset_serb_bloque4/Adiantum_capillus-veneris/6129843404_0.jpg,Adiantum capillus-veneris,6129843404,train
dataset_serb_bloque4/Adiantum_capillus-veneris/6130632642_0.jpg,Adiantum capillus-veneris,6130632642,train
dataset_serb_bloque4/Adiantum_capillus-veneris/6130629551_0.jpg,Adiantum capillus-veneris,6130629551,train
dataset_serb_bloque4/Adiantum_capillus-veneris/6131031593_0.jpg,Adiantum capillus-veneris,6131031593,train
dataset_serb_bloque4/Adiantum_capillus-veneris/6131050773_0.jpg,Adiantum capillus-veneris,6131050773,train
dataset_serb_bloque4/Adiantum_capillus-veneris/6129984841_0.jpg,Adiantum capillus-veneris,6129984841,train
dataset_serb_bloque4/Adiantum_capillus-veneris/6129984841_1.jpg,Adiantum capillus-veneris,6129984841,train
dataset_serb_bloque4/Adiantum_capillus-veneris/6130160082_0.jpg,Adiantum capillus-veneris,6130160082,train
dataset_serb_bloque4/Adiantum_capillus-veneris/6130960372_0.jpg,Adiantum capillus-veneris,6130960372,train
dataset_serb_bloque4/Adiantum_capillus-veneris/6130596582_0.jpg,Adiantum capillus-veneris,6130596582,train
dataset_serb_bloque4/Adiantum_capillus-veneris/6130209103_0.jpg,Adiantum capillus-veneris,6130209103,train
dataset_serb_bloque4/Adiantum_capillus-veneris/6130209103_1.jpg,Adiantum capillus-veneris,6130209103,train
dataset_serb_bloque4/Adiantum_capillus-veneris/6130581487_0.jpg,Adiantum capillus-veneris,6130581487,train
dataset_serb_bloque4/Adiantum_capillus-veneris/6130581487_1.jpg,Adiantum capillus-veneris,6130581487,train
dataset_serb_bloque4/Adiantum_capillus-veneris/6130996511_0.jpg,Adiantum capillus-veneris,6130996511,train
dataset_serb_bloque4/Adiantum_capillus-veneris/6130130168_0.jpg,Adiantum capillus-veneris,6130130168,train
dataset_serb_bloque4/Adiantum_capillus-veneris/6130474470_0.jpg,Adiantum capillus-veneris,6130474470,train
dataset_serb_bloque4/Adiantum_capillus-veneris/6129979500_1.jpg,Adiantum capillus-veneris,6129979500,train
dataset_serb_bloque4/Adiantum_capillus-veneris/6129979500_0.jpg,Adiantum capillus-veneris,6129979500,train
dataset_serb_bloque4/Adiantum_capillus-veneris/6130982625_0.jpg,Adiantum capillus-veneris,6130982625,train
dataset_serb_bloque4/Adiantum_capillus-veneris/6130092619_0.jpg,Adiantum capillus-veneris,6130092619,train
dataset_serb_bloque4/Adiantum_capillus-veneris/6130092619_1.jpg,Adiantum capillus-veneris,6130092619,train
dataset_serb_bloque4/Adiantum_capillus-veneris/6130516410_1.jpg,Adiantum capillus-veneris,6130516410,train
dataset_serb_bloque4/Adiantum_capillus-veneris/6130516410_0.jpg,Adiantum capillus-veneris,6130516410,train
dataset_serb_bloque4/Adiantum_capillus-veneris/6130098331_0.jpg,Adiantum capillus-veneris,6130098331,train
dataset_serb_bloque4/Adiantum_capillus-veneris/6130098331_1.jpg,Adiantum capillus-veneris,6130098331,train
dataset_serb_bloque4/Adiantum_capillus-veneris/6131080460_0.jpg,Adiantum capillus-veneris,6131080460,train
dataset_serb_bloque4/Adiantum_capillus-veneris/6130342648_0.jpg,Adiantum capillus-veneris,6130342648,train
dataset_serb_bloque4/Adiantum_capillus-veneris/6130342648_1.jpg,Adiantum capillus-veneris,6130342648,train
dataset_serb_bloque4/Adiantum_capillus-veneris/6129888164_1.jpg,Adiantum capillus-veneris,6129888164,train
dataset_serb_bloque4/Adiantum_capillus-veneris/6129888164_0.jpg,Adiantum capillus-veneris,6129888164,train
dataset_serb_bloque4/Adiantum_capillus-veneris/6130905187_0.jpg,Adiantum capillus-veneris,6130905187,train
dataset_serb_bloque4/Adiantum_capillus-veneris/6130905187_1.jpg,Adiantum capillus-veneris,6130905187,train
dataset_serb_bloque4/Adiantum_capillus-veneris/6130905187_2.jpg,Adiantum capillus-veneris,6130905187,train
dataset_serb_bloque4/Adiantum_capillus-veneris/6130905187_3.jpg,Adiantum capillus-veneris,6130905187,train
dataset_serb_bloque4/Adiantum_capillus-veneris/6130098824_0.jpg,Adiantum capillus-veneris,6130098824,train
dataset_serb_bloque4/Adiantum_capillus-veneris/6129890791_0.jpg,Adiantum capillus-veneris,6129890791,train
dataset_serb_bloque4/Adiantum_capillus-veneris/6130864920_0.jpg,Adiantum capillus-veneris,6130864920,train
dataset_serb_bloque4/Adiantum_capillus-veneris/6130736419_0.jpg,Adiantum capillus-veneris,6130736419,train
dataset_serb_bloque4/Adiantum_capillus-veneris/6130736419_1.jpg,Adiantum capillus-veneris,6130736419,train
dataset_serb_bloque4/Adiantum_capillus-veneris/6130628743_0.jpg,Adiantum capillus-veneris,6130628743,train
dataset_serb_bloque4/Adiantum_capillus-veneris/6130411460_0.jpg,Adiantum capillus-veneris,6130411460,train
dataset_serb_bloque4/Adiantum_capillus-veneris/6130411460_1.jpg,Adiantum capillus-veneris,6130411460,train
dataset_serb_bloque4/Passiflora_exsudans/4946139074_1.jpg,Passiflora exsudans,4946139074,val
dataset_serb_bloque4/Passiflora_exsudans/4946139074_0.jpg,Passiflora exsudans,4946139074,val
dataset_serb_bloque4/Passiflora_exsudans/4165616805_2.jpg,Passiflora exsudans,4165616805,val
dataset_serb_bloque4/Passiflora_exsudans/4165616805_0.jpg,Passiflora exsudans,4165616805,val
dataset_serb_bloque4/Passiflora_exsudans/4165616805_1.jpg,Passiflora exsudans,4165616805,val
dataset_serb_bloque4/Passiflora_exsudans/4165616805_3.jpg,Passiflora exsudans,4165616805,val
dataset_serb_bloque4/Passiflora_exsudans/4440829886_3.jpg,Passiflora exsudans,4440829886,val
dataset_serb_bloque4/Passiflora_exsudans/4440829886_2.jpg,Passiflora exsudans,4440829886,val
dataset_serb_bloque4/Passiflora_exsudans/4440829886_0.jpg,Passiflora exsudans,4440829886,val
dataset_serb_bloque4/Passiflora_exsudans/4440829886_1.jpg,Passiflora exsudans,4440829886,val
dataset_serb_bloque4/Passiflora_exsudans/6499368553_0.jpg,Passiflora exsudans,6499368553,val
dataset_serb_bloque4/Passiflora_exsudans/6520086113_0.jpg,Passiflora exsudans,6520086113,test
dataset_serb_bloque4/Passiflora_exsudans/4974287548_3.jpg,Passiflora exsudans,4974287548,test
dataset_serb_bloque4/Passiflora_exsudans/4974287548_4.jpg,Passiflora exsudans,4974287548,test
dataset_serb_bloque4/Passiflora_exsudans/4974287548_0.jpg,Passiflora exsudans,4974287548,test
dataset_serb_bloque4/Passiflora_exsudans/4974287548_5.jpg,Passiflora exsudans,4974287548,test
dataset_serb_bloque4/Passiflora_exsudans/4974287548_2.jpg,Passiflora exsudans,4974287548,test
dataset_serb_bloque4/Passiflora_exsudans/4974287548_1.jpg,Passiflora exsudans,4974287548,test
dataset_serb_bloque4/Passiflora_exsudans/4138261445_1.jpg,Passiflora exsudans,4138261445,test
dataset_serb_bloque4/Passiflora_exsudans/4138261445_0.jpg,Passiflora exsudans,4138261445,test
dataset_serb_bloque4/Passiflora_exsudans/4138261445_4.jpg,Passiflora exsudans,4138261445,test
dataset_serb_bloque4/Passiflora_exsudans/4138261445_5.jpg,Passiflora exsudans,4138261445,test
dataset_serb_bloque4/Passiflora_exsudans/4138261445_2.jpg,Passiflora exsudans,4138261445,test
dataset_serb_bloque4/Passiflora_exsudans/4138261445_3.jpg,Passiflora exsudans,4138261445,test
dataset_serb_bloque4/Passiflora_exsudans/4946006424_1.jpg,Passiflora exsudans,4946006424,test
dataset_serb_bloque4/Passiflora_exsudans/4946006424_2.jpg,Passiflora exsudans,4946006424,test
dataset_serb_bloque4/Passiflora_exsudans/4946006424_0.jpg,Passiflora exsudans,4946006424,test
dataset_serb_bloque4/Passiflora_exsudans/4440779703_0.jpg,Passiflora exsudans,4440779703,train
dataset_serb_bloque4/Passiflora_exsudans/5936267202_11.jpg,Passiflora exsudans,5936267202,train
dataset_serb_bloque4/Passiflora_exsudans/5936267202_1.jpg,Passiflora exsudans,5936267202,train
dataset_serb_bloque4/Passiflora_exsudans/5936267202_4.jpg,Passiflora exsudans,5936267202,train
dataset_serb_bloque4/Passiflora_exsudans/5936267202_15.jpg,Passiflora exsudans,5936267202,train
dataset_serb_bloque4/Passiflora_exsudans/5936267202_14.jpg,Passiflora exsudans,5936267202,train
dataset_serb_bloque4/Passiflora_exsudans/5936267202_6.jpg,Passiflora exsudans,5936267202,train
dataset_serb_bloque4/Passiflora_exsudans/5936267202_10.jpg,Passiflora exsudans,5936267202,train
dataset_serb_bloque4/Passiflora_exsudans/5936267202_5.jpg,Passiflora exsudans,5936267202,train
dataset_serb_bloque4/Passiflora_exsudans/5936267202_7.jpg,Passiflora exsudans,5936267202,train
dataset_serb_bloque4/Passiflora_exsudans/5936267202_12.jpg,Passiflora exsudans,5936267202,train
dataset_serb_bloque4/Passiflora_exsudans/5936267202_0.jpg,Passiflora exsudans,5936267202,train
dataset_serb_bloque4/Passiflora_exsudans/5936267202_13.jpg,Passiflora exsudans,5936267202,train
dataset_serb_bloque4/Passiflora_exsudans/5936267202_17.jpg,Passiflora exsudans,5936267202,train
dataset_serb_bloque4/Passiflora_exsudans/5936267202_2.jpg,Passiflora exsudans,5936267202,train
dataset_serb_bloque4/Passiflora_exsudans/5936267202_9.jpg,Passiflora exsudans,5936267202,train
dataset_serb_bloque4/Passiflora_exsudans/5936267202_8.jpg,Passiflora exsudans,5936267202,train
dataset_serb_bloque4/Passiflora_exsudans/5936267202_3.jpg,Passiflora exsudans,5936267202,train
dataset_serb_bloque4/Passiflora_exsudans/5936267202_16.jpg,Passiflora exsudans,5936267202,train
dataset_serb_bloque4/Passiflora_exsudans/4177247967_1.jpg,Passiflora exsudans,4177247967,train
dataset_serb_bloque4/Passiflora_exsudans/4177247967_0.jpg,Passiflora exsudans,4177247967,train
dataset_serb_bloque4/Passiflora_exsudans/5168371135_0.jpg,Passiflora exsudans,5168371135,train
dataset_serb_bloque4/Passiflora_exsudans/5063619633_0.jpg,Passiflora exsudans,5063619633,train
dataset_serb_bloque4/Passiflora_exsudans/4172201948_2.jpg,Passiflora exsudans,4172201948,train
dataset_serb_bloque4/Passiflora_exsudans/4172201948_1.jpg,Passiflora exsudans,4172201948,train
dataset_serb_bloque4/Passiflora_exsudans/4172201948_0.jpg,Passiflora exsudans,4172201948,train
dataset_serb_bloque4/Passiflora_exsudans/4405369416_1.jpg,Passiflora exsudans,4405369416,train
dataset_serb_bloque4/Passiflora_exsudans/4405369416_0.jpg,Passiflora exsudans,4405369416,train
dataset_serb_bloque4/Passiflora_exsudans/4405369416_2.jpg,Passiflora exsudans,4405369416,train
dataset_serb_bloque4/Passiflora_exsudans/6518868380_2.jpg,Passiflora exsudans,6518868380,train
dataset_serb_bloque4/Passiflora_exsudans/6518868380_1.jpg,Passiflora exsudans,6518868380,train
dataset_serb_bloque4/Passiflora_exsudans/6518868380_0.jpg,Passiflora exsudans,6518868380,train
dataset_serb_bloque4/Passiflora_exsudans/5935345055_0.jpg,Passiflora exsudans,5935345055,train
dataset_serb_bloque4/Passiflora_exsudans/4994654598_0.jpg,Passiflora exsudans,4994654598,train
dataset_serb_bloque4/Passiflora_exsudans/4994654598_2.jpg,Passiflora exsudans,4994654598,train
dataset_serb_bloque4/Passiflora_exsudans/4994654598_1.jpg,Passiflora exsudans,4994654598,train
dataset_serb_bloque4/Passiflora_exsudans/5920239259_6.jpg,Passiflora exsudans,5920239259,train
dataset_serb_bloque4/Passiflora_exsudans/5920239259_8.jpg,Passiflora exsudans,5920239259,train
dataset_serb_bloque4/Passiflora_exsudans/5920239259_2.jpg,Passiflora exsudans,5920239259,train
dataset_serb_bloque4/Passiflora_exsudans/5920239259_1.jpg,Passiflora exsudans,5920239259,train
dataset_serb_bloque4/Passiflora_exsudans/5920239259_3.jpg,Passiflora exsudans,5920239259,train
dataset_serb_bloque4/Passiflora_exsudans/5920239259_7.jpg,Passiflora exsudans,5920239259,train
dataset_serb_bloque4/Passiflora_exsudans/5920239259_4.jpg,Passiflora exsudans,5920239259,train
dataset_serb_bloque4/Passiflora_exsudans/5920239259_0.jpg,Passiflora exsudans,5920239259,train
dataset_serb_bloque4/Passiflora_exsudans/5920239259_5.jpg,Passiflora exsudans,5920239259,train
dataset_serb_bloque4/Passiflora_exsudans/4162224716_0.jpg,Passiflora exsudans,4162224716,train
dataset_serb_bloque4/Passiflora_exsudans/5062856765_0.jpg,Passiflora exsudans,5062856765,train
dataset_serb_bloque4/Passiflora_exsudans/4177052007_0.jpg,Passiflora exsudans,4177052007,train
dataset_serb_bloque4/Passiflora_exsudans/4177052007_1.jpg,Passiflora exsudans,4177052007,train
dataset_serb_bloque4/Passiflora_exsudans/6519168713_1.jpg,Passiflora exsudans,6519168713,train
dataset_serb_bloque4/Passiflora_exsudans/6519168713_2.jpg,Passiflora exsudans,6519168713,train
dataset_serb_bloque4/Passiflora_exsudans/6519168713_0.jpg,Passiflora exsudans,6519168713,train
dataset_serb_bloque4/Passiflora_exsudans/4937198138_0.jpg,Passiflora exsudans,4937198138,train
dataset_serb_bloque4/Passiflora_exsudans/4937198138_2.jpg,Passiflora exsudans,4937198138,train
dataset_serb_bloque4/Passiflora_exsudans/4937198138_1.jpg,Passiflora exsudans,4937198138,train
dataset_serb_bloque4/Mammillaria_jaliscana/5908983592_0.jpg,Mammillaria jaliscana,5908983592,val
dataset_serb_bloque4/Mammillaria_jaliscana/4952264333_0.jpg,Mammillaria jaliscana,4952264333,val
dataset_serb_bloque4/Mammillaria_jaliscana/4416844961_1.jpg,Mammillaria jaliscana,4416844961,val
dataset_serb_bloque4/Mammillaria_jaliscana/4416844961_0.jpg,Mammillaria jaliscana,4416844961,val
dataset_serb_bloque4/Mammillaria_jaliscana/4438895677_0.jpg,Mammillaria jaliscana,4438895677,val
dataset_serb_bloque4/Mammillaria_jaliscana/4438895677_2.jpg,Mammillaria jaliscana,4438895677,val
dataset_serb_bloque4/Mammillaria_jaliscana/4438895677_3.jpg,Mammillaria jaliscana,4438895677,val
dataset_serb_bloque4/Mammillaria_jaliscana/4438895677_1.jpg,Mammillaria jaliscana,4438895677,val
dataset_serb_bloque4/Mammillaria_jaliscana/3499576826_0.jpg,Mammillaria jaliscana,3499576826,val
dataset_serb_bloque4/Mammillaria_jaliscana/5890179499_0.jpg,Mammillaria jaliscana,5890179499,val
dataset_serb_bloque4/Mammillaria_jaliscana/5007538135_0.jpg,Mammillaria jaliscana,5007538135,val
dataset_serb_bloque4/Mammillaria_jaliscana/4067220115_0.jpg,Mammillaria jaliscana,4067220115,val
dataset_serb_bloque4/Mammillaria_jaliscana/5007664639_0.jpg,Mammillaria jaliscana,5007664639,test
dataset_serb_bloque4/Mammillaria_jaliscana/4976250943_0.jpg,Mammillaria jaliscana,4976250943,test
dataset_serb_bloque4/Mammillaria_jaliscana/4952213428_0.jpg,Mammillaria jaliscana,4952213428,test
dataset_serb_bloque4/Mammillaria_jaliscana/4062808147_0.jpg,Mammillaria jaliscana,4062808147,test
dataset_serb_bloque4/Mammillaria_jaliscana/4976480331_0.jpg,Mammillaria jaliscana,4976480331,test
dataset_serb_bloque4/Mammillaria_jaliscana/5007614064_0.jpg,Mammillaria jaliscana,5007614064,test
dataset_serb_bloque4/Mammillaria_jaliscana/4500777104_0.jpg,Mammillaria jaliscana,4500777104,test
dataset_serb_bloque4/Mammillaria_jaliscana/3802724396_0.jpg,Mammillaria jaliscana,3802724396,test
dataset_serb_bloque4/Mammillaria_jaliscana/4974133660_0.jpg,Mammillaria jaliscana,4974133660,train
dataset_serb_bloque4/Mammillaria_jaliscana/4974022754_2.jpg,Mammillaria jaliscana,4974022754,train
dataset_serb_bloque4/Mammillaria_jaliscana/4974022754_1.jpg,Mammillaria jaliscana,4974022754,train
dataset_serb_bloque4/Mammillaria_jaliscana/4974022754_0.jpg,Mammillaria jaliscana,4974022754,train
dataset_serb_bloque4/Mammillaria_jaliscana/4416841875_1.jpg,Mammillaria jaliscana,4416841875,train
dataset_serb_bloque4/Mammillaria_jaliscana/4416841875_0.jpg,Mammillaria jaliscana,4416841875,train
dataset_serb_bloque4/Mammillaria_jaliscana/4436208148_0.jpg,Mammillaria jaliscana,4436208148,train
dataset_serb_bloque4/Mammillaria_jaliscana/4075619008_0.jpg,Mammillaria jaliscana,4075619008,train
dataset_serb_bloque4/Mammillaria_jaliscana/4512141400_0.jpg,Mammillaria jaliscana,4512141400,train
dataset_serb_bloque4/Mammillaria_jaliscana/4172325455_0.jpg,Mammillaria jaliscana,4172325455,train
dataset_serb_bloque4/Mammillaria_jaliscana/4421002799_0.jpg,Mammillaria jaliscana,4421002799,train
dataset_serb_bloque4/Mammillaria_jaliscana/4421002799_1.jpg,Mammillaria jaliscana,4421002799,train
dataset_serb_bloque4/Mammillaria_jaliscana/5008323429_3.jpg,Mammillaria jaliscana,5008323429,train
dataset_serb_bloque4/Mammillaria_jaliscana/5008323429_0.jpg,Mammillaria jaliscana,5008323429,train
dataset_serb_bloque4/Mammillaria_jaliscana/5008323429_4.jpg,Mammillaria jaliscana,5008323429,train
dataset_serb_bloque4/Mammillaria_jaliscana/5008323429_2.jpg,Mammillaria jaliscana,5008323429,train
dataset_serb_bloque4/Mammillaria_jaliscana/5008323429_1.jpg,Mammillaria jaliscana,5008323429,train
dataset_serb_bloque4/Mammillaria_jaliscana/4413396922_0.jpg,Mammillaria jaliscana,4413396922,train
dataset_serb_bloque4/Mammillaria_jaliscana/5231151593_0.jpg,Mammillaria jaliscana,5231151593,train
dataset_serb_bloque4/Mammillaria_jaliscana/4162030397_0.jpg,Mammillaria jaliscana,4162030397,train
dataset_serb_bloque4/Mammillaria_jaliscana/4162030397_1.jpg,Mammillaria jaliscana,4162030397,train
dataset_serb_bloque4/Mammillaria_jaliscana/4500548123_0.jpg,Mammillaria jaliscana,4500548123,train
dataset_serb_bloque4/Mammillaria_jaliscana/4171557997_0.jpg,Mammillaria jaliscana,4171557997,train
dataset_serb_bloque4/Mammillaria_jaliscana/4171557997_1.jpg,Mammillaria jaliscana,4171557997,train
dataset_serb_bloque4/Mammillaria_jaliscana/4416843684_0.jpg,Mammillaria jaliscana,4416843684,train
dataset_serb_bloque4/Mammillaria_jaliscana/4976272285_2.jpg,Mammillaria jaliscana,4976272285,train
dataset_serb_bloque4/Mammillaria_jaliscana/4976272285_0.jpg,Mammillaria jaliscana,4976272285,train
dataset_serb_bloque4/Mammillaria_jaliscana/4976272285_1.jpg,Mammillaria jaliscana,4976272285,train
dataset_serb_bloque4/Mammillaria_jaliscana/4500558167_0.jpg,Mammillaria jaliscana,4500558167,train
dataset_serb_bloque4/Mammillaria_jaliscana/5909347083_0.jpg,Mammillaria jaliscana,5909347083,train
dataset_serb_bloque4/Mammillaria_jaliscana/4416640722_0.jpg,Mammillaria jaliscana,4416640722,train
dataset_serb_bloque4/Mammillaria_jaliscana/4416640722_1.jpg,Mammillaria jaliscana,4416640722,train
dataset_serb_bloque4/Mammillaria_jaliscana/6499953558_0.jpg,Mammillaria jaliscana,6499953558,train
dataset_serb_bloque4/Mammillaria_jaliscana/6499953558_1.jpg,Mammillaria jaliscana,6499953558,train
dataset_serb_bloque4/Mammillaria_jaliscana/6499953558_2.jpg,Mammillaria jaliscana,6499953558,train
dataset_serb_bloque4/Mammillaria_jaliscana/4067243115_0.jpg,Mammillaria jaliscana,4067243115,train
dataset_serb_bloque4/Mammillaria_jaliscana/5889757588_0.jpg,Mammillaria jaliscana,5889757588,train
dataset_serb_bloque4/Mammillaria_jaliscana/5187900521_0.jpg,Mammillaria jaliscana,5187900521,train
dataset_serb_bloque4/Mammillaria_jaliscana/3456881704_0.jpg,Mammillaria jaliscana,3456881704,train
dataset_serb_bloque4/Mammillaria_jaliscana/3456881704_1.jpg,Mammillaria jaliscana,3456881704,train
dataset_serb_bloque4/Mammillaria_jaliscana/4416851834_1.jpg,Mammillaria jaliscana,4416851834,train
dataset_serb_bloque4/Mammillaria_jaliscana/4416851834_0.jpg,Mammillaria jaliscana,4416851834,train
dataset_serb_bloque4/Mammillaria_jaliscana/4424303763_0.jpg,Mammillaria jaliscana,4424303763,train
dataset_serb_bloque4/Mammillaria_jaliscana/4424303763_2.jpg,Mammillaria jaliscana,4424303763,train
dataset_serb_bloque4/Mammillaria_jaliscana/4424303763_1.jpg,Mammillaria jaliscana,4424303763,train
dataset_serb_bloque4/Mammillaria_jaliscana/4424303763_3.jpg,Mammillaria jaliscana,4424303763,train
dataset_serb_bloque4/Mammillaria_jaliscana/5007839383_0.jpg,Mammillaria jaliscana,5007839383,train
dataset_serb_bloque4/Mammillaria_jaliscana/4973783698_1.jpg,Mammillaria jaliscana,4973783698,train
dataset_serb_bloque4/Mammillaria_jaliscana/4973783698_0.jpg,Mammillaria jaliscana,4973783698,train
dataset_serb_bloque4/Mammillaria_jaliscana/4973783698_2.jpg,Mammillaria jaliscana,4973783698,train
dataset_serb_bloque4/Mammillaria_jaliscana/4405175200_0.jpg,Mammillaria jaliscana,4405175200,train
dataset_serb_bloque4/Mammillaria_jaliscana/4976340580_0.jpg,Mammillaria jaliscana,4976340580,train
dataset_serb_bloque4/Mammillaria_jaliscana/5007709874_0.jpg,Mammillaria jaliscana,5007709874,train
dataset_serb_bloque4/Mammillaria_jaliscana/5008436523_0.jpg,Mammillaria jaliscana,5008436523,train
dataset_serb_bloque4/Mammillaria_jaliscana/5006841996_0.jpg,Mammillaria jaliscana,5006841996,train
dataset_serb_bloque4/Mammillaria_jaliscana/5198891397_1.jpg,Mammillaria jaliscana,5198891397,train
dataset_serb_bloque4/Mammillaria_jaliscana/5198891397_0.jpg,Mammillaria jaliscana,5198891397,train
dataset_serb_bloque4/Mammillaria_jaliscana/4400355257_0.jpg,Mammillaria jaliscana,4400355257,train
dataset_serb_bloque4/Mammillaria_jaliscana/4034784598_0.jpg,Mammillaria jaliscana,4034784598,train
dataset_serb_bloque4/Mammillaria_jaliscana/3759181848_1.jpg,Mammillaria jaliscana,3759181848,train
dataset_serb_bloque4/Mammillaria_jaliscana/3759181848_0.jpg,Mammillaria jaliscana,3759181848,train
dataset_serb_bloque4/Mammillaria_jaliscana/6498502498_1.jpg,Mammillaria jaliscana,6498502498,train
dataset_serb_bloque4/Mammillaria_jaliscana/6498502498_0.jpg,Mammillaria jaliscana,6498502498,train
dataset_serb_bloque4/Mammillaria_jaliscana/5007157430_0.jpg,Mammillaria jaliscana,5007157430,train
dataset_serb_bloque4/Mammillaria_jaliscana/5007779080_0.jpg,Mammillaria jaliscana,5007779080,train
dataset_serb_bloque4/Penstemon_roseus/6480892154_0.jpg,Penstemon roseus,6480892154,val
dataset_serb_bloque4/Penstemon_roseus/6480892154_1.jpg,Penstemon roseus,6480892154,val
dataset_serb_bloque4/Penstemon_roseus/5230202262_1.jpg,Penstemon roseus,5230202262,val
dataset_serb_bloque4/Penstemon_roseus/5230202262_2.jpg,Penstemon roseus,5230202262,val
dataset_serb_bloque4/Penstemon_roseus/5230202262_4.jpg,Penstemon roseus,5230202262,val
dataset_serb_bloque4/Penstemon_roseus/5230202262_0.jpg,Penstemon roseus,5230202262,val
dataset_serb_bloque4/Penstemon_roseus/5230202262_3.jpg,Penstemon roseus,5230202262,val
dataset_serb_bloque4/Penstemon_roseus/6498350558_0.jpg,Penstemon roseus,6498350558,val
dataset_serb_bloque4/Penstemon_roseus/6498350558_1.jpg,Penstemon roseus,6498350558,val
dataset_serb_bloque4/Penstemon_roseus/5828619427_0.jpg,Penstemon roseus,5828619427,val
dataset_serb_bloque4/Penstemon_roseus/6499166194_0.jpg,Penstemon roseus,6499166194,val
dataset_serb_bloque4/Penstemon_roseus/5230088263_0.jpg,Penstemon roseus,5230088263,val
dataset_serb_bloque4/Penstemon_roseus/5292543682_2.jpg,Penstemon roseus,5292543682,val
dataset_serb_bloque4/Penstemon_roseus/5292543682_0.jpg,Penstemon roseus,5292543682,val
dataset_serb_bloque4/Penstemon_roseus/5292543682_1.jpg,Penstemon roseus,5292543682,val
dataset_serb_bloque4/Penstemon_roseus/5291857128_0.jpg,Penstemon roseus,5291857128,test
dataset_serb_bloque4/Penstemon_roseus/5176541718_0.jpg,Penstemon roseus,5176541718,test
dataset_serb_bloque4/Penstemon_roseus/6479529000_1.jpg,Penstemon roseus,6479529000,test
dataset_serb_bloque4/Penstemon_roseus/6479529000_0.jpg,Penstemon roseus,6479529000,test
dataset_serb_bloque4/Penstemon_roseus/5206577232_0.jpg,Penstemon roseus,5206577232,test
dataset_serb_bloque4/Penstemon_roseus/6498312179_0.jpg,Penstemon roseus,6498312179,test
dataset_serb_bloque4/Penstemon_roseus/6498312179_1.jpg,Penstemon roseus,6498312179,test
dataset_serb_bloque4/Penstemon_roseus/5063129452_0.jpg,Penstemon roseus,5063129452,test
dataset_serb_bloque4/Penstemon_roseus/5063129452_2.jpg,Penstemon roseus,5063129452,test
dataset_serb_bloque4/Penstemon_roseus/5063129452_1.jpg,Penstemon roseus,5063129452,test
dataset_serb_bloque4/Penstemon_roseus/5063129452_3.jpg,Penstemon roseus,5063129452,test
dataset_serb_bloque4/Penstemon_roseus/5231156376_0.jpg,Penstemon roseus,5231156376,test
dataset_serb_bloque4/Penstemon_roseus/5238150006_0.jpg,Penstemon roseus,5238150006,train
dataset_serb_bloque4/Penstemon_roseus/5167510363_0.jpg,Penstemon roseus,5167510363,train
dataset_serb_bloque4/Penstemon_roseus/6498480867_0.jpg,Penstemon roseus,6498480867,train
dataset_serb_bloque4/Penstemon_roseus/6479498417_0.jpg,Penstemon roseus,6479498417,train
dataset_serb_bloque4/Penstemon_roseus/5167045899_1.jpg,Penstemon roseus,5167045899,train
dataset_serb_bloque4/Penstemon_roseus/5167045899_0.jpg,Penstemon roseus,5167045899,train
dataset_serb_bloque4/Penstemon_roseus/5293155733_6.jpg,Penstemon roseus,5293155733,train
dataset_serb_bloque4/Penstemon_roseus/5293155733_5.jpg,Penstemon roseus,5293155733,train
dataset_serb_bloque4/Penstemon_roseus/5293155733_1.jpg,Penstemon roseus,5293155733,train
dataset_serb_bloque4/Penstemon_roseus/5293155733_0.jpg,Penstemon roseus,5293155733,train
dataset_serb_bloque4/Penstemon_roseus/5293155733_4.jpg,Penstemon roseus,5293155733,train
dataset_serb_bloque4/Penstemon_roseus/5293155733_2.jpg,Penstemon roseus,5293155733,train
dataset_serb_bloque4/Penstemon_roseus/5293155733_3.jpg,Penstemon roseus,5293155733,train
dataset_serb_bloque4/Penstemon_roseus/5827830215_0.jpg,Penstemon roseus,5827830215,train
dataset_serb_bloque4/Penstemon_roseus/6499797457_1.jpg,Penstemon roseus,6499797457,train
dataset_serb_bloque4/Penstemon_roseus/6499797457_0.jpg,Penstemon roseus,6499797457,train
dataset_serb_bloque4/Penstemon_roseus/5282243751_0.jpg,Penstemon roseus,5282243751,train
dataset_serb_bloque4/Penstemon_roseus/5827933950_0.jpg,Penstemon roseus,5827933950,train
dataset_serb_bloque4/Penstemon_roseus/5198323831_0.jpg,Penstemon roseus,5198323831,train
dataset_serb_bloque4/Penstemon_roseus/5198323831_1.jpg,Penstemon roseus,5198323831,train
dataset_serb_bloque4/Penstemon_roseus/5827970554_0.jpg,Penstemon roseus,5827970554,train
dataset_serb_bloque4/Penstemon_roseus/5827970554_1.jpg,Penstemon roseus,5827970554,train
dataset_serb_bloque4/Penstemon_roseus/5231701908_0.jpg,Penstemon roseus,5231701908,train
dataset_serb_bloque4/Penstemon_roseus/5231701908_1.jpg,Penstemon roseus,5231701908,train
dataset_serb_bloque4/Penstemon_roseus/5827401255_1.jpg,Penstemon roseus,5827401255,train
dataset_serb_bloque4/Penstemon_roseus/5827401255_2.jpg,Penstemon roseus,5827401255,train
dataset_serb_bloque4/Penstemon_roseus/5827401255_0.jpg,Penstemon roseus,5827401255,train
dataset_serb_bloque4/Penstemon_roseus/5293306708_1.jpg,Penstemon roseus,5293306708,train
dataset_serb_bloque4/Penstemon_roseus/5293306708_3.jpg,Penstemon roseus,5293306708,train
dataset_serb_bloque4/Penstemon_roseus/5293306708_0.jpg,Penstemon roseus,5293306708,train
dataset_serb_bloque4/Penstemon_roseus/5293306708_2.jpg,Penstemon roseus,5293306708,train
dataset_serb_bloque4/Penstemon_roseus/5198751653_0.jpg,Penstemon roseus,5198751653,train
dataset_serb_bloque4/Penstemon_roseus/6481217511_2.jpg,Penstemon roseus,6481217511,train
dataset_serb_bloque4/Penstemon_roseus/6481217511_0.jpg,Penstemon roseus,6481217511,train
dataset_serb_bloque4/Penstemon_roseus/6481217511_1.jpg,Penstemon roseus,6481217511,train
dataset_serb_bloque4/Penstemon_roseus/6470774542_0.jpg,Penstemon roseus,6470774542,train
dataset_serb_bloque4/Penstemon_roseus/6520207662_0.jpg,Penstemon roseus,6520207662,train
dataset_serb_bloque4/Penstemon_roseus/5281935439_0.jpg,Penstemon roseus,5281935439,train
dataset_serb_bloque4/Penstemon_roseus/6498182005_0.jpg,Penstemon roseus,6498182005,train
dataset_serb_bloque4/Penstemon_roseus/5830969444_0.jpg,Penstemon roseus,5830969444,train
dataset_serb_bloque4/Penstemon_roseus/5281799544_0.jpg,Penstemon roseus,5281799544,train
dataset_serb_bloque4/Penstemon_roseus/6480567441_0.jpg,Penstemon roseus,6480567441,train
dataset_serb_bloque4/Penstemon_roseus/5759799817_0.jpg,Penstemon roseus,5759799817,train
dataset_serb_bloque4/Penstemon_roseus/5281784889_0.jpg,Penstemon roseus,5281784889,train
dataset_serb_bloque4/Penstemon_roseus/5292596915_0.jpg,Penstemon roseus,5292596915,train
dataset_serb_bloque4/Penstemon_roseus/5238126311_0.jpg,Penstemon roseus,5238126311,train
dataset_serb_bloque4/Penstemon_roseus/5238126311_1.jpg,Penstemon roseus,5238126311,train
dataset_serb_bloque4/Penstemon_roseus/5238126311_2.jpg,Penstemon roseus,5238126311,train
dataset_serb_bloque4/Penstemon_roseus/5231068513_0.jpg,Penstemon roseus,5231068513,train
dataset_serb_bloque4/Penstemon_roseus/5282431446_0.jpg,Penstemon roseus,5282431446,train
dataset_serb_bloque4/Penstemon_roseus/5282431446_1.jpg,Penstemon roseus,5282431446,train
dataset_serb_bloque4/Penstemon_roseus/5827576280_0.jpg,Penstemon roseus,5827576280,train
dataset_serb_bloque4/Penstemon_roseus/6518970378_0.jpg,Penstemon roseus,6518970378,train
dataset_serb_bloque4/Penstemon_roseus/6480815501_0.jpg,Penstemon roseus,6480815501,train
dataset_serb_bloque4/Penstemon_roseus/6480815501_1.jpg,Penstemon roseus,6480815501,train
dataset_serb_bloque4/Penstemon_roseus/6480815501_2.jpg,Penstemon roseus,6480815501,train
dataset_serb_bloque4/Penstemon_roseus/6480491454_2.jpg,Penstemon roseus,6480491454,train
dataset_serb_bloque4/Penstemon_roseus/6480491454_1.jpg,Penstemon roseus,6480491454,train
dataset_serb_bloque4/Penstemon_roseus/6480491454_0.jpg,Penstemon roseus,6480491454,train
dataset_serb_bloque4/Agave_guadalajarana/5069696781_1.jpg,Agave_spp,5069696781,val
dataset_serb_bloque4/Agave_guadalajarana/5069696781_0.jpg,Agave_spp,5069696781,val
dataset_serb_bloque4/Agave_guadalajarana/4116350419_2.jpg,Agave_spp,4116350419,val
dataset_serb_bloque4/Agave_guadalajarana/4116350419_1.jpg,Agave_spp,4116350419,val
dataset_serb_bloque4/Agave_guadalajarana/4116350419_0.jpg,Agave_spp,4116350419,val
dataset_serb_bloque4/Agave_inaequidens/5104336472_1.jpg,Agave_spp,5104336472,val
dataset_serb_bloque4/Agave_inaequidens/5104336472_2.jpg,Agave_spp,5104336472,val
dataset_serb_bloque4/Agave_inaequidens/5104336472_0.jpg,Agave_spp,5104336472,val
dataset_serb_bloque4/Agave_inaequidens/5104336472_3.jpg,Agave_spp,5104336472,val
dataset_serb_bloque4/Agave_inaequidens/4522667611_0.jpg,Agave_spp,4522667611,val
dataset_serb_bloque4/Agave_inaequidens/4522667611_1.jpg,Agave_spp,4522667611,val
dataset_serb_bloque4/Agave_inaequidens/4522667611_4.jpg,Agave_spp,4522667611,val
dataset_serb_bloque4/Agave_inaequidens/4522667611_2.jpg,Agave_spp,4522667611,val
dataset_serb_bloque4/Agave_inaequidens/4522667611_3.jpg,Agave_spp,4522667611,val
dataset_serb_bloque4/Agave_inaequidens/5938096964_0.jpg,Agave_spp,5938096964,val
dataset_serb_bloque4/Agave_guadalajarana/4921645488_0.jpg,Agave_spp,4921645488,val
dataset_serb_bloque4/Agave_guadalajarana/4954251618_0.jpg,Agave_spp,4954251618,val
dataset_serb_bloque4/Agave_guadalajarana/4846913514_0.jpg,Agave_spp,4846913514,val
dataset_serb_bloque4/Agave_guadalajarana/4846913514_1.jpg,Agave_spp,4846913514,val
dataset_serb_bloque4/Agave_guadalajarana/4846913514_2.jpg,Agave_spp,4846913514,val
dataset_serb_bloque4/Agave_inaequidens/4606577015_0.jpg,Agave_spp,4606577015,val
dataset_serb_bloque4/Agave_guadalajarana/4103237685_0.jpg,Agave_spp,4103237685,val
dataset_serb_bloque4/Agave_guadalajarana/4400069335_1.jpg,Agave_spp,4400069335,val
dataset_serb_bloque4/Agave_guadalajarana/4400069335_0.jpg,Agave_spp,4400069335,val
dataset_serb_bloque4/Agave_guadalajarana/3888945356_0.jpg,Agave_spp,3888945356,val
dataset_serb_bloque4/Agave_guadalajarana/4936826139_0.jpg,Agave_spp,4936826139,val
dataset_serb_bloque4/Agave_guadalajarana/4936826139_1.jpg,Agave_spp,4936826139,val
dataset_serb_bloque4/Agave_inaequidens/5844158327_0.jpg,Agave_spp,5844158327,test
dataset_serb_bloque4/Agave_inaequidens/4911055656_1.jpg,Agave_spp,4911055656,test
dataset_serb_bloque4/Agave_inaequidens/4911055656_0.jpg,Agave_spp,4911055656,test
dataset_serb_bloque4/Agave_inaequidens/4516798288_0.jpg,Agave_spp,4516798288,test
dataset_serb_bloque4/Agave_guadalajarana/4075667949_0.jpg,Agave_spp,4075667949,test
dataset_serb_bloque4/Agave_guadalajarana/4936891817_0.jpg,Agave_spp,4936891817,test
dataset_serb_bloque4/Agave_guadalajarana/4936891817_1.jpg,Agave_spp,4936891817,test
dataset_serb_bloque4/Agave_guadalajarana/3961100568_2.jpg,Agave_spp,3961100568,test
dataset_serb_bloque4/Agave_guadalajarana/3961100568_0.jpg,Agave_spp,3961100568,test
dataset_serb_bloque4/Agave_guadalajarana/3961100568_1.jpg,Agave_spp,3961100568,test
dataset_serb_bloque4/Agave_inaequidens/6130727668_0.jpg,Agave_spp,6130727668,test
dataset_serb_bloque4/Agave_inaequidens/5892664995_0.jpg,Agave_spp,5892664995,test
dataset_serb_bloque4/Agave_inaequidens/5087081196_1.jpg,Agave_spp,5087081196,test
dataset_serb_bloque4/Agave_inaequidens/5087081196_0.jpg,Agave_spp,5087081196,test
dataset_serb_bloque4/Agave_guadalajarana/5087083511_0.jpg,Agave_spp,5087083511,test
dataset_serb_bloque4/Agave_guadalajarana/5087083511_1.jpg,Agave_spp,5087083511,test
dataset_serb_bloque4/Agave_guadalajarana/4172128160_0.jpg,Agave_spp,4172128160,test
dataset_serb_bloque4/Agave_inaequidens/4597556223_0.jpg,Agave_spp,4597556223,test
dataset_serb_bloque4/Agave_inaequidens/4852297024_0.jpg,Agave_spp,4852297024,test
dataset_serb_bloque4/Agave_inaequidens/4852297024_1.jpg,Agave_spp,4852297024,test
dataset_serb_bloque4/Agave_guadalajarana/4400054905_0.jpg,Agave_spp,4400054905,train
dataset_serb_bloque4/Agave_guadalajarana/4400054905_1.jpg,Agave_spp,4400054905,train
dataset_serb_bloque4/Agave_guadalajarana/4400054905_2.jpg,Agave_spp,4400054905,train
dataset_serb_bloque4/Agave_inaequidens/5187872783_0.jpg,Agave_spp,5187872783,train
dataset_serb_bloque4/Agave_inaequidens/4519051403_1.jpg,Agave_spp,4519051403,train
dataset_serb_bloque4/Agave_inaequidens/4519051403_0.jpg,Agave_spp,4519051403,train
dataset_serb_bloque4/Agave_inaequidens/6441990366_0.jpg,Agave_spp,6441990366,train
dataset_serb_bloque4/Agave_inaequidens/4855300404_0.jpg,Agave_spp,4855300404,train
dataset_serb_bloque4/Agave_guadalajarana/4116156710_0.jpg,Agave_spp,4116156710,train
dataset_serb_bloque4/Agave_inaequidens/5938379736_0.jpg,Agave_spp,5938379736,train
dataset_serb_bloque4/Agave_inaequidens/5938379736_1.jpg,Agave_spp,5938379736,train
dataset_serb_bloque4/Agave_guadalajarana/3802752377_1.jpg,Agave_spp,3802752377,train
dataset_serb_bloque4/Agave_guadalajarana/3802752377_0.jpg,Agave_spp,3802752377,train
dataset_serb_bloque4/Agave_inaequidens/4596983071_1.jpg,Agave_spp,4596983071,train
dataset_serb_bloque4/Agave_inaequidens/4596983071_2.jpg,Agave_spp,4596983071,train
dataset_serb_bloque4/Agave_inaequidens/4596983071_0.jpg,Agave_spp,4596983071,train
dataset_serb_bloque4/Agave_inaequidens/5759966276_0.jpg,Agave_spp,5759966276,train
dataset_serb_bloque4/Agave_inaequidens/4852053100_1.jpg,Agave_spp,4852053100,train
dataset_serb_bloque4/Agave_inaequidens/4852053100_0.jpg,Agave_spp,4852053100,train
dataset_serb_bloque4/Agave_guadalajarana/4458427457_0.jpg,Agave_spp,4458427457,train
dataset_serb_bloque4/Agave_guadalajarana/4982084353_1.jpg,Agave_spp,4982084353,train
dataset_serb_bloque4/Agave_guadalajarana/4982084353_2.jpg,Agave_spp,4982084353,train
dataset_serb_bloque4/Agave_guadalajarana/4982084353_0.jpg,Agave_spp,4982084353,train
dataset_serb_bloque4/Agave_guadalajarana/4855336263_0.jpg,Agave_spp,4855336263,train
dataset_serb_bloque4/Agave_inaequidens/5216792506_0.jpg,Agave_spp,5216792506,train
dataset_serb_bloque4/Agave_guadalajarana/4855327794_0.jpg,Agave_spp,4855327794,train
dataset_serb_bloque4/Agave_inaequidens/5087000884_0.jpg,Agave_spp,5087000884,train
dataset_serb_bloque4/Agave_guadalajarana/4868168416_0.jpg,Agave_spp,4868168416,train
dataset_serb_bloque4/Agave_guadalajarana/4868168416_1.jpg,Agave_spp,4868168416,train
dataset_serb_bloque4/Agave_inaequidens/5166884714_1.jpg,Agave_spp,5166884714,train
dataset_serb_bloque4/Agave_inaequidens/5166884714_0.jpg,Agave_spp,5166884714,train
dataset_serb_bloque4/Agave_guadalajarana/4165588765_0.jpg,Agave_spp,4165588765,train
dataset_serb_bloque4/Agave_inaequidens/4872203778_0.jpg,Agave_spp,4872203778,train
dataset_serb_bloque4/Agave_inaequidens/5938340457_0.jpg,Agave_spp,5938340457,train
dataset_serb_bloque4/Agave_guadalajarana/5935479015_0.jpg,Agave_spp,5935479015,train
dataset_serb_bloque4/Agave_inaequidens/4522821449_1.jpg,Agave_spp,4522821449,train
dataset_serb_bloque4/Agave_inaequidens/4522821449_0.jpg,Agave_spp,4522821449,train
dataset_serb_bloque4/Agave_guadalajarana/4981911602_0.jpg,Agave_spp,4981911602,train
dataset_serb_bloque4/Agave_guadalajarana/4981911602_1.jpg,Agave_spp,4981911602,train
dataset_serb_bloque4/Agave_guadalajarana/4420747347_0.jpg,Agave_spp,4420747347,train
dataset_serb_bloque4/Agave_guadalajarana/3912014399_1.jpg,Agave_spp,3912014399,train
dataset_serb_bloque4/Agave_guadalajarana/3912014399_0.jpg,Agave_spp,3912014399,train
dataset_serb_bloque4/Agave_inaequidens/4516722746_0.jpg,Agave_spp,4516722746,train
dataset_serb_bloque4/Agave_guadalajarana/4946146795_0.jpg,Agave_spp,4946146795,train
dataset_serb_bloque4/Agave_guadalajarana/4946146795_1.jpg,Agave_spp,4946146795,train
dataset_serb_bloque4/Agave_guadalajarana/4946146795_3.jpg,Agave_spp,4946146795,train
dataset_serb_bloque4/Agave_guadalajarana/4946146795_2.jpg,Agave_spp,4946146795,train
dataset_serb_bloque4/Agave_guadalajarana/4172023684_0.jpg,Agave_spp,4172023684,train
dataset_serb_bloque4/Agave_inaequidens/5188464230_0.jpg,Agave_spp,5188464230,train
dataset_serb_bloque4/Agave_inaequidens/5935444467_1.jpg,Agave_spp,5935444467,train
dataset_serb_bloque4/Agave_inaequidens/5935444467_2.jpg,Agave_spp,5935444467,train
dataset_serb_bloque4/Agave_inaequidens/5935444467_0.jpg,Agave_spp,5935444467,train
dataset_serb_bloque4/Agave_guadalajarana/4171922252_0.jpg,Agave_spp,4171922252,train
dataset_serb_bloque4/Agave_inaequidens/4606701242_0.jpg,Agave_spp,4606701242,train
dataset_serb_bloque4/Agave_guadalajarana/4852489343_0.jpg,Agave_spp,4852489343,train
dataset_serb_bloque4/Agave_inaequidens/5759846035_1.jpg,Agave_spp,5759846035,train
dataset_serb_bloque4/Agave_inaequidens/5759846035_0.jpg,Agave_spp,5759846035,train
dataset_serb_bloque4/Agave_inaequidens/5759846035_3.jpg,Agave_spp,5759846035,train
dataset_serb_bloque4/Agave_inaequidens/5759846035_2.jpg,Agave_spp,5759846035,train
dataset_serb_bloque4/Agave_guadalajarana/4171798816_2.jpg,Agave_spp,4171798816,train
dataset_serb_bloque4/Agave_guadalajarana/4171798816_0.jpg,Agave_spp,4171798816,train
dataset_serb_bloque4/Agave_guadalajarana/4171798816_1.jpg,Agave_spp,4171798816,train
dataset_serb_bloque4/Agave_guadalajarana/4399938564_0.jpg,Agave_spp,4399938564,train
dataset_serb_bloque4/Agave_guadalajarana/4399938564_1.jpg,Agave_spp,4399938564,train
dataset_serb_bloque4/Agave_guadalajarana/4399938564_2.jpg,Agave_spp,4399938564,train
dataset_serb_bloque4/Agave_guadalajarana/4153570618_0.jpg,Agave_spp,4153570618,train
dataset_serb_bloque4/Agave_guadalajarana/4162162124_0.jpg,Agave_spp,4162162124,train
dataset_serb_bloque4/Agave_guadalajarana/4400264555_2.jpg,Agave_spp,4400264555,train
dataset_serb_bloque4/Agave_guadalajarana/4400264555_0.jpg,Agave_spp,4400264555,train
dataset_serb_bloque4/Agave_guadalajarana/4400264555_1.jpg,Agave_spp,4400264555,train
dataset_serb_bloque4/Agave_guadalajarana/4400264555_3.jpg,Agave_spp,4400264555,train
dataset_serb_bloque4/Agave_guadalajarana/4982224572_0.jpg,Agave_spp,4982224572,train
dataset_serb_bloque4/Agave_inaequidens/5167024283_1.jpg,Agave_spp,5167024283,train
dataset_serb_bloque4/Agave_inaequidens/5167024283_0.jpg,Agave_spp,5167024283,train
dataset_serb_bloque4/Agave_inaequidens/5890011417_1.jpg,Agave_spp,5890011417,train
dataset_serb_bloque4/Agave_inaequidens/5890011417_2.jpg,Agave_spp,5890011417,train
dataset_serb_bloque4/Agave_inaequidens/5890011417_0.jpg,Agave_spp,5890011417,train
dataset_serb_bloque4/Agave_inaequidens/4851926975_1.jpg,Agave_spp,4851926975,train
dataset_serb_bloque4/Agave_inaequidens/4851926975_0.jpg,Agave_spp,4851926975,train
dataset_serb_bloque4/Agave_inaequidens/4851926975_2.jpg,Agave_spp,4851926975,train
dataset_serb_bloque4/Agave_inaequidens/5938242055_0.jpg,Agave_spp,5938242055,train
dataset_serb_bloque4/Agave_guadalajarana/4847232877_3.jpg,Agave_spp,4847232877,train
dataset_serb_bloque4/Agave_guadalajarana/4847232877_1.jpg,Agave_spp,4847232877,train
dataset_serb_bloque4/Agave_guadalajarana/4847232877_0.jpg,Agave_spp,4847232877,train
dataset_serb_bloque4/Agave_guadalajarana/4847232877_2.jpg,Agave_spp,4847232877,train
dataset_serb_bloque4/Agave_inaequidens/5199119412_0.jpg,Agave_spp,5199119412,train
dataset_serb_bloque4/Agave_guadalajarana/5936413199_0.jpg,Agave_spp,5936413199,train
dataset_serb_bloque4/Agave_guadalajarana/5936413199_1.jpg,Agave_spp,5936413199,train
dataset_serb_bloque4/Agave_guadalajarana/3712508542_1.jpg,Agave_spp,3712508542,train
dataset_serb_bloque4/Agave_guadalajarana/3712508542_0.jpg,Agave_spp,3712508542,train
dataset_serb_bloque4/Agave_guadalajarana/4978207675_0.jpg,Agave_spp,4978207675,train
dataset_serb_bloque4/Agave_inaequidens/5231936117_0.jpg,Agave_spp,5231936117,train
dataset_serb_bloque4/Agave_guadalajarana/5205865458_2.jpg,Agave_spp,5205865458,train
dataset_serb_bloque4/Agave_guadalajarana/5205865458_0.jpg,Agave_spp,5205865458,train
dataset_serb_bloque4/Agave_guadalajarana/5205865458_1.jpg,Agave_spp,5205865458,train
dataset_serb_bloque4/Agave_guadalajarana/3455973388_2.jpg,Agave_spp,3455973388,train
dataset_serb_bloque4/Agave_guadalajarana/3455973388_1.jpg,Agave_spp,3455973388,train
dataset_serb_bloque4/Agave_guadalajarana/3455973388_0.jpg,Agave_spp,3455973388,train
dataset_serb_bloque4/Agave_guadalajarana/3764120583_0.jpg,Agave_spp,3764120583,train
dataset_serb_bloque4/Agave_inaequidens/5153126416_0.jpg,Agave_spp,5153126416,train
dataset_serb_bloque4/Agave_inaequidens/5140546824_2.jpg,Agave_spp,5140546824,train
dataset_serb_bloque4/Agave_inaequidens/5140546824_0.jpg,Agave_spp,5140546824,train
dataset_serb_bloque4/Agave_inaequidens/5140546824_1.jpg,Agave_spp,5140546824,train
dataset_serb_bloque4/Agave_guadalajarana/5935577266_1.jpg,Agave_spp,5935577266,train
dataset_serb_bloque4/Agave_guadalajarana/5935577266_0.jpg,Agave_spp,5935577266,train
dataset_serb_bloque4/Agave_inaequidens/5938049147_0.jpg,Agave_spp,5938049147,train
dataset_serb_bloque4/Agave_guadalajarana/5936155735_0.jpg,Agave_spp,5936155735,train
dataset_serb_bloque4/Agave_guadalajarana/5936155735_1.jpg,Agave_spp,5936155735,train
dataset_serb_bloque4/Agave_guadalajarana/5936155735_2.jpg,Agave_spp,5936155735,train
dataset_serb_bloque4/Agave_guadalajarana/4039573511_0.jpg,Agave_spp,4039573511,train
dataset_serb_bloque4/Agave_guadalajarana/4935970875_1.jpg,Agave_spp,4935970875,train
dataset_serb_bloque4/Agave_guadalajarana/4935970875_2.jpg,Agave_spp,4935970875,train
dataset_serb_bloque4/Agave_guadalajarana/4935970875_0.jpg,Agave_spp,4935970875,train
dataset_serb_bloque4/Tillandsia_recurvata/5938482006_1.jpg,Tillandsia recurvata,5938482006,val
dataset_serb_bloque4/Tillandsia_recurvata/5938482006_2.jpg,Tillandsia recurvata,5938482006,val
dataset_serb_bloque4/Tillandsia_recurvata/5938482006_0.jpg,Tillandsia recurvata,5938482006,val
dataset_serb_bloque4/Tillandsia_recurvata/6129890437_0.jpg,Tillandsia recurvata,6129890437,val
dataset_serb_bloque4/Tillandsia_recurvata/6129899387_0.jpg,Tillandsia recurvata,6129899387,val
dataset_serb_bloque4/Tillandsia_recurvata/5938490072_2.jpg,Tillandsia recurvata,5938490072,val
dataset_serb_bloque4/Tillandsia_recurvata/5938490072_0.jpg,Tillandsia recurvata,5938490072,val
dataset_serb_bloque4/Tillandsia_recurvata/5938490072_1.jpg,Tillandsia recurvata,5938490072,val
dataset_serb_bloque4/Tillandsia_recurvata/5938490072_3.jpg,Tillandsia recurvata,5938490072,val
dataset_serb_bloque4/Tillandsia_recurvata/5938490072_4.jpg,Tillandsia recurvata,5938490072,val
dataset_serb_bloque4/Tillandsia_recurvata/6130001705_0.jpg,Tillandsia recurvata,6130001705,val
dataset_serb_bloque4/Tillandsia_recurvata/6129909933_0.jpg,Tillandsia recurvata,6129909933,val
dataset_serb_bloque4/Tillandsia_recurvata/5938489934_0.jpg,Tillandsia recurvata,5938489934,val
dataset_serb_bloque4/Tillandsia_recurvata/6129880209_0.jpg,Tillandsia recurvata,6129880209,val
dataset_serb_bloque4/Tillandsia_recurvata/5938343794_0.jpg,Tillandsia recurvata,5938343794,test
dataset_serb_bloque4/Tillandsia_recurvata/6129826627_0.jpg,Tillandsia recurvata,6129826627,test
dataset_serb_bloque4/Tillandsia_recurvata/6129826627_1.jpg,Tillandsia recurvata,6129826627,test
dataset_serb_bloque4/Tillandsia_recurvata/5938518219_0.jpg,Tillandsia recurvata,5938518219,test
dataset_serb_bloque4/Tillandsia_recurvata/5938518219_1.jpg,Tillandsia recurvata,5938518219,test
dataset_serb_bloque4/Tillandsia_recurvata/5938425859_0.jpg,Tillandsia recurvata,5938425859,test
dataset_serb_bloque4/Tillandsia_recurvata/5938703677_0.jpg,Tillandsia recurvata,5938703677,test
dataset_serb_bloque4/Tillandsia_recurvata/5938363328_0.jpg,Tillandsia recurvata,5938363328,test
dataset_serb_bloque4/Tillandsia_recurvata/6129932144_0.jpg,Tillandsia recurvata,6129932144,test
dataset_serb_bloque4/Tillandsia_recurvata/6129989064_0.jpg,Tillandsia recurvata,6129989064,test
dataset_serb_bloque4/Tillandsia_recurvata/5938430501_0.jpg,Tillandsia recurvata,5938430501,train
dataset_serb_bloque4/Tillandsia_recurvata/5938406572_0.jpg,Tillandsia recurvata,5938406572,train
dataset_serb_bloque4/Tillandsia_recurvata/6129965482_0.jpg,Tillandsia recurvata,6129965482,train
dataset_serb_bloque4/Tillandsia_recurvata/6129895302_0.jpg,Tillandsia recurvata,6129895302,train
dataset_serb_bloque4/Tillandsia_recurvata/6129903187_0.jpg,Tillandsia recurvata,6129903187,train
dataset_serb_bloque4/Tillandsia_recurvata/5938634851_0.jpg,Tillandsia recurvata,5938634851,train
dataset_serb_bloque4/Tillandsia_recurvata/5938320895_0.jpg,Tillandsia recurvata,5938320895,train
dataset_serb_bloque4/Tillandsia_recurvata/6129874659_0.jpg,Tillandsia recurvata,6129874659,train
dataset_serb_bloque4/Tillandsia_recurvata/6129874659_1.jpg,Tillandsia recurvata,6129874659,train
dataset_serb_bloque4/Tillandsia_recurvata/6129855454_0.jpg,Tillandsia recurvata,6129855454,train
dataset_serb_bloque4/Tillandsia_recurvata/5938478741_0.jpg,Tillandsia recurvata,5938478741,train
dataset_serb_bloque4/Tillandsia_recurvata/6129883542_0.jpg,Tillandsia recurvata,6129883542,train
dataset_serb_bloque4/Tillandsia_recurvata/6129871375_0.jpg,Tillandsia recurvata,6129871375,train
dataset_serb_bloque4/Tillandsia_recurvata/6129871375_1.jpg,Tillandsia recurvata,6129871375,train
dataset_serb_bloque4/Tillandsia_recurvata/6129906796_0.jpg,Tillandsia recurvata,6129906796,train
dataset_serb_bloque4/Tillandsia_recurvata/6129906796_1.jpg,Tillandsia recurvata,6129906796,train
dataset_serb_bloque4/Tillandsia_recurvata/6129982698_0.jpg,Tillandsia recurvata,6129982698,train
dataset_serb_bloque4/Tillandsia_recurvata/6130005709_5.jpg,Tillandsia recurvata,6130005709,train
dataset_serb_bloque4/Tillandsia_recurvata/6130005709_2.jpg,Tillandsia recurvata,6130005709,train
dataset_serb_bloque4/Tillandsia_recurvata/6130005709_3.jpg,Tillandsia recurvata,6130005709,train
dataset_serb_bloque4/Tillandsia_recurvata/6130005709_4.jpg,Tillandsia recurvata,6130005709,train
dataset_serb_bloque4/Tillandsia_recurvata/6130005709_1.jpg,Tillandsia recurvata,6130005709,train
dataset_serb_bloque4/Tillandsia_recurvata/6130005709_0.jpg,Tillandsia recurvata,6130005709,train
dataset_serb_bloque4/Tillandsia_recurvata/6129983556_0.jpg,Tillandsia recurvata,6129983556,train
dataset_serb_bloque4/Tillandsia_recurvata/5938487806_1.jpg,Tillandsia recurvata,5938487806,train
dataset_serb_bloque4/Tillandsia_recurvata/5938487806_0.jpg,Tillandsia recurvata,5938487806,train
dataset_serb_bloque4/Tillandsia_recurvata/6129828728_0.jpg,Tillandsia recurvata,6129828728,train
dataset_serb_bloque4/Tillandsia_recurvata/5938406558_0.jpg,Tillandsia recurvata,5938406558,train
dataset_serb_bloque4/Tillandsia_recurvata/5938363701_0.jpg,Tillandsia recurvata,5938363701,train
dataset_serb_bloque4/Tillandsia_recurvata/5938677878_0.jpg,Tillandsia recurvata,5938677878,train
dataset_serb_bloque4/Tillandsia_recurvata/6129881503_0.jpg,Tillandsia recurvata,6129881503,train
dataset_serb_bloque4/Tillandsia_recurvata/5938393868_0.jpg,Tillandsia recurvata,5938393868,train
dataset_serb_bloque4/Tillandsia_recurvata/5938411539_0.jpg,Tillandsia recurvata,5938411539,train
dataset_serb_bloque4/Tillandsia_recurvata/6129945446_0.jpg,Tillandsia recurvata,6129945446,train
dataset_serb_bloque4/Tillandsia_recurvata/5938644181_1.jpg,Tillandsia recurvata,5938644181,train
dataset_serb_bloque4/Tillandsia_recurvata/5938644181_0.jpg,Tillandsia recurvata,5938644181,train
dataset_serb_bloque4/Tillandsia_recurvata/6129883557_0.jpg,Tillandsia recurvata,6129883557,train
dataset_serb_bloque4/Tillandsia_recurvata/6129941428_0.jpg,Tillandsia recurvata,6129941428,train
dataset_serb_bloque4/Tillandsia_recurvata/6129941428_1.jpg,Tillandsia recurvata,6129941428,train
dataset_serb_bloque4/Tillandsia_recurvata/5938707972_0.jpg,Tillandsia recurvata,5938707972,train
dataset_serb_bloque4/Tillandsia_recurvata/6129972802_0.jpg,Tillandsia recurvata,6129972802,train
dataset_serb_bloque4/Tillandsia_recurvata/5938487839_0.jpg,Tillandsia recurvata,5938487839,train
dataset_serb_bloque4/Tillandsia_recurvata/6129895283_0.jpg,Tillandsia recurvata,6129895283,train
dataset_serb_bloque4/Tillandsia_recurvata/5938429821_0.jpg,Tillandsia recurvata,5938429821,train
dataset_serb_bloque4/Tillandsia_recurvata/5938619507_0.jpg,Tillandsia recurvata,5938619507,train
dataset_serb_bloque4/Tillandsia_recurvata/5938383246_0.jpg,Tillandsia recurvata,5938383246,train
dataset_serb_bloque4/Tillandsia_recurvata/6129819018_1.jpg,Tillandsia recurvata,6129819018,train
dataset_serb_bloque4/Tillandsia_recurvata/6129819018_2.jpg,Tillandsia recurvata,6129819018,train
dataset_serb_bloque4/Tillandsia_recurvata/6129819018_0.jpg,Tillandsia recurvata,6129819018,train
dataset_serb_bloque4/Tillandsia_recurvata/6130003015_0.jpg,Tillandsia recurvata,6130003015,train
dataset_serb_bloque4/Tillandsia_recurvata/6129960868_0.jpg,Tillandsia recurvata,6129960868,train
dataset_serb_bloque4/Tillandsia_recurvata/6129995656_4.jpg,Tillandsia recurvata,6129995656,train
dataset_serb_bloque4/Tillandsia_recurvata/6129995656_0.jpg,Tillandsia recurvata,6129995656,train
dataset_serb_bloque4/Tillandsia_recurvata/6129995656_3.jpg,Tillandsia recurvata,6129995656,train
dataset_serb_bloque4/Tillandsia_recurvata/6129995656_2.jpg,Tillandsia recurvata,6129995656,train
dataset_serb_bloque4/Tillandsia_recurvata/6129995656_1.jpg,Tillandsia recurvata,6129995656,train
dataset_serb_bloque4/Tillandsia_recurvata/6129981248_0.jpg,Tillandsia recurvata,6129981248,train
dataset_serb_bloque4/Nolina_parviflora/4846837666_2.jpg,Nolina parviflora,4846837666,val
dataset_serb_bloque4/Nolina_parviflora/4846837666_0.jpg,Nolina parviflora,4846837666,val
dataset_serb_bloque4/Nolina_parviflora/4846837666_1.jpg,Nolina parviflora,4846837666,val
dataset_serb_bloque4/Nolina_parviflora/4431082898_0.jpg,Nolina parviflora,4431082898,val
dataset_serb_bloque4/Nolina_parviflora/5063261928_0.jpg,Nolina parviflora,5063261928,val
dataset_serb_bloque4/Nolina_parviflora/5063261928_1.jpg,Nolina parviflora,5063261928,val
dataset_serb_bloque4/Nolina_parviflora/5063261928_2.jpg,Nolina parviflora,5063261928,val
dataset_serb_bloque4/Nolina_parviflora/5167613800_0.jpg,Nolina parviflora,5167613800,val
dataset_serb_bloque4/Nolina_parviflora/5086975731_0.jpg,Nolina parviflora,5086975731,val
dataset_serb_bloque4/Nolina_parviflora/3889025410_1.jpg,Nolina parviflora,3889025410,val
dataset_serb_bloque4/Nolina_parviflora/3889025410_0.jpg,Nolina parviflora,3889025410,val
dataset_serb_bloque4/Nolina_parviflora/6185826241_0.jpg,Nolina parviflora,6185826241,val
dataset_serb_bloque4/Nolina_parviflora/6185826241_1.jpg,Nolina parviflora,6185826241,val
dataset_serb_bloque4/Nolina_parviflora/4863709306_0.jpg,Nolina parviflora,4863709306,val
dataset_serb_bloque4/Nolina_parviflora/4111973998_0.jpg,Nolina parviflora,4111973998,val
dataset_serb_bloque4/Nolina_parviflora/4111973998_2.jpg,Nolina parviflora,4111973998,val
dataset_serb_bloque4/Nolina_parviflora/4111973998_1.jpg,Nolina parviflora,4111973998,val
dataset_serb_bloque4/Nolina_parviflora/5008295437_1.jpg,Nolina parviflora,5008295437,val
dataset_serb_bloque4/Nolina_parviflora/5008295437_0.jpg,Nolina parviflora,5008295437,val
dataset_serb_bloque4/Nolina_parviflora/5153868604_0.jpg,Nolina parviflora,5153868604,test
dataset_serb_bloque4/Nolina_parviflora/5153868604_1.jpg,Nolina parviflora,5153868604,test
dataset_serb_bloque4/Nolina_parviflora/4171334664_0.jpg,Nolina parviflora,4171334664,test
dataset_serb_bloque4/Nolina_parviflora/4863871326_0.jpg,Nolina parviflora,4863871326,test
dataset_serb_bloque4/Nolina_parviflora/4145215037_0.jpg,Nolina parviflora,4145215037,test
dataset_serb_bloque4/Nolina_parviflora/4145221069_0.jpg,Nolina parviflora,4145221069,test
dataset_serb_bloque4/Nolina_parviflora/4091460585_0.jpg,Nolina parviflora,4091460585,test
dataset_serb_bloque4/Nolina_parviflora/4536003242_0.jpg,Nolina parviflora,4536003242,test
dataset_serb_bloque4/Nolina_parviflora/4536003242_1.jpg,Nolina parviflora,4536003242,test
dataset_serb_bloque4/Nolina_parviflora/4536003242_2.jpg,Nolina parviflora,4536003242,test
dataset_serb_bloque4/Nolina_parviflora/4416823383_0.jpg,Nolina parviflora,4416823383,test
dataset_serb_bloque4/Nolina_parviflora/4416823383_1.jpg,Nolina parviflora,4416823383,test
dataset_serb_bloque4/Nolina_parviflora/4872231953_0.jpg,Nolina parviflora,4872231953,test
dataset_serb_bloque4/Nolina_parviflora/4872231953_1.jpg,Nolina parviflora,4872231953,test
dataset_serb_bloque4/Nolina_parviflora/4162443276_0.jpg,Nolina parviflora,4162443276,test
dataset_serb_bloque4/Nolina_parviflora/4171159448_0.jpg,Nolina parviflora,4171159448,train
dataset_serb_bloque4/Nolina_parviflora/4103216801_0.jpg,Nolina parviflora,4103216801,train
dataset_serb_bloque4/Nolina_parviflora/5932282527_0.jpg,Nolina parviflora,5932282527,train
dataset_serb_bloque4/Nolina_parviflora/3773378425_1.jpg,Nolina parviflora,3773378425,train
dataset_serb_bloque4/Nolina_parviflora/3773378425_0.jpg,Nolina parviflora,3773378425,train
dataset_serb_bloque4/Nolina_parviflora/3773378425_2.jpg,Nolina parviflora,3773378425,train
dataset_serb_bloque4/Nolina_parviflora/5909099765_0.jpg,Nolina parviflora,5909099765,train
dataset_serb_bloque4/Nolina_parviflora/4431022327_0.jpg,Nolina parviflora,4431022327,train
dataset_serb_bloque4/Nolina_parviflora/4138372044_0.jpg,Nolina parviflora,4138372044,train
dataset_serb_bloque4/Nolina_parviflora/4138372044_1.jpg,Nolina parviflora,4138372044,train
dataset_serb_bloque4/Nolina_parviflora/6163048602_0.jpg,Nolina parviflora,6163048602,train
dataset_serb_bloque4/Nolina_parviflora/6163048602_1.jpg,Nolina parviflora,6163048602,train
dataset_serb_bloque4/Nolina_parviflora/5167805046_0.jpg,Nolina parviflora,5167805046,train
dataset_serb_bloque4/Nolina_parviflora/4138075981_1.jpg,Nolina parviflora,4138075981,train
dataset_serb_bloque4/Nolina_parviflora/4138075981_0.jpg,Nolina parviflora,4138075981,train
dataset_serb_bloque4/Nolina_parviflora/5063288293_0.jpg,Nolina parviflora,5063288293,train
dataset_serb_bloque4/Nolina_parviflora/5908994184_0.jpg,Nolina parviflora,5908994184,train
dataset_serb_bloque4/Nolina_parviflora/4852548643_0.jpg,Nolina parviflora,4852548643,train
dataset_serb_bloque4/Nolina_parviflora/4171411561_0.jpg,Nolina parviflora,4171411561,train
dataset_serb_bloque4/Nolina_parviflora/5133486601_1.jpg,Nolina parviflora,5133486601,train
dataset_serb_bloque4/Nolina_parviflora/5133486601_0.jpg,Nolina parviflora,5133486601,train
dataset_serb_bloque4/Nolina_parviflora/5133486601_2.jpg,Nolina parviflora,5133486601,train
dataset_serb_bloque4/Nolina_parviflora/3773214440_0.jpg,Nolina parviflora,3773214440,train
dataset_serb_bloque4/Nolina_parviflora/3773214440_1.jpg,Nolina parviflora,3773214440,train
dataset_serb_bloque4/Nolina_parviflora/5133526146_0.jpg,Nolina parviflora,5133526146,train
dataset_serb_bloque4/Nolina_parviflora/4416836523_0.jpg,Nolina parviflora,4416836523,train
dataset_serb_bloque4/Nolina_parviflora/4607518099_1.jpg,Nolina parviflora,4607518099,train
dataset_serb_bloque4/Nolina_parviflora/4607518099_0.jpg,Nolina parviflora,4607518099,train
dataset_serb_bloque4/Nolina_parviflora/6184832406_1.jpg,Nolina parviflora,6184832406,train
dataset_serb_bloque4/Nolina_parviflora/6184832406_0.jpg,Nolina parviflora,6184832406,train
dataset_serb_bloque4/Nolina_parviflora/6184832406_2.jpg,Nolina parviflora,6184832406,train
dataset_serb_bloque4/Nolina_parviflora/4852651358_0.jpg,Nolina parviflora,4852651358,train
dataset_serb_bloque4/Nolina_parviflora/6185095843_0.jpg,Nolina parviflora,6185095843,train
dataset_serb_bloque4/Nolina_parviflora/4430624622_1.jpg,Nolina parviflora,4430624622,train
dataset_serb_bloque4/Nolina_parviflora/4430624622_0.jpg,Nolina parviflora,4430624622,train
dataset_serb_bloque4/Nolina_parviflora/4138066208_0.jpg,Nolina parviflora,4138066208,train
dataset_serb_bloque4/Nolina_parviflora/5176363400_0.jpg,Nolina parviflora,5176363400,train
dataset_serb_bloque4/Nolina_parviflora/4111706215_0.jpg,Nolina parviflora,4111706215,train
dataset_serb_bloque4/Nolina_parviflora/4111706215_1.jpg,Nolina parviflora,4111706215,train
dataset_serb_bloque4/Nolina_parviflora/5292106090_0.jpg,Nolina parviflora,5292106090,train
dataset_serb_bloque4/Nolina_parviflora/4171149650_0.jpg,Nolina parviflora,4171149650,train
dataset_serb_bloque4/Nolina_parviflora/6518433573_0.jpg,Nolina parviflora,6518433573,train
dataset_serb_bloque4/Nolina_parviflora/5292785301_0.jpg,Nolina parviflora,5292785301,train
dataset_serb_bloque4/Nolina_parviflora/4430894132_0.jpg,Nolina parviflora,4430894132,train
dataset_serb_bloque4/Nolina_parviflora/4171229469_0.jpg,Nolina parviflora,4171229469,train
dataset_serb_bloque4/Nolina_parviflora/3772851136_2.jpg,Nolina parviflora,3772851136,train
dataset_serb_bloque4/Nolina_parviflora/3772851136_1.jpg,Nolina parviflora,3772851136,train
dataset_serb_bloque4/Nolina_parviflora/3772851136_0.jpg,Nolina parviflora,3772851136,train
dataset_serb_bloque4/Nolina_parviflora/4091565585_1.jpg,Nolina parviflora,4091565585,train
dataset_serb_bloque4/Nolina_parviflora/4091565585_0.jpg,Nolina parviflora,4091565585,train
dataset_serb_bloque4/Nolina_parviflora/4091827623_0.jpg,Nolina parviflora,4091827623,train
dataset_serb_bloque4/Nolina_parviflora/4416669539_0.jpg,Nolina parviflora,4416669539,train
dataset_serb_bloque4/Nolina_parviflora/4171280507_0.jpg,Nolina parviflora,4171280507,train
dataset_serb_bloque4/Nolina_parviflora/4416707513_0.jpg,Nolina parviflora,4416707513,train
dataset_serb_bloque4/Nolina_parviflora/5133642002_0.jpg,Nolina parviflora,5133642002,train
dataset_serb_bloque4/Nolina_parviflora/4111916833_1.jpg,Nolina parviflora,4111916833,train
dataset_serb_bloque4/Nolina_parviflora/4111916833_0.jpg,Nolina parviflora,4111916833,train
dataset_serb_bloque4/Nolina_parviflora/5062902272_0.jpg,Nolina parviflora,5062902272,train
dataset_serb_bloque4/Nolina_parviflora/5167002848_0.jpg,Nolina parviflora,5167002848,train
dataset_serb_bloque4/Nolina_parviflora/5133497393_0.jpg,Nolina parviflora,5133497393,train
dataset_serb_bloque4/Nolina_parviflora/5153436492_0.jpg,Nolina parviflora,5153436492,train
dataset_serb_bloque4/Cucurbita_foetidissima/6188005194_0.jpg,Cucurbita foetidissima,6188005194,val
dataset_serb_bloque4/Cucurbita_foetidissima/6195756960_0.jpg,Cucurbita foetidissima,6195756960,val
dataset_serb_bloque4/Cucurbita_foetidissima/6195607581_0.jpg,Cucurbita foetidissima,6195607581,val
dataset_serb_bloque4/Cucurbita_foetidissima/6195786141_1.jpg,Cucurbita foetidissima,6195786141,val
dataset_serb_bloque4/Cucurbita_foetidissima/6195786141_0.jpg,Cucurbita foetidissima,6195786141,val
dataset_serb_bloque4/Cucurbita_foetidissima/6195788792_1.jpg,Cucurbita foetidissima,6195788792,val
dataset_serb_bloque4/Cucurbita_foetidissima/6195788792_0.jpg,Cucurbita foetidissima,6195788792,val
dataset_serb_bloque4/Cucurbita_foetidissima/6195788792_2.jpg,Cucurbita foetidissima,6195788792,val
dataset_serb_bloque4/Cucurbita_foetidissima/6195261226_1.jpg,Cucurbita foetidissima,6195261226,val
dataset_serb_bloque4/Cucurbita_foetidissima/6195261226_0.jpg,Cucurbita foetidissima,6195261226,val
dataset_serb_bloque4/Cucurbita_foetidissima/6188135328_0.jpg,Cucurbita foetidissima,6188135328,val
dataset_serb_bloque4/Cucurbita_foetidissima/6188251362_0.jpg,Cucurbita foetidissima,6188251362,val
dataset_serb_bloque4/Cucurbita_foetidissima/6195761673_0.jpg,Cucurbita foetidissima,6195761673,val
dataset_serb_bloque4/Cucurbita_foetidissima/6195472444_0.jpg,Cucurbita foetidissima,6195472444,val
dataset_serb_bloque4/Cucurbita_foetidissima/6188535851_0.jpg,Cucurbita foetidissima,6188535851,val
dataset_serb_bloque4/Cucurbita_foetidissima/6188125181_0.jpg,Cucurbita foetidissima,6188125181,val
dataset_serb_bloque4/Cucurbita_foetidissima/6195943081_0.jpg,Cucurbita foetidissima,6195943081,val
dataset_serb_bloque4/Cucurbita_foetidissima/6195943081_1.jpg,Cucurbita foetidissima,6195943081,val
dataset_serb_bloque4/Cucurbita_foetidissima/6234176819_0.jpg,Cucurbita foetidissima,6234176819,test
dataset_serb_bloque4/Cucurbita_foetidissima/6518984137_0.jpg,Cucurbita foetidissima,6518984137,test
dataset_serb_bloque4/Cucurbita_foetidissima/6518984137_1.jpg,Cucurbita foetidissima,6518984137,test
dataset_serb_bloque4/Cucurbita_foetidissima/6195536712_0.jpg,Cucurbita foetidissima,6195536712,test
dataset_serb_bloque4/Cucurbita_foetidissima/6188425945_0.jpg,Cucurbita foetidissima,6188425945,test
dataset_serb_bloque4/Cucurbita_foetidissima/6195690419_0.jpg,Cucurbita foetidissima,6195690419,test
dataset_serb_bloque4/Cucurbita_foetidissima/6195690419_1.jpg,Cucurbita foetidissima,6195690419,test
dataset_serb_bloque4/Cucurbita_foetidissima/6195622216_0.jpg,Cucurbita foetidissima,6195622216,test
dataset_serb_bloque4/Cucurbita_foetidissima/6195622216_1.jpg,Cucurbita foetidissima,6195622216,test
dataset_serb_bloque4/Cucurbita_foetidissima/6188384016_0.jpg,Cucurbita foetidissima,6188384016,test
dataset_serb_bloque4/Cucurbita_foetidissima/6188001831_0.jpg,Cucurbita foetidissima,6188001831,test
dataset_serb_bloque4/Cucurbita_foetidissima/6195499326_0.jpg,Cucurbita foetidissima,6195499326,test
dataset_serb_bloque4/Cucurbita_foetidissima/6195790581_0.jpg,Cucurbita foetidissima,6195790581,test
dataset_serb_bloque4/Cucurbita_foetidissima/6195222796_0.jpg,Cucurbita foetidissima,6195222796,test
dataset_serb_bloque4/Cucurbita_foetidissima/6195346228_0.jpg,Cucurbita foetidissima,6195346228,test
dataset_serb_bloque4/Cucurbita_foetidissima/6188605687_0.jpg,Cucurbita foetidissima,6188605687,test
dataset_serb_bloque4/Cucurbita_foetidissima/6188228015_0.jpg,Cucurbita foetidissima,6188228015,train
dataset_serb_bloque4/Cucurbita_foetidissima/6195525343_0.jpg,Cucurbita foetidissima,6195525343,train
dataset_serb_bloque4/Cucurbita_foetidissima/6188229643_0.jpg,Cucurbita foetidissima,6188229643,train
dataset_serb_bloque4/Cucurbita_foetidissima/6195635275_0.jpg,Cucurbita foetidissima,6195635275,train
dataset_serb_bloque4/Cucurbita_foetidissima/6195388570_0.jpg,Cucurbita foetidissima,6195388570,train
dataset_serb_bloque4/Cucurbita_foetidissima/6195651078_0.jpg,Cucurbita foetidissima,6195651078,train
dataset_serb_bloque4/Cucurbita_foetidissima/6195246843_0.jpg,Cucurbita foetidissima,6195246843,train
dataset_serb_bloque4/Cucurbita_foetidissima/6188052441_0.jpg,Cucurbita foetidissima,6188052441,train
dataset_serb_bloque4/Cucurbita_foetidissima/6234211574_0.jpg,Cucurbita foetidissima,6234211574,train
dataset_serb_bloque4/Cucurbita_foetidissima/6195268641_0.jpg,Cucurbita foetidissima,6195268641,train
dataset_serb_bloque4/Cucurbita_foetidissima/6196055438_0.jpg,Cucurbita foetidissima,6196055438,train
dataset_serb_bloque4/Cucurbita_foetidissima/6196055438_4.jpg,Cucurbita foetidissima,6196055438,train
dataset_serb_bloque4/Cucurbita_foetidissima/6196055438_1.jpg,Cucurbita foetidissima,6196055438,train
dataset_serb_bloque4/Cucurbita_foetidissima/6196055438_3.jpg,Cucurbita foetidissima,6196055438,train
dataset_serb_bloque4/Cucurbita_foetidissima/6196055438_2.jpg,Cucurbita foetidissima,6196055438,train
dataset_serb_bloque4/Cucurbita_foetidissima/6195302978_0.jpg,Cucurbita foetidissima,6195302978,train
dataset_serb_bloque4/Cucurbita_foetidissima/6187996770_0.jpg,Cucurbita foetidissima,6187996770,train
dataset_serb_bloque4/Cucurbita_foetidissima/6187996770_2.jpg,Cucurbita foetidissima,6187996770,train
dataset_serb_bloque4/Cucurbita_foetidissima/6187996770_1.jpg,Cucurbita foetidissima,6187996770,train
dataset_serb_bloque4/Cucurbita_foetidissima/6187996770_3.jpg,Cucurbita foetidissima,6187996770,train
dataset_serb_bloque4/Cucurbita_foetidissima/6195424877_1.jpg,Cucurbita foetidissima,6195424877,train
dataset_serb_bloque4/Cucurbita_foetidissima/6195424877_0.jpg,Cucurbita foetidissima,6195424877,train
dataset_serb_bloque4/Cucurbita_foetidissima/6195743327_0.jpg,Cucurbita foetidissima,6195743327,train
dataset_serb_bloque4/Cucurbita_foetidissima/6195743327_4.jpg,Cucurbita foetidissima,6195743327,train
dataset_serb_bloque4/Cucurbita_foetidissima/6195743327_2.jpg,Cucurbita foetidissima,6195743327,train
dataset_serb_bloque4/Cucurbita_foetidissima/6195743327_1.jpg,Cucurbita foetidissima,6195743327,train
dataset_serb_bloque4/Cucurbita_foetidissima/6195743327_3.jpg,Cucurbita foetidissima,6195743327,train
dataset_serb_bloque4/Cucurbita_foetidissima/6195415961_0.jpg,Cucurbita foetidissima,6195415961,train
dataset_serb_bloque4/Cucurbita_foetidissima/6195448917_0.jpg,Cucurbita foetidissima,6195448917,train
dataset_serb_bloque4/Cucurbita_foetidissima/6188369558_0.jpg,Cucurbita foetidissima,6188369558,train
dataset_serb_bloque4/Cucurbita_foetidissima/6188369558_1.jpg,Cucurbita foetidissima,6188369558,train
dataset_serb_bloque4/Cucurbita_foetidissima/6195647224_0.jpg,Cucurbita foetidissima,6195647224,train
dataset_serb_bloque4/Cucurbita_foetidissima/6188215309_1.jpg,Cucurbita foetidissima,6188215309,train
dataset_serb_bloque4/Cucurbita_foetidissima/6188215309_3.jpg,Cucurbita foetidissima,6188215309,train
dataset_serb_bloque4/Cucurbita_foetidissima/6188215309_0.jpg,Cucurbita foetidissima,6188215309,train
dataset_serb_bloque4/Cucurbita_foetidissima/6188215309_2.jpg,Cucurbita foetidissima,6188215309,train
dataset_serb_bloque4/Cucurbita_foetidissima/6195226199_0.jpg,Cucurbita foetidissima,6195226199,train
dataset_serb_bloque4/Cucurbita_foetidissima/6195713961_0.jpg,Cucurbita foetidissima,6195713961,train
dataset_serb_bloque4/Cucurbita_foetidissima/6195713961_1.jpg,Cucurbita foetidissima,6195713961,train
dataset_serb_bloque4/Cucurbita_foetidissima/6195713961_2.jpg,Cucurbita foetidissima,6195713961,train
dataset_serb_bloque4/Cucurbita_foetidissima/6195771327_0.jpg,Cucurbita foetidissima,6195771327,train
dataset_serb_bloque4/Cucurbita_foetidissima/6195227443_0.jpg,Cucurbita foetidissima,6195227443,train
dataset_serb_bloque4/Cucurbita_foetidissima/6195227443_1.jpg,Cucurbita foetidissima,6195227443,train
dataset_serb_bloque4/Cucurbita_foetidissima/6195707404_1.jpg,Cucurbita foetidissima,6195707404,train
dataset_serb_bloque4/Cucurbita_foetidissima/6195707404_0.jpg,Cucurbita foetidissima,6195707404,train
dataset_serb_bloque4/Cucurbita_foetidissima/6195707404_2.jpg,Cucurbita foetidissima,6195707404,train
dataset_serb_bloque4/Cucurbita_foetidissima/6188392783_0.jpg,Cucurbita foetidissima,6188392783,train
dataset_serb_bloque4/Cucurbita_foetidissima/6195970688_3.jpg,Cucurbita foetidissima,6195970688,train
dataset_serb_bloque4/Cucurbita_foetidissima/6195970688_2.jpg,Cucurbita foetidissima,6195970688,train
dataset_serb_bloque4/Cucurbita_foetidissima/6195970688_1.jpg,Cucurbita foetidissima,6195970688,train
dataset_serb_bloque4/Cucurbita_foetidissima/6195970688_0.jpg,Cucurbita foetidissima,6195970688,train
dataset_serb_bloque4/Cucurbita_foetidissima/6195430568_0.jpg,Cucurbita foetidissima,6195430568,train
dataset_serb_bloque4/Cucurbita_foetidissima/6195430568_1.jpg,Cucurbita foetidissima,6195430568,train
dataset_serb_bloque4/Cucurbita_foetidissima/6422192723_2.jpg,Cucurbita foetidissima,6422192723,train
dataset_serb_bloque4/Cucurbita_foetidissima/6422192723_0.jpg,Cucurbita foetidissima,6422192723,train
dataset_serb_bloque4/Cucurbita_foetidissima/6422192723_1.jpg,Cucurbita foetidissima,6422192723,train
dataset_serb_bloque4/Cucurbita_foetidissima/6234198253_0.jpg,Cucurbita foetidissima,6234198253,train
dataset_serb_bloque4/Cucurbita_foetidissima/6195519827_1.jpg,Cucurbita foetidissima,6195519827,train
dataset_serb_bloque4/Cucurbita_foetidissima/6195519827_9.jpg,Cucurbita foetidissima,6195519827,train
dataset_serb_bloque4/Cucurbita_foetidissima/6195519827_6.jpg,Cucurbita foetidissima,6195519827,train
dataset_serb_bloque4/Cucurbita_foetidissima/6195519827_8.jpg,Cucurbita foetidissima,6195519827,train
dataset_serb_bloque4/Cucurbita_foetidissima/6195519827_4.jpg,Cucurbita foetidissima,6195519827,train
dataset_serb_bloque4/Cucurbita_foetidissima/6195519827_5.jpg,Cucurbita foetidissima,6195519827,train
dataset_serb_bloque4/Cucurbita_foetidissima/6195519827_2.jpg,Cucurbita foetidissima,6195519827,train
dataset_serb_bloque4/Cucurbita_foetidissima/6195519827_0.jpg,Cucurbita foetidissima,6195519827,train
dataset_serb_bloque4/Cucurbita_foetidissima/6195519827_3.jpg,Cucurbita foetidissima,6195519827,train
dataset_serb_bloque4/Cucurbita_foetidissima/6195519827_7.jpg,Cucurbita foetidissima,6195519827,train
dataset_serb_bloque4/Cucurbita_foetidissima/6195573625_0.jpg,Cucurbita foetidissima,6195573625,train
dataset_serb_bloque4/Cucurbita_foetidissima/6188472665_1.jpg,Cucurbita foetidissima,6188472665,train
dataset_serb_bloque4/Cucurbita_foetidissima/6188472665_0.jpg,Cucurbita foetidissima,6188472665,train
dataset_serb_bloque4/Cucurbita_foetidissima/6188579989_0.jpg,Cucurbita foetidissima,6188579989,train
dataset_serb_bloque4/Cucurbita_foetidissima/6195756957_0.jpg,Cucurbita foetidissima,6195756957,train
dataset_serb_bloque4/Cucurbita_foetidissima/6195756600_1.jpg,Cucurbita foetidissima,6195756600,train
dataset_serb_bloque4/Cucurbita_foetidissima/6195756600_0.jpg,Cucurbita foetidissima,6195756600,train
dataset_serb_bloque4/Cucurbita_foetidissima/6188286379_0.jpg,Cucurbita foetidissima,6188286379,train
dataset_serb_bloque4/Cucurbita_foetidissima/6195476368_0.jpg,Cucurbita foetidissima,6195476368,train
dataset_serb_bloque4/Cucurbita_foetidissima/6195738009_0.jpg,Cucurbita foetidissima,6195738009,train
dataset_serb_bloque4/Cucurbita_foetidissima/6234160476_0.jpg,Cucurbita foetidissima,6234160476,train
dataset_serb_bloque4/Cucurbita_foetidissima/6195481260_0.jpg,Cucurbita foetidissima,6195481260,train
dataset_serb_bloque4/Cucurbita_foetidissima/6195997566_0.jpg,Cucurbita foetidissima,6195997566,train
dataset_serb_bloque4/Cucurbita_foetidissima/6234167171_0.jpg,Cucurbita foetidissima,6234167171,train
dataset_serb_bloque4/Cucurbita_foetidissima/6195670051_0.jpg,Cucurbita foetidissima,6195670051,train
dataset_serb_bloque4/Cucurbita_foetidissima/6195670051_1.jpg,Cucurbita foetidissima,6195670051,train
dataset_serb_bloque4/Cucurbita_foetidissima/6195829236_0.jpg,Cucurbita foetidissima,6195829236,train
dataset_serb_bloque4/Cucurbita_foetidissima/6195829236_1.jpg,Cucurbita foetidissima,6195829236,train
dataset_serb_bloque4/Cucurbita_foetidissima/6195678138_0.jpg,Cucurbita foetidissima,6195678138,train
dataset_serb_bloque4/Cucurbita_foetidissima/6195678138_1.jpg,Cucurbita foetidissima,6195678138,train
dataset_serb_bloque4/Cucurbita_foetidissima/6195966792_1.jpg,Cucurbita foetidissima,6195966792,train
dataset_serb_bloque4/Cucurbita_foetidissima/6195966792_0.jpg,Cucurbita foetidissima,6195966792,train
dataset_serb_bloque4/Cucurbita_foetidissima/6195603333_0.jpg,Cucurbita foetidissima,6195603333,train
dataset_serb_bloque4/Cucurbita_foetidissima/6195483469_0.jpg,Cucurbita foetidissima,6195483469,train
dataset_serb_bloque4/Cucurbita_foetidissima/6195614453_0.jpg,Cucurbita foetidissima,6195614453,train
dataset_serb_bloque4/Cucurbita_foetidissima/6187926127_3.jpg,Cucurbita foetidissima,6187926127,train
dataset_serb_bloque4/Cucurbita_foetidissima/6187926127_0.jpg,Cucurbita foetidissima,6187926127,train
dataset_serb_bloque4/Cucurbita_foetidissima/6187926127_2.jpg,Cucurbita foetidissima,6187926127,train
dataset_serb_bloque4/Cucurbita_foetidissima/6187926127_1.jpg,Cucurbita foetidissima,6187926127,train
dataset_serb_bloque4/Cucurbita_foetidissima/6187926127_4.jpg,Cucurbita foetidissima,6187926127,train
dataset_serb_bloque4/Cucurbita_foetidissima/6195450717_2.jpg,Cucurbita foetidissima,6195450717,train
dataset_serb_bloque4/Cucurbita_foetidissima/6195450717_0.jpg,Cucurbita foetidissima,6195450717,train
dataset_serb_bloque4/Cucurbita_foetidissima/6195450717_1.jpg,Cucurbita foetidissima,6195450717,train
dataset_serb_bloque4/Cucurbita_foetidissima/6188457718_5.jpg,Cucurbita foetidissima,6188457718,train
dataset_serb_bloque4/Cucurbita_foetidissima/6188457718_1.jpg,Cucurbita foetidissima,6188457718,train
dataset_serb_bloque4/Cucurbita_foetidissima/6188457718_0.jpg,Cucurbita foetidissima,6188457718,train
dataset_serb_bloque4/Cucurbita_foetidissima/6188457718_2.jpg,Cucurbita foetidissima,6188457718,train
dataset_serb_bloque4/Cucurbita_foetidissima/6188457718_4.jpg,Cucurbita foetidissima,6188457718,train
dataset_serb_bloque4/Cucurbita_foetidissima/6188457718_3.jpg,Cucurbita foetidissima,6188457718,train
dataset_serb_bloque4/Cucurbita_foetidissima/6188381228_0.jpg,Cucurbita foetidissima,6188381228,train
dataset_serb_bloque4/Cucurbita_foetidissima/6195701784_2.jpg,Cucurbita foetidissima,6195701784,train
dataset_serb_bloque4/Cucurbita_foetidissima/6195701784_0.jpg,Cucurbita foetidissima,6195701784,train
dataset_serb_bloque4/Cucurbita_foetidissima/6195701784_1.jpg,Cucurbita foetidissima,6195701784,train
dataset_serb_bloque4/Cucurbita_foetidissima/6195242759_1.jpg,Cucurbita foetidissima,6195242759,train
dataset_serb_bloque4/Cucurbita_foetidissima/6195242759_2.jpg,Cucurbita foetidissima,6195242759,train
dataset_serb_bloque4/Cucurbita_foetidissima/6195242759_0.jpg,Cucurbita foetidissima,6195242759,train
dataset_serb_bloque4/Cucurbita_foetidissima/6196047909_0.jpg,Cucurbita foetidissima,6196047909,train
dataset_serb_bloque4/Cucurbita_foetidissima/6195988991_0.jpg,Cucurbita foetidissima,6195988991,train
dataset_serb_bloque4/Cucurbita_foetidissima/6195755985_0.jpg,Cucurbita foetidissima,6195755985,train
dataset_serb_bloque4/Cucurbita_foetidissima/6196060665_0.jpg,Cucurbita foetidissima,6196060665,train
dataset_serb_bloque4/Cucurbita_foetidissima/6195372671_0.jpg,Cucurbita foetidissima,6195372671,train
dataset_serb_bloque4/Cucurbita_foetidissima/6195384397_0.jpg,Cucurbita foetidissima,6195384397,train
dataset_serb_bloque4/Opuntia_jaliscana/3337978409_2.jpg,Opuntia jaliscana,3337978409,val
dataset_serb_bloque4/Opuntia_jaliscana/3337978409_0.jpg,Opuntia jaliscana,3337978409,val
dataset_serb_bloque4/Opuntia_jaliscana/3337978409_1.jpg,Opuntia jaliscana,3337978409,val
dataset_serb_bloque4/Opuntia_jaliscana/3058944657_1.jpg,Opuntia jaliscana,3058944657,val
dataset_serb_bloque4/Opuntia_jaliscana/3058944657_0.jpg,Opuntia jaliscana,3058944657,val
dataset_serb_bloque4/Opuntia_jaliscana/3058944657_2.jpg,Opuntia jaliscana,3058944657,val
dataset_serb_bloque4/Opuntia_jaliscana/4442353372_0.jpg,Opuntia jaliscana,4442353372,val
dataset_serb_bloque4/Opuntia_jaliscana/2580173239_0.jpg,Opuntia jaliscana,2580173239,val
dataset_serb_bloque4/Opuntia_jaliscana/2813905542_0.jpg,Opuntia jaliscana,2813905542,val
dataset_serb_bloque4/Opuntia_jaliscana/2813905542_1.jpg,Opuntia jaliscana,2813905542,val
dataset_serb_bloque4/Opuntia_jaliscana/3067866305_0.jpg,Opuntia jaliscana,3067866305,val
dataset_serb_bloque4/Opuntia_jaliscana/3067866305_1.jpg,Opuntia jaliscana,3067866305,val
dataset_serb_bloque4/Opuntia_jaliscana/3337920145_0.jpg,Opuntia jaliscana,3337920145,test
dataset_serb_bloque4/Opuntia_jaliscana/2244205970_0.jpg,Opuntia jaliscana,2244205970,test
dataset_serb_bloque4/Opuntia_jaliscana/3067728302_1.jpg,Opuntia jaliscana,3067728302,test
dataset_serb_bloque4/Opuntia_jaliscana/3067728302_0.jpg,Opuntia jaliscana,3067728302,test
dataset_serb_bloque4/Opuntia_jaliscana/4442354422_0.jpg,Opuntia jaliscana,4442354422,test
dataset_serb_bloque4/Opuntia_jaliscana/4442354422_2.jpg,Opuntia jaliscana,4442354422,test
dataset_serb_bloque4/Opuntia_jaliscana/4442354422_1.jpg,Opuntia jaliscana,4442354422,test
dataset_serb_bloque4/Opuntia_jaliscana/4442476406_0.jpg,Opuntia jaliscana,4442476406,test
dataset_serb_bloque4/Opuntia_jaliscana/4442476406_1.jpg,Opuntia jaliscana,4442476406,test
dataset_serb_bloque4/Opuntia_jaliscana/4442645374_0.jpg,Opuntia jaliscana,4442645374,test
dataset_serb_bloque4/Opuntia_jaliscana/2234746715_0.jpg,Opuntia jaliscana,2234746715,train
dataset_serb_bloque4/Opuntia_jaliscana/2234746715_2.jpg,Opuntia jaliscana,2234746715,train
dataset_serb_bloque4/Opuntia_jaliscana/2234746715_1.jpg,Opuntia jaliscana,2234746715,train
dataset_serb_bloque4/Opuntia_jaliscana/4442390435_0.jpg,Opuntia jaliscana,4442390435,train
dataset_serb_bloque4/Opuntia_jaliscana/4442579398_0.jpg,Opuntia jaliscana,4442579398,train
dataset_serb_bloque4/Opuntia_jaliscana/4442624344_1.jpg,Opuntia jaliscana,4442624344,train
dataset_serb_bloque4/Opuntia_jaliscana/4442624344_0.jpg,Opuntia jaliscana,4442624344,train
dataset_serb_bloque4/Opuntia_jaliscana/4442624344_2.jpg,Opuntia jaliscana,4442624344,train
dataset_serb_bloque4/Opuntia_jaliscana/4442624344_3.jpg,Opuntia jaliscana,4442624344,train
dataset_serb_bloque4/Opuntia_jaliscana/2609085208_0.jpg,Opuntia jaliscana,2609085208,train
dataset_serb_bloque4/Opuntia_jaliscana/2609085208_1.jpg,Opuntia jaliscana,2609085208,train
dataset_serb_bloque4/Opuntia_jaliscana/4442384465_0.jpg,Opuntia jaliscana,4442384465,train
dataset_serb_bloque4/Opuntia_jaliscana/4442364506_0.jpg,Opuntia jaliscana,4442364506,train
dataset_serb_bloque4/Opuntia_jaliscana/4442364506_1.jpg,Opuntia jaliscana,4442364506,train
dataset_serb_bloque4/Opuntia_jaliscana/4442640398_1.jpg,Opuntia jaliscana,4442640398,train
dataset_serb_bloque4/Opuntia_jaliscana/4442640398_0.jpg,Opuntia jaliscana,4442640398,train
dataset_serb_bloque4/Opuntia_jaliscana/3337600394_1.jpg,Opuntia jaliscana,3337600394,train
dataset_serb_bloque4/Opuntia_jaliscana/3337600394_0.jpg,Opuntia jaliscana,3337600394,train
dataset_serb_bloque4/Opuntia_jaliscana/3067898207_1.jpg,Opuntia jaliscana,3067898207,train
dataset_serb_bloque4/Opuntia_jaliscana/3067898207_2.jpg,Opuntia jaliscana,3067898207,train
dataset_serb_bloque4/Opuntia_jaliscana/3067898207_0.jpg,Opuntia jaliscana,3067898207,train
dataset_serb_bloque4/Opuntia_jaliscana/4442394393_0.jpg,Opuntia jaliscana,4442394393,train
dataset_serb_bloque4/Opuntia_jaliscana/2851252159_0.jpg,Opuntia jaliscana,2851252159,train
dataset_serb_bloque4/Opuntia_jaliscana/2851252159_2.jpg,Opuntia jaliscana,2851252159,train
dataset_serb_bloque4/Opuntia_jaliscana/2851252159_1.jpg,Opuntia jaliscana,2851252159,train
dataset_serb_bloque4/Opuntia_jaliscana/4442368376_1.jpg,Opuntia jaliscana,4442368376,train
dataset_serb_bloque4/Opuntia_jaliscana/4442368376_0.jpg,Opuntia jaliscana,4442368376,train
dataset_serb_bloque4/Opuntia_jaliscana/4442362401_0.jpg,Opuntia jaliscana,4442362401,train
dataset_serb_bloque4/Opuntia_jaliscana/4442350390_2.jpg,Opuntia jaliscana,4442350390,train
dataset_serb_bloque4/Opuntia_jaliscana/4442350390_0.jpg,Opuntia jaliscana,4442350390,train
dataset_serb_bloque4/Opuntia_jaliscana/4442350390_1.jpg,Opuntia jaliscana,4442350390,train
dataset_serb_bloque4/Opuntia_jaliscana/4442346471_1.jpg,Opuntia jaliscana,4442346471,train
dataset_serb_bloque4/Opuntia_jaliscana/4442346471_0.jpg,Opuntia jaliscana,4442346471,train
dataset_serb_bloque4/Opuntia_jaliscana/4442393452_0.jpg,Opuntia jaliscana,4442393452,train
dataset_serb_bloque4/Opuntia_jaliscana/4442364411_0.jpg,Opuntia jaliscana,4442364411,train
dataset_serb_bloque4/Opuntia_jaliscana/4442364411_1.jpg,Opuntia jaliscana,4442364411,train
dataset_serb_bloque4/Opuntia_jaliscana/4442403494_0.jpg,Opuntia jaliscana,4442403494,train
dataset_serb_bloque4/Opuntia_jaliscana/4442403494_1.jpg,Opuntia jaliscana,4442403494,train
dataset_serb_bloque4/Opuntia_jaliscana/3337959919_0.jpg,Opuntia jaliscana,3337959919,train
dataset_serb_bloque4/Opuntia_jaliscana/4430890990_0.jpg,Opuntia jaliscana,4430890990,train
dataset_serb_bloque4/Opuntia_jaliscana/4442605403_1.jpg,Opuntia jaliscana,4442605403,train
dataset_serb_bloque4/Opuntia_jaliscana/4442605403_0.jpg,Opuntia jaliscana,4442605403,train
dataset_serb_bloque4/Opuntia_jaliscana/4442605403_2.jpg,Opuntia jaliscana,4442605403,train
dataset_serb_bloque4/Opuntia_jaliscana/2005308523_2.jpg,Opuntia jaliscana,2005308523,train
dataset_serb_bloque4/Opuntia_jaliscana/2005308523_0.jpg,Opuntia jaliscana,2005308523,train
dataset_serb_bloque4/Opuntia_jaliscana/2005308523_1.jpg,Opuntia jaliscana,2005308523,train
dataset_serb_bloque4/Opuntia_jaliscana/2813936345_0.jpg,Opuntia jaliscana,2813936345,train
dataset_serb_bloque4/Opuntia_jaliscana/2813936345_1.jpg,Opuntia jaliscana,2813936345,train
dataset_serb_bloque4/Opuntia_jaliscana/2813936345_2.jpg,Opuntia jaliscana,2813936345,train
dataset_serb_bloque4/Opuntia_jaliscana/2813936345_3.jpg,Opuntia jaliscana,2813936345,train
dataset_serb_bloque4/Opuntia_jaliscana/4442369492_0.jpg,Opuntia jaliscana,4442369492,train
dataset_serb_bloque4/Opuntia_jaliscana/4442369492_1.jpg,Opuntia jaliscana,4442369492,train
dataset_serb_bloque4/Opuntia_jaliscana/4442369492_2.jpg,Opuntia jaliscana,4442369492,train
dataset_serb_bloque4/Opuntia_jaliscana/4442356423_0.jpg,Opuntia jaliscana,4442356423,train
dataset_serb_bloque4/Opuntia_jaliscana/4442368371_0.jpg,Opuntia jaliscana,4442368371,train
dataset_serb_bloque4/Opuntia_jaliscana/4442616431_2.jpg,Opuntia jaliscana,4442616431,train
dataset_serb_bloque4/Opuntia_jaliscana/4442616431_1.jpg,Opuntia jaliscana,4442616431,train
dataset_serb_bloque4/Opuntia_jaliscana/4442616431_3.jpg,Opuntia jaliscana,4442616431,train
dataset_serb_bloque4/Opuntia_jaliscana/4442616431_0.jpg,Opuntia jaliscana,4442616431,train
dataset_serb_bloque4/Castilleja_tenuiflora/6179398532_2.jpg,Castilleja tenuiflora,6179398532,val
dataset_serb_bloque4/Castilleja_tenuiflora/6179398532_0.jpg,Castilleja tenuiflora,6179398532,val
dataset_serb_bloque4/Castilleja_tenuiflora/6179398532_1.jpg,Castilleja tenuiflora,6179398532,val
dataset_serb_bloque4/Castilleja_tenuiflora/6159633569_1.jpg,Castilleja tenuiflora,6159633569,val
dataset_serb_bloque4/Castilleja_tenuiflora/6159633569_0.jpg,Castilleja tenuiflora,6159633569,val
dataset_serb_bloque4/Castilleja_tenuiflora/6178630076_2.jpg,Castilleja tenuiflora,6178630076,val
dataset_serb_bloque4/Castilleja_tenuiflora/6178630076_1.jpg,Castilleja tenuiflora,6178630076,val
dataset_serb_bloque4/Castilleja_tenuiflora/6178630076_0.jpg,Castilleja tenuiflora,6178630076,val
dataset_serb_bloque4/Castilleja_tenuiflora/6133206987_0.jpg,Castilleja tenuiflora,6133206987,val
dataset_serb_bloque4/Castilleja_tenuiflora/6133206987_1.jpg,Castilleja tenuiflora,6133206987,val
dataset_serb_bloque4/Castilleja_tenuiflora/6185953646_1.jpg,Castilleja tenuiflora,6185953646,val
dataset_serb_bloque4/Castilleja_tenuiflora/6185953646_0.jpg,Castilleja tenuiflora,6185953646,val
dataset_serb_bloque4/Castilleja_tenuiflora/6185953646_2.jpg,Castilleja tenuiflora,6185953646,val
dataset_serb_bloque4/Castilleja_tenuiflora/6185229841_0.jpg,Castilleja tenuiflora,6185229841,val
dataset_serb_bloque4/Castilleja_tenuiflora/6178672339_0.jpg,Castilleja tenuiflora,6178672339,test
dataset_serb_bloque4/Castilleja_tenuiflora/6171006249_0.jpg,Castilleja tenuiflora,6171006249,test
dataset_serb_bloque4/Castilleja_tenuiflora/6171006249_2.jpg,Castilleja tenuiflora,6171006249,test
dataset_serb_bloque4/Castilleja_tenuiflora/6171006249_1.jpg,Castilleja tenuiflora,6171006249,test
dataset_serb_bloque4/Castilleja_tenuiflora/6159704447_0.jpg,Castilleja tenuiflora,6159704447,test
dataset_serb_bloque4/Castilleja_tenuiflora/6185859554_0.jpg,Castilleja tenuiflora,6185859554,test
dataset_serb_bloque4/Castilleja_tenuiflora/6431527553_0.jpg,Castilleja tenuiflora,6431527553,test
dataset_serb_bloque4/Castilleja_tenuiflora/6273441735_0.jpg,Castilleja tenuiflora,6273441735,test
dataset_serb_bloque4/Castilleja_tenuiflora/6171133440_3.jpg,Castilleja tenuiflora,6171133440,train
dataset_serb_bloque4/Castilleja_tenuiflora/6171133440_1.jpg,Castilleja tenuiflora,6171133440,train
dataset_serb_bloque4/Castilleja_tenuiflora/6171133440_0.jpg,Castilleja tenuiflora,6171133440,train
dataset_serb_bloque4/Castilleja_tenuiflora/6171133440_2.jpg,Castilleja tenuiflora,6171133440,train
dataset_serb_bloque4/Castilleja_tenuiflora/6171133440_4.jpg,Castilleja tenuiflora,6171133440,train
dataset_serb_bloque4/Castilleja_tenuiflora/6184976789_0.jpg,Castilleja tenuiflora,6184976789,train
dataset_serb_bloque4/Castilleja_tenuiflora/6184893456_0.jpg,Castilleja tenuiflora,6184893456,train
dataset_serb_bloque4/Castilleja_tenuiflora/6184893456_1.jpg,Castilleja tenuiflora,6184893456,train
dataset_serb_bloque4/Castilleja_tenuiflora/6171431475_0.jpg,Castilleja tenuiflora,6171431475,train
dataset_serb_bloque4/Castilleja_tenuiflora/6171431475_1.jpg,Castilleja tenuiflora,6171431475,train
dataset_serb_bloque4/Castilleja_tenuiflora/6185147967_5.jpg,Castilleja tenuiflora,6185147967,train
dataset_serb_bloque4/Castilleja_tenuiflora/6185147967_1.jpg,Castilleja tenuiflora,6185147967,train
dataset_serb_bloque4/Castilleja_tenuiflora/6185147967_4.jpg,Castilleja tenuiflora,6185147967,train
dataset_serb_bloque4/Castilleja_tenuiflora/6185147967_2.jpg,Castilleja tenuiflora,6185147967,train
dataset_serb_bloque4/Castilleja_tenuiflora/6185147967_6.jpg,Castilleja tenuiflora,6185147967,train
dataset_serb_bloque4/Castilleja_tenuiflora/6185147967_0.jpg,Castilleja tenuiflora,6185147967,train
dataset_serb_bloque4/Castilleja_tenuiflora/6185147967_3.jpg,Castilleja tenuiflora,6185147967,train
dataset_serb_bloque4/Castilleja_tenuiflora/6185864859_0.jpg,Castilleja tenuiflora,6185864859,train
dataset_serb_bloque4/Castilleja_tenuiflora/6179349398_0.jpg,Castilleja tenuiflora,6179349398,train
dataset_serb_bloque4/Castilleja_tenuiflora/6185515461_0.jpg,Castilleja tenuiflora,6185515461,train
dataset_serb_bloque4/Castilleja_tenuiflora/6179089540_0.jpg,Castilleja tenuiflora,6179089540,train
dataset_serb_bloque4/Castilleja_tenuiflora/6179089540_1.jpg,Castilleja tenuiflora,6179089540,train
dataset_serb_bloque4/Castilleja_tenuiflora/6147649731_0.jpg,Castilleja tenuiflora,6147649731,train
dataset_serb_bloque4/Castilleja_tenuiflora/6147403870_0.jpg,Castilleja tenuiflora,6147403870,train
dataset_serb_bloque4/Castilleja_tenuiflora/6184754045_3.jpg,Castilleja tenuiflora,6184754045,train
dataset_serb_bloque4/Castilleja_tenuiflora/6184754045_2.jpg,Castilleja tenuiflora,6184754045,train
dataset_serb_bloque4/Castilleja_tenuiflora/6184754045_0.jpg,Castilleja tenuiflora,6184754045,train
dataset_serb_bloque4/Castilleja_tenuiflora/6184754045_1.jpg,Castilleja tenuiflora,6184754045,train
dataset_serb_bloque4/Castilleja_tenuiflora/6185989088_0.jpg,Castilleja tenuiflora,6185989088,train
dataset_serb_bloque4/Castilleja_tenuiflora/6185957012_0.jpg,Castilleja tenuiflora,6185957012,train
dataset_serb_bloque4/Castilleja_tenuiflora/6163126907_2.jpg,Castilleja tenuiflora,6163126907,train
dataset_serb_bloque4/Castilleja_tenuiflora/6163126907_0.jpg,Castilleja tenuiflora,6163126907,train
dataset_serb_bloque4/Castilleja_tenuiflora/6163126907_1.jpg,Castilleja tenuiflora,6163126907,train
dataset_serb_bloque4/Castilleja_tenuiflora/6131674165_2.jpg,Castilleja tenuiflora,6131674165,train
dataset_serb_bloque4/Castilleja_tenuiflora/6131674165_0.jpg,Castilleja tenuiflora,6131674165,train
dataset_serb_bloque4/Castilleja_tenuiflora/6131674165_1.jpg,Castilleja tenuiflora,6131674165,train
dataset_serb_bloque4/Castilleja_tenuiflora/6147332169_0.jpg,Castilleja tenuiflora,6147332169,train
dataset_serb_bloque4/Castilleja_tenuiflora/6499581853_0.jpg,Castilleja tenuiflora,6499581853,train
dataset_serb_bloque4/Castilleja_tenuiflora/6184996366_0.jpg,Castilleja tenuiflora,6184996366,train
dataset_serb_bloque4/Castilleja_tenuiflora/6147255804_0.jpg,Castilleja tenuiflora,6147255804,train
dataset_serb_bloque4/Castilleja_tenuiflora/6179479451_1.jpg,Castilleja tenuiflora,6179479451,train
dataset_serb_bloque4/Castilleja_tenuiflora/6179479451_3.jpg,Castilleja tenuiflora,6179479451,train
dataset_serb_bloque4/Castilleja_tenuiflora/6179479451_0.jpg,Castilleja tenuiflora,6179479451,train
dataset_serb_bloque4/Castilleja_tenuiflora/6179479451_2.jpg,Castilleja tenuiflora,6179479451,train
dataset_serb_bloque4/Castilleja_tenuiflora/6147402444_0.jpg,Castilleja tenuiflora,6147402444,train
dataset_serb_bloque4/Castilleja_tenuiflora/6179557410_0.jpg,Castilleja tenuiflora,6179557410,train
dataset_serb_bloque4/Castilleja_tenuiflora/6188592909_2.jpg,Castilleja tenuiflora,6188592909,train
dataset_serb_bloque4/Castilleja_tenuiflora/6188592909_1.jpg,Castilleja tenuiflora,6188592909,train
dataset_serb_bloque4/Castilleja_tenuiflora/6188592909_0.jpg,Castilleja tenuiflora,6188592909,train
dataset_serb_bloque4/Castilleja_tenuiflora/6185324181_0.jpg,Castilleja tenuiflora,6185324181,train
dataset_serb_bloque4/Castilleja_tenuiflora/6147590470_1.jpg,Castilleja tenuiflora,6147590470,train
dataset_serb_bloque4/Castilleja_tenuiflora/6147590470_0.jpg,Castilleja tenuiflora,6147590470,train
dataset_serb_bloque4/Castilleja_tenuiflora/6185636419_0.jpg,Castilleja tenuiflora,6185636419,train
dataset_serb_bloque4/Castilleja_tenuiflora/6185636419_2.jpg,Castilleja tenuiflora,6185636419,train
dataset_serb_bloque4/Castilleja_tenuiflora/6185636419_3.jpg,Castilleja tenuiflora,6185636419,train
dataset_serb_bloque4/Castilleja_tenuiflora/6185636419_1.jpg,Castilleja tenuiflora,6185636419,train
dataset_serb_bloque4/Castilleja_tenuiflora/6184769191_3.jpg,Castilleja tenuiflora,6184769191,train
dataset_serb_bloque4/Castilleja_tenuiflora/6184769191_2.jpg,Castilleja tenuiflora,6184769191,train
dataset_serb_bloque4/Castilleja_tenuiflora/6184769191_0.jpg,Castilleja tenuiflora,6184769191,train
dataset_serb_bloque4/Castilleja_tenuiflora/6184769191_1.jpg,Castilleja tenuiflora,6184769191,train
dataset_serb_bloque4/Sedum_jaliscanum/5187503341_0.jpg,Sedum jaliscanum,5187503341,val
dataset_serb_bloque4/Sedum_jaliscanum/4946404321_0.jpg,Sedum jaliscanum,4946404321,val
dataset_serb_bloque4/Sedum_jaliscanum/4974308935_2.jpg,Sedum jaliscanum,4974308935,val
dataset_serb_bloque4/Sedum_jaliscanum/4974308935_3.jpg,Sedum jaliscanum,4974308935,val
dataset_serb_bloque4/Sedum_jaliscanum/4974308935_0.jpg,Sedum jaliscanum,4974308935,val
dataset_serb_bloque4/Sedum_jaliscanum/4974308935_1.jpg,Sedum jaliscanum,4974308935,val
dataset_serb_bloque4/Sedum_jaliscanum/6133390553_0.jpg,Sedum jaliscanum,6133390553,val
dataset_serb_bloque4/Sedum_jaliscanum/6133390553_1.jpg,Sedum jaliscanum,6133390553,val
dataset_serb_bloque4/Sedum_jaliscanum/6133390553_2.jpg,Sedum jaliscanum,6133390553,val
dataset_serb_bloque4/Sedum_jaliscanum/6133390553_4.jpg,Sedum jaliscanum,6133390553,val
dataset_serb_bloque4/Sedum_jaliscanum/6133390553_3.jpg,Sedum jaliscanum,6133390553,val
dataset_serb_bloque4/Sedum_jaliscanum/3902320445_0.jpg,Sedum jaliscanum,3902320445,val
dataset_serb_bloque4/Sedum_jaliscanum/3902320445_1.jpg,Sedum jaliscanum,3902320445,val
dataset_serb_bloque4/Sedum_jaliscanum/3902320445_2.jpg,Sedum jaliscanum,3902320445,val
dataset_serb_bloque4/Sedum_jaliscanum/6518953950_0.jpg,Sedum jaliscanum,6518953950,val
dataset_serb_bloque4/Sedum_jaliscanum/5938041856_1.jpg,Sedum jaliscanum,5938041856,val
dataset_serb_bloque4/Sedum_jaliscanum/5938041856_0.jpg,Sedum jaliscanum,5938041856,val
dataset_serb_bloque4/Sedum_jaliscanum/3337822315_2.jpg,Sedum jaliscanum,3337822315,test
dataset_serb_bloque4/Sedum_jaliscanum/3337822315_1.jpg,Sedum jaliscanum,3337822315,test
dataset_serb_bloque4/Sedum_jaliscanum/3337822315_0.jpg,Sedum jaliscanum,3337822315,test
dataset_serb_bloque4/Sedum_jaliscanum/3335442111_0.jpg,Sedum jaliscanum,3335442111,test
dataset_serb_bloque4/Sedum_jaliscanum/5938339534_1.jpg,Sedum jaliscanum,5938339534,test
dataset_serb_bloque4/Sedum_jaliscanum/5938339534_0.jpg,Sedum jaliscanum,5938339534,test
dataset_serb_bloque4/Sedum_jaliscanum/3947061824_0.jpg,Sedum jaliscanum,3947061824,test
dataset_serb_bloque4/Sedum_jaliscanum/3947061824_1.jpg,Sedum jaliscanum,3947061824,test
dataset_serb_bloque4/Sedum_jaliscanum/3947061824_2.jpg,Sedum jaliscanum,3947061824,test
dataset_serb_bloque4/Sedum_jaliscanum/6498708000_0.jpg,Sedum jaliscanum,6498708000,test
dataset_serb_bloque4/Sedum_jaliscanum/6498708000_1.jpg,Sedum jaliscanum,6498708000,test
dataset_serb_bloque4/Sedum_jaliscanum/6499390790_0.jpg,Sedum jaliscanum,6499390790,test
dataset_serb_bloque4/Sedum_jaliscanum/4974182268_3.jpg,Sedum jaliscanum,4974182268,test
dataset_serb_bloque4/Sedum_jaliscanum/4974182268_2.jpg,Sedum jaliscanum,4974182268,test
dataset_serb_bloque4/Sedum_jaliscanum/4974182268_1.jpg,Sedum jaliscanum,4974182268,test
dataset_serb_bloque4/Sedum_jaliscanum/4974182268_0.jpg,Sedum jaliscanum,4974182268,test
dataset_serb_bloque4/Sedum_jaliscanum/6499815325_0.jpg,Sedum jaliscanum,6499815325,train
dataset_serb_bloque4/Sedum_jaliscanum/3399191203_2.jpg,Sedum jaliscanum,3399191203,train
dataset_serb_bloque4/Sedum_jaliscanum/3399191203_0.jpg,Sedum jaliscanum,3399191203,train
dataset_serb_bloque4/Sedum_jaliscanum/3399191203_1.jpg,Sedum jaliscanum,3399191203,train
dataset_serb_bloque4/Sedum_jaliscanum/4430417058_0.jpg,Sedum jaliscanum,4430417058,train
dataset_serb_bloque4/Sedum_jaliscanum/4430417058_1.jpg,Sedum jaliscanum,4430417058,train
dataset_serb_bloque4/Sedum_jaliscanum/4974203872_1.jpg,Sedum jaliscanum,4974203872,train
dataset_serb_bloque4/Sedum_jaliscanum/4974203872_0.jpg,Sedum jaliscanum,4974203872,train
dataset_serb_bloque4/Sedum_jaliscanum/5938632761_0.jpg,Sedum jaliscanum,5938632761,train
dataset_serb_bloque4/Sedum_jaliscanum/3355245357_1.jpg,Sedum jaliscanum,3355245357,train
dataset_serb_bloque4/Sedum_jaliscanum/3355245357_0.jpg,Sedum jaliscanum,3355245357,train
dataset_serb_bloque4/Sedum_jaliscanum/4430946845_0.jpg,Sedum jaliscanum,4430946845,train
dataset_serb_bloque4/Sedum_jaliscanum/6147177344_4.jpg,Sedum jaliscanum,6147177344,train
dataset_serb_bloque4/Sedum_jaliscanum/6147177344_2.jpg,Sedum jaliscanum,6147177344,train
dataset_serb_bloque4/Sedum_jaliscanum/6147177344_0.jpg,Sedum jaliscanum,6147177344,train
dataset_serb_bloque4/Sedum_jaliscanum/6147177344_1.jpg,Sedum jaliscanum,6147177344,train
dataset_serb_bloque4/Sedum_jaliscanum/6147177344_3.jpg,Sedum jaliscanum,6147177344,train
dataset_serb_bloque4/Sedum_jaliscanum/6519353924_1.jpg,Sedum jaliscanum,6519353924,train
dataset_serb_bloque4/Sedum_jaliscanum/6519353924_0.jpg,Sedum jaliscanum,6519353924,train
dataset_serb_bloque4/Sedum_jaliscanum/6519353924_2.jpg,Sedum jaliscanum,6519353924,train
dataset_serb_bloque4/Sedum_jaliscanum/5938636144_0.jpg,Sedum jaliscanum,5938636144,train
dataset_serb_bloque4/Sedum_jaliscanum/4431015481_0.jpg,Sedum jaliscanum,4431015481,train
dataset_serb_bloque4/Sedum_jaliscanum/4102587376_0.jpg,Sedum jaliscanum,4102587376,train
dataset_serb_bloque4/Sedum_jaliscanum/4102587376_1.jpg,Sedum jaliscanum,4102587376,train
dataset_serb_bloque4/Sedum_jaliscanum/5938450037_0.jpg,Sedum jaliscanum,5938450037,train
dataset_serb_bloque4/Sedum_jaliscanum/5938450037_1.jpg,Sedum jaliscanum,5938450037,train
dataset_serb_bloque4/Sedum_jaliscanum/5830402281_0.jpg,Sedum jaliscanum,5830402281,train
dataset_serb_bloque4/Sedum_jaliscanum/5830402281_1.jpg,Sedum jaliscanum,5830402281,train
dataset_serb_bloque4/Sedum_jaliscanum/4430506483_0.jpg,Sedum jaliscanum,4430506483,train
dataset_serb_bloque4/Sedum_jaliscanum/4974306229_0.jpg,Sedum jaliscanum,4974306229,train
dataset_serb_bloque4/Sedum_jaliscanum/4436307146_1.jpg,Sedum jaliscanum,4436307146,train
dataset_serb_bloque4/Sedum_jaliscanum/4436307146_0.jpg,Sedum jaliscanum,4436307146,train
dataset_serb_bloque4/Sedum_jaliscanum/4430516247_0.jpg,Sedum jaliscanum,4430516247,train
dataset_serb_bloque4/Sedum_jaliscanum/3902216085_0.jpg,Sedum jaliscanum,3902216085,train
dataset_serb_bloque4/Sedum_jaliscanum/4982037412_0.jpg,Sedum jaliscanum,4982037412,train
dataset_serb_bloque4/Sedum_jaliscanum/4407524452_1.jpg,Sedum jaliscanum,4407524452,train
dataset_serb_bloque4/Sedum_jaliscanum/4407524452_0.jpg,Sedum jaliscanum,4407524452,train
dataset_serb_bloque4/Sedum_jaliscanum/4431032783_1.jpg,Sedum jaliscanum,4431032783,train
dataset_serb_bloque4/Sedum_jaliscanum/4431032783_2.jpg,Sedum jaliscanum,4431032783,train
dataset_serb_bloque4/Sedum_jaliscanum/4431032783_0.jpg,Sedum jaliscanum,4431032783,train
dataset_serb_bloque4/Sedum_jaliscanum/4973848945_0.jpg,Sedum jaliscanum,4973848945,train
dataset_serb_bloque4/Sedum_jaliscanum/4400116015_0.jpg,Sedum jaliscanum,4400116015,train
dataset_serb_bloque4/Sedum_jaliscanum/5938362601_0.jpg,Sedum jaliscanum,5938362601,train
dataset_serb_bloque4/Sedum_jaliscanum/3858239814_0.jpg,Sedum jaliscanum,3858239814,train
dataset_serb_bloque4/Sedum_jaliscanum/5938525520_1.jpg,Sedum jaliscanum,5938525520,train
dataset_serb_bloque4/Sedum_jaliscanum/5938525520_0.jpg,Sedum jaliscanum,5938525520,train
dataset_serb_bloque4/Sedum_jaliscanum/3385163436_0.jpg,Sedum jaliscanum,3385163436,train
dataset_serb_bloque4/Sedum_jaliscanum/3385163436_1.jpg,Sedum jaliscanum,3385163436,train
dataset_serb_bloque4/Sedum_jaliscanum/3385163436_2.jpg,Sedum jaliscanum,3385163436,train
dataset_serb_bloque4/Sedum_jaliscanum/4430906671_0.jpg,Sedum jaliscanum,4430906671,train
dataset_serb_bloque4/Sedum_jaliscanum/6500328444_0.jpg,Sedum jaliscanum,6500328444,train
dataset_serb_bloque4/Sedum_jaliscanum/6500328444_1.jpg,Sedum jaliscanum,6500328444,train
dataset_serb_bloque4/Sedum_jaliscanum/4430387924_1.jpg,Sedum jaliscanum,4430387924,train
dataset_serb_bloque4/Sedum_jaliscanum/4430387924_0.jpg,Sedum jaliscanum,4430387924,train
dataset_serb_bloque4/Sedum_jaliscanum/6518402712_0.jpg,Sedum jaliscanum,6518402712,train
dataset_serb_bloque4/Sedum_jaliscanum/3044716593_1.jpg,Sedum jaliscanum,3044716593,train
dataset_serb_bloque4/Sedum_jaliscanum/3044716593_0.jpg,Sedum jaliscanum,3044716593,train
dataset_serb_bloque4/Sedum_jaliscanum/4974062984_0.jpg,Sedum jaliscanum,4974062984,train
dataset_serb_bloque4/Selaginella_lepidophylla/6320526698_0.jpg,Selaginella lepidophylla,6320526698,val
dataset_serb_bloque4/Selaginella_lepidophylla/6188239792_0.jpg,Selaginella lepidophylla,6188239792,val
dataset_serb_bloque4/Selaginella_lepidophylla/6499113398_0.jpg,Selaginella lepidophylla,6499113398,val
dataset_serb_bloque4/Selaginella_lepidophylla/6234711029_0.jpg,Selaginella lepidophylla,6234711029,val
dataset_serb_bloque4/Selaginella_lepidophylla/6234257115_0.jpg,Selaginella lepidophylla,6234257115,val
dataset_serb_bloque4/Selaginella_lepidophylla/6188290973_0.jpg,Selaginella lepidophylla,6188290973,val
dataset_serb_bloque4/Selaginella_lepidophylla/6500320767_0.jpg,Selaginella lepidophylla,6500320767,val
dataset_serb_bloque4/Selaginella_lepidophylla/6498795193_0.jpg,Selaginella lepidophylla,6498795193,val
dataset_serb_bloque4/Selaginella_lepidophylla/6234926853_0.jpg,Selaginella lepidophylla,6234926853,test
dataset_serb_bloque4/Selaginella_lepidophylla/6499425587_0.jpg,Selaginella lepidophylla,6499425587,test
dataset_serb_bloque4/Selaginella_lepidophylla/6273911838_0.jpg,Selaginella lepidophylla,6273911838,test
dataset_serb_bloque4/Selaginella_lepidophylla/6499903656_0.jpg,Selaginella lepidophylla,6499903656,test
dataset_serb_bloque4/Selaginella_lepidophylla/6500033836_0.jpg,Selaginella lepidophylla,6500033836,test
dataset_serb_bloque4/Selaginella_lepidophylla/6188087597_0.jpg,Selaginella lepidophylla,6188087597,test
dataset_serb_bloque4/Selaginella_lepidophylla/6188118888_3.jpg,Selaginella lepidophylla,6188118888,test
dataset_serb_bloque4/Selaginella_lepidophylla/6188118888_2.jpg,Selaginella lepidophylla,6188118888,test
dataset_serb_bloque4/Selaginella_lepidophylla/6188118888_1.jpg,Selaginella lepidophylla,6188118888,test
dataset_serb_bloque4/Selaginella_lepidophylla/6188118888_0.jpg,Selaginella lepidophylla,6188118888,test
dataset_serb_bloque4/Selaginella_lepidophylla/6498915307_0.jpg,Selaginella lepidophylla,6498915307,test
dataset_serb_bloque4/Selaginella_lepidophylla/6188619379_0.jpg,Selaginella lepidophylla,6188619379,train
dataset_serb_bloque4/Selaginella_lepidophylla/6195580997_0.jpg,Selaginella lepidophylla,6195580997,train
dataset_serb_bloque4/Selaginella_lepidophylla/6195580997_1.jpg,Selaginella lepidophylla,6195580997,train
dataset_serb_bloque4/Selaginella_lepidophylla/6195975815_1.jpg,Selaginella lepidophylla,6195975815,train
dataset_serb_bloque4/Selaginella_lepidophylla/6195975815_0.jpg,Selaginella lepidophylla,6195975815,train
dataset_serb_bloque4/Selaginella_lepidophylla/6188581531_0.jpg,Selaginella lepidophylla,6188581531,train
dataset_serb_bloque4/Selaginella_lepidophylla/6235366995_0.jpg,Selaginella lepidophylla,6235366995,train
dataset_serb_bloque4/Selaginella_lepidophylla/6235484793_2.jpg,Selaginella lepidophylla,6235484793,train
dataset_serb_bloque4/Selaginella_lepidophylla/6235484793_0.jpg,Selaginella lepidophylla,6235484793,train
dataset_serb_bloque4/Selaginella_lepidophylla/6235484793_1.jpg,Selaginella lepidophylla,6235484793,train
dataset_serb_bloque4/Selaginella_lepidophylla/6195365306_0.jpg,Selaginella lepidophylla,6195365306,train
dataset_serb_bloque4/Selaginella_lepidophylla/6195512861_1.jpg,Selaginella lepidophylla,6195512861,train
dataset_serb_bloque4/Selaginella_lepidophylla/6195512861_0.jpg,Selaginella lepidophylla,6195512861,train
dataset_serb_bloque4/Selaginella_lepidophylla/6195512861_2.jpg,Selaginella lepidophylla,6195512861,train
dataset_serb_bloque4/Selaginella_lepidophylla/6188463438_0.jpg,Selaginella lepidophylla,6188463438,train
dataset_serb_bloque4/Selaginella_lepidophylla/6188268793_0.jpg,Selaginella lepidophylla,6188268793,train
dataset_serb_bloque4/Selaginella_lepidophylla/6188133370_1.jpg,Selaginella lepidophylla,6188133370,train
dataset_serb_bloque4/Selaginella_lepidophylla/6188133370_2.jpg,Selaginella lepidophylla,6188133370,train
dataset_serb_bloque4/Selaginella_lepidophylla/6188133370_0.jpg,Selaginella lepidophylla,6188133370,train
dataset_serb_bloque4/Selaginella_lepidophylla/6188133370_3.jpg,Selaginella lepidophylla,6188133370,train
dataset_serb_bloque4/Selaginella_lepidophylla/6188635331_0.jpg,Selaginella lepidophylla,6188635331,train
dataset_serb_bloque4/Selaginella_lepidophylla/6188082815_0.jpg,Selaginella lepidophylla,6188082815,train
dataset_serb_bloque4/Selaginella_lepidophylla/6353269518_2.jpg,Selaginella lepidophylla,6353269518,train
dataset_serb_bloque4/Selaginella_lepidophylla/6353269518_0.jpg,Selaginella lepidophylla,6353269518,train
dataset_serb_bloque4/Selaginella_lepidophylla/6353269518_1.jpg,Selaginella lepidophylla,6353269518,train
dataset_serb_bloque4/Selaginella_lepidophylla/6498727370_0.jpg,Selaginella lepidophylla,6498727370,train
dataset_serb_bloque4/Selaginella_lepidophylla/6188125419_0.jpg,Selaginella lepidophylla,6188125419,train
dataset_serb_bloque4/Selaginella_lepidophylla/6234874478_0.jpg,Selaginella lepidophylla,6234874478,train
dataset_serb_bloque4/Selaginella_lepidophylla/6195650098_1.jpg,Selaginella lepidophylla,6195650098,train
dataset_serb_bloque4/Selaginella_lepidophylla/6195650098_2.jpg,Selaginella lepidophylla,6195650098,train
dataset_serb_bloque4/Selaginella_lepidophylla/6195650098_0.jpg,Selaginella lepidophylla,6195650098,train
dataset_serb_bloque4/Selaginella_lepidophylla/6498152202_0.jpg,Selaginella lepidophylla,6498152202,train
dataset_serb_bloque4/Selaginella_lepidophylla/6499110220_0.jpg,Selaginella lepidophylla,6499110220,train
dataset_serb_bloque4/Selaginella_lepidophylla/6195579716_1.jpg,Selaginella lepidophylla,6195579716,train
dataset_serb_bloque4/Selaginella_lepidophylla/6195579716_0.jpg,Selaginella lepidophylla,6195579716,train
dataset_serb_bloque4/Selaginella_lepidophylla/6195579716_2.jpg,Selaginella lepidophylla,6195579716,train
dataset_serb_bloque4/Selaginella_lepidophylla/6498220251_0.jpg,Selaginella lepidophylla,6498220251,train
dataset_serb_bloque4/Selaginella_lepidophylla/6188364944_0.jpg,Selaginella lepidophylla,6188364944,train
dataset_serb_bloque4/Selaginella_lepidophylla/6188364944_1.jpg,Selaginella lepidophylla,6188364944,train
dataset_serb_bloque4/Selaginella_lepidophylla/6251535485_0.jpg,Selaginella lepidophylla,6251535485,train
dataset_serb_bloque4/Selaginella_lepidophylla/6500270411_1.jpg,Selaginella lepidophylla,6500270411,train
dataset_serb_bloque4/Selaginella_lepidophylla/6500270411_0.jpg,Selaginella lepidophylla,6500270411,train
dataset_serb_bloque4/Selaginella_lepidophylla/6235786250_0.jpg,Selaginella lepidophylla,6235786250,train
dataset_serb_bloque4/Selaginella_lepidophylla/6353133902_0.jpg,Selaginella lepidophylla,6353133902,train
dataset_serb_bloque4/Selaginella_lepidophylla/6353133902_3.jpg,Selaginella lepidophylla,6353133902,train
dataset_serb_bloque4/Selaginella_lepidophylla/6353133902_1.jpg,Selaginella lepidophylla,6353133902,train
dataset_serb_bloque4/Selaginella_lepidophylla/6353133902_2.jpg,Selaginella lepidophylla,6353133902,train
dataset_serb_bloque4/Selaginella_lepidophylla/6235453017_0.jpg,Selaginella lepidophylla,6235453017,train
dataset_serb_bloque4/Selaginella_lepidophylla/6188428278_0.jpg,Selaginella lepidophylla,6188428278,train
dataset_serb_bloque4/Selaginella_lepidophylla/6234850840_0.jpg,Selaginella lepidophylla,6234850840,train
dataset_serb_bloque4/Selaginella_lepidophylla/6499569264_1.jpg,Selaginella lepidophylla,6499569264,train
dataset_serb_bloque4/Selaginella_lepidophylla/6499569264_2.jpg,Selaginella lepidophylla,6499569264,train
dataset_serb_bloque4/Selaginella_lepidophylla/6499569264_0.jpg,Selaginella lepidophylla,6499569264,train
dataset_serb_bloque4/Selaginella_lepidophylla/6273644309_1.jpg,Selaginella lepidophylla,6273644309,train
dataset_serb_bloque4/Selaginella_lepidophylla/6273644309_2.jpg,Selaginella lepidophylla,6273644309,train
dataset_serb_bloque4/Selaginella_lepidophylla/6273644309_0.jpg,Selaginella lepidophylla,6273644309,train
dataset_serb_bloque4/Selaginella_lepidophylla/6188307989_2.jpg,Selaginella lepidophylla,6188307989,train
dataset_serb_bloque4/Selaginella_lepidophylla/6188307989_1.jpg,Selaginella lepidophylla,6188307989,train
dataset_serb_bloque4/Selaginella_lepidophylla/6188307989_0.jpg,Selaginella lepidophylla,6188307989,train
dataset_serb_bloque4/Selaginella_lepidophylla/6320240078_0.jpg,Selaginella lepidophylla,6320240078,train
dataset_serb_bloque4/Selaginella_lepidophylla/6234764640_0.jpg,Selaginella lepidophylla,6234764640,train
dataset_serb_bloque4/Selaginella_lepidophylla/6234630895_0.jpg,Selaginella lepidophylla,6234630895,train
dataset_serb_bloque4/Selaginella_lepidophylla/6235460055_0.jpg,Selaginella lepidophylla,6235460055,train
dataset_serb_bloque4/Selaginella_lepidophylla/6188318691_0.jpg,Selaginella lepidophylla,6188318691,train
dataset_serb_bloque4/Selaginella_lepidophylla/6188318691_1.jpg,Selaginella lepidophylla,6188318691,train
dataset_serb_bloque4/Selaginella_lepidophylla/6498233585_2.jpg,Selaginella lepidophylla,6498233585,train
dataset_serb_bloque4/Selaginella_lepidophylla/6498233585_1.jpg,Selaginella lepidophylla,6498233585,train
dataset_serb_bloque4/Selaginella_lepidophylla/6498233585_0.jpg,Selaginella lepidophylla,6498233585,train
dataset_serb_bloque4/Selaginella_lepidophylla/6234587498_0.jpg,Selaginella lepidophylla,6234587498,train
dataset_serb_bloque4/Pteridium_aquilinum/6130833882_0.jpg,Pteridium aquilinum,6130833882,val
dataset_serb_bloque4/Pteridium_aquilinum/6131036106_0.jpg,Pteridium aquilinum,6131036106,val
dataset_serb_bloque4/Pteridium_aquilinum/6130456037_0.jpg,Pteridium aquilinum,6130456037,val
dataset_serb_bloque4/Pteridium_aquilinum/6131074148_1.jpg,Pteridium aquilinum,6131074148,val
dataset_serb_bloque4/Pteridium_aquilinum/6131074148_3.jpg,Pteridium aquilinum,6131074148,val
dataset_serb_bloque4/Pteridium_aquilinum/6131074148_2.jpg,Pteridium aquilinum,6131074148,val
dataset_serb_bloque4/Pteridium_aquilinum/6131074148_0.jpg,Pteridium aquilinum,6131074148,val
dataset_serb_bloque4/Pteridium_aquilinum/6130828134_0.jpg,Pteridium aquilinum,6130828134,val
dataset_serb_bloque4/Pteridium_aquilinum/6130828134_1.jpg,Pteridium aquilinum,6130828134,val
dataset_serb_bloque4/Pteridium_aquilinum/6131063838_0.jpg,Pteridium aquilinum,6131063838,val
dataset_serb_bloque4/Pteridium_aquilinum/6130853050_0.jpg,Pteridium aquilinum,6130853050,val
dataset_serb_bloque4/Pteridium_aquilinum/6130683972_0.jpg,Pteridium aquilinum,6130683972,val
dataset_serb_bloque4/Pteridium_aquilinum/6130683972_1.jpg,Pteridium aquilinum,6130683972,val
dataset_serb_bloque4/Pteridium_aquilinum/6130776973_0.jpg,Pteridium aquilinum,6130776973,val
dataset_serb_bloque4/Pteridium_aquilinum/6130403764_0.jpg,Pteridium aquilinum,6130403764,val
dataset_serb_bloque4/Pteridium_aquilinum/6130201158_0.jpg,Pteridium aquilinum,6130201158,val
dataset_serb_bloque4/Pteridium_aquilinum/6131101377_1.jpg,Pteridium aquilinum,6131101377,val
dataset_serb_bloque4/Pteridium_aquilinum/6131101377_0.jpg,Pteridium aquilinum,6131101377,val
dataset_serb_bloque4/Pteridium_aquilinum/6131216484_0.jpg,Pteridium aquilinum,6131216484,val
dataset_serb_bloque4/Pteridium_aquilinum/6130386428_0.jpg,Pteridium aquilinum,6130386428,val
dataset_serb_bloque4/Pteridium_aquilinum/6130825806_0.jpg,Pteridium aquilinum,6130825806,val
dataset_serb_bloque4/Pteridium_aquilinum/6130915182_0.jpg,Pteridium aquilinum,6130915182,val
dataset_serb_bloque4/Pteridium_aquilinum/6131117084_0.jpg,Pteridium aquilinum,6131117084,test
dataset_serb_bloque4/Pteridium_aquilinum/6131117084_1.jpg,Pteridium aquilinum,6131117084,test
dataset_serb_bloque4/Pteridium_aquilinum/6130195649_2.jpg,Pteridium aquilinum,6130195649,test
dataset_serb_bloque4/Pteridium_aquilinum/6130195649_1.jpg,Pteridium aquilinum,6130195649,test
dataset_serb_bloque4/Pteridium_aquilinum/6130195649_0.jpg,Pteridium aquilinum,6130195649,test
dataset_serb_bloque4/Pteridium_aquilinum/6130286978_1.jpg,Pteridium aquilinum,6130286978,test
dataset_serb_bloque4/Pteridium_aquilinum/6130286978_0.jpg,Pteridium aquilinum,6130286978,test
dataset_serb_bloque4/Pteridium_aquilinum/6130559721_1.jpg,Pteridium aquilinum,6130559721,test
dataset_serb_bloque4/Pteridium_aquilinum/6130559721_0.jpg,Pteridium aquilinum,6130559721,test
dataset_serb_bloque4/Pteridium_aquilinum/6131126831_1.jpg,Pteridium aquilinum,6131126831,test
dataset_serb_bloque4/Pteridium_aquilinum/6131126831_0.jpg,Pteridium aquilinum,6131126831,test
dataset_serb_bloque4/Pteridium_aquilinum/6130943057_0.jpg,Pteridium aquilinum,6130943057,test
dataset_serb_bloque4/Pteridium_aquilinum/6130634844_0.jpg,Pteridium aquilinum,6130634844,test
dataset_serb_bloque4/Pteridium_aquilinum/6130404210_0.jpg,Pteridium aquilinum,6130404210,test
dataset_serb_bloque4/Pteridium_aquilinum/6130404210_1.jpg,Pteridium aquilinum,6130404210,test
dataset_serb_bloque4/Pteridium_aquilinum/6130365310_0.jpg,Pteridium aquilinum,6130365310,test
dataset_serb_bloque4/Pteridium_aquilinum/6130300700_0.jpg,Pteridium aquilinum,6130300700,test
dataset_serb_bloque4/Pteridium_aquilinum/6130216669_0.jpg,Pteridium aquilinum,6130216669,test
dataset_serb_bloque4/Pteridium_aquilinum/6130966253_0.jpg,Pteridium aquilinum,6130966253,test
dataset_serb_bloque4/Pteridium_aquilinum/6130771794_0.jpg,Pteridium aquilinum,6130771794,test
dataset_serb_bloque4/Pteridium_aquilinum/6130550645_0.jpg,Pteridium aquilinum,6130550645,test
dataset_serb_bloque4/Pteridium_aquilinum/6130652702_0.jpg,Pteridium aquilinum,6130652702,test
dataset_serb_bloque4/Pteridium_aquilinum/6131030981_1.jpg,Pteridium aquilinum,6131030981,test
dataset_serb_bloque4/Pteridium_aquilinum/6131030981_0.jpg,Pteridium aquilinum,6131030981,test
dataset_serb_bloque4/Pteridium_aquilinum/6130453878_0.jpg,Pteridium aquilinum,6130453878,train
dataset_serb_bloque4/Pteridium_aquilinum/6130420830_0.jpg,Pteridium aquilinum,6130420830,train
dataset_serb_bloque4/Pteridium_aquilinum/6130701525_0.jpg,Pteridium aquilinum,6130701525,train
dataset_serb_bloque4/Pteridium_aquilinum/6130746429_0.jpg,Pteridium aquilinum,6130746429,train
dataset_serb_bloque4/Pteridium_aquilinum/6130795091_0.jpg,Pteridium aquilinum,6130795091,train
dataset_serb_bloque4/Pteridium_aquilinum/6130568780_0.jpg,Pteridium aquilinum,6130568780,train
dataset_serb_bloque4/Pteridium_aquilinum/6131036636_0.jpg,Pteridium aquilinum,6131036636,train
dataset_serb_bloque4/Pteridium_aquilinum/6130423250_0.jpg,Pteridium aquilinum,6130423250,train
dataset_serb_bloque4/Pteridium_aquilinum/6130924503_0.jpg,Pteridium aquilinum,6130924503,train
dataset_serb_bloque4/Pteridium_aquilinum/6130391617_1.jpg,Pteridium aquilinum,6130391617,train
dataset_serb_bloque4/Pteridium_aquilinum/6130391617_0.jpg,Pteridium aquilinum,6130391617,train
dataset_serb_bloque4/Pteridium_aquilinum/6130391617_2.jpg,Pteridium aquilinum,6130391617,train
dataset_serb_bloque4/Pteridium_aquilinum/6130282206_0.jpg,Pteridium aquilinum,6130282206,train
dataset_serb_bloque4/Pteridium_aquilinum/6130917457_0.jpg,Pteridium aquilinum,6130917457,train
dataset_serb_bloque4/Pteridium_aquilinum/6131107834_0.jpg,Pteridium aquilinum,6131107834,train
dataset_serb_bloque4/Pteridium_aquilinum/6130836762_0.jpg,Pteridium aquilinum,6130836762,train
dataset_serb_bloque4/Pteridium_aquilinum/6130721823_1.jpg,Pteridium aquilinum,6130721823,train
dataset_serb_bloque4/Pteridium_aquilinum/6130721823_2.jpg,Pteridium aquilinum,6130721823,train
dataset_serb_bloque4/Pteridium_aquilinum/6130721823_0.jpg,Pteridium aquilinum,6130721823,train
dataset_serb_bloque4/Pteridium_aquilinum/6130829682_0.jpg,Pteridium aquilinum,6130829682,train
dataset_serb_bloque4/Pteridium_aquilinum/6130783086_0.jpg,Pteridium aquilinum,6130783086,train
dataset_serb_bloque4/Pteridium_aquilinum/6130783086_2.jpg,Pteridium aquilinum,6130783086,train
dataset_serb_bloque4/Pteridium_aquilinum/6130783086_1.jpg,Pteridium aquilinum,6130783086,train
dataset_serb_bloque4/Pteridium_aquilinum/6130217411_0.jpg,Pteridium aquilinum,6130217411,train
dataset_serb_bloque4/Pteridium_aquilinum/6131084186_0.jpg,Pteridium aquilinum,6131084186,train
dataset_serb_bloque4/Pteridium_aquilinum/6130686703_0.jpg,Pteridium aquilinum,6130686703,train
dataset_serb_bloque4/Pteridium_aquilinum/6130686703_1.jpg,Pteridium aquilinum,6130686703,train
dataset_serb_bloque4/Pteridium_aquilinum/6130678589_0.jpg,Pteridium aquilinum,6130678589,train
dataset_serb_bloque4/Pteridium_aquilinum/6130274466_0.jpg,Pteridium aquilinum,6130274466,train
dataset_serb_bloque4/Pteridium_aquilinum/6130264026_0.jpg,Pteridium aquilinum,6130264026,train
dataset_serb_bloque4/Pteridium_aquilinum/6130264026_1.jpg,Pteridium aquilinum,6130264026,train
dataset_serb_bloque4/Pteridium_aquilinum/6130264026_3.jpg,Pteridium aquilinum,6130264026,train
dataset_serb_bloque4/Pteridium_aquilinum/6130264026_2.jpg,Pteridium aquilinum,6130264026,train
dataset_serb_bloque4/Pteridium_aquilinum/6130713197_0.jpg,Pteridium aquilinum,6130713197,train
dataset_serb_bloque4/Pteridium_aquilinum/6130589699_0.jpg,Pteridium aquilinum,6130589699,train
dataset_serb_bloque4/Pteridium_aquilinum/6131058677_3.jpg,Pteridium aquilinum,6131058677,train
dataset_serb_bloque4/Pteridium_aquilinum/6131058677_0.jpg,Pteridium aquilinum,6131058677,train
dataset_serb_bloque4/Pteridium_aquilinum/6131058677_2.jpg,Pteridium aquilinum,6131058677,train
dataset_serb_bloque4/Pteridium_aquilinum/6131058677_1.jpg,Pteridium aquilinum,6131058677,train
dataset_serb_bloque4/Pteridium_aquilinum/6130473409_1.jpg,Pteridium aquilinum,6130473409,train
dataset_serb_bloque4/Pteridium_aquilinum/6130473409_0.jpg,Pteridium aquilinum,6130473409,train
dataset_serb_bloque4/Pteridium_aquilinum/6130473409_2.jpg,Pteridium aquilinum,6130473409,train
dataset_serb_bloque4/Pteridium_aquilinum/6131185479_0.jpg,Pteridium aquilinum,6131185479,train
dataset_serb_bloque4/Pteridium_aquilinum/6130890621_0.jpg,Pteridium aquilinum,6130890621,train
dataset_serb_bloque4/Pteridium_aquilinum/6130532916_1.jpg,Pteridium aquilinum,6130532916,train
dataset_serb_bloque4/Pteridium_aquilinum/6130532916_0.jpg,Pteridium aquilinum,6130532916,train
dataset_serb_bloque4/Pteridium_aquilinum/6130371510_0.jpg,Pteridium aquilinum,6130371510,train
dataset_serb_bloque4/Pteridium_aquilinum/6130533466_3.jpg,Pteridium aquilinum,6130533466,train
dataset_serb_bloque4/Pteridium_aquilinum/6130533466_1.jpg,Pteridium aquilinum,6130533466,train
dataset_serb_bloque4/Pteridium_aquilinum/6130533466_0.jpg,Pteridium aquilinum,6130533466,train
dataset_serb_bloque4/Pteridium_aquilinum/6130533466_2.jpg,Pteridium aquilinum,6130533466,train
dataset_serb_bloque4/Pteridium_aquilinum/6130565107_0.jpg,Pteridium aquilinum,6130565107,train
dataset_serb_bloque4/Pteridium_aquilinum/6130891728_0.jpg,Pteridium aquilinum,6130891728,train
dataset_serb_bloque4/Pteridium_aquilinum/6130522547_0.jpg,Pteridium aquilinum,6130522547,train
dataset_serb_bloque4/Pteridium_aquilinum/6130897996_0.jpg,Pteridium aquilinum,6130897996,train
dataset_serb_bloque4/Pteridium_aquilinum/6130269458_0.jpg,Pteridium aquilinum,6130269458,train
dataset_serb_bloque4/Pteridium_aquilinum/6131218057_0.jpg,Pteridium aquilinum,6131218057,train
dataset_serb_bloque4/Pteridium_aquilinum/6130903707_2.jpg,Pteridium aquilinum,6130903707,train
dataset_serb_bloque4/Pteridium_aquilinum/6130903707_1.jpg,Pteridium aquilinum,6130903707,train
dataset_serb_bloque4/Pteridium_aquilinum/6130903707_0.jpg,Pteridium aquilinum,6130903707,train
dataset_serb_bloque4/Pteridium_aquilinum/6130370782_0.jpg,Pteridium aquilinum,6130370782,train
dataset_serb_bloque4/Pteridium_aquilinum/6130394563_0.jpg,Pteridium aquilinum,6130394563,train
dataset_serb_bloque4/Pteridium_aquilinum/6131065061_1.jpg,Pteridium aquilinum,6131065061,train
dataset_serb_bloque4/Pteridium_aquilinum/6131065061_0.jpg,Pteridium aquilinum,6131065061,train
dataset_serb_bloque4/Pteridium_aquilinum/6130951419_0.jpg,Pteridium aquilinum,6130951419,train
dataset_serb_bloque4/Pteridium_aquilinum/6130951419_1.jpg,Pteridium aquilinum,6130951419,train
dataset_serb_bloque4/Pteridium_aquilinum/6130901814_0.jpg,Pteridium aquilinum,6130901814,train
dataset_serb_bloque4/Pteridium_aquilinum/6130442003_0.jpg,Pteridium aquilinum,6130442003,train
dataset_serb_bloque4/Pteridium_aquilinum/6130442003_1.jpg,Pteridium aquilinum,6130442003,train
dataset_serb_bloque4/Pteridium_aquilinum/6130469665_0.jpg,Pteridium aquilinum,6130469665,train
dataset_serb_bloque4/Pteridium_aquilinum/6130360091_0.jpg,Pteridium aquilinum,6130360091,train
dataset_serb_bloque4/Pteridium_aquilinum/6131088222_0.jpg,Pteridium aquilinum,6131088222,train
dataset_serb_bloque4/Pteridium_aquilinum/6130290671_0.jpg,Pteridium aquilinum,6130290671,train
dataset_serb_bloque4/Pteridium_aquilinum/6130290671_1.jpg,Pteridium aquilinum,6130290671,train
dataset_serb_bloque4/Pteridium_aquilinum/6130603195_2.jpg,Pteridium aquilinum,6130603195,train
dataset_serb_bloque4/Pteridium_aquilinum/6130603195_0.jpg,Pteridium aquilinum,6130603195,train
dataset_serb_bloque4/Pteridium_aquilinum/6130603195_1.jpg,Pteridium aquilinum,6130603195,train
dataset_serb_bloque4/Pteridium_aquilinum/6130603195_3.jpg,Pteridium aquilinum,6130603195,train
dataset_serb_bloque4/Pteridium_aquilinum/6130484484_1.jpg,Pteridium aquilinum,6130484484,train
dataset_serb_bloque4/Pteridium_aquilinum/6130484484_0.jpg,Pteridium aquilinum,6130484484,train
dataset_serb_bloque4/Pteridium_aquilinum/6130753314_0.jpg,Pteridium aquilinum,6130753314,train
dataset_serb_bloque4/Pteridium_aquilinum/6130225797_0.jpg,Pteridium aquilinum,6130225797,train
dataset_serb_bloque4/Pteridium_aquilinum/6130225797_2.jpg,Pteridium aquilinum,6130225797,train
dataset_serb_bloque4/Pteridium_aquilinum/6130225797_1.jpg,Pteridium aquilinum,6130225797,train
dataset_serb_bloque4/Pteridium_aquilinum/6130542043_1.jpg,Pteridium aquilinum,6130542043,train
dataset_serb_bloque4/Pteridium_aquilinum/6130542043_0.jpg,Pteridium aquilinum,6130542043,train
dataset_serb_bloque4/Pteridium_aquilinum/6130472428_0.jpg,Pteridium aquilinum,6130472428,train
dataset_serb_bloque4/Pteridium_aquilinum/6131016613_0.jpg,Pteridium aquilinum,6131016613,train
dataset_serb_bloque4/Pteridium_aquilinum/6130310114_0.jpg,Pteridium aquilinum,6130310114,train
dataset_serb_bloque4/Pteridium_aquilinum/6130730326_0.jpg,Pteridium aquilinum,6130730326,train
dataset_serb_bloque4/Pteridium_aquilinum/6130448568_0.jpg,Pteridium aquilinum,6130448568,train
dataset_serb_bloque4/Pteridium_aquilinum/6131105344_0.jpg,Pteridium aquilinum,6131105344,train
dataset_serb_bloque4/Pteridium_aquilinum/6130746889_0.jpg,Pteridium aquilinum,6130746889,train
dataset_serb_bloque4/Pteridium_aquilinum/6130746889_2.jpg,Pteridium aquilinum,6130746889,train
dataset_serb_bloque4/Pteridium_aquilinum/6130746889_1.jpg,Pteridium aquilinum,6130746889,train
dataset_serb_bloque4/Pteridium_aquilinum/6131085609_1.jpg,Pteridium aquilinum,6131085609,train
dataset_serb_bloque4/Pteridium_aquilinum/6131085609_0.jpg,Pteridium aquilinum,6131085609,train
dataset_serb_bloque4/Pteridium_aquilinum/6131085609_2.jpg,Pteridium aquilinum,6131085609,train
dataset_serb_bloque4/Pteridium_aquilinum/6130234061_0.jpg,Pteridium aquilinum,6130234061,train
dataset_serb_bloque4/Pteridium_aquilinum/6131109676_0.jpg,Pteridium aquilinum,6131109676,train
dataset_serb_bloque4/Pteridium_aquilinum/6130641525_0.jpg,Pteridium aquilinum,6130641525,train
dataset_serb_bloque4/Pteridium_aquilinum/6130853476_0.jpg,Pteridium aquilinum,6130853476,train
dataset_serb_bloque4/Pteridium_aquilinum/6130498049_0.jpg,Pteridium aquilinum,6130498049,train
dataset_serb_bloque4/Pteridium_aquilinum/6130498049_1.jpg,Pteridium aquilinum,6130498049,train
dataset_serb_bloque4/Pteridium_aquilinum/6130498049_2.jpg,Pteridium aquilinum,6130498049,train
dataset_serb_bloque4/Pteridium_aquilinum/6131201383_0.jpg,Pteridium aquilinum,6131201383,train
dataset_serb_bloque4/Pteridium_aquilinum/6130896148_0.jpg,Pteridium aquilinum,6130896148,train
dataset_serb_bloque4/Pteridium_aquilinum/6130311650_0.jpg,Pteridium aquilinum,6130311650,train
dataset_serb_bloque4/Pteridium_aquilinum/6130831632_1.jpg,Pteridium aquilinum,6130831632,train
dataset_serb_bloque4/Pteridium_aquilinum/6130831632_0.jpg,Pteridium aquilinum,6130831632,train
dataset_serb_bloque4/Pteridium_aquilinum/6130866814_0.jpg,Pteridium aquilinum,6130866814,train
